scraped_at,row,seat,status,is_wheelchair,description
2026-04-25T21:47:03Z,K,27,sold,False,BFI IMAX K 27
2026-04-25T21:47:03Z,K,26,sold,False,BFI IMAX K 26
2026-04-25T21:47:03Z,M,8,sold,False,BFI IMAX M 8
2026-04-25T21:47:03Z,M,7,sold,False,BFI IMAX M 7
2026-04-25T21:47:03Z,P,29,sold,True,BFI IMAX P 29
2026-04-25T21:47:03Z,P,28,sold,True,BFI IMAX P 28
2026-04-25T21:47:03Z,P,4,sold,True,BFI IMAX P 4
2026-04-25T21:47:03Z,P,3,sold,True,BFI IMAX P 3
2026-04-25T21:47:03Z,A,5,unavailable,False,BFI IMAX A 5
2026-04-25T21:47:03Z,A,4,unavailable,False,BFI IMAX A 4
2026-04-25T21:47:03Z,A,3,unavailable,False,BFI IMAX A 3
2026-04-25T21:47:03Z,A,2,unavailable,False,BFI IMAX A 2
2026-04-25T21:47:03Z,A,1,unavailable,False,BFI IMAX A 1
2026-04-25T21:47:03Z,B,36,unavailable,False,BFI IMAX B 36
2026-04-25T21:47:03Z,B,35,unavailable,False,BFI IMAX B 35
2026-04-25T21:47:03Z,B,34,unavailable,False,BFI IMAX B 34
2026-04-25T21:47:03Z,B,33,unavailable,False,BFI IMAX B 33
2026-04-25T21:47:03Z,B,32,unavailable,False,BFI IMAX B 32
2026-04-25T21:47:03Z,B,31,unavailable,False,BFI IMAX B 31
2026-04-25T21:47:03Z,B,30,unavailable,False,BFI IMAX B 30
2026-04-25T21:47:03Z,B,29,unavailable,False,BFI IMAX B 29
2026-04-25T21:47:03Z,B,28,unavailable,False,BFI IMAX B 28
2026-04-25T21:47:03Z,B,27,unavailable,False,BFI IMAX B 27
2026-04-25T21:47:03Z,B,26,unavailable,False,BFI IMAX B 26
2026-04-25T21:47:03Z,B,25,unavailable,False,BFI IMAX B 25
2026-04-25T21:47:03Z,B,24,unavailable,False,BFI IMAX B 24
2026-04-25T21:47:03Z,B,23,unavailable,False,BFI IMAX B 23
2026-04-25T21:47:03Z,B,22,unavailable,False,BFI IMAX B 22
2026-04-25T21:47:03Z,B,21,sold,False,BFI IMAX B 21
2026-04-25T21:47:03Z,B,20,sold,False,BFI IMAX B 20
2026-04-25T21:47:03Z,B,19,sold,False,BFI IMAX B 19
2026-04-25T21:47:03Z,B,18,sold,False,BFI IMAX B 18
2026-04-25T21:47:03Z,B,17,sold,False,BFI IMAX B 17
2026-04-25T21:47:03Z,B,16,sold,False,BFI IMAX B 16
2026-04-25T21:47:03Z,B,15,sold,False,BFI IMAX B 15
2026-04-25T21:47:03Z,B,14,sold,False,BFI IMAX B 14
2026-04-25T21:47:03Z,B,13,unavailable,False,BFI IMAX B 13
2026-04-25T21:47:03Z,B,12,unavailable,False,BFI IMAX B 12
2026-04-25T21:47:03Z,B,11,unavailable,False,BFI IMAX B 11
2026-04-25T21:47:03Z,B,10,unavailable,False,BFI IMAX B 10
2026-04-25T21:47:03Z,B,9,unavailable,False,BFI IMAX B 9
2026-04-25T21:47:03Z,B,8,unavailable,False,BFI IMAX B 8
2026-04-25T21:47:03Z,B,7,unavailable,False,BFI IMAX B 7
2026-04-25T21:47:03Z,B,6,unavailable,False,BFI IMAX B 6
2026-04-25T21:47:03Z,B,5,unavailable,False,BFI IMAX B 5
2026-04-25T21:47:03Z,B,4,unavailable,False,BFI IMAX B 4
2026-04-25T21:47:03Z,B,3,unavailable,False,BFI IMAX B 3
2026-04-25T21:47:03Z,B,2,unavailable,False,BFI IMAX B 2
2026-04-25T21:47:03Z,B,1,unavailable,False,BFI IMAX B 1
2026-04-25T21:47:03Z,C,36,sold,False,BFI IMAX C 36
2026-04-25T21:47:03Z,C,35,sold,False,BFI IMAX C 35
2026-04-25T21:47:03Z,C,34,sold,False,BFI IMAX C 34
2026-04-25T21:47:03Z,C,33,sold,False,BFI IMAX C 33
2026-04-25T21:47:03Z,C,32,sold,False,BFI IMAX C 32
2026-04-25T21:47:03Z,C,31,sold,False,BFI IMAX C 31
2026-04-25T21:47:03Z,C,30,sold,False,BFI IMAX C 30
2026-04-25T21:47:03Z,C,29,sold,False,BFI IMAX C 29
2026-04-25T21:47:03Z,C,28,sold,False,BFI IMAX C 28
2026-04-25T21:47:03Z,C,27,sold,False,BFI IMAX C 27
2026-04-25T21:47:03Z,C,26,sold,False,BFI IMAX C 26
2026-04-25T21:47:03Z,C,25,unavailable,False,BFI IMAX C 25
2026-04-25T21:47:03Z,C,24,unavailable,False,BFI IMAX C 24
2026-04-25T21:47:03Z,C,23,unavailable,False,BFI IMAX C 23
2026-04-25T21:47:03Z,C,22,sold,False,BFI IMAX C 22
2026-04-25T21:47:03Z,C,21,sold,False,BFI IMAX C 21
2026-04-25T21:47:03Z,C,20,sold,False,BFI IMAX C 20
2026-04-25T21:47:03Z,C,19,sold,False,BFI IMAX C 19
2026-04-25T21:47:03Z,C,18,sold,False,BFI IMAX C 18
2026-04-25T21:47:03Z,C,17,sold,False,BFI IMAX C 17
2026-04-25T21:47:03Z,C,16,sold,False,BFI IMAX C 16
2026-04-25T21:47:03Z,C,15,sold,False,BFI IMAX C 15
2026-04-25T21:47:03Z,C,14,sold,False,BFI IMAX C 14
2026-04-25T21:47:03Z,C,13,sold,False,BFI IMAX C 13
2026-04-25T21:47:03Z,C,12,sold,False,BFI IMAX C 12
2026-04-25T21:47:03Z,C,11,sold,False,BFI IMAX C 11
2026-04-25T21:47:03Z,C,10,sold,False,BFI IMAX C 10
2026-04-25T21:47:03Z,C,9,sold,False,BFI IMAX C 9
2026-04-25T21:47:03Z,C,8,sold,False,BFI IMAX C 8
2026-04-25T21:47:03Z,C,7,sold,False,BFI IMAX C 7
2026-04-25T21:47:03Z,C,6,sold,False,BFI IMAX C 6
2026-04-25T21:47:03Z,C,5,sold,False,BFI IMAX C 5
2026-04-25T21:47:03Z,C,4,sold,False,BFI IMAX C 4
2026-04-25T21:47:03Z,C,3,sold,False,BFI IMAX C 3
2026-04-25T21:47:03Z,C,2,sold,False,BFI IMAX C 2
2026-04-25T21:47:03Z,C,1,sold,False,BFI IMAX C 1
2026-04-25T21:47:03Z,D,37,sold,False,BFI IMAX D 37
2026-04-25T21:47:03Z,D,36,sold,False,BFI IMAX D 36
2026-04-25T21:47:03Z,D,35,sold,False,BFI IMAX D 35
2026-04-25T21:47:03Z,D,34,sold,False,BFI IMAX D 34
2026-04-25T21:47:03Z,D,33,sold,False,BFI IMAX D 33
2026-04-25T21:47:03Z,D,32,sold,False,BFI IMAX D 32
2026-04-25T21:47:03Z,D,31,sold,False,BFI IMAX D 31
2026-04-25T21:47:03Z,D,30,sold,False,BFI IMAX D 30
2026-04-25T21:47:03Z,D,29,sold,False,BFI IMAX D 29
2026-04-25T21:47:03Z,D,28,sold,False,BFI IMAX D 28
2026-04-25T21:47:03Z,D,27,sold,False,BFI IMAX D 27
2026-04-25T21:47:03Z,D,26,sold,False,BFI IMAX D 26
2026-04-25T21:47:03Z,D,25,sold,False,BFI IMAX D 25
2026-04-25T21:47:03Z,D,24,sold,False,BFI IMAX D 24
2026-04-25T21:47:03Z,D,23,sold,False,BFI IMAX D 23
2026-04-25T21:47:03Z,D,22,sold,False,BFI IMAX D 22
2026-04-25T21:47:03Z,D,21,sold,False,BFI IMAX D 21
2026-04-25T21:47:03Z,D,20,sold,False,BFI IMAX D 20
2026-04-25T21:47:03Z,D,19,unavailable,False,BFI IMAX D 19
2026-04-25T21:47:03Z,D,18,unavailable,False,BFI IMAX D 18
2026-04-25T21:47:03Z,D,17,sold,False,BFI IMAX D 17
2026-04-25T21:47:03Z,D,16,sold,False,BFI IMAX D 16
2026-04-25T21:47:03Z,D,15,sold,False,BFI IMAX D 15
2026-04-25T21:47:03Z,D,14,sold,False,BFI IMAX D 14
2026-04-25T21:47:03Z,D,13,sold,False,BFI IMAX D 13
2026-04-25T21:47:03Z,D,12,sold,False,BFI IMAX D 12
2026-04-25T21:47:03Z,D,11,sold,False,BFI IMAX D 11
2026-04-25T21:47:03Z,D,10,sold,False,BFI IMAX D 10
2026-04-25T21:47:03Z,D,9,sold,False,BFI IMAX D 9
2026-04-25T21:47:03Z,D,8,sold,False,BFI IMAX D 8
2026-04-25T21:47:03Z,D,7,sold,False,BFI IMAX D 7
2026-04-25T21:47:03Z,D,6,sold,False,BFI IMAX D 6
2026-04-25T21:47:03Z,D,5,sold,False,BFI IMAX D 5
2026-04-25T21:47:03Z,D,4,sold,False,BFI IMAX D 4
2026-04-25T21:47:03Z,D,3,sold,False,BFI IMAX D 3
2026-04-25T21:47:03Z,D,2,sold,False,BFI IMAX D 2
2026-04-25T21:47:03Z,D,1,sold,False,BFI IMAX D 1
2026-04-25T21:47:03Z,E,37,sold,False,BFI IMAX E 37
2026-04-25T21:47:03Z,E,36,sold,False,BFI IMAX E 36
2026-04-25T21:47:03Z,E,35,sold,False,BFI IMAX E 35
2026-04-25T21:47:03Z,E,34,sold,False,BFI IMAX E 34
2026-04-25T21:47:03Z,E,33,sold,False,BFI IMAX E 33
2026-04-25T21:47:03Z,E,32,sold,False,BFI IMAX E 32
2026-04-25T21:47:03Z,E,31,sold,False,BFI IMAX E 31
2026-04-25T21:47:03Z,E,30,sold,False,BFI IMAX E 30
2026-04-25T21:47:03Z,E,29,sold,False,BFI IMAX E 29
2026-04-25T21:47:03Z,E,28,sold,False,BFI IMAX E 28
2026-04-25T21:47:03Z,E,27,sold,False,BFI IMAX E 27
2026-04-25T21:47:03Z,E,26,sold,False,BFI IMAX E 26
2026-04-25T21:47:03Z,E,25,sold,False,BFI IMAX E 25
2026-04-25T21:47:03Z,E,24,sold,False,BFI IMAX E 24
2026-04-25T21:47:03Z,E,23,sold,False,BFI IMAX E 23
2026-04-25T21:47:03Z,E,22,sold,False,BFI IMAX E 22
2026-04-25T21:47:03Z,E,21,sold,False,BFI IMAX E 21
2026-04-25T21:47:03Z,E,20,sold,False,BFI IMAX E 20
2026-04-25T21:47:03Z,E,19,sold,False,BFI IMAX E 19
2026-04-25T21:47:03Z,E,18,sold,False,BFI IMAX E 18
2026-04-25T21:47:03Z,E,17,sold,False,BFI IMAX E 17
2026-04-25T21:47:03Z,E,16,sold,False,BFI IMAX E 16
2026-04-25T21:47:03Z,E,15,sold,False,BFI IMAX E 15
2026-04-25T21:47:03Z,E,14,sold,False,BFI IMAX E 14
2026-04-25T21:47:03Z,E,13,sold,False,BFI IMAX E 13
2026-04-25T21:47:03Z,E,12,sold,False,BFI IMAX E 12
2026-04-25T21:47:03Z,E,11,sold,False,BFI IMAX E 11
2026-04-25T21:47:03Z,E,10,sold,False,BFI IMAX E 10
2026-04-25T21:47:03Z,E,9,sold,False,BFI IMAX E 9
2026-04-25T21:47:03Z,E,8,sold,False,BFI IMAX E 8
2026-04-25T21:47:03Z,E,7,sold,False,BFI IMAX E 7
2026-04-25T21:47:03Z,E,6,sold,False,BFI IMAX E 6
2026-04-25T21:47:03Z,E,5,sold,False,BFI IMAX E 5
2026-04-25T21:47:03Z,E,4,sold,False,BFI IMAX E 4
2026-04-25T21:47:03Z,E,3,sold,False,BFI IMAX E 3
2026-04-25T21:47:03Z,E,2,sold,False,BFI IMAX E 2
2026-04-25T21:47:03Z,E,1,sold,False,BFI IMAX E 1
2026-04-25T21:47:03Z,F,38,sold,False,BFI IMAX F 38
2026-04-25T21:47:03Z,F,37,sold,False,BFI IMAX F 37
2026-04-25T21:47:03Z,F,36,sold,False,BFI IMAX F 36
2026-04-25T21:47:03Z,F,35,sold,False,BFI IMAX F 35
2026-04-25T21:47:03Z,F,34,sold,False,BFI IMAX F 34
2026-04-25T21:47:03Z,F,33,sold,False,BFI IMAX F 33
2026-04-25T21:47:03Z,F,32,sold,False,BFI IMAX F 32
2026-04-25T21:47:03Z,F,31,sold,False,BFI IMAX F 31
2026-04-25T21:47:03Z,F,30,sold,False,BFI IMAX F 30
2026-04-25T21:47:03Z,F,29,sold,False,BFI IMAX F 29
2026-04-25T21:47:03Z,F,28,sold,False,BFI IMAX F 28
2026-04-25T21:47:03Z,F,27,sold,False,BFI IMAX F 27
2026-04-25T21:47:03Z,F,26,sold,False,BFI IMAX F 26
2026-04-25T21:47:03Z,F,25,sold,False,BFI IMAX F 25
2026-04-25T21:47:03Z,F,24,sold,False,BFI IMAX F 24
2026-04-25T21:47:03Z,F,23,sold,False,BFI IMAX F 23
2026-04-25T21:47:03Z,F,22,sold,False,BFI IMAX F 22
2026-04-25T21:47:03Z,F,21,sold,False,BFI IMAX F 21
2026-04-25T21:47:03Z,F,20,sold,False,BFI IMAX F 20
2026-04-25T21:47:03Z,F,19,sold,False,BFI IMAX F 19
2026-04-25T21:47:03Z,F,18,sold,False,BFI IMAX F 18
2026-04-25T21:47:03Z,F,17,sold,False,BFI IMAX F 17
2026-04-25T21:47:03Z,F,16,sold,False,BFI IMAX F 16
2026-04-25T21:47:03Z,F,15,sold,False,BFI IMAX F 15
2026-04-25T21:47:03Z,F,14,sold,False,BFI IMAX F 14
2026-04-25T21:47:03Z,F,13,sold,False,BFI IMAX F 13
2026-04-25T21:47:03Z,F,12,sold,False,BFI IMAX F 12
2026-04-25T21:47:03Z,F,11,sold,False,BFI IMAX F 11
2026-04-25T21:47:03Z,F,10,sold,False,BFI IMAX F 10
2026-04-25T21:47:03Z,F,9,sold,False,BFI IMAX F 9
2026-04-25T21:47:03Z,F,8,sold,False,BFI IMAX F 8
2026-04-25T21:47:03Z,F,7,sold,False,BFI IMAX F 7
2026-04-25T21:47:03Z,F,6,sold,False,BFI IMAX F 6
2026-04-25T21:47:03Z,F,5,sold,False,BFI IMAX F 5
2026-04-25T21:47:03Z,F,4,sold,False,BFI IMAX F 4
2026-04-25T21:47:03Z,F,3,sold,False,BFI IMAX F 3
2026-04-25T21:47:03Z,F,2,sold,False,BFI IMAX F 2
2026-04-25T21:47:03Z,F,1,sold,False,BFI IMAX F 1
2026-04-25T21:47:03Z,G,37,sold,False,BFI IMAX G 37
2026-04-25T21:47:03Z,G,36,sold,False,BFI IMAX G 36
2026-04-25T21:47:03Z,G,35,sold,False,BFI IMAX G 35
2026-04-25T21:47:03Z,G,34,sold,False,BFI IMAX G 34
2026-04-25T21:47:03Z,G,33,sold,False,BFI IMAX G 33
2026-04-25T21:47:03Z,G,32,sold,False,BFI IMAX G 32
2026-04-25T21:47:03Z,G,31,sold,False,BFI IMAX G 31
2026-04-25T21:47:03Z,G,30,sold,False,BFI IMAX G 30
2026-04-25T21:47:03Z,G,29,sold,False,BFI IMAX G 29
2026-04-25T21:47:03Z,G,28,sold,False,BFI IMAX G 28
2026-04-25T21:47:03Z,G,27,sold,False,BFI IMAX G 27
2026-04-25T21:47:03Z,G,26,sold,False,BFI IMAX G 26
2026-04-25T21:47:03Z,G,25,sold,False,BFI IMAX G 25
2026-04-25T21:47:03Z,G,24,sold,False,BFI IMAX G 24
2026-04-25T21:47:03Z,G,23,sold,False,BFI IMAX G 23
2026-04-25T21:47:03Z,G,22,sold,False,BFI IMAX G 22
2026-04-25T21:47:03Z,G,21,sold,False,BFI IMAX G 21
2026-04-25T21:47:03Z,G,20,sold,False,BFI IMAX G 20
2026-04-25T21:47:03Z,G,19,sold,False,BFI IMAX G 19
2026-04-25T21:47:03Z,G,18,sold,False,BFI IMAX G 18
2026-04-25T21:47:03Z,G,17,sold,False,BFI IMAX G 17
2026-04-25T21:47:03Z,G,16,sold,False,BFI IMAX G 16
2026-04-25T21:47:03Z,G,15,sold,False,BFI IMAX G 15
2026-04-25T21:47:03Z,G,14,sold,False,BFI IMAX G 14
2026-04-25T21:47:03Z,G,13,sold,False,BFI IMAX G 13
2026-04-25T21:47:03Z,G,12,sold,False,BFI IMAX G 12
2026-04-25T21:47:03Z,G,11,sold,False,BFI IMAX G 11
2026-04-25T21:47:03Z,G,10,sold,False,BFI IMAX G 10
2026-04-25T21:47:03Z,G,9,sold,False,BFI IMAX G 9
2026-04-25T21:47:03Z,G,8,sold,False,BFI IMAX G 8
2026-04-25T21:47:03Z,G,7,sold,False,BFI IMAX G 7
2026-04-25T21:47:03Z,G,6,sold,False,BFI IMAX G 6
2026-04-25T21:47:03Z,G,5,sold,False,BFI IMAX G 5
2026-04-25T21:47:03Z,G,4,sold,False,BFI IMAX G 4
2026-04-25T21:47:03Z,G,3,sold,False,BFI IMAX G 3
2026-04-25T21:47:03Z,G,2,sold,False,BFI IMAX G 2
2026-04-25T21:47:03Z,G,1,sold,False,BFI IMAX G 1
2026-04-25T21:47:03Z,H,37,sold,False,BFI IMAX H 37
2026-04-25T21:47:03Z,H,36,sold,False,BFI IMAX H 36
2026-04-25T21:47:03Z,H,35,sold,False,BFI IMAX H 35
2026-04-25T21:47:03Z,H,34,sold,False,BFI IMAX H 34
2026-04-25T21:47:03Z,H,33,sold,False,BFI IMAX H 33
2026-04-25T21:47:03Z,H,32,sold,False,BFI IMAX H 32
2026-04-25T21:47:03Z,H,31,sold,False,BFI IMAX H 31
2026-04-25T21:47:03Z,H,30,sold,False,BFI IMAX H 30
2026-04-25T21:47:03Z,H,29,sold,False,BFI IMAX H 29
2026-04-25T21:47:03Z,H,28,sold,False,BFI IMAX H 28
2026-04-25T21:47:03Z,H,27,unavailable,False,BFI IMAX H 27
2026-04-25T21:47:03Z,H,26,unavailable,False,BFI IMAX H 26
2026-04-25T21:47:03Z,H,25,unavailable,False,BFI IMAX H 25
2026-04-25T21:47:03Z,H,24,unavailable,False,BFI IMAX H 24
2026-04-25T21:47:03Z,H,23,unavailable,False,BFI IMAX H 23
2026-04-25T21:47:03Z,H,22,unavailable,False,BFI IMAX H 22
2026-04-25T21:47:03Z,H,21,unavailable,False,BFI IMAX H 21
2026-04-25T21:47:03Z,H,20,unavailable,False,BFI IMAX H 20
2026-04-25T21:47:03Z,H,19,sold,False,BFI IMAX H 19
2026-04-25T21:47:03Z,H,18,sold,False,BFI IMAX H 18
2026-04-25T21:47:03Z,H,17,sold,False,BFI IMAX H 17
2026-04-25T21:47:03Z,H,16,sold,False,BFI IMAX H 16
2026-04-25T21:47:03Z,H,15,sold,False,BFI IMAX H 15
2026-04-25T21:47:03Z,H,14,sold,False,BFI IMAX H 14
2026-04-25T21:47:03Z,H,13,sold,False,BFI IMAX H 13
2026-04-25T21:47:03Z,H,12,sold,False,BFI IMAX H 12
2026-04-25T21:47:03Z,H,11,sold,False,BFI IMAX H 11
2026-04-25T21:47:03Z,H,10,sold,False,BFI IMAX H 10
2026-04-25T21:47:03Z,H,9,sold,False,BFI IMAX H 9
2026-04-25T21:47:03Z,H,8,sold,False,BFI IMAX H 8
2026-04-25T21:47:03Z,H,7,sold,False,BFI IMAX H 7
2026-04-25T21:47:03Z,H,6,sold,False,BFI IMAX H 6
2026-04-25T21:47:03Z,H,5,sold,False,BFI IMAX H 5
2026-04-25T21:47:03Z,H,4,sold,False,BFI IMAX H 4
2026-04-25T21:47:03Z,H,3,sold,False,BFI IMAX H 3
2026-04-25T21:47:03Z,H,2,sold,False,BFI IMAX H 2
2026-04-25T21:47:03Z,H,1,sold,False,BFI IMAX H 1
2026-04-25T21:47:03Z,J,36,sold,False,BFI IMAX J 36
2026-04-25T21:47:03Z,J,35,sold,False,BFI IMAX J 35
2026-04-25T21:47:03Z,J,34,sold,False,BFI IMAX J 34
2026-04-25T21:47:03Z,J,33,sold,False,BFI IMAX J 33
2026-04-25T21:47:03Z,J,32,sold,False,BFI IMAX J 32
2026-04-25T21:47:03Z,J,31,sold,False,BFI IMAX J 31
2026-04-25T21:47:03Z,J,30,sold,False,BFI IMAX J 30
2026-04-25T21:47:03Z,J,29,sold,False,BFI IMAX J 29
2026-04-25T21:47:03Z,J,28,sold,False,BFI IMAX J 28
2026-04-25T21:47:03Z,J,27,sold,False,BFI IMAX J 27
2026-04-25T21:47:03Z,J,26,sold,False,BFI IMAX J 26
2026-04-25T21:47:03Z,J,25,unavailable,False,BFI IMAX J 25
2026-04-25T21:47:03Z,J,24,unavailable,False,BFI IMAX J 24
2026-04-25T21:47:03Z,J,23,sold,False,BFI IMAX J 23
2026-04-25T21:47:03Z,J,22,sold,False,BFI IMAX J 22
2026-04-25T21:47:03Z,J,21,sold,False,BFI IMAX J 21
2026-04-25T21:47:03Z,J,20,sold,False,BFI IMAX J 20
2026-04-25T21:47:03Z,J,19,unavailable,False,BFI IMAX J 19
2026-04-25T21:47:03Z,J,18,unavailable,False,BFI IMAX J 18
2026-04-25T21:47:03Z,J,17,unavailable,False,BFI IMAX J 17
2026-04-25T21:47:03Z,J,16,unavailable,False,BFI IMAX J 16
2026-04-25T21:47:03Z,J,15,unavailable,False,BFI IMAX J 15
2026-04-25T21:47:03Z,J,14,unavailable,False,BFI IMAX J 14
2026-04-25T21:47:03Z,J,13,unavailable,False,BFI IMAX J 13
2026-04-25T21:47:03Z,J,12,unavailable,False,BFI IMAX J 12
2026-04-25T21:47:03Z,J,11,unavailable,False,BFI IMAX J 11
2026-04-25T21:47:03Z,J,10,unavailable,False,BFI IMAX J 10
2026-04-25T21:47:03Z,J,9,sold,False,BFI IMAX J 9
2026-04-25T21:47:03Z,J,8,sold,False,BFI IMAX J 8
2026-04-25T21:47:03Z,J,7,sold,False,BFI IMAX J 7
2026-04-25T21:47:03Z,J,6,sold,False,BFI IMAX J 6
2026-04-25T21:47:03Z,J,5,sold,False,BFI IMAX J 5
2026-04-25T21:47:03Z,J,4,sold,False,BFI IMAX J 4
2026-04-25T21:47:03Z,J,3,sold,False,BFI IMAX J 3
2026-04-25T21:47:03Z,J,2,sold,False,BFI IMAX J 2
2026-04-25T21:47:03Z,J,1,sold,False,BFI IMAX J 1
2026-04-25T21:47:03Z,K,36,sold,False,BFI IMAX K 36
2026-04-25T21:47:03Z,K,35,sold,False,BFI IMAX K 35
2026-04-25T21:47:03Z,K,34,sold,False,BFI IMAX K 34
2026-04-25T21:47:03Z,K,33,sold,False,BFI IMAX K 33
2026-04-25T21:47:03Z,K,32,sold,False,BFI IMAX K 32
2026-04-25T21:47:03Z,K,31,sold,False,BFI IMAX K 31
2026-04-25T21:47:03Z,K,30,sold,False,BFI IMAX K 30
2026-04-25T21:47:03Z,K,29,sold,False,BFI IMAX K 29
2026-04-25T21:47:03Z,K,28,sold,False,BFI IMAX K 28
2026-04-25T21:47:03Z,A,13,unavailable,False,BFI IMAX A 13
2026-04-25T21:47:03Z,A,12,unavailable,False,BFI IMAX A 12
2026-04-25T21:47:03Z,K,25,sold,False,BFI IMAX K 25
2026-04-25T21:47:03Z,K,24,sold,False,BFI IMAX K 24
2026-04-25T21:47:03Z,K,23,available,False,BFI IMAX K 23
2026-04-25T21:47:03Z,K,22,sold,False,BFI IMAX K 22
2026-04-25T21:47:03Z,K,21,sold,False,BFI IMAX K 21
2026-04-25T21:47:03Z,K,20,sold,False,BFI IMAX K 20
2026-04-25T21:47:03Z,K,19,unavailable,False,BFI IMAX K 19
2026-04-25T21:47:03Z,K,18,unavailable,False,BFI IMAX K 18
2026-04-25T21:47:03Z,K,17,unavailable,False,BFI IMAX K 17
2026-04-25T21:47:03Z,K,16,unavailable,False,BFI IMAX K 16
2026-04-25T21:47:03Z,K,15,unavailable,False,BFI IMAX K 15
2026-04-25T21:47:03Z,K,14,unavailable,False,BFI IMAX K 14
2026-04-25T21:47:03Z,K,13,unavailable,False,BFI IMAX K 13
2026-04-25T21:47:03Z,K,12,unavailable,False,BFI IMAX K 12
2026-04-25T21:47:03Z,K,11,unavailable,False,BFI IMAX K 11
2026-04-25T21:47:03Z,K,10,unavailable,False,BFI IMAX K 10
2026-04-25T21:47:03Z,K,9,sold,False,BFI IMAX K 9
2026-04-25T21:47:03Z,K,8,sold,False,BFI IMAX K 8
2026-04-25T21:47:03Z,K,7,sold,False,BFI IMAX K 7
2026-04-25T21:47:03Z,K,6,sold,False,BFI IMAX K 6
2026-04-25T21:47:03Z,K,5,sold,False,BFI IMAX K 5
2026-04-25T21:47:03Z,K,4,sold,False,BFI IMAX K 4
2026-04-25T21:47:03Z,K,3,sold,False,BFI IMAX K 3
2026-04-25T21:47:03Z,K,2,sold,False,BFI IMAX K 2
2026-04-25T21:47:03Z,K,1,sold,False,BFI IMAX K 1
2026-04-25T21:47:03Z,L,33,sold,False,BFI IMAX L 33
2026-04-25T21:47:03Z,L,32,sold,False,BFI IMAX L 32
2026-04-25T21:47:03Z,L,31,sold,False,BFI IMAX L 31
2026-04-25T21:47:03Z,L,30,sold,False,BFI IMAX L 30
2026-04-25T21:47:03Z,L,29,sold,False,BFI IMAX L 29
2026-04-25T21:47:03Z,L,28,sold,False,BFI IMAX L 28
2026-04-25T21:47:03Z,L,27,sold,False,BFI IMAX L 27
2026-04-25T21:47:03Z,L,26,sold,False,BFI IMAX L 26
2026-04-25T21:47:03Z,L,8,sold,False,BFI IMAX L 8
2026-04-25T21:47:03Z,L,7,sold,False,BFI IMAX L 7
2026-04-25T21:47:03Z,L,6,sold,False,BFI IMAX L 6
2026-04-25T21:47:03Z,L,5,sold,False,BFI IMAX L 5
2026-04-25T21:47:03Z,L,4,sold,False,BFI IMAX L 4
2026-04-25T21:47:03Z,L,3,sold,False,BFI IMAX L 3
2026-04-25T21:47:03Z,L,2,sold,False,BFI IMAX L 2
2026-04-25T21:47:03Z,L,1,sold,False,BFI IMAX L 1
2026-04-25T21:47:03Z,M,34,sold,False,BFI IMAX M 34
2026-04-25T21:47:03Z,M,33,sold,False,BFI IMAX M 33
2026-04-25T21:47:03Z,M,32,sold,False,BFI IMAX M 32
2026-04-25T21:47:03Z,M,31,sold,False,BFI IMAX M 31
2026-04-25T21:47:03Z,M,30,sold,False,BFI IMAX M 30
2026-04-25T21:47:03Z,M,29,sold,False,BFI IMAX M 29
2026-04-25T21:47:03Z,M,28,sold,False,BFI IMAX M 28
2026-04-25T21:47:03Z,M,27,sold,False,BFI IMAX M 27
2026-04-25T21:47:03Z,A,11,unavailable,False,BFI IMAX A 11
2026-04-25T21:47:03Z,A,10,unavailable,False,BFI IMAX A 10
2026-04-25T21:47:03Z,M,6,sold,False,BFI IMAX M 6
2026-04-25T21:47:03Z,M,5,sold,False,BFI IMAX M 5
2026-04-25T21:47:03Z,M,4,sold,False,BFI IMAX M 4
2026-04-25T21:47:03Z,M,3,sold,False,BFI IMAX M 3
2026-04-25T21:47:03Z,M,2,sold,False,BFI IMAX M 2
2026-04-25T21:47:03Z,M,1,sold,False,BFI IMAX M 1
2026-04-25T21:47:03Z,N,34,unavailable,False,BFI IMAX N 34
2026-04-25T21:47:03Z,N,33,unavailable,False,BFI IMAX N 33
2026-04-25T21:47:03Z,N,32,unavailable,False,BFI IMAX N 32
2026-04-25T21:47:03Z,N,31,unavailable,False,BFI IMAX N 31
2026-04-25T21:47:03Z,N,30,unavailable,False,BFI IMAX N 30
2026-04-25T21:47:03Z,N,29,unavailable,False,BFI IMAX N 29
2026-04-25T21:47:03Z,N,28,unavailable,False,BFI IMAX N 28
2026-04-25T21:47:03Z,N,27,unavailable,False,BFI IMAX N 27
2026-04-25T21:47:03Z,N,8,sold,False,BFI IMAX N 8
2026-04-25T21:47:03Z,N,7,sold,False,BFI IMAX N 7
2026-04-25T21:47:03Z,N,6,sold,False,BFI IMAX N 6
2026-04-25T21:47:03Z,N,5,sold,False,BFI IMAX N 5
2026-04-25T21:47:03Z,N,4,sold,False,BFI IMAX N 4
2026-04-25T21:47:03Z,N,3,sold,False,BFI IMAX N 3
2026-04-25T21:47:03Z,N,2,sold,False,BFI IMAX N 2
2026-04-25T21:47:03Z,N,1,sold,False,BFI IMAX N 1
2026-04-25T21:47:03Z,P,31,sold,False,BFI IMAX P 31
2026-04-25T21:47:03Z,A,9,unavailable,False,BFI IMAX A 9
2026-04-25T21:47:03Z,A,8,unavailable,False,BFI IMAX A 8
2026-04-25T21:47:03Z,P,26,unavailable,False,BFI IMAX P 26
2026-04-25T21:47:03Z,P,6,sold,False,BFI IMAX P 6
2026-04-25T21:47:03Z,A,7,unavailable,False,BFI IMAX A 7
2026-04-25T21:47:03Z,A,6,unavailable,False,BFI IMAX A 6
2026-04-25T21:47:03Z,P,1,sold,False,BFI IMAX P 1
2026-04-25T21:47:03Z,M,11,sold,False,BFI IMAX M 11
2026-04-25T21:47:03Z,M,10,sold,False,BFI IMAX M 10
2026-04-25T21:47:03Z,M,9,sold,False,BFI IMAX M 9
2026-04-25T21:47:03Z,L,9,sold,False,BFI IMAX L 9
2026-04-25T21:47:03Z,L,25,sold,False,BFI IMAX L 25
2026-04-25T21:47:03Z,L,24,sold,False,BFI IMAX L 24
2026-04-25T21:47:03Z,L,23,sold,False,BFI IMAX L 23
2026-04-25T21:47:03Z,L,22,sold,False,BFI IMAX L 22
2026-04-25T21:47:03Z,L,21,sold,False,BFI IMAX L 21
2026-04-25T21:47:03Z,L,20,sold,False,BFI IMAX L 20
2026-04-25T21:47:03Z,L,19,sold,False,BFI IMAX L 19
2026-04-25T21:47:03Z,L,18,sold,False,BFI IMAX L 18
2026-04-25T21:47:03Z,L,17,sold,False,BFI IMAX L 17
2026-04-25T21:47:03Z,L,16,sold,False,BFI IMAX L 16
2026-04-25T21:47:03Z,L,15,sold,False,BFI IMAX L 15
2026-04-25T21:47:03Z,L,14,sold,False,BFI IMAX L 14
2026-04-25T21:47:03Z,L,13,sold,False,BFI IMAX L 13
2026-04-25T21:47:03Z,L,12,sold,False,BFI IMAX L 12
2026-04-25T21:47:03Z,L,11,sold,False,BFI IMAX L 11
2026-04-25T21:47:03Z,N,26,unavailable,False,BFI IMAX N 26
2026-04-25T21:47:03Z,N,25,unavailable,False,BFI IMAX N 25
2026-04-25T21:47:03Z,N,24,unavailable,False,BFI IMAX N 24
2026-04-25T21:47:03Z,N,23,unavailable,False,BFI IMAX N 23
2026-04-25T21:47:03Z,N,22,sold,False,BFI IMAX N 22
2026-04-25T21:47:03Z,N,21,sold,False,BFI IMAX N 21
2026-04-25T21:47:03Z,N,20,sold,False,BFI IMAX N 20
2026-04-25T21:47:03Z,N,19,sold,False,BFI IMAX N 19
2026-04-25T21:47:03Z,N,18,sold,False,BFI IMAX N 18
2026-04-25T21:47:03Z,N,17,sold,False,BFI IMAX N 17
2026-04-25T21:47:03Z,N,16,sold,False,BFI IMAX N 16
2026-04-25T21:47:03Z,N,15,sold,False,BFI IMAX N 15
2026-04-25T21:47:03Z,N,14,sold,False,BFI IMAX N 14
2026-04-25T21:47:03Z,N,13,sold,False,BFI IMAX N 13
2026-04-25T21:47:03Z,N,12,unavailable,False,BFI IMAX N 12
2026-04-25T21:47:03Z,N,11,unavailable,False,BFI IMAX N 11
2026-04-25T21:47:03Z,N,10,unavailable,False,BFI IMAX N 10
2026-04-25T21:47:03Z,N,9,unavailable,False,BFI IMAX N 9
2026-04-25T21:47:03Z,L,10,sold,False,BFI IMAX L 10
2026-04-25T21:47:03Z,M,26,sold,False,BFI IMAX M 26
2026-04-25T21:47:03Z,M,25,sold,False,BFI IMAX M 25
2026-04-25T21:47:03Z,M,24,sold,False,BFI IMAX M 24
2026-04-25T21:47:03Z,M,23,sold,False,BFI IMAX M 23
2026-04-25T21:47:03Z,M,22,sold,False,BFI IMAX M 22
2026-04-25T21:47:03Z,M,21,sold,False,BFI IMAX M 21
2026-04-25T21:47:03Z,M,20,sold,False,BFI IMAX M 20
2026-04-25T21:47:03Z,M,19,sold,False,BFI IMAX M 19
2026-04-25T21:47:03Z,M,18,sold,False,BFI IMAX M 18
2026-04-25T21:47:03Z,M,17,sold,False,BFI IMAX M 17
2026-04-25T21:47:03Z,M,16,sold,False,BFI IMAX M 16
2026-04-25T21:47:03Z,M,15,sold,False,BFI IMAX M 15
2026-04-25T21:47:03Z,M,14,sold,False,BFI IMAX M 14
2026-04-25T21:47:03Z,M,13,sold,False,BFI IMAX M 13
2026-04-25T21:47:03Z,M,12,sold,False,BFI IMAX M 12
2026-04-25T21:47:03Z,P,30,sold,True,BFI IMAX P 30
2026-04-25T21:47:03Z,P,27,sold,True,BFI IMAX P 27
2026-04-25T21:47:03Z,P,2,sold,True,BFI IMAX P 2
2026-04-25T21:47:03Z,P,5,sold,True,BFI IMAX P 5
2026-04-25T21:47:03Z,P,19,sold,False,BFI IMAX P 19
2026-04-25T21:47:03Z,P,18,sold,False,BFI IMAX P 18
2026-04-25T21:47:03Z,P,17,sold,False,BFI IMAX P 17
2026-04-25T21:47:03Z,P,16,sold,False,BFI IMAX P 16
2026-04-25T21:47:03Z,P,15,sold,False,BFI IMAX P 15
2026-04-25T21:47:03Z,P,14,sold,False,BFI IMAX P 14
2026-04-25T21:47:03Z,P,13,sold,False,BFI IMAX P 13
2026-04-25T21:47:03Z,P,12,sold,False,BFI IMAX P 12
2026-04-25T21:47:03Z,P,11,sold,False,BFI IMAX P 11
2026-04-25T21:47:03Z,P,10,sold,False,BFI IMAX P 10
2026-04-25T21:47:03Z,P,9,sold,False,BFI IMAX P 9
2026-04-25T21:47:03Z,P,8,sold,False,BFI IMAX P 8
2026-04-25T21:47:03Z,P,7,sold,False,BFI IMAX P 7
2026-04-25T21:47:03Z,P,25,sold,False,BFI IMAX P 25
2026-04-25T21:47:03Z,P,24,sold,False,BFI IMAX P 24
2026-04-25T21:47:03Z,P,23,sold,False,BFI IMAX P 23
2026-04-25T21:47:03Z,P,22,sold,False,BFI IMAX P 22
2026-04-25T21:47:03Z,P,21,sold,False,BFI IMAX P 21
2026-04-25T21:47:03Z,P,20,sold,False,BFI IMAX P 20
2026-04-25T21:47:03Z,Q,18,sold,False,BFI IMAX Q 18
2026-04-25T21:47:03Z,Q,17,sold,False,BFI IMAX Q 17
2026-04-25T21:47:03Z,Q,16,sold,False,BFI IMAX Q 16
2026-04-25T21:47:03Z,Q,15,sold,False,BFI IMAX Q 15
2026-04-25T21:47:03Z,Q,14,sold,False,BFI IMAX Q 14
2026-04-25T21:47:03Z,Q,13,sold,False,BFI IMAX Q 13
2026-04-25T21:47:03Z,Q,12,sold,False,BFI IMAX Q 12
2026-04-25T21:47:03Z,Q,11,sold,False,BFI IMAX Q 11
2026-04-25T21:47:03Z,Q,10,sold,False,BFI IMAX Q 10
2026-04-25T21:47:03Z,Q,9,sold,False,BFI IMAX Q 9
2026-04-25T21:47:03Z,Q,8,sold,False,BFI IMAX Q 8
2026-04-25T21:47:03Z,Q,7,sold,False,BFI IMAX Q 7
2026-04-25T21:47:03Z,Q,6,sold,False,BFI IMAX Q 6
2026-04-25T21:47:03Z,Q,5,sold,False,BFI IMAX Q 5
2026-04-25T21:47:03Z,Q,4,sold,False,BFI IMAX Q 4
2026-04-25T21:47:03Z,Q,3,sold,False,BFI IMAX Q 3
2026-04-25T21:47:03Z,Q,2,sold,False,BFI IMAX Q 2
2026-04-25T21:47:03Z,Q,1,sold,False,BFI IMAX Q 1
2026-04-25T22:11:03Z,K,27,sold,False,BFI IMAX K 27
2026-04-25T22:11:03Z,K,26,sold,False,BFI IMAX K 26
2026-04-25T22:11:03Z,M,8,sold,False,BFI IMAX M 8
2026-04-25T22:11:03Z,M,7,sold,False,BFI IMAX M 7
2026-04-25T22:11:03Z,P,29,sold,True,BFI IMAX P 29
2026-04-25T22:11:03Z,P,28,sold,True,BFI IMAX P 28
2026-04-25T22:11:03Z,P,4,sold,True,BFI IMAX P 4
2026-04-25T22:11:03Z,P,3,sold,True,BFI IMAX P 3
2026-04-25T22:11:03Z,A,5,unavailable,False,BFI IMAX A 5
2026-04-25T22:11:03Z,A,4,unavailable,False,BFI IMAX A 4
2026-04-25T22:11:03Z,A,3,unavailable,False,BFI IMAX A 3
2026-04-25T22:11:03Z,A,2,unavailable,False,BFI IMAX A 2
2026-04-25T22:11:03Z,A,1,unavailable,False,BFI IMAX A 1
2026-04-25T22:11:03Z,B,36,unavailable,False,BFI IMAX B 36
2026-04-25T22:11:03Z,B,35,unavailable,False,BFI IMAX B 35
2026-04-25T22:11:03Z,B,34,unavailable,False,BFI IMAX B 34
2026-04-25T22:11:03Z,B,33,unavailable,False,BFI IMAX B 33
2026-04-25T22:11:03Z,B,32,unavailable,False,BFI IMAX B 32
2026-04-25T22:11:03Z,B,31,unavailable,False,BFI IMAX B 31
2026-04-25T22:11:03Z,B,30,unavailable,False,BFI IMAX B 30
2026-04-25T22:11:03Z,B,29,unavailable,False,BFI IMAX B 29
2026-04-25T22:11:03Z,B,28,unavailable,False,BFI IMAX B 28
2026-04-25T22:11:03Z,B,27,unavailable,False,BFI IMAX B 27
2026-04-25T22:11:03Z,B,26,unavailable,False,BFI IMAX B 26
2026-04-25T22:11:03Z,B,25,unavailable,False,BFI IMAX B 25
2026-04-25T22:11:03Z,B,24,unavailable,False,BFI IMAX B 24
2026-04-25T22:11:03Z,B,23,unavailable,False,BFI IMAX B 23
2026-04-25T22:11:03Z,B,22,unavailable,False,BFI IMAX B 22
2026-04-25T22:11:03Z,B,21,sold,False,BFI IMAX B 21
2026-04-25T22:11:03Z,B,20,sold,False,BFI IMAX B 20
2026-04-25T22:11:03Z,B,19,sold,False,BFI IMAX B 19
2026-04-25T22:11:03Z,B,18,sold,False,BFI IMAX B 18
2026-04-25T22:11:03Z,B,17,sold,False,BFI IMAX B 17
2026-04-25T22:11:03Z,B,16,sold,False,BFI IMAX B 16
2026-04-25T22:11:03Z,B,15,sold,False,BFI IMAX B 15
2026-04-25T22:11:03Z,B,14,sold,False,BFI IMAX B 14
2026-04-25T22:11:03Z,B,13,unavailable,False,BFI IMAX B 13
2026-04-25T22:11:03Z,B,12,unavailable,False,BFI IMAX B 12
2026-04-25T22:11:03Z,B,11,unavailable,False,BFI IMAX B 11
2026-04-25T22:11:03Z,B,10,unavailable,False,BFI IMAX B 10
2026-04-25T22:11:03Z,B,9,unavailable,False,BFI IMAX B 9
2026-04-25T22:11:03Z,B,8,unavailable,False,BFI IMAX B 8
2026-04-25T22:11:03Z,B,7,unavailable,False,BFI IMAX B 7
2026-04-25T22:11:03Z,B,6,unavailable,False,BFI IMAX B 6
2026-04-25T22:11:03Z,B,5,unavailable,False,BFI IMAX B 5
2026-04-25T22:11:03Z,B,4,unavailable,False,BFI IMAX B 4
2026-04-25T22:11:03Z,B,3,unavailable,False,BFI IMAX B 3
2026-04-25T22:11:03Z,B,2,unavailable,False,BFI IMAX B 2
2026-04-25T22:11:03Z,B,1,unavailable,False,BFI IMAX B 1
2026-04-25T22:11:03Z,C,36,sold,False,BFI IMAX C 36
2026-04-25T22:11:03Z,C,35,sold,False,BFI IMAX C 35
2026-04-25T22:11:03Z,C,34,sold,False,BFI IMAX C 34
2026-04-25T22:11:03Z,C,33,sold,False,BFI IMAX C 33
2026-04-25T22:11:03Z,C,32,sold,False,BFI IMAX C 32
2026-04-25T22:11:03Z,C,31,sold,False,BFI IMAX C 31
2026-04-25T22:11:03Z,C,30,sold,False,BFI IMAX C 30
2026-04-25T22:11:03Z,C,29,sold,False,BFI IMAX C 29
2026-04-25T22:11:03Z,C,28,sold,False,BFI IMAX C 28
2026-04-25T22:11:03Z,C,27,sold,False,BFI IMAX C 27
2026-04-25T22:11:03Z,C,26,sold,False,BFI IMAX C 26
2026-04-25T22:11:03Z,C,25,unavailable,False,BFI IMAX C 25
2026-04-25T22:11:03Z,C,24,unavailable,False,BFI IMAX C 24
2026-04-25T22:11:03Z,C,23,unavailable,False,BFI IMAX C 23
2026-04-25T22:11:03Z,C,22,sold,False,BFI IMAX C 22
2026-04-25T22:11:03Z,C,21,sold,False,BFI IMAX C 21
2026-04-25T22:11:03Z,C,20,sold,False,BFI IMAX C 20
2026-04-25T22:11:03Z,C,19,sold,False,BFI IMAX C 19
2026-04-25T22:11:03Z,C,18,sold,False,BFI IMAX C 18
2026-04-25T22:11:03Z,C,17,sold,False,BFI IMAX C 17
2026-04-25T22:11:03Z,C,16,sold,False,BFI IMAX C 16
2026-04-25T22:11:03Z,C,15,sold,False,BFI IMAX C 15
2026-04-25T22:11:03Z,C,14,sold,False,BFI IMAX C 14
2026-04-25T22:11:03Z,C,13,sold,False,BFI IMAX C 13
2026-04-25T22:11:03Z,C,12,sold,False,BFI IMAX C 12
2026-04-25T22:11:03Z,C,11,sold,False,BFI IMAX C 11
2026-04-25T22:11:03Z,C,10,sold,False,BFI IMAX C 10
2026-04-25T22:11:03Z,C,9,sold,False,BFI IMAX C 9
2026-04-25T22:11:03Z,C,8,sold,False,BFI IMAX C 8
2026-04-25T22:11:03Z,C,7,sold,False,BFI IMAX C 7
2026-04-25T22:11:03Z,C,6,sold,False,BFI IMAX C 6
2026-04-25T22:11:03Z,C,5,sold,False,BFI IMAX C 5
2026-04-25T22:11:03Z,C,4,sold,False,BFI IMAX C 4
2026-04-25T22:11:03Z,C,3,sold,False,BFI IMAX C 3
2026-04-25T22:11:03Z,C,2,sold,False,BFI IMAX C 2
2026-04-25T22:11:03Z,C,1,sold,False,BFI IMAX C 1
2026-04-25T22:11:03Z,D,37,sold,False,BFI IMAX D 37
2026-04-25T22:11:03Z,D,36,sold,False,BFI IMAX D 36
2026-04-25T22:11:03Z,D,35,sold,False,BFI IMAX D 35
2026-04-25T22:11:03Z,D,34,sold,False,BFI IMAX D 34
2026-04-25T22:11:03Z,D,33,sold,False,BFI IMAX D 33
2026-04-25T22:11:03Z,D,32,sold,False,BFI IMAX D 32
2026-04-25T22:11:03Z,D,31,sold,False,BFI IMAX D 31
2026-04-25T22:11:03Z,D,30,sold,False,BFI IMAX D 30
2026-04-25T22:11:03Z,D,29,sold,False,BFI IMAX D 29
2026-04-25T22:11:03Z,D,28,sold,False,BFI IMAX D 28
2026-04-25T22:11:03Z,D,27,sold,False,BFI IMAX D 27
2026-04-25T22:11:03Z,D,26,sold,False,BFI IMAX D 26
2026-04-25T22:11:03Z,D,25,sold,False,BFI IMAX D 25
2026-04-25T22:11:03Z,D,24,sold,False,BFI IMAX D 24
2026-04-25T22:11:03Z,D,23,sold,False,BFI IMAX D 23
2026-04-25T22:11:03Z,D,22,sold,False,BFI IMAX D 22
2026-04-25T22:11:03Z,D,21,sold,False,BFI IMAX D 21
2026-04-25T22:11:03Z,D,20,sold,False,BFI IMAX D 20
2026-04-25T22:11:03Z,D,19,unavailable,False,BFI IMAX D 19
2026-04-25T22:11:03Z,D,18,unavailable,False,BFI IMAX D 18
2026-04-25T22:11:03Z,D,17,sold,False,BFI IMAX D 17
2026-04-25T22:11:03Z,D,16,sold,False,BFI IMAX D 16
2026-04-25T22:11:03Z,D,15,sold,False,BFI IMAX D 15
2026-04-25T22:11:03Z,D,14,sold,False,BFI IMAX D 14
2026-04-25T22:11:03Z,D,13,sold,False,BFI IMAX D 13
2026-04-25T22:11:03Z,D,12,sold,False,BFI IMAX D 12
2026-04-25T22:11:03Z,D,11,sold,False,BFI IMAX D 11
2026-04-25T22:11:03Z,D,10,sold,False,BFI IMAX D 10
2026-04-25T22:11:03Z,D,9,sold,False,BFI IMAX D 9
2026-04-25T22:11:03Z,D,8,sold,False,BFI IMAX D 8
2026-04-25T22:11:03Z,D,7,sold,False,BFI IMAX D 7
2026-04-25T22:11:03Z,D,6,sold,False,BFI IMAX D 6
2026-04-25T22:11:03Z,D,5,sold,False,BFI IMAX D 5
2026-04-25T22:11:03Z,D,4,sold,False,BFI IMAX D 4
2026-04-25T22:11:03Z,D,3,sold,False,BFI IMAX D 3
2026-04-25T22:11:03Z,D,2,sold,False,BFI IMAX D 2
2026-04-25T22:11:03Z,D,1,sold,False,BFI IMAX D 1
2026-04-25T22:11:03Z,E,37,sold,False,BFI IMAX E 37
2026-04-25T22:11:03Z,E,36,sold,False,BFI IMAX E 36
2026-04-25T22:11:03Z,E,35,sold,False,BFI IMAX E 35
2026-04-25T22:11:03Z,E,34,sold,False,BFI IMAX E 34
2026-04-25T22:11:03Z,E,33,sold,False,BFI IMAX E 33
2026-04-25T22:11:03Z,E,32,sold,False,BFI IMAX E 32
2026-04-25T22:11:03Z,E,31,sold,False,BFI IMAX E 31
2026-04-25T22:11:03Z,E,30,sold,False,BFI IMAX E 30
2026-04-25T22:11:03Z,E,29,sold,False,BFI IMAX E 29
2026-04-25T22:11:03Z,E,28,sold,False,BFI IMAX E 28
2026-04-25T22:11:03Z,E,27,sold,False,BFI IMAX E 27
2026-04-25T22:11:03Z,E,26,sold,False,BFI IMAX E 26
2026-04-25T22:11:03Z,E,25,sold,False,BFI IMAX E 25
2026-04-25T22:11:03Z,E,24,sold,False,BFI IMAX E 24
2026-04-25T22:11:03Z,E,23,sold,False,BFI IMAX E 23
2026-04-25T22:11:03Z,E,22,sold,False,BFI IMAX E 22
2026-04-25T22:11:03Z,E,21,sold,False,BFI IMAX E 21
2026-04-25T22:11:03Z,E,20,sold,False,BFI IMAX E 20
2026-04-25T22:11:03Z,E,19,sold,False,BFI IMAX E 19
2026-04-25T22:11:03Z,E,18,sold,False,BFI IMAX E 18
2026-04-25T22:11:03Z,E,17,sold,False,BFI IMAX E 17
2026-04-25T22:11:03Z,E,16,sold,False,BFI IMAX E 16
2026-04-25T22:11:03Z,E,15,sold,False,BFI IMAX E 15
2026-04-25T22:11:03Z,E,14,sold,False,BFI IMAX E 14
2026-04-25T22:11:03Z,E,13,sold,False,BFI IMAX E 13
2026-04-25T22:11:03Z,E,12,sold,False,BFI IMAX E 12
2026-04-25T22:11:03Z,E,11,sold,False,BFI IMAX E 11
2026-04-25T22:11:03Z,E,10,sold,False,BFI IMAX E 10
2026-04-25T22:11:03Z,E,9,sold,False,BFI IMAX E 9
2026-04-25T22:11:03Z,E,8,sold,False,BFI IMAX E 8
2026-04-25T22:11:03Z,E,7,sold,False,BFI IMAX E 7
2026-04-25T22:11:03Z,E,6,sold,False,BFI IMAX E 6
2026-04-25T22:11:03Z,E,5,sold,False,BFI IMAX E 5
2026-04-25T22:11:03Z,E,4,sold,False,BFI IMAX E 4
2026-04-25T22:11:03Z,E,3,sold,False,BFI IMAX E 3
2026-04-25T22:11:03Z,E,2,sold,False,BFI IMAX E 2
2026-04-25T22:11:03Z,E,1,sold,False,BFI IMAX E 1
2026-04-25T22:11:03Z,F,38,sold,False,BFI IMAX F 38
2026-04-25T22:11:03Z,F,37,sold,False,BFI IMAX F 37
2026-04-25T22:11:03Z,F,36,sold,False,BFI IMAX F 36
2026-04-25T22:11:03Z,F,35,sold,False,BFI IMAX F 35
2026-04-25T22:11:03Z,F,34,sold,False,BFI IMAX F 34
2026-04-25T22:11:03Z,F,33,sold,False,BFI IMAX F 33
2026-04-25T22:11:03Z,F,32,sold,False,BFI IMAX F 32
2026-04-25T22:11:03Z,F,31,sold,False,BFI IMAX F 31
2026-04-25T22:11:03Z,F,30,sold,False,BFI IMAX F 30
2026-04-25T22:11:03Z,F,29,sold,False,BFI IMAX F 29
2026-04-25T22:11:03Z,F,28,sold,False,BFI IMAX F 28
2026-04-25T22:11:03Z,F,27,sold,False,BFI IMAX F 27
2026-04-25T22:11:03Z,F,26,sold,False,BFI IMAX F 26
2026-04-25T22:11:03Z,F,25,sold,False,BFI IMAX F 25
2026-04-25T22:11:03Z,F,24,sold,False,BFI IMAX F 24
2026-04-25T22:11:03Z,F,23,sold,False,BFI IMAX F 23
2026-04-25T22:11:03Z,F,22,sold,False,BFI IMAX F 22
2026-04-25T22:11:03Z,F,21,sold,False,BFI IMAX F 21
2026-04-25T22:11:03Z,F,20,sold,False,BFI IMAX F 20
2026-04-25T22:11:03Z,F,19,sold,False,BFI IMAX F 19
2026-04-25T22:11:03Z,F,18,sold,False,BFI IMAX F 18
2026-04-25T22:11:03Z,F,17,sold,False,BFI IMAX F 17
2026-04-25T22:11:03Z,F,16,sold,False,BFI IMAX F 16
2026-04-25T22:11:03Z,F,15,sold,False,BFI IMAX F 15
2026-04-25T22:11:03Z,F,14,sold,False,BFI IMAX F 14
2026-04-25T22:11:03Z,F,13,sold,False,BFI IMAX F 13
2026-04-25T22:11:03Z,F,12,sold,False,BFI IMAX F 12
2026-04-25T22:11:03Z,F,11,sold,False,BFI IMAX F 11
2026-04-25T22:11:03Z,F,10,sold,False,BFI IMAX F 10
2026-04-25T22:11:03Z,F,9,sold,False,BFI IMAX F 9
2026-04-25T22:11:03Z,F,8,sold,False,BFI IMAX F 8
2026-04-25T22:11:03Z,F,7,sold,False,BFI IMAX F 7
2026-04-25T22:11:03Z,F,6,sold,False,BFI IMAX F 6
2026-04-25T22:11:03Z,F,5,sold,False,BFI IMAX F 5
2026-04-25T22:11:03Z,F,4,sold,False,BFI IMAX F 4
2026-04-25T22:11:03Z,F,3,sold,False,BFI IMAX F 3
2026-04-25T22:11:03Z,F,2,sold,False,BFI IMAX F 2
2026-04-25T22:11:03Z,F,1,sold,False,BFI IMAX F 1
2026-04-25T22:11:03Z,G,37,sold,False,BFI IMAX G 37
2026-04-25T22:11:03Z,G,36,sold,False,BFI IMAX G 36
2026-04-25T22:11:03Z,G,35,sold,False,BFI IMAX G 35
2026-04-25T22:11:03Z,G,34,sold,False,BFI IMAX G 34
2026-04-25T22:11:03Z,G,33,sold,False,BFI IMAX G 33
2026-04-25T22:11:03Z,G,32,sold,False,BFI IMAX G 32
2026-04-25T22:11:03Z,G,31,sold,False,BFI IMAX G 31
2026-04-25T22:11:03Z,G,30,sold,False,BFI IMAX G 30
2026-04-25T22:11:03Z,G,29,sold,False,BFI IMAX G 29
2026-04-25T22:11:03Z,G,28,sold,False,BFI IMAX G 28
2026-04-25T22:11:03Z,G,27,sold,False,BFI IMAX G 27
2026-04-25T22:11:03Z,G,26,sold,False,BFI IMAX G 26
2026-04-25T22:11:03Z,G,25,sold,False,BFI IMAX G 25
2026-04-25T22:11:03Z,G,24,sold,False,BFI IMAX G 24
2026-04-25T22:11:03Z,G,23,sold,False,BFI IMAX G 23
2026-04-25T22:11:03Z,G,22,sold,False,BFI IMAX G 22
2026-04-25T22:11:03Z,G,21,sold,False,BFI IMAX G 21
2026-04-25T22:11:03Z,G,20,sold,False,BFI IMAX G 20
2026-04-25T22:11:03Z,G,19,sold,False,BFI IMAX G 19
2026-04-25T22:11:03Z,G,18,sold,False,BFI IMAX G 18
2026-04-25T22:11:03Z,G,17,sold,False,BFI IMAX G 17
2026-04-25T22:11:03Z,G,16,sold,False,BFI IMAX G 16
2026-04-25T22:11:03Z,G,15,sold,False,BFI IMAX G 15
2026-04-25T22:11:03Z,G,14,sold,False,BFI IMAX G 14
2026-04-25T22:11:03Z,G,13,sold,False,BFI IMAX G 13
2026-04-25T22:11:03Z,G,12,sold,False,BFI IMAX G 12
2026-04-25T22:11:03Z,G,11,sold,False,BFI IMAX G 11
2026-04-25T22:11:03Z,G,10,sold,False,BFI IMAX G 10
2026-04-25T22:11:03Z,G,9,sold,False,BFI IMAX G 9
2026-04-25T22:11:03Z,G,8,sold,False,BFI IMAX G 8
2026-04-25T22:11:03Z,G,7,sold,False,BFI IMAX G 7
2026-04-25T22:11:03Z,G,6,sold,False,BFI IMAX G 6
2026-04-25T22:11:03Z,G,5,sold,False,BFI IMAX G 5
2026-04-25T22:11:03Z,G,4,sold,False,BFI IMAX G 4
2026-04-25T22:11:03Z,G,3,sold,False,BFI IMAX G 3
2026-04-25T22:11:03Z,G,2,sold,False,BFI IMAX G 2
2026-04-25T22:11:03Z,G,1,sold,False,BFI IMAX G 1
2026-04-25T22:11:03Z,H,37,sold,False,BFI IMAX H 37
2026-04-25T22:11:03Z,H,36,sold,False,BFI IMAX H 36
2026-04-25T22:11:03Z,H,35,sold,False,BFI IMAX H 35
2026-04-25T22:11:03Z,H,34,sold,False,BFI IMAX H 34
2026-04-25T22:11:03Z,H,33,sold,False,BFI IMAX H 33
2026-04-25T22:11:03Z,H,32,sold,False,BFI IMAX H 32
2026-04-25T22:11:03Z,H,31,sold,False,BFI IMAX H 31
2026-04-25T22:11:03Z,H,30,sold,False,BFI IMAX H 30
2026-04-25T22:11:03Z,H,29,sold,False,BFI IMAX H 29
2026-04-25T22:11:03Z,H,28,sold,False,BFI IMAX H 28
2026-04-25T22:11:03Z,H,27,unavailable,False,BFI IMAX H 27
2026-04-25T22:11:03Z,H,26,unavailable,False,BFI IMAX H 26
2026-04-25T22:11:03Z,H,25,unavailable,False,BFI IMAX H 25
2026-04-25T22:11:03Z,H,24,unavailable,False,BFI IMAX H 24
2026-04-25T22:11:03Z,H,23,unavailable,False,BFI IMAX H 23
2026-04-25T22:11:03Z,H,22,unavailable,False,BFI IMAX H 22
2026-04-25T22:11:03Z,H,21,unavailable,False,BFI IMAX H 21
2026-04-25T22:11:03Z,H,20,unavailable,False,BFI IMAX H 20
2026-04-25T22:11:03Z,H,19,sold,False,BFI IMAX H 19
2026-04-25T22:11:03Z,H,18,sold,False,BFI IMAX H 18
2026-04-25T22:11:03Z,H,17,sold,False,BFI IMAX H 17
2026-04-25T22:11:03Z,H,16,sold,False,BFI IMAX H 16
2026-04-25T22:11:03Z,H,15,sold,False,BFI IMAX H 15
2026-04-25T22:11:03Z,H,14,sold,False,BFI IMAX H 14
2026-04-25T22:11:03Z,H,13,sold,False,BFI IMAX H 13
2026-04-25T22:11:03Z,H,12,sold,False,BFI IMAX H 12
2026-04-25T22:11:03Z,H,11,sold,False,BFI IMAX H 11
2026-04-25T22:11:03Z,H,10,sold,False,BFI IMAX H 10
2026-04-25T22:11:03Z,H,9,sold,False,BFI IMAX H 9
2026-04-25T22:11:03Z,H,8,sold,False,BFI IMAX H 8
2026-04-25T22:11:03Z,H,7,sold,False,BFI IMAX H 7
2026-04-25T22:11:03Z,H,6,sold,False,BFI IMAX H 6
2026-04-25T22:11:03Z,H,5,sold,False,BFI IMAX H 5
2026-04-25T22:11:03Z,H,4,sold,False,BFI IMAX H 4
2026-04-25T22:11:03Z,H,3,sold,False,BFI IMAX H 3
2026-04-25T22:11:03Z,H,2,sold,False,BFI IMAX H 2
2026-04-25T22:11:03Z,H,1,sold,False,BFI IMAX H 1
2026-04-25T22:11:03Z,J,36,sold,False,BFI IMAX J 36
2026-04-25T22:11:03Z,J,35,sold,False,BFI IMAX J 35
2026-04-25T22:11:03Z,J,34,sold,False,BFI IMAX J 34
2026-04-25T22:11:03Z,J,33,sold,False,BFI IMAX J 33
2026-04-25T22:11:03Z,J,32,sold,False,BFI IMAX J 32
2026-04-25T22:11:03Z,J,31,sold,False,BFI IMAX J 31
2026-04-25T22:11:03Z,J,30,sold,False,BFI IMAX J 30
2026-04-25T22:11:03Z,J,29,sold,False,BFI IMAX J 29
2026-04-25T22:11:03Z,J,28,sold,False,BFI IMAX J 28
2026-04-25T22:11:03Z,J,27,sold,False,BFI IMAX J 27
2026-04-25T22:11:03Z,J,26,sold,False,BFI IMAX J 26
2026-04-25T22:11:03Z,J,25,unavailable,False,BFI IMAX J 25
2026-04-25T22:11:03Z,J,24,unavailable,False,BFI IMAX J 24
2026-04-25T22:11:03Z,J,23,sold,False,BFI IMAX J 23
2026-04-25T22:11:03Z,J,22,sold,False,BFI IMAX J 22
2026-04-25T22:11:03Z,J,21,sold,False,BFI IMAX J 21
2026-04-25T22:11:03Z,J,20,sold,False,BFI IMAX J 20
2026-04-25T22:11:03Z,J,19,unavailable,False,BFI IMAX J 19
2026-04-25T22:11:03Z,J,18,unavailable,False,BFI IMAX J 18
2026-04-25T22:11:03Z,J,17,unavailable,False,BFI IMAX J 17
2026-04-25T22:11:03Z,J,16,unavailable,False,BFI IMAX J 16
2026-04-25T22:11:03Z,J,15,unavailable,False,BFI IMAX J 15
2026-04-25T22:11:03Z,J,14,unavailable,False,BFI IMAX J 14
2026-04-25T22:11:03Z,J,13,unavailable,False,BFI IMAX J 13
2026-04-25T22:11:03Z,J,12,unavailable,False,BFI IMAX J 12
2026-04-25T22:11:03Z,J,11,unavailable,False,BFI IMAX J 11
2026-04-25T22:11:03Z,J,10,unavailable,False,BFI IMAX J 10
2026-04-25T22:11:03Z,J,9,sold,False,BFI IMAX J 9
2026-04-25T22:11:03Z,J,8,sold,False,BFI IMAX J 8
2026-04-25T22:11:03Z,J,7,sold,False,BFI IMAX J 7
2026-04-25T22:11:03Z,J,6,sold,False,BFI IMAX J 6
2026-04-25T22:11:03Z,J,5,sold,False,BFI IMAX J 5
2026-04-25T22:11:03Z,J,4,sold,False,BFI IMAX J 4
2026-04-25T22:11:03Z,J,3,sold,False,BFI IMAX J 3
2026-04-25T22:11:03Z,J,2,sold,False,BFI IMAX J 2
2026-04-25T22:11:03Z,J,1,sold,False,BFI IMAX J 1
2026-04-25T22:11:03Z,K,36,sold,False,BFI IMAX K 36
2026-04-25T22:11:03Z,K,35,sold,False,BFI IMAX K 35
2026-04-25T22:11:03Z,K,34,sold,False,BFI IMAX K 34
2026-04-25T22:11:03Z,K,33,sold,False,BFI IMAX K 33
2026-04-25T22:11:03Z,K,32,sold,False,BFI IMAX K 32
2026-04-25T22:11:03Z,K,31,sold,False,BFI IMAX K 31
2026-04-25T22:11:03Z,K,30,sold,False,BFI IMAX K 30
2026-04-25T22:11:03Z,K,29,sold,False,BFI IMAX K 29
2026-04-25T22:11:03Z,K,28,sold,False,BFI IMAX K 28
2026-04-25T22:11:03Z,A,13,unavailable,False,BFI IMAX A 13
2026-04-25T22:11:03Z,A,12,unavailable,False,BFI IMAX A 12
2026-04-25T22:11:03Z,K,25,sold,False,BFI IMAX K 25
2026-04-25T22:11:03Z,K,24,sold,False,BFI IMAX K 24
2026-04-25T22:11:03Z,K,23,available,False,BFI IMAX K 23
2026-04-25T22:11:03Z,K,22,sold,False,BFI IMAX K 22
2026-04-25T22:11:03Z,K,21,sold,False,BFI IMAX K 21
2026-04-25T22:11:03Z,K,20,sold,False,BFI IMAX K 20
2026-04-25T22:11:03Z,K,19,unavailable,False,BFI IMAX K 19
2026-04-25T22:11:03Z,K,18,unavailable,False,BFI IMAX K 18
2026-04-25T22:11:03Z,K,17,unavailable,False,BFI IMAX K 17
2026-04-25T22:11:03Z,K,16,unavailable,False,BFI IMAX K 16
2026-04-25T22:11:03Z,K,15,unavailable,False,BFI IMAX K 15
2026-04-25T22:11:03Z,K,14,unavailable,False,BFI IMAX K 14
2026-04-25T22:11:03Z,K,13,unavailable,False,BFI IMAX K 13
2026-04-25T22:11:03Z,K,12,unavailable,False,BFI IMAX K 12
2026-04-25T22:11:03Z,K,11,unavailable,False,BFI IMAX K 11
2026-04-25T22:11:03Z,K,10,unavailable,False,BFI IMAX K 10
2026-04-25T22:11:03Z,K,9,sold,False,BFI IMAX K 9
2026-04-25T22:11:03Z,K,8,sold,False,BFI IMAX K 8
2026-04-25T22:11:03Z,K,7,sold,False,BFI IMAX K 7
2026-04-25T22:11:03Z,K,6,sold,False,BFI IMAX K 6
2026-04-25T22:11:03Z,K,5,sold,False,BFI IMAX K 5
2026-04-25T22:11:03Z,K,4,sold,False,BFI IMAX K 4
2026-04-25T22:11:03Z,K,3,sold,False,BFI IMAX K 3
2026-04-25T22:11:03Z,K,2,sold,False,BFI IMAX K 2
2026-04-25T22:11:03Z,K,1,sold,False,BFI IMAX K 1
2026-04-25T22:11:03Z,L,33,sold,False,BFI IMAX L 33
2026-04-25T22:11:03Z,L,32,sold,False,BFI IMAX L 32
2026-04-25T22:11:03Z,L,31,sold,False,BFI IMAX L 31
2026-04-25T22:11:03Z,L,30,sold,False,BFI IMAX L 30
2026-04-25T22:11:03Z,L,29,sold,False,BFI IMAX L 29
2026-04-25T22:11:03Z,L,28,sold,False,BFI IMAX L 28
2026-04-25T22:11:03Z,L,27,sold,False,BFI IMAX L 27
2026-04-25T22:11:03Z,L,26,sold,False,BFI IMAX L 26
2026-04-25T22:11:03Z,L,8,sold,False,BFI IMAX L 8
2026-04-25T22:11:03Z,L,7,sold,False,BFI IMAX L 7
2026-04-25T22:11:03Z,L,6,sold,False,BFI IMAX L 6
2026-04-25T22:11:03Z,L,5,sold,False,BFI IMAX L 5
2026-04-25T22:11:03Z,L,4,sold,False,BFI IMAX L 4
2026-04-25T22:11:03Z,L,3,sold,False,BFI IMAX L 3
2026-04-25T22:11:03Z,L,2,sold,False,BFI IMAX L 2
2026-04-25T22:11:03Z,L,1,sold,False,BFI IMAX L 1
2026-04-25T22:11:03Z,M,34,sold,False,BFI IMAX M 34
2026-04-25T22:11:03Z,M,33,sold,False,BFI IMAX M 33
2026-04-25T22:11:03Z,M,32,sold,False,BFI IMAX M 32
2026-04-25T22:11:03Z,M,31,sold,False,BFI IMAX M 31
2026-04-25T22:11:03Z,M,30,sold,False,BFI IMAX M 30
2026-04-25T22:11:03Z,M,29,sold,False,BFI IMAX M 29
2026-04-25T22:11:03Z,M,28,sold,False,BFI IMAX M 28
2026-04-25T22:11:03Z,M,27,sold,False,BFI IMAX M 27
2026-04-25T22:11:03Z,A,11,unavailable,False,BFI IMAX A 11
2026-04-25T22:11:03Z,A,10,unavailable,False,BFI IMAX A 10
2026-04-25T22:11:03Z,M,6,sold,False,BFI IMAX M 6
2026-04-25T22:11:03Z,M,5,sold,False,BFI IMAX M 5
2026-04-25T22:11:03Z,M,4,sold,False,BFI IMAX M 4
2026-04-25T22:11:03Z,M,3,sold,False,BFI IMAX M 3
2026-04-25T22:11:03Z,M,2,sold,False,BFI IMAX M 2
2026-04-25T22:11:03Z,M,1,sold,False,BFI IMAX M 1
2026-04-25T22:11:03Z,N,34,unavailable,False,BFI IMAX N 34
2026-04-25T22:11:03Z,N,33,unavailable,False,BFI IMAX N 33
2026-04-25T22:11:03Z,N,32,unavailable,False,BFI IMAX N 32
2026-04-25T22:11:03Z,N,31,unavailable,False,BFI IMAX N 31
2026-04-25T22:11:03Z,N,30,unavailable,False,BFI IMAX N 30
2026-04-25T22:11:03Z,N,29,unavailable,False,BFI IMAX N 29
2026-04-25T22:11:03Z,N,28,unavailable,False,BFI IMAX N 28
2026-04-25T22:11:03Z,N,27,unavailable,False,BFI IMAX N 27
2026-04-25T22:11:03Z,N,8,sold,False,BFI IMAX N 8
2026-04-25T22:11:03Z,N,7,sold,False,BFI IMAX N 7
2026-04-25T22:11:03Z,N,6,sold,False,BFI IMAX N 6
2026-04-25T22:11:03Z,N,5,sold,False,BFI IMAX N 5
2026-04-25T22:11:03Z,N,4,sold,False,BFI IMAX N 4
2026-04-25T22:11:03Z,N,3,sold,False,BFI IMAX N 3
2026-04-25T22:11:03Z,N,2,sold,False,BFI IMAX N 2
2026-04-25T22:11:03Z,N,1,sold,False,BFI IMAX N 1
2026-04-25T22:11:03Z,P,31,sold,False,BFI IMAX P 31
2026-04-25T22:11:03Z,A,9,unavailable,False,BFI IMAX A 9
2026-04-25T22:11:03Z,A,8,unavailable,False,BFI IMAX A 8
2026-04-25T22:11:03Z,P,26,unavailable,False,BFI IMAX P 26
2026-04-25T22:11:03Z,P,6,sold,False,BFI IMAX P 6
2026-04-25T22:11:03Z,A,7,unavailable,False,BFI IMAX A 7
2026-04-25T22:11:03Z,A,6,unavailable,False,BFI IMAX A 6
2026-04-25T22:11:03Z,P,1,sold,False,BFI IMAX P 1
2026-04-25T22:11:03Z,M,11,sold,False,BFI IMAX M 11
2026-04-25T22:11:03Z,M,10,sold,False,BFI IMAX M 10
2026-04-25T22:11:03Z,M,9,sold,False,BFI IMAX M 9
2026-04-25T22:11:03Z,L,9,sold,False,BFI IMAX L 9
2026-04-25T22:11:03Z,L,25,sold,False,BFI IMAX L 25
2026-04-25T22:11:03Z,L,24,sold,False,BFI IMAX L 24
2026-04-25T22:11:03Z,L,23,sold,False,BFI IMAX L 23
2026-04-25T22:11:03Z,L,22,sold,False,BFI IMAX L 22
2026-04-25T22:11:03Z,L,21,sold,False,BFI IMAX L 21
2026-04-25T22:11:03Z,L,20,sold,False,BFI IMAX L 20
2026-04-25T22:11:03Z,L,19,sold,False,BFI IMAX L 19
2026-04-25T22:11:03Z,L,18,sold,False,BFI IMAX L 18
2026-04-25T22:11:03Z,L,17,sold,False,BFI IMAX L 17
2026-04-25T22:11:03Z,L,16,sold,False,BFI IMAX L 16
2026-04-25T22:11:03Z,L,15,sold,False,BFI IMAX L 15
2026-04-25T22:11:03Z,L,14,sold,False,BFI IMAX L 14
2026-04-25T22:11:03Z,L,13,sold,False,BFI IMAX L 13
2026-04-25T22:11:03Z,L,12,sold,False,BFI IMAX L 12
2026-04-25T22:11:03Z,L,11,sold,False,BFI IMAX L 11
2026-04-25T22:11:03Z,N,26,unavailable,False,BFI IMAX N 26
2026-04-25T22:11:03Z,N,25,unavailable,False,BFI IMAX N 25
2026-04-25T22:11:03Z,N,24,unavailable,False,BFI IMAX N 24
2026-04-25T22:11:03Z,N,23,unavailable,False,BFI IMAX N 23
2026-04-25T22:11:03Z,N,22,sold,False,BFI IMAX N 22
2026-04-25T22:11:03Z,N,21,sold,False,BFI IMAX N 21
2026-04-25T22:11:03Z,N,20,sold,False,BFI IMAX N 20
2026-04-25T22:11:03Z,N,19,sold,False,BFI IMAX N 19
2026-04-25T22:11:03Z,N,18,sold,False,BFI IMAX N 18
2026-04-25T22:11:03Z,N,17,sold,False,BFI IMAX N 17
2026-04-25T22:11:03Z,N,16,sold,False,BFI IMAX N 16
2026-04-25T22:11:03Z,N,15,sold,False,BFI IMAX N 15
2026-04-25T22:11:03Z,N,14,sold,False,BFI IMAX N 14
2026-04-25T22:11:03Z,N,13,sold,False,BFI IMAX N 13
2026-04-25T22:11:03Z,N,12,unavailable,False,BFI IMAX N 12
2026-04-25T22:11:03Z,N,11,unavailable,False,BFI IMAX N 11
2026-04-25T22:11:03Z,N,10,unavailable,False,BFI IMAX N 10
2026-04-25T22:11:03Z,N,9,unavailable,False,BFI IMAX N 9
2026-04-25T22:11:03Z,L,10,sold,False,BFI IMAX L 10
2026-04-25T22:11:03Z,M,26,sold,False,BFI IMAX M 26
2026-04-25T22:11:03Z,M,25,sold,False,BFI IMAX M 25
2026-04-25T22:11:03Z,M,24,sold,False,BFI IMAX M 24
2026-04-25T22:11:03Z,M,23,sold,False,BFI IMAX M 23
2026-04-25T22:11:03Z,M,22,sold,False,BFI IMAX M 22
2026-04-25T22:11:03Z,M,21,sold,False,BFI IMAX M 21
2026-04-25T22:11:03Z,M,20,sold,False,BFI IMAX M 20
2026-04-25T22:11:03Z,M,19,sold,False,BFI IMAX M 19
2026-04-25T22:11:03Z,M,18,sold,False,BFI IMAX M 18
2026-04-25T22:11:03Z,M,17,sold,False,BFI IMAX M 17
2026-04-25T22:11:03Z,M,16,sold,False,BFI IMAX M 16
2026-04-25T22:11:03Z,M,15,sold,False,BFI IMAX M 15
2026-04-25T22:11:03Z,M,14,sold,False,BFI IMAX M 14
2026-04-25T22:11:03Z,M,13,sold,False,BFI IMAX M 13
2026-04-25T22:11:03Z,M,12,sold,False,BFI IMAX M 12
2026-04-25T22:11:03Z,P,30,sold,True,BFI IMAX P 30
2026-04-25T22:11:03Z,P,27,sold,True,BFI IMAX P 27
2026-04-25T22:11:03Z,P,2,sold,True,BFI IMAX P 2
2026-04-25T22:11:03Z,P,5,sold,True,BFI IMAX P 5
2026-04-25T22:11:03Z,P,19,sold,False,BFI IMAX P 19
2026-04-25T22:11:03Z,P,18,sold,False,BFI IMAX P 18
2026-04-25T22:11:03Z,P,17,sold,False,BFI IMAX P 17
2026-04-25T22:11:03Z,P,16,sold,False,BFI IMAX P 16
2026-04-25T22:11:03Z,P,15,sold,False,BFI IMAX P 15
2026-04-25T22:11:03Z,P,14,sold,False,BFI IMAX P 14
2026-04-25T22:11:03Z,P,13,sold,False,BFI IMAX P 13
2026-04-25T22:11:03Z,P,12,sold,False,BFI IMAX P 12
2026-04-25T22:11:03Z,P,11,sold,False,BFI IMAX P 11
2026-04-25T22:11:03Z,P,10,sold,False,BFI IMAX P 10
2026-04-25T22:11:03Z,P,9,sold,False,BFI IMAX P 9
2026-04-25T22:11:03Z,P,8,sold,False,BFI IMAX P 8
2026-04-25T22:11:03Z,P,7,sold,False,BFI IMAX P 7
2026-04-25T22:11:03Z,P,25,sold,False,BFI IMAX P 25
2026-04-25T22:11:03Z,P,24,sold,False,BFI IMAX P 24
2026-04-25T22:11:03Z,P,23,sold,False,BFI IMAX P 23
2026-04-25T22:11:03Z,P,22,sold,False,BFI IMAX P 22
2026-04-25T22:11:03Z,P,21,sold,False,BFI IMAX P 21
2026-04-25T22:11:03Z,P,20,sold,False,BFI IMAX P 20
2026-04-25T22:11:03Z,Q,18,sold,False,BFI IMAX Q 18
2026-04-25T22:11:03Z,Q,17,sold,False,BFI IMAX Q 17
2026-04-25T22:11:03Z,Q,16,sold,False,BFI IMAX Q 16
2026-04-25T22:11:03Z,Q,15,sold,False,BFI IMAX Q 15
2026-04-25T22:11:03Z,Q,14,sold,False,BFI IMAX Q 14
2026-04-25T22:11:03Z,Q,13,sold,False,BFI IMAX Q 13
2026-04-25T22:11:03Z,Q,12,sold,False,BFI IMAX Q 12
2026-04-25T22:11:03Z,Q,11,sold,False,BFI IMAX Q 11
2026-04-25T22:11:03Z,Q,10,sold,False,BFI IMAX Q 10
2026-04-25T22:11:03Z,Q,9,sold,False,BFI IMAX Q 9
2026-04-25T22:11:03Z,Q,8,sold,False,BFI IMAX Q 8
2026-04-25T22:11:03Z,Q,7,sold,False,BFI IMAX Q 7
2026-04-25T22:11:03Z,Q,6,sold,False,BFI IMAX Q 6
2026-04-25T22:11:03Z,Q,5,sold,False,BFI IMAX Q 5
2026-04-25T22:11:03Z,Q,4,sold,False,BFI IMAX Q 4
2026-04-25T22:11:03Z,Q,3,sold,False,BFI IMAX Q 3
2026-04-25T22:11:03Z,Q,2,sold,False,BFI IMAX Q 2
2026-04-25T22:11:03Z,Q,1,sold,False,BFI IMAX Q 1
2026-04-25T22:47:13Z,K,27,sold,False,BFI IMAX K 27
2026-04-25T22:47:13Z,K,26,sold,False,BFI IMAX K 26
2026-04-25T22:47:13Z,M,8,sold,False,BFI IMAX M 8
2026-04-25T22:47:13Z,M,7,sold,False,BFI IMAX M 7
2026-04-25T22:47:13Z,P,29,sold,True,BFI IMAX P 29
2026-04-25T22:47:13Z,P,28,sold,True,BFI IMAX P 28
2026-04-25T22:47:13Z,P,4,sold,True,BFI IMAX P 4
2026-04-25T22:47:13Z,P,3,sold,True,BFI IMAX P 3
2026-04-25T22:47:13Z,A,5,unavailable,False,BFI IMAX A 5
2026-04-25T22:47:13Z,A,4,unavailable,False,BFI IMAX A 4
2026-04-25T22:47:13Z,A,3,unavailable,False,BFI IMAX A 3
2026-04-25T22:47:13Z,A,2,unavailable,False,BFI IMAX A 2
2026-04-25T22:47:13Z,A,1,unavailable,False,BFI IMAX A 1
2026-04-25T22:47:13Z,B,36,unavailable,False,BFI IMAX B 36
2026-04-25T22:47:13Z,B,35,unavailable,False,BFI IMAX B 35
2026-04-25T22:47:13Z,B,34,unavailable,False,BFI IMAX B 34
2026-04-25T22:47:13Z,B,33,unavailable,False,BFI IMAX B 33
2026-04-25T22:47:13Z,B,32,unavailable,False,BFI IMAX B 32
2026-04-25T22:47:13Z,B,31,unavailable,False,BFI IMAX B 31
2026-04-25T22:47:13Z,B,30,unavailable,False,BFI IMAX B 30
2026-04-25T22:47:13Z,B,29,unavailable,False,BFI IMAX B 29
2026-04-25T22:47:13Z,B,28,unavailable,False,BFI IMAX B 28
2026-04-25T22:47:13Z,B,27,unavailable,False,BFI IMAX B 27
2026-04-25T22:47:13Z,B,26,unavailable,False,BFI IMAX B 26
2026-04-25T22:47:13Z,B,25,unavailable,False,BFI IMAX B 25
2026-04-25T22:47:13Z,B,24,unavailable,False,BFI IMAX B 24
2026-04-25T22:47:13Z,B,23,unavailable,False,BFI IMAX B 23
2026-04-25T22:47:13Z,B,22,unavailable,False,BFI IMAX B 22
2026-04-25T22:47:13Z,B,21,sold,False,BFI IMAX B 21
2026-04-25T22:47:13Z,B,20,sold,False,BFI IMAX B 20
2026-04-25T22:47:13Z,B,19,sold,False,BFI IMAX B 19
2026-04-25T22:47:13Z,B,18,sold,False,BFI IMAX B 18
2026-04-25T22:47:13Z,B,17,sold,False,BFI IMAX B 17
2026-04-25T22:47:13Z,B,16,sold,False,BFI IMAX B 16
2026-04-25T22:47:13Z,B,15,sold,False,BFI IMAX B 15
2026-04-25T22:47:13Z,B,14,sold,False,BFI IMAX B 14
2026-04-25T22:47:13Z,B,13,unavailable,False,BFI IMAX B 13
2026-04-25T22:47:13Z,B,12,unavailable,False,BFI IMAX B 12
2026-04-25T22:47:13Z,B,11,unavailable,False,BFI IMAX B 11
2026-04-25T22:47:13Z,B,10,unavailable,False,BFI IMAX B 10
2026-04-25T22:47:13Z,B,9,unavailable,False,BFI IMAX B 9
2026-04-25T22:47:13Z,B,8,unavailable,False,BFI IMAX B 8
2026-04-25T22:47:13Z,B,7,unavailable,False,BFI IMAX B 7
2026-04-25T22:47:13Z,B,6,unavailable,False,BFI IMAX B 6
2026-04-25T22:47:13Z,B,5,unavailable,False,BFI IMAX B 5
2026-04-25T22:47:13Z,B,4,unavailable,False,BFI IMAX B 4
2026-04-25T22:47:13Z,B,3,unavailable,False,BFI IMAX B 3
2026-04-25T22:47:13Z,B,2,unavailable,False,BFI IMAX B 2
2026-04-25T22:47:13Z,B,1,unavailable,False,BFI IMAX B 1
2026-04-25T22:47:13Z,C,36,sold,False,BFI IMAX C 36
2026-04-25T22:47:13Z,C,35,sold,False,BFI IMAX C 35
2026-04-25T22:47:13Z,C,34,sold,False,BFI IMAX C 34
2026-04-25T22:47:13Z,C,33,sold,False,BFI IMAX C 33
2026-04-25T22:47:13Z,C,32,sold,False,BFI IMAX C 32
2026-04-25T22:47:13Z,C,31,sold,False,BFI IMAX C 31
2026-04-25T22:47:13Z,C,30,sold,False,BFI IMAX C 30
2026-04-25T22:47:13Z,C,29,sold,False,BFI IMAX C 29
2026-04-25T22:47:13Z,C,28,sold,False,BFI IMAX C 28
2026-04-25T22:47:13Z,C,27,sold,False,BFI IMAX C 27
2026-04-25T22:47:13Z,C,26,sold,False,BFI IMAX C 26
2026-04-25T22:47:13Z,C,25,unavailable,False,BFI IMAX C 25
2026-04-25T22:47:13Z,C,24,unavailable,False,BFI IMAX C 24
2026-04-25T22:47:13Z,C,23,unavailable,False,BFI IMAX C 23
2026-04-25T22:47:13Z,C,22,sold,False,BFI IMAX C 22
2026-04-25T22:47:13Z,C,21,sold,False,BFI IMAX C 21
2026-04-25T22:47:13Z,C,20,sold,False,BFI IMAX C 20
2026-04-25T22:47:13Z,C,19,sold,False,BFI IMAX C 19
2026-04-25T22:47:13Z,C,18,sold,False,BFI IMAX C 18
2026-04-25T22:47:13Z,C,17,sold,False,BFI IMAX C 17
2026-04-25T22:47:13Z,C,16,sold,False,BFI IMAX C 16
2026-04-25T22:47:13Z,C,15,sold,False,BFI IMAX C 15
2026-04-25T22:47:13Z,C,14,sold,False,BFI IMAX C 14
2026-04-25T22:47:13Z,C,13,sold,False,BFI IMAX C 13
2026-04-25T22:47:13Z,C,12,sold,False,BFI IMAX C 12
2026-04-25T22:47:13Z,C,11,sold,False,BFI IMAX C 11
2026-04-25T22:47:13Z,C,10,sold,False,BFI IMAX C 10
2026-04-25T22:47:13Z,C,9,sold,False,BFI IMAX C 9
2026-04-25T22:47:13Z,C,8,sold,False,BFI IMAX C 8
2026-04-25T22:47:13Z,C,7,sold,False,BFI IMAX C 7
2026-04-25T22:47:13Z,C,6,sold,False,BFI IMAX C 6
2026-04-25T22:47:13Z,C,5,sold,False,BFI IMAX C 5
2026-04-25T22:47:13Z,C,4,sold,False,BFI IMAX C 4
2026-04-25T22:47:13Z,C,3,sold,False,BFI IMAX C 3
2026-04-25T22:47:13Z,C,2,sold,False,BFI IMAX C 2
2026-04-25T22:47:13Z,C,1,sold,False,BFI IMAX C 1
2026-04-25T22:47:13Z,D,37,sold,False,BFI IMAX D 37
2026-04-25T22:47:13Z,D,36,sold,False,BFI IMAX D 36
2026-04-25T22:47:13Z,D,35,sold,False,BFI IMAX D 35
2026-04-25T22:47:13Z,D,34,sold,False,BFI IMAX D 34
2026-04-25T22:47:13Z,D,33,sold,False,BFI IMAX D 33
2026-04-25T22:47:13Z,D,32,sold,False,BFI IMAX D 32
2026-04-25T22:47:13Z,D,31,sold,False,BFI IMAX D 31
2026-04-25T22:47:13Z,D,30,sold,False,BFI IMAX D 30
2026-04-25T22:47:13Z,D,29,sold,False,BFI IMAX D 29
2026-04-25T22:47:13Z,D,28,sold,False,BFI IMAX D 28
2026-04-25T22:47:13Z,D,27,sold,False,BFI IMAX D 27
2026-04-25T22:47:13Z,D,26,sold,False,BFI IMAX D 26
2026-04-25T22:47:13Z,D,25,sold,False,BFI IMAX D 25
2026-04-25T22:47:13Z,D,24,sold,False,BFI IMAX D 24
2026-04-25T22:47:13Z,D,23,sold,False,BFI IMAX D 23
2026-04-25T22:47:13Z,D,22,sold,False,BFI IMAX D 22
2026-04-25T22:47:13Z,D,21,sold,False,BFI IMAX D 21
2026-04-25T22:47:13Z,D,20,sold,False,BFI IMAX D 20
2026-04-25T22:47:13Z,D,19,unavailable,False,BFI IMAX D 19
2026-04-25T22:47:13Z,D,18,unavailable,False,BFI IMAX D 18
2026-04-25T22:47:13Z,D,17,sold,False,BFI IMAX D 17
2026-04-25T22:47:13Z,D,16,sold,False,BFI IMAX D 16
2026-04-25T22:47:13Z,D,15,sold,False,BFI IMAX D 15
2026-04-25T22:47:13Z,D,14,sold,False,BFI IMAX D 14
2026-04-25T22:47:13Z,D,13,sold,False,BFI IMAX D 13
2026-04-25T22:47:13Z,D,12,sold,False,BFI IMAX D 12
2026-04-25T22:47:13Z,D,11,sold,False,BFI IMAX D 11
2026-04-25T22:47:13Z,D,10,sold,False,BFI IMAX D 10
2026-04-25T22:47:13Z,D,9,sold,False,BFI IMAX D 9
2026-04-25T22:47:13Z,D,8,sold,False,BFI IMAX D 8
2026-04-25T22:47:13Z,D,7,sold,False,BFI IMAX D 7
2026-04-25T22:47:13Z,D,6,sold,False,BFI IMAX D 6
2026-04-25T22:47:13Z,D,5,sold,False,BFI IMAX D 5
2026-04-25T22:47:13Z,D,4,sold,False,BFI IMAX D 4
2026-04-25T22:47:13Z,D,3,sold,False,BFI IMAX D 3
2026-04-25T22:47:13Z,D,2,sold,False,BFI IMAX D 2
2026-04-25T22:47:13Z,D,1,sold,False,BFI IMAX D 1
2026-04-25T22:47:13Z,E,37,sold,False,BFI IMAX E 37
2026-04-25T22:47:13Z,E,36,sold,False,BFI IMAX E 36
2026-04-25T22:47:13Z,E,35,sold,False,BFI IMAX E 35
2026-04-25T22:47:13Z,E,34,sold,False,BFI IMAX E 34
2026-04-25T22:47:13Z,E,33,sold,False,BFI IMAX E 33
2026-04-25T22:47:13Z,E,32,sold,False,BFI IMAX E 32
2026-04-25T22:47:13Z,E,31,sold,False,BFI IMAX E 31
2026-04-25T22:47:13Z,E,30,sold,False,BFI IMAX E 30
2026-04-25T22:47:13Z,E,29,sold,False,BFI IMAX E 29
2026-04-25T22:47:13Z,E,28,sold,False,BFI IMAX E 28
2026-04-25T22:47:13Z,E,27,sold,False,BFI IMAX E 27
2026-04-25T22:47:13Z,E,26,sold,False,BFI IMAX E 26
2026-04-25T22:47:13Z,E,25,sold,False,BFI IMAX E 25
2026-04-25T22:47:13Z,E,24,sold,False,BFI IMAX E 24
2026-04-25T22:47:13Z,E,23,sold,False,BFI IMAX E 23
2026-04-25T22:47:13Z,E,22,sold,False,BFI IMAX E 22
2026-04-25T22:47:13Z,E,21,sold,False,BFI IMAX E 21
2026-04-25T22:47:13Z,E,20,sold,False,BFI IMAX E 20
2026-04-25T22:47:13Z,E,19,sold,False,BFI IMAX E 19
2026-04-25T22:47:13Z,E,18,sold,False,BFI IMAX E 18
2026-04-25T22:47:13Z,E,17,sold,False,BFI IMAX E 17
2026-04-25T22:47:13Z,E,16,sold,False,BFI IMAX E 16
2026-04-25T22:47:13Z,E,15,sold,False,BFI IMAX E 15
2026-04-25T22:47:13Z,E,14,sold,False,BFI IMAX E 14
2026-04-25T22:47:13Z,E,13,sold,False,BFI IMAX E 13
2026-04-25T22:47:13Z,E,12,sold,False,BFI IMAX E 12
2026-04-25T22:47:13Z,E,11,sold,False,BFI IMAX E 11
2026-04-25T22:47:13Z,E,10,sold,False,BFI IMAX E 10
2026-04-25T22:47:13Z,E,9,sold,False,BFI IMAX E 9
2026-04-25T22:47:13Z,E,8,sold,False,BFI IMAX E 8
2026-04-25T22:47:13Z,E,7,sold,False,BFI IMAX E 7
2026-04-25T22:47:13Z,E,6,sold,False,BFI IMAX E 6
2026-04-25T22:47:13Z,E,5,sold,False,BFI IMAX E 5
2026-04-25T22:47:13Z,E,4,sold,False,BFI IMAX E 4
2026-04-25T22:47:13Z,E,3,sold,False,BFI IMAX E 3
2026-04-25T22:47:13Z,E,2,sold,False,BFI IMAX E 2
2026-04-25T22:47:13Z,E,1,sold,False,BFI IMAX E 1
2026-04-25T22:47:13Z,F,38,sold,False,BFI IMAX F 38
2026-04-25T22:47:13Z,F,37,sold,False,BFI IMAX F 37
2026-04-25T22:47:13Z,F,36,sold,False,BFI IMAX F 36
2026-04-25T22:47:13Z,F,35,sold,False,BFI IMAX F 35
2026-04-25T22:47:13Z,F,34,sold,False,BFI IMAX F 34
2026-04-25T22:47:13Z,F,33,sold,False,BFI IMAX F 33
2026-04-25T22:47:13Z,F,32,sold,False,BFI IMAX F 32
2026-04-25T22:47:13Z,F,31,sold,False,BFI IMAX F 31
2026-04-25T22:47:13Z,F,30,sold,False,BFI IMAX F 30
2026-04-25T22:47:13Z,F,29,sold,False,BFI IMAX F 29
2026-04-25T22:47:13Z,F,28,sold,False,BFI IMAX F 28
2026-04-25T22:47:13Z,F,27,sold,False,BFI IMAX F 27
2026-04-25T22:47:13Z,F,26,sold,False,BFI IMAX F 26
2026-04-25T22:47:13Z,F,25,sold,False,BFI IMAX F 25
2026-04-25T22:47:13Z,F,24,sold,False,BFI IMAX F 24
2026-04-25T22:47:13Z,F,23,sold,False,BFI IMAX F 23
2026-04-25T22:47:13Z,F,22,sold,False,BFI IMAX F 22
2026-04-25T22:47:13Z,F,21,sold,False,BFI IMAX F 21
2026-04-25T22:47:13Z,F,20,sold,False,BFI IMAX F 20
2026-04-25T22:47:13Z,F,19,sold,False,BFI IMAX F 19
2026-04-25T22:47:13Z,F,18,sold,False,BFI IMAX F 18
2026-04-25T22:47:13Z,F,17,sold,False,BFI IMAX F 17
2026-04-25T22:47:13Z,F,16,sold,False,BFI IMAX F 16
2026-04-25T22:47:13Z,F,15,sold,False,BFI IMAX F 15
2026-04-25T22:47:13Z,F,14,sold,False,BFI IMAX F 14
2026-04-25T22:47:13Z,F,13,sold,False,BFI IMAX F 13
2026-04-25T22:47:13Z,F,12,sold,False,BFI IMAX F 12
2026-04-25T22:47:13Z,F,11,sold,False,BFI IMAX F 11
2026-04-25T22:47:13Z,F,10,sold,False,BFI IMAX F 10
2026-04-25T22:47:13Z,F,9,sold,False,BFI IMAX F 9
2026-04-25T22:47:13Z,F,8,sold,False,BFI IMAX F 8
2026-04-25T22:47:13Z,F,7,sold,False,BFI IMAX F 7
2026-04-25T22:47:13Z,F,6,sold,False,BFI IMAX F 6
2026-04-25T22:47:13Z,F,5,sold,False,BFI IMAX F 5
2026-04-25T22:47:13Z,F,4,sold,False,BFI IMAX F 4
2026-04-25T22:47:13Z,F,3,sold,False,BFI IMAX F 3
2026-04-25T22:47:13Z,F,2,sold,False,BFI IMAX F 2
2026-04-25T22:47:13Z,F,1,sold,False,BFI IMAX F 1
2026-04-25T22:47:13Z,G,37,sold,False,BFI IMAX G 37
2026-04-25T22:47:13Z,G,36,sold,False,BFI IMAX G 36
2026-04-25T22:47:13Z,G,35,sold,False,BFI IMAX G 35
2026-04-25T22:47:13Z,G,34,sold,False,BFI IMAX G 34
2026-04-25T22:47:13Z,G,33,sold,False,BFI IMAX G 33
2026-04-25T22:47:13Z,G,32,sold,False,BFI IMAX G 32
2026-04-25T22:47:13Z,G,31,sold,False,BFI IMAX G 31
2026-04-25T22:47:13Z,G,30,sold,False,BFI IMAX G 30
2026-04-25T22:47:13Z,G,29,sold,False,BFI IMAX G 29
2026-04-25T22:47:13Z,G,28,sold,False,BFI IMAX G 28
2026-04-25T22:47:13Z,G,27,sold,False,BFI IMAX G 27
2026-04-25T22:47:13Z,G,26,sold,False,BFI IMAX G 26
2026-04-25T22:47:13Z,G,25,sold,False,BFI IMAX G 25
2026-04-25T22:47:13Z,G,24,sold,False,BFI IMAX G 24
2026-04-25T22:47:13Z,G,23,sold,False,BFI IMAX G 23
2026-04-25T22:47:13Z,G,22,sold,False,BFI IMAX G 22
2026-04-25T22:47:13Z,G,21,sold,False,BFI IMAX G 21
2026-04-25T22:47:13Z,G,20,sold,False,BFI IMAX G 20
2026-04-25T22:47:13Z,G,19,sold,False,BFI IMAX G 19
2026-04-25T22:47:13Z,G,18,sold,False,BFI IMAX G 18
2026-04-25T22:47:13Z,G,17,sold,False,BFI IMAX G 17
2026-04-25T22:47:13Z,G,16,sold,False,BFI IMAX G 16
2026-04-25T22:47:13Z,G,15,sold,False,BFI IMAX G 15
2026-04-25T22:47:13Z,G,14,sold,False,BFI IMAX G 14
2026-04-25T22:47:13Z,G,13,sold,False,BFI IMAX G 13
2026-04-25T22:47:13Z,G,12,sold,False,BFI IMAX G 12
2026-04-25T22:47:13Z,G,11,sold,False,BFI IMAX G 11
2026-04-25T22:47:13Z,G,10,sold,False,BFI IMAX G 10
2026-04-25T22:47:13Z,G,9,sold,False,BFI IMAX G 9
2026-04-25T22:47:13Z,G,8,sold,False,BFI IMAX G 8
2026-04-25T22:47:13Z,G,7,sold,False,BFI IMAX G 7
2026-04-25T22:47:13Z,G,6,sold,False,BFI IMAX G 6
2026-04-25T22:47:13Z,G,5,sold,False,BFI IMAX G 5
2026-04-25T22:47:13Z,G,4,sold,False,BFI IMAX G 4
2026-04-25T22:47:13Z,G,3,sold,False,BFI IMAX G 3
2026-04-25T22:47:13Z,G,2,sold,False,BFI IMAX G 2
2026-04-25T22:47:13Z,G,1,sold,False,BFI IMAX G 1
2026-04-25T22:47:13Z,H,37,sold,False,BFI IMAX H 37
2026-04-25T22:47:13Z,H,36,sold,False,BFI IMAX H 36
2026-04-25T22:47:13Z,H,35,sold,False,BFI IMAX H 35
2026-04-25T22:47:13Z,H,34,sold,False,BFI IMAX H 34
2026-04-25T22:47:13Z,H,33,sold,False,BFI IMAX H 33
2026-04-25T22:47:13Z,H,32,sold,False,BFI IMAX H 32
2026-04-25T22:47:13Z,H,31,sold,False,BFI IMAX H 31
2026-04-25T22:47:13Z,H,30,sold,False,BFI IMAX H 30
2026-04-25T22:47:13Z,H,29,sold,False,BFI IMAX H 29
2026-04-25T22:47:13Z,H,28,sold,False,BFI IMAX H 28
2026-04-25T22:47:13Z,H,27,unavailable,False,BFI IMAX H 27
2026-04-25T22:47:13Z,H,26,unavailable,False,BFI IMAX H 26
2026-04-25T22:47:13Z,H,25,unavailable,False,BFI IMAX H 25
2026-04-25T22:47:13Z,H,24,unavailable,False,BFI IMAX H 24
2026-04-25T22:47:13Z,H,23,unavailable,False,BFI IMAX H 23
2026-04-25T22:47:13Z,H,22,unavailable,False,BFI IMAX H 22
2026-04-25T22:47:13Z,H,21,unavailable,False,BFI IMAX H 21
2026-04-25T22:47:13Z,H,20,unavailable,False,BFI IMAX H 20
2026-04-25T22:47:13Z,H,19,sold,False,BFI IMAX H 19
2026-04-25T22:47:13Z,H,18,sold,False,BFI IMAX H 18
2026-04-25T22:47:13Z,H,17,sold,False,BFI IMAX H 17
2026-04-25T22:47:13Z,H,16,sold,False,BFI IMAX H 16
2026-04-25T22:47:13Z,H,15,sold,False,BFI IMAX H 15
2026-04-25T22:47:13Z,H,14,sold,False,BFI IMAX H 14
2026-04-25T22:47:13Z,H,13,sold,False,BFI IMAX H 13
2026-04-25T22:47:13Z,H,12,sold,False,BFI IMAX H 12
2026-04-25T22:47:13Z,H,11,sold,False,BFI IMAX H 11
2026-04-25T22:47:13Z,H,10,sold,False,BFI IMAX H 10
2026-04-25T22:47:13Z,H,9,sold,False,BFI IMAX H 9
2026-04-25T22:47:13Z,H,8,sold,False,BFI IMAX H 8
2026-04-25T22:47:13Z,H,7,sold,False,BFI IMAX H 7
2026-04-25T22:47:13Z,H,6,sold,False,BFI IMAX H 6
2026-04-25T22:47:13Z,H,5,sold,False,BFI IMAX H 5
2026-04-25T22:47:13Z,H,4,sold,False,BFI IMAX H 4
2026-04-25T22:47:13Z,H,3,sold,False,BFI IMAX H 3
2026-04-25T22:47:13Z,H,2,sold,False,BFI IMAX H 2
2026-04-25T22:47:13Z,H,1,sold,False,BFI IMAX H 1
2026-04-25T22:47:13Z,J,36,sold,False,BFI IMAX J 36
2026-04-25T22:47:13Z,J,35,sold,False,BFI IMAX J 35
2026-04-25T22:47:13Z,J,34,sold,False,BFI IMAX J 34
2026-04-25T22:47:13Z,J,33,sold,False,BFI IMAX J 33
2026-04-25T22:47:13Z,J,32,sold,False,BFI IMAX J 32
2026-04-25T22:47:13Z,J,31,sold,False,BFI IMAX J 31
2026-04-25T22:47:13Z,J,30,sold,False,BFI IMAX J 30
2026-04-25T22:47:13Z,J,29,sold,False,BFI IMAX J 29
2026-04-25T22:47:13Z,J,28,sold,False,BFI IMAX J 28
2026-04-25T22:47:13Z,J,27,sold,False,BFI IMAX J 27
2026-04-25T22:47:13Z,J,26,sold,False,BFI IMAX J 26
2026-04-25T22:47:13Z,J,25,unavailable,False,BFI IMAX J 25
2026-04-25T22:47:13Z,J,24,unavailable,False,BFI IMAX J 24
2026-04-25T22:47:13Z,J,23,sold,False,BFI IMAX J 23
2026-04-25T22:47:13Z,J,22,sold,False,BFI IMAX J 22
2026-04-25T22:47:13Z,J,21,sold,False,BFI IMAX J 21
2026-04-25T22:47:13Z,J,20,sold,False,BFI IMAX J 20
2026-04-25T22:47:13Z,J,19,unavailable,False,BFI IMAX J 19
2026-04-25T22:47:13Z,J,18,unavailable,False,BFI IMAX J 18
2026-04-25T22:47:13Z,J,17,unavailable,False,BFI IMAX J 17
2026-04-25T22:47:13Z,J,16,unavailable,False,BFI IMAX J 16
2026-04-25T22:47:13Z,J,15,unavailable,False,BFI IMAX J 15
2026-04-25T22:47:13Z,J,14,unavailable,False,BFI IMAX J 14
2026-04-25T22:47:13Z,J,13,unavailable,False,BFI IMAX J 13
2026-04-25T22:47:13Z,J,12,unavailable,False,BFI IMAX J 12
2026-04-25T22:47:13Z,J,11,unavailable,False,BFI IMAX J 11
2026-04-25T22:47:13Z,J,10,unavailable,False,BFI IMAX J 10
2026-04-25T22:47:13Z,J,9,sold,False,BFI IMAX J 9
2026-04-25T22:47:13Z,J,8,sold,False,BFI IMAX J 8
2026-04-25T22:47:13Z,J,7,sold,False,BFI IMAX J 7
2026-04-25T22:47:13Z,J,6,sold,False,BFI IMAX J 6
2026-04-25T22:47:13Z,J,5,sold,False,BFI IMAX J 5
2026-04-25T22:47:13Z,J,4,sold,False,BFI IMAX J 4
2026-04-25T22:47:13Z,J,3,sold,False,BFI IMAX J 3
2026-04-25T22:47:13Z,J,2,sold,False,BFI IMAX J 2
2026-04-25T22:47:13Z,J,1,sold,False,BFI IMAX J 1
2026-04-25T22:47:13Z,K,36,sold,False,BFI IMAX K 36
2026-04-25T22:47:13Z,K,35,sold,False,BFI IMAX K 35
2026-04-25T22:47:13Z,K,34,sold,False,BFI IMAX K 34
2026-04-25T22:47:13Z,K,33,sold,False,BFI IMAX K 33
2026-04-25T22:47:13Z,K,32,sold,False,BFI IMAX K 32
2026-04-25T22:47:13Z,K,31,sold,False,BFI IMAX K 31
2026-04-25T22:47:13Z,K,30,sold,False,BFI IMAX K 30
2026-04-25T22:47:13Z,K,29,sold,False,BFI IMAX K 29
2026-04-25T22:47:13Z,K,28,sold,False,BFI IMAX K 28
2026-04-25T22:47:13Z,A,13,unavailable,False,BFI IMAX A 13
2026-04-25T22:47:13Z,A,12,unavailable,False,BFI IMAX A 12
2026-04-25T22:47:13Z,K,25,sold,False,BFI IMAX K 25
2026-04-25T22:47:13Z,K,24,sold,False,BFI IMAX K 24
2026-04-25T22:47:13Z,K,23,available,False,BFI IMAX K 23
2026-04-25T22:47:13Z,K,22,sold,False,BFI IMAX K 22
2026-04-25T22:47:13Z,K,21,sold,False,BFI IMAX K 21
2026-04-25T22:47:13Z,K,20,sold,False,BFI IMAX K 20
2026-04-25T22:47:13Z,K,19,unavailable,False,BFI IMAX K 19
2026-04-25T22:47:13Z,K,18,unavailable,False,BFI IMAX K 18
2026-04-25T22:47:13Z,K,17,unavailable,False,BFI IMAX K 17
2026-04-25T22:47:13Z,K,16,unavailable,False,BFI IMAX K 16
2026-04-25T22:47:13Z,K,15,unavailable,False,BFI IMAX K 15
2026-04-25T22:47:13Z,K,14,unavailable,False,BFI IMAX K 14
2026-04-25T22:47:13Z,K,13,unavailable,False,BFI IMAX K 13
2026-04-25T22:47:13Z,K,12,unavailable,False,BFI IMAX K 12
2026-04-25T22:47:13Z,K,11,unavailable,False,BFI IMAX K 11
2026-04-25T22:47:13Z,K,10,unavailable,False,BFI IMAX K 10
2026-04-25T22:47:13Z,K,9,sold,False,BFI IMAX K 9
2026-04-25T22:47:13Z,K,8,sold,False,BFI IMAX K 8
2026-04-25T22:47:13Z,K,7,sold,False,BFI IMAX K 7
2026-04-25T22:47:13Z,K,6,sold,False,BFI IMAX K 6
2026-04-25T22:47:13Z,K,5,sold,False,BFI IMAX K 5
2026-04-25T22:47:13Z,K,4,sold,False,BFI IMAX K 4
2026-04-25T22:47:13Z,K,3,sold,False,BFI IMAX K 3
2026-04-25T22:47:13Z,K,2,sold,False,BFI IMAX K 2
2026-04-25T22:47:13Z,K,1,sold,False,BFI IMAX K 1
2026-04-25T22:47:13Z,L,33,sold,False,BFI IMAX L 33
2026-04-25T22:47:13Z,L,32,sold,False,BFI IMAX L 32
2026-04-25T22:47:13Z,L,31,sold,False,BFI IMAX L 31
2026-04-25T22:47:13Z,L,30,sold,False,BFI IMAX L 30
2026-04-25T22:47:13Z,L,29,sold,False,BFI IMAX L 29
2026-04-25T22:47:13Z,L,28,sold,False,BFI IMAX L 28
2026-04-25T22:47:13Z,L,27,sold,False,BFI IMAX L 27
2026-04-25T22:47:13Z,L,26,sold,False,BFI IMAX L 26
2026-04-25T22:47:13Z,L,8,sold,False,BFI IMAX L 8
2026-04-25T22:47:13Z,L,7,sold,False,BFI IMAX L 7
2026-04-25T22:47:13Z,L,6,sold,False,BFI IMAX L 6
2026-04-25T22:47:13Z,L,5,sold,False,BFI IMAX L 5
2026-04-25T22:47:13Z,L,4,sold,False,BFI IMAX L 4
2026-04-25T22:47:13Z,L,3,sold,False,BFI IMAX L 3
2026-04-25T22:47:13Z,L,2,sold,False,BFI IMAX L 2
2026-04-25T22:47:13Z,L,1,sold,False,BFI IMAX L 1
2026-04-25T22:47:13Z,M,34,sold,False,BFI IMAX M 34
2026-04-25T22:47:13Z,M,33,sold,False,BFI IMAX M 33
2026-04-25T22:47:13Z,M,32,sold,False,BFI IMAX M 32
2026-04-25T22:47:13Z,M,31,sold,False,BFI IMAX M 31
2026-04-25T22:47:13Z,M,30,sold,False,BFI IMAX M 30
2026-04-25T22:47:13Z,M,29,sold,False,BFI IMAX M 29
2026-04-25T22:47:13Z,M,28,sold,False,BFI IMAX M 28
2026-04-25T22:47:13Z,M,27,sold,False,BFI IMAX M 27
2026-04-25T22:47:13Z,A,11,unavailable,False,BFI IMAX A 11
2026-04-25T22:47:13Z,A,10,unavailable,False,BFI IMAX A 10
2026-04-25T22:47:13Z,M,6,sold,False,BFI IMAX M 6
2026-04-25T22:47:13Z,M,5,sold,False,BFI IMAX M 5
2026-04-25T22:47:13Z,M,4,sold,False,BFI IMAX M 4
2026-04-25T22:47:13Z,M,3,sold,False,BFI IMAX M 3
2026-04-25T22:47:13Z,M,2,sold,False,BFI IMAX M 2
2026-04-25T22:47:13Z,M,1,sold,False,BFI IMAX M 1
2026-04-25T22:47:13Z,N,34,unavailable,False,BFI IMAX N 34
2026-04-25T22:47:13Z,N,33,unavailable,False,BFI IMAX N 33
2026-04-25T22:47:13Z,N,32,unavailable,False,BFI IMAX N 32
2026-04-25T22:47:13Z,N,31,unavailable,False,BFI IMAX N 31
2026-04-25T22:47:13Z,N,30,unavailable,False,BFI IMAX N 30
2026-04-25T22:47:13Z,N,29,unavailable,False,BFI IMAX N 29
2026-04-25T22:47:13Z,N,28,unavailable,False,BFI IMAX N 28
2026-04-25T22:47:13Z,N,27,unavailable,False,BFI IMAX N 27
2026-04-25T22:47:13Z,N,8,sold,False,BFI IMAX N 8
2026-04-25T22:47:13Z,N,7,sold,False,BFI IMAX N 7
2026-04-25T22:47:13Z,N,6,sold,False,BFI IMAX N 6
2026-04-25T22:47:13Z,N,5,sold,False,BFI IMAX N 5
2026-04-25T22:47:13Z,N,4,sold,False,BFI IMAX N 4
2026-04-25T22:47:13Z,N,3,sold,False,BFI IMAX N 3
2026-04-25T22:47:13Z,N,2,sold,False,BFI IMAX N 2
2026-04-25T22:47:13Z,N,1,sold,False,BFI IMAX N 1
2026-04-25T22:47:13Z,P,31,sold,False,BFI IMAX P 31
2026-04-25T22:47:13Z,A,9,unavailable,False,BFI IMAX A 9
2026-04-25T22:47:13Z,A,8,unavailable,False,BFI IMAX A 8
2026-04-25T22:47:13Z,P,26,unavailable,False,BFI IMAX P 26
2026-04-25T22:47:13Z,P,6,sold,False,BFI IMAX P 6
2026-04-25T22:47:13Z,A,7,unavailable,False,BFI IMAX A 7
2026-04-25T22:47:13Z,A,6,unavailable,False,BFI IMAX A 6
2026-04-25T22:47:13Z,P,1,sold,False,BFI IMAX P 1
2026-04-25T22:47:13Z,M,11,sold,False,BFI IMAX M 11
2026-04-25T22:47:13Z,M,10,sold,False,BFI IMAX M 10
2026-04-25T22:47:13Z,M,9,sold,False,BFI IMAX M 9
2026-04-25T22:47:13Z,L,9,sold,False,BFI IMAX L 9
2026-04-25T22:47:13Z,L,25,sold,False,BFI IMAX L 25
2026-04-25T22:47:13Z,L,24,sold,False,BFI IMAX L 24
2026-04-25T22:47:13Z,L,23,sold,False,BFI IMAX L 23
2026-04-25T22:47:13Z,L,22,sold,False,BFI IMAX L 22
2026-04-25T22:47:13Z,L,21,sold,False,BFI IMAX L 21
2026-04-25T22:47:13Z,L,20,sold,False,BFI IMAX L 20
2026-04-25T22:47:13Z,L,19,sold,False,BFI IMAX L 19
2026-04-25T22:47:13Z,L,18,sold,False,BFI IMAX L 18
2026-04-25T22:47:13Z,L,17,sold,False,BFI IMAX L 17
2026-04-25T22:47:13Z,L,16,sold,False,BFI IMAX L 16
2026-04-25T22:47:13Z,L,15,sold,False,BFI IMAX L 15
2026-04-25T22:47:13Z,L,14,sold,False,BFI IMAX L 14
2026-04-25T22:47:13Z,L,13,sold,False,BFI IMAX L 13
2026-04-25T22:47:13Z,L,12,sold,False,BFI IMAX L 12
2026-04-25T22:47:13Z,L,11,sold,False,BFI IMAX L 11
2026-04-25T22:47:13Z,N,26,unavailable,False,BFI IMAX N 26
2026-04-25T22:47:13Z,N,25,unavailable,False,BFI IMAX N 25
2026-04-25T22:47:13Z,N,24,unavailable,False,BFI IMAX N 24
2026-04-25T22:47:13Z,N,23,unavailable,False,BFI IMAX N 23
2026-04-25T22:47:13Z,N,22,sold,False,BFI IMAX N 22
2026-04-25T22:47:13Z,N,21,sold,False,BFI IMAX N 21
2026-04-25T22:47:13Z,N,20,sold,False,BFI IMAX N 20
2026-04-25T22:47:13Z,N,19,sold,False,BFI IMAX N 19
2026-04-25T22:47:13Z,N,18,sold,False,BFI IMAX N 18
2026-04-25T22:47:13Z,N,17,sold,False,BFI IMAX N 17
2026-04-25T22:47:13Z,N,16,sold,False,BFI IMAX N 16
2026-04-25T22:47:13Z,N,15,sold,False,BFI IMAX N 15
2026-04-25T22:47:13Z,N,14,sold,False,BFI IMAX N 14
2026-04-25T22:47:13Z,N,13,sold,False,BFI IMAX N 13
2026-04-25T22:47:13Z,N,12,unavailable,False,BFI IMAX N 12
2026-04-25T22:47:13Z,N,11,unavailable,False,BFI IMAX N 11
2026-04-25T22:47:13Z,N,10,unavailable,False,BFI IMAX N 10
2026-04-25T22:47:13Z,N,9,unavailable,False,BFI IMAX N 9
2026-04-25T22:47:13Z,L,10,sold,False,BFI IMAX L 10
2026-04-25T22:47:13Z,M,26,sold,False,BFI IMAX M 26
2026-04-25T22:47:13Z,M,25,sold,False,BFI IMAX M 25
2026-04-25T22:47:13Z,M,24,sold,False,BFI IMAX M 24
2026-04-25T22:47:13Z,M,23,sold,False,BFI IMAX M 23
2026-04-25T22:47:13Z,M,22,sold,False,BFI IMAX M 22
2026-04-25T22:47:13Z,M,21,sold,False,BFI IMAX M 21
2026-04-25T22:47:13Z,M,20,sold,False,BFI IMAX M 20
2026-04-25T22:47:13Z,M,19,sold,False,BFI IMAX M 19
2026-04-25T22:47:13Z,M,18,sold,False,BFI IMAX M 18
2026-04-25T22:47:13Z,M,17,sold,False,BFI IMAX M 17
2026-04-25T22:47:13Z,M,16,sold,False,BFI IMAX M 16
2026-04-25T22:47:13Z,M,15,sold,False,BFI IMAX M 15
2026-04-25T22:47:13Z,M,14,sold,False,BFI IMAX M 14
2026-04-25T22:47:13Z,M,13,sold,False,BFI IMAX M 13
2026-04-25T22:47:13Z,M,12,sold,False,BFI IMAX M 12
2026-04-25T22:47:13Z,P,30,sold,True,BFI IMAX P 30
2026-04-25T22:47:13Z,P,27,sold,True,BFI IMAX P 27
2026-04-25T22:47:13Z,P,2,sold,True,BFI IMAX P 2
2026-04-25T22:47:13Z,P,5,sold,True,BFI IMAX P 5
2026-04-25T22:47:13Z,P,19,sold,False,BFI IMAX P 19
2026-04-25T22:47:13Z,P,18,sold,False,BFI IMAX P 18
2026-04-25T22:47:13Z,P,17,sold,False,BFI IMAX P 17
2026-04-25T22:47:13Z,P,16,sold,False,BFI IMAX P 16
2026-04-25T22:47:13Z,P,15,sold,False,BFI IMAX P 15
2026-04-25T22:47:13Z,P,14,sold,False,BFI IMAX P 14
2026-04-25T22:47:13Z,P,13,sold,False,BFI IMAX P 13
2026-04-25T22:47:13Z,P,12,sold,False,BFI IMAX P 12
2026-04-25T22:47:13Z,P,11,sold,False,BFI IMAX P 11
2026-04-25T22:47:13Z,P,10,sold,False,BFI IMAX P 10
2026-04-25T22:47:13Z,P,9,sold,False,BFI IMAX P 9
2026-04-25T22:47:13Z,P,8,sold,False,BFI IMAX P 8
2026-04-25T22:47:13Z,P,7,sold,False,BFI IMAX P 7
2026-04-25T22:47:13Z,P,25,sold,False,BFI IMAX P 25
2026-04-25T22:47:13Z,P,24,sold,False,BFI IMAX P 24
2026-04-25T22:47:13Z,P,23,sold,False,BFI IMAX P 23
2026-04-25T22:47:13Z,P,22,sold,False,BFI IMAX P 22
2026-04-25T22:47:13Z,P,21,sold,False,BFI IMAX P 21
2026-04-25T22:47:13Z,P,20,sold,False,BFI IMAX P 20
2026-04-25T22:47:13Z,Q,18,sold,False,BFI IMAX Q 18
2026-04-25T22:47:13Z,Q,17,sold,False,BFI IMAX Q 17
2026-04-25T22:47:13Z,Q,16,sold,False,BFI IMAX Q 16
2026-04-25T22:47:13Z,Q,15,sold,False,BFI IMAX Q 15
2026-04-25T22:47:13Z,Q,14,sold,False,BFI IMAX Q 14
2026-04-25T22:47:13Z,Q,13,sold,False,BFI IMAX Q 13
2026-04-25T22:47:13Z,Q,12,sold,False,BFI IMAX Q 12
2026-04-25T22:47:13Z,Q,11,sold,False,BFI IMAX Q 11
2026-04-25T22:47:13Z,Q,10,sold,False,BFI IMAX Q 10
2026-04-25T22:47:13Z,Q,9,sold,False,BFI IMAX Q 9
2026-04-25T22:47:13Z,Q,8,sold,False,BFI IMAX Q 8
2026-04-25T22:47:13Z,Q,7,sold,False,BFI IMAX Q 7
2026-04-25T22:47:13Z,Q,6,sold,False,BFI IMAX Q 6
2026-04-25T22:47:13Z,Q,5,sold,False,BFI IMAX Q 5
2026-04-25T22:47:13Z,Q,4,sold,False,BFI IMAX Q 4
2026-04-25T22:47:13Z,Q,3,sold,False,BFI IMAX Q 3
2026-04-25T22:47:13Z,Q,2,sold,False,BFI IMAX Q 2
2026-04-25T22:47:13Z,Q,1,sold,False,BFI IMAX Q 1
2026-04-27T11:15:47Z,K,27,sold,False,BFI IMAX K 27
2026-04-27T11:15:47Z,K,26,sold,False,BFI IMAX K 26
2026-04-27T11:15:47Z,M,8,sold,False,BFI IMAX M 8
2026-04-27T11:15:47Z,M,7,sold,False,BFI IMAX M 7
2026-04-27T11:15:47Z,P,29,sold,True,BFI IMAX P 29
2026-04-27T11:15:47Z,P,28,sold,True,BFI IMAX P 28
2026-04-27T11:15:47Z,P,4,sold,True,BFI IMAX P 4
2026-04-27T11:15:47Z,P,3,sold,True,BFI IMAX P 3
2026-04-27T11:15:47Z,A,5,unavailable,False,BFI IMAX A 5
2026-04-27T11:15:47Z,A,4,unavailable,False,BFI IMAX A 4
2026-04-27T11:15:47Z,A,3,unavailable,False,BFI IMAX A 3
2026-04-27T11:15:47Z,A,2,unavailable,False,BFI IMAX A 2
2026-04-27T11:15:47Z,A,1,unavailable,False,BFI IMAX A 1
2026-04-27T11:15:47Z,B,36,unavailable,False,BFI IMAX B 36
2026-04-27T11:15:47Z,B,35,unavailable,False,BFI IMAX B 35
2026-04-27T11:15:47Z,B,34,unavailable,False,BFI IMAX B 34
2026-04-27T11:15:47Z,B,33,unavailable,False,BFI IMAX B 33
2026-04-27T11:15:47Z,B,32,unavailable,False,BFI IMAX B 32
2026-04-27T11:15:47Z,B,31,unavailable,False,BFI IMAX B 31
2026-04-27T11:15:47Z,B,30,unavailable,False,BFI IMAX B 30
2026-04-27T11:15:47Z,B,29,unavailable,False,BFI IMAX B 29
2026-04-27T11:15:47Z,B,28,unavailable,False,BFI IMAX B 28
2026-04-27T11:15:47Z,B,27,unavailable,False,BFI IMAX B 27
2026-04-27T11:15:47Z,B,26,unavailable,False,BFI IMAX B 26
2026-04-27T11:15:47Z,B,25,unavailable,False,BFI IMAX B 25
2026-04-27T11:15:47Z,B,24,unavailable,False,BFI IMAX B 24
2026-04-27T11:15:47Z,B,23,unavailable,False,BFI IMAX B 23
2026-04-27T11:15:47Z,B,22,unavailable,False,BFI IMAX B 22
2026-04-27T11:15:47Z,B,21,sold,False,BFI IMAX B 21
2026-04-27T11:15:47Z,B,20,sold,False,BFI IMAX B 20
2026-04-27T11:15:47Z,B,19,sold,False,BFI IMAX B 19
2026-04-27T11:15:47Z,B,18,sold,False,BFI IMAX B 18
2026-04-27T11:15:47Z,B,17,sold,False,BFI IMAX B 17
2026-04-27T11:15:47Z,B,16,sold,False,BFI IMAX B 16
2026-04-27T11:15:47Z,B,15,sold,False,BFI IMAX B 15
2026-04-27T11:15:47Z,B,14,sold,False,BFI IMAX B 14
2026-04-27T11:15:47Z,B,13,unavailable,False,BFI IMAX B 13
2026-04-27T11:15:47Z,B,12,unavailable,False,BFI IMAX B 12
2026-04-27T11:15:47Z,B,11,unavailable,False,BFI IMAX B 11
2026-04-27T11:15:47Z,B,10,unavailable,False,BFI IMAX B 10
2026-04-27T11:15:47Z,B,9,unavailable,False,BFI IMAX B 9
2026-04-27T11:15:47Z,B,8,unavailable,False,BFI IMAX B 8
2026-04-27T11:15:47Z,B,7,unavailable,False,BFI IMAX B 7
2026-04-27T11:15:47Z,B,6,unavailable,False,BFI IMAX B 6
2026-04-27T11:15:47Z,B,5,unavailable,False,BFI IMAX B 5
2026-04-27T11:15:47Z,B,4,unavailable,False,BFI IMAX B 4
2026-04-27T11:15:47Z,B,3,unavailable,False,BFI IMAX B 3
2026-04-27T11:15:47Z,B,2,unavailable,False,BFI IMAX B 2
2026-04-27T11:15:47Z,B,1,unavailable,False,BFI IMAX B 1
2026-04-27T11:15:47Z,C,36,sold,False,BFI IMAX C 36
2026-04-27T11:15:47Z,C,35,sold,False,BFI IMAX C 35
2026-04-27T11:15:47Z,C,34,sold,False,BFI IMAX C 34
2026-04-27T11:15:47Z,C,33,sold,False,BFI IMAX C 33
2026-04-27T11:15:47Z,C,32,sold,False,BFI IMAX C 32
2026-04-27T11:15:47Z,C,31,sold,False,BFI IMAX C 31
2026-04-27T11:15:47Z,C,30,sold,False,BFI IMAX C 30
2026-04-27T11:15:47Z,C,29,sold,False,BFI IMAX C 29
2026-04-27T11:15:47Z,C,28,sold,False,BFI IMAX C 28
2026-04-27T11:15:47Z,C,27,sold,False,BFI IMAX C 27
2026-04-27T11:15:47Z,C,26,sold,False,BFI IMAX C 26
2026-04-27T11:15:47Z,C,25,unavailable,False,BFI IMAX C 25
2026-04-27T11:15:47Z,C,24,unavailable,False,BFI IMAX C 24
2026-04-27T11:15:47Z,C,23,unavailable,False,BFI IMAX C 23
2026-04-27T11:15:47Z,C,22,sold,False,BFI IMAX C 22
2026-04-27T11:15:47Z,C,21,sold,False,BFI IMAX C 21
2026-04-27T11:15:47Z,C,20,sold,False,BFI IMAX C 20
2026-04-27T11:15:47Z,C,19,sold,False,BFI IMAX C 19
2026-04-27T11:15:47Z,C,18,sold,False,BFI IMAX C 18
2026-04-27T11:15:47Z,C,17,sold,False,BFI IMAX C 17
2026-04-27T11:15:47Z,C,16,sold,False,BFI IMAX C 16
2026-04-27T11:15:47Z,C,15,sold,False,BFI IMAX C 15
2026-04-27T11:15:47Z,C,14,sold,False,BFI IMAX C 14
2026-04-27T11:15:47Z,C,13,sold,False,BFI IMAX C 13
2026-04-27T11:15:47Z,C,12,sold,False,BFI IMAX C 12
2026-04-27T11:15:47Z,C,11,sold,False,BFI IMAX C 11
2026-04-27T11:15:47Z,C,10,sold,False,BFI IMAX C 10
2026-04-27T11:15:47Z,C,9,sold,False,BFI IMAX C 9
2026-04-27T11:15:47Z,C,8,sold,False,BFI IMAX C 8
2026-04-27T11:15:47Z,C,7,sold,False,BFI IMAX C 7
2026-04-27T11:15:47Z,C,6,sold,False,BFI IMAX C 6
2026-04-27T11:15:47Z,C,5,sold,False,BFI IMAX C 5
2026-04-27T11:15:47Z,C,4,sold,False,BFI IMAX C 4
2026-04-27T11:15:47Z,C,3,sold,False,BFI IMAX C 3
2026-04-27T11:15:47Z,C,2,sold,False,BFI IMAX C 2
2026-04-27T11:15:47Z,C,1,sold,False,BFI IMAX C 1
2026-04-27T11:15:47Z,D,37,sold,False,BFI IMAX D 37
2026-04-27T11:15:47Z,D,36,sold,False,BFI IMAX D 36
2026-04-27T11:15:47Z,D,35,sold,False,BFI IMAX D 35
2026-04-27T11:15:47Z,D,34,sold,False,BFI IMAX D 34
2026-04-27T11:15:47Z,D,33,sold,False,BFI IMAX D 33
2026-04-27T11:15:47Z,D,32,sold,False,BFI IMAX D 32
2026-04-27T11:15:47Z,D,31,sold,False,BFI IMAX D 31
2026-04-27T11:15:47Z,D,30,sold,False,BFI IMAX D 30
2026-04-27T11:15:47Z,D,29,sold,False,BFI IMAX D 29
2026-04-27T11:15:47Z,D,28,sold,False,BFI IMAX D 28
2026-04-27T11:15:47Z,D,27,sold,False,BFI IMAX D 27
2026-04-27T11:15:47Z,D,26,sold,False,BFI IMAX D 26
2026-04-27T11:15:47Z,D,25,sold,False,BFI IMAX D 25
2026-04-27T11:15:47Z,D,24,sold,False,BFI IMAX D 24
2026-04-27T11:15:47Z,D,23,sold,False,BFI IMAX D 23
2026-04-27T11:15:47Z,D,22,sold,False,BFI IMAX D 22
2026-04-27T11:15:47Z,D,21,sold,False,BFI IMAX D 21
2026-04-27T11:15:47Z,D,20,sold,False,BFI IMAX D 20
2026-04-27T11:15:47Z,D,19,unavailable,False,BFI IMAX D 19
2026-04-27T11:15:47Z,D,18,unavailable,False,BFI IMAX D 18
2026-04-27T11:15:47Z,D,17,sold,False,BFI IMAX D 17
2026-04-27T11:15:47Z,D,16,sold,False,BFI IMAX D 16
2026-04-27T11:15:47Z,D,15,sold,False,BFI IMAX D 15
2026-04-27T11:15:47Z,D,14,sold,False,BFI IMAX D 14
2026-04-27T11:15:47Z,D,13,sold,False,BFI IMAX D 13
2026-04-27T11:15:47Z,D,12,sold,False,BFI IMAX D 12
2026-04-27T11:15:47Z,D,11,sold,False,BFI IMAX D 11
2026-04-27T11:15:47Z,D,10,sold,False,BFI IMAX D 10
2026-04-27T11:15:47Z,D,9,sold,False,BFI IMAX D 9
2026-04-27T11:15:47Z,D,8,sold,False,BFI IMAX D 8
2026-04-27T11:15:47Z,D,7,sold,False,BFI IMAX D 7
2026-04-27T11:15:47Z,D,6,sold,False,BFI IMAX D 6
2026-04-27T11:15:47Z,D,5,sold,False,BFI IMAX D 5
2026-04-27T11:15:47Z,D,4,sold,False,BFI IMAX D 4
2026-04-27T11:15:47Z,D,3,sold,False,BFI IMAX D 3
2026-04-27T11:15:47Z,D,2,sold,False,BFI IMAX D 2
2026-04-27T11:15:47Z,D,1,sold,False,BFI IMAX D 1
2026-04-27T11:15:47Z,E,37,sold,False,BFI IMAX E 37
2026-04-27T11:15:47Z,E,36,sold,False,BFI IMAX E 36
2026-04-27T11:15:47Z,E,35,sold,False,BFI IMAX E 35
2026-04-27T11:15:47Z,E,34,sold,False,BFI IMAX E 34
2026-04-27T11:15:47Z,E,33,sold,False,BFI IMAX E 33
2026-04-27T11:15:47Z,E,32,sold,False,BFI IMAX E 32
2026-04-27T11:15:47Z,E,31,sold,False,BFI IMAX E 31
2026-04-27T11:15:47Z,E,30,sold,False,BFI IMAX E 30
2026-04-27T11:15:47Z,E,29,sold,False,BFI IMAX E 29
2026-04-27T11:15:47Z,E,28,sold,False,BFI IMAX E 28
2026-04-27T11:15:47Z,E,27,sold,False,BFI IMAX E 27
2026-04-27T11:15:47Z,E,26,sold,False,BFI IMAX E 26
2026-04-27T11:15:47Z,E,25,sold,False,BFI IMAX E 25
2026-04-27T11:15:47Z,E,24,sold,False,BFI IMAX E 24
2026-04-27T11:15:47Z,E,23,sold,False,BFI IMAX E 23
2026-04-27T11:15:47Z,E,22,sold,False,BFI IMAX E 22
2026-04-27T11:15:47Z,E,21,sold,False,BFI IMAX E 21
2026-04-27T11:15:47Z,E,20,sold,False,BFI IMAX E 20
2026-04-27T11:15:47Z,E,19,sold,False,BFI IMAX E 19
2026-04-27T11:15:47Z,E,18,sold,False,BFI IMAX E 18
2026-04-27T11:15:47Z,E,17,sold,False,BFI IMAX E 17
2026-04-27T11:15:47Z,E,16,sold,False,BFI IMAX E 16
2026-04-27T11:15:47Z,E,15,sold,False,BFI IMAX E 15
2026-04-27T11:15:47Z,E,14,sold,False,BFI IMAX E 14
2026-04-27T11:15:47Z,E,13,sold,False,BFI IMAX E 13
2026-04-27T11:15:47Z,E,12,sold,False,BFI IMAX E 12
2026-04-27T11:15:47Z,E,11,sold,False,BFI IMAX E 11
2026-04-27T11:15:47Z,E,10,sold,False,BFI IMAX E 10
2026-04-27T11:15:47Z,E,9,sold,False,BFI IMAX E 9
2026-04-27T11:15:47Z,E,8,sold,False,BFI IMAX E 8
2026-04-27T11:15:47Z,E,7,sold,False,BFI IMAX E 7
2026-04-27T11:15:47Z,E,6,sold,False,BFI IMAX E 6
2026-04-27T11:15:47Z,E,5,sold,False,BFI IMAX E 5
2026-04-27T11:15:47Z,E,4,sold,False,BFI IMAX E 4
2026-04-27T11:15:47Z,E,3,sold,False,BFI IMAX E 3
2026-04-27T11:15:47Z,E,2,sold,False,BFI IMAX E 2
2026-04-27T11:15:47Z,E,1,sold,False,BFI IMAX E 1
2026-04-27T11:15:47Z,F,38,sold,False,BFI IMAX F 38
2026-04-27T11:15:47Z,F,37,sold,False,BFI IMAX F 37
2026-04-27T11:15:47Z,F,36,sold,False,BFI IMAX F 36
2026-04-27T11:15:47Z,F,35,sold,False,BFI IMAX F 35
2026-04-27T11:15:47Z,F,34,sold,False,BFI IMAX F 34
2026-04-27T11:15:47Z,F,33,sold,False,BFI IMAX F 33
2026-04-27T11:15:47Z,F,32,sold,False,BFI IMAX F 32
2026-04-27T11:15:47Z,F,31,sold,False,BFI IMAX F 31
2026-04-27T11:15:47Z,F,30,sold,False,BFI IMAX F 30
2026-04-27T11:15:47Z,F,29,sold,False,BFI IMAX F 29
2026-04-27T11:15:47Z,F,28,sold,False,BFI IMAX F 28
2026-04-27T11:15:47Z,F,27,sold,False,BFI IMAX F 27
2026-04-27T11:15:47Z,F,26,sold,False,BFI IMAX F 26
2026-04-27T11:15:47Z,F,25,sold,False,BFI IMAX F 25
2026-04-27T11:15:47Z,F,24,sold,False,BFI IMAX F 24
2026-04-27T11:15:47Z,F,23,sold,False,BFI IMAX F 23
2026-04-27T11:15:47Z,F,22,sold,False,BFI IMAX F 22
2026-04-27T11:15:47Z,F,21,sold,False,BFI IMAX F 21
2026-04-27T11:15:47Z,F,20,sold,False,BFI IMAX F 20
2026-04-27T11:15:47Z,F,19,sold,False,BFI IMAX F 19
2026-04-27T11:15:47Z,F,18,sold,False,BFI IMAX F 18
2026-04-27T11:15:47Z,F,17,sold,False,BFI IMAX F 17
2026-04-27T11:15:47Z,F,16,sold,False,BFI IMAX F 16
2026-04-27T11:15:47Z,F,15,sold,False,BFI IMAX F 15
2026-04-27T11:15:47Z,F,14,sold,False,BFI IMAX F 14
2026-04-27T11:15:47Z,F,13,sold,False,BFI IMAX F 13
2026-04-27T11:15:47Z,F,12,sold,False,BFI IMAX F 12
2026-04-27T11:15:47Z,F,11,sold,False,BFI IMAX F 11
2026-04-27T11:15:47Z,F,10,sold,False,BFI IMAX F 10
2026-04-27T11:15:47Z,F,9,sold,False,BFI IMAX F 9
2026-04-27T11:15:47Z,F,8,sold,False,BFI IMAX F 8
2026-04-27T11:15:47Z,F,7,sold,False,BFI IMAX F 7
2026-04-27T11:15:47Z,F,6,sold,False,BFI IMAX F 6
2026-04-27T11:15:47Z,F,5,sold,False,BFI IMAX F 5
2026-04-27T11:15:47Z,F,4,sold,False,BFI IMAX F 4
2026-04-27T11:15:47Z,F,3,sold,False,BFI IMAX F 3
2026-04-27T11:15:47Z,F,2,sold,False,BFI IMAX F 2
2026-04-27T11:15:47Z,F,1,sold,False,BFI IMAX F 1
2026-04-27T11:15:47Z,G,37,sold,False,BFI IMAX G 37
2026-04-27T11:15:47Z,G,36,sold,False,BFI IMAX G 36
2026-04-27T11:15:47Z,G,35,sold,False,BFI IMAX G 35
2026-04-27T11:15:47Z,G,34,sold,False,BFI IMAX G 34
2026-04-27T11:15:47Z,G,33,sold,False,BFI IMAX G 33
2026-04-27T11:15:47Z,G,32,sold,False,BFI IMAX G 32
2026-04-27T11:15:47Z,G,31,sold,False,BFI IMAX G 31
2026-04-27T11:15:47Z,G,30,sold,False,BFI IMAX G 30
2026-04-27T11:15:47Z,G,29,sold,False,BFI IMAX G 29
2026-04-27T11:15:47Z,G,28,sold,False,BFI IMAX G 28
2026-04-27T11:15:47Z,G,27,sold,False,BFI IMAX G 27
2026-04-27T11:15:47Z,G,26,sold,False,BFI IMAX G 26
2026-04-27T11:15:47Z,G,25,sold,False,BFI IMAX G 25
2026-04-27T11:15:47Z,G,24,sold,False,BFI IMAX G 24
2026-04-27T11:15:47Z,G,23,sold,False,BFI IMAX G 23
2026-04-27T11:15:47Z,G,22,sold,False,BFI IMAX G 22
2026-04-27T11:15:47Z,G,21,sold,False,BFI IMAX G 21
2026-04-27T11:15:47Z,G,20,sold,False,BFI IMAX G 20
2026-04-27T11:15:47Z,G,19,sold,False,BFI IMAX G 19
2026-04-27T11:15:47Z,G,18,sold,False,BFI IMAX G 18
2026-04-27T11:15:47Z,G,17,sold,False,BFI IMAX G 17
2026-04-27T11:15:47Z,G,16,sold,False,BFI IMAX G 16
2026-04-27T11:15:47Z,G,15,sold,False,BFI IMAX G 15
2026-04-27T11:15:47Z,G,14,sold,False,BFI IMAX G 14
2026-04-27T11:15:47Z,G,13,sold,False,BFI IMAX G 13
2026-04-27T11:15:47Z,G,12,sold,False,BFI IMAX G 12
2026-04-27T11:15:47Z,G,11,sold,False,BFI IMAX G 11
2026-04-27T11:15:47Z,G,10,sold,False,BFI IMAX G 10
2026-04-27T11:15:47Z,G,9,sold,False,BFI IMAX G 9
2026-04-27T11:15:47Z,G,8,sold,False,BFI IMAX G 8
2026-04-27T11:15:47Z,G,7,sold,False,BFI IMAX G 7
2026-04-27T11:15:47Z,G,6,sold,False,BFI IMAX G 6
2026-04-27T11:15:47Z,G,5,sold,False,BFI IMAX G 5
2026-04-27T11:15:47Z,G,4,sold,False,BFI IMAX G 4
2026-04-27T11:15:47Z,G,3,sold,False,BFI IMAX G 3
2026-04-27T11:15:47Z,G,2,sold,False,BFI IMAX G 2
2026-04-27T11:15:47Z,G,1,sold,False,BFI IMAX G 1
2026-04-27T11:15:47Z,H,37,sold,False,BFI IMAX H 37
2026-04-27T11:15:47Z,H,36,sold,False,BFI IMAX H 36
2026-04-27T11:15:47Z,H,35,sold,False,BFI IMAX H 35
2026-04-27T11:15:47Z,H,34,sold,False,BFI IMAX H 34
2026-04-27T11:15:47Z,H,33,sold,False,BFI IMAX H 33
2026-04-27T11:15:47Z,H,32,sold,False,BFI IMAX H 32
2026-04-27T11:15:47Z,H,31,sold,False,BFI IMAX H 31
2026-04-27T11:15:47Z,H,30,sold,False,BFI IMAX H 30
2026-04-27T11:15:47Z,H,29,sold,False,BFI IMAX H 29
2026-04-27T11:15:47Z,H,28,sold,False,BFI IMAX H 28
2026-04-27T11:15:47Z,H,27,unavailable,False,BFI IMAX H 27
2026-04-27T11:15:47Z,H,26,unavailable,False,BFI IMAX H 26
2026-04-27T11:15:47Z,H,25,unavailable,False,BFI IMAX H 25
2026-04-27T11:15:47Z,H,24,unavailable,False,BFI IMAX H 24
2026-04-27T11:15:47Z,H,23,unavailable,False,BFI IMAX H 23
2026-04-27T11:15:47Z,H,22,unavailable,False,BFI IMAX H 22
2026-04-27T11:15:47Z,H,21,unavailable,False,BFI IMAX H 21
2026-04-27T11:15:47Z,H,20,unavailable,False,BFI IMAX H 20
2026-04-27T11:15:47Z,H,19,sold,False,BFI IMAX H 19
2026-04-27T11:15:47Z,H,18,sold,False,BFI IMAX H 18
2026-04-27T11:15:47Z,H,17,sold,False,BFI IMAX H 17
2026-04-27T11:15:47Z,H,16,sold,False,BFI IMAX H 16
2026-04-27T11:15:47Z,H,15,sold,False,BFI IMAX H 15
2026-04-27T11:15:47Z,H,14,sold,False,BFI IMAX H 14
2026-04-27T11:15:47Z,H,13,sold,False,BFI IMAX H 13
2026-04-27T11:15:47Z,H,12,sold,False,BFI IMAX H 12
2026-04-27T11:15:47Z,H,11,sold,False,BFI IMAX H 11
2026-04-27T11:15:47Z,H,10,sold,False,BFI IMAX H 10
2026-04-27T11:15:47Z,H,9,sold,False,BFI IMAX H 9
2026-04-27T11:15:47Z,H,8,sold,False,BFI IMAX H 8
2026-04-27T11:15:47Z,H,7,sold,False,BFI IMAX H 7
2026-04-27T11:15:47Z,H,6,sold,False,BFI IMAX H 6
2026-04-27T11:15:47Z,H,5,sold,False,BFI IMAX H 5
2026-04-27T11:15:47Z,H,4,sold,False,BFI IMAX H 4
2026-04-27T11:15:47Z,H,3,sold,False,BFI IMAX H 3
2026-04-27T11:15:47Z,H,2,sold,False,BFI IMAX H 2
2026-04-27T11:15:47Z,H,1,sold,False,BFI IMAX H 1
2026-04-27T11:15:47Z,J,36,sold,False,BFI IMAX J 36
2026-04-27T11:15:47Z,J,35,sold,False,BFI IMAX J 35
2026-04-27T11:15:47Z,J,34,sold,False,BFI IMAX J 34
2026-04-27T11:15:47Z,J,33,sold,False,BFI IMAX J 33
2026-04-27T11:15:47Z,J,32,sold,False,BFI IMAX J 32
2026-04-27T11:15:47Z,J,31,sold,False,BFI IMAX J 31
2026-04-27T11:15:47Z,J,30,sold,False,BFI IMAX J 30
2026-04-27T11:15:47Z,J,29,sold,False,BFI IMAX J 29
2026-04-27T11:15:47Z,J,28,sold,False,BFI IMAX J 28
2026-04-27T11:15:47Z,J,27,available,False,BFI IMAX J 27
2026-04-27T11:15:47Z,J,26,available,False,BFI IMAX J 26
2026-04-27T11:15:47Z,J,25,unavailable,False,BFI IMAX J 25
2026-04-27T11:15:47Z,J,24,unavailable,False,BFI IMAX J 24
2026-04-27T11:15:47Z,J,23,sold,False,BFI IMAX J 23
2026-04-27T11:15:47Z,J,22,sold,False,BFI IMAX J 22
2026-04-27T11:15:47Z,J,21,sold,False,BFI IMAX J 21
2026-04-27T11:15:47Z,J,20,sold,False,BFI IMAX J 20
2026-04-27T11:15:47Z,J,19,unavailable,False,BFI IMAX J 19
2026-04-27T11:15:47Z,J,18,unavailable,False,BFI IMAX J 18
2026-04-27T11:15:47Z,J,17,unavailable,False,BFI IMAX J 17
2026-04-27T11:15:47Z,J,16,unavailable,False,BFI IMAX J 16
2026-04-27T11:15:47Z,J,15,unavailable,False,BFI IMAX J 15
2026-04-27T11:15:47Z,J,14,unavailable,False,BFI IMAX J 14
2026-04-27T11:15:47Z,J,13,unavailable,False,BFI IMAX J 13
2026-04-27T11:15:47Z,J,12,unavailable,False,BFI IMAX J 12
2026-04-27T11:15:47Z,J,11,unavailable,False,BFI IMAX J 11
2026-04-27T11:15:47Z,J,10,unavailable,False,BFI IMAX J 10
2026-04-27T11:15:47Z,J,9,sold,False,BFI IMAX J 9
2026-04-27T11:15:47Z,J,8,sold,False,BFI IMAX J 8
2026-04-27T11:15:47Z,J,7,sold,False,BFI IMAX J 7
2026-04-27T11:15:47Z,J,6,sold,False,BFI IMAX J 6
2026-04-27T11:15:47Z,J,5,sold,False,BFI IMAX J 5
2026-04-27T11:15:47Z,J,4,sold,False,BFI IMAX J 4
2026-04-27T11:15:47Z,J,3,sold,False,BFI IMAX J 3
2026-04-27T11:15:47Z,J,2,sold,False,BFI IMAX J 2
2026-04-27T11:15:47Z,J,1,sold,False,BFI IMAX J 1
2026-04-27T11:15:47Z,K,36,sold,False,BFI IMAX K 36
2026-04-27T11:15:47Z,K,35,sold,False,BFI IMAX K 35
2026-04-27T11:15:47Z,K,34,sold,False,BFI IMAX K 34
2026-04-27T11:15:47Z,K,33,sold,False,BFI IMAX K 33
2026-04-27T11:15:47Z,K,32,sold,False,BFI IMAX K 32
2026-04-27T11:15:47Z,K,31,sold,False,BFI IMAX K 31
2026-04-27T11:15:47Z,K,30,sold,False,BFI IMAX K 30
2026-04-27T11:15:47Z,K,29,sold,False,BFI IMAX K 29
2026-04-27T11:15:47Z,K,28,sold,False,BFI IMAX K 28
2026-04-27T11:15:47Z,A,13,unavailable,False,BFI IMAX A 13
2026-04-27T11:15:47Z,A,12,unavailable,False,BFI IMAX A 12
2026-04-27T11:15:47Z,K,25,sold,False,BFI IMAX K 25
2026-04-27T11:15:47Z,K,24,sold,False,BFI IMAX K 24
2026-04-27T11:15:47Z,K,23,sold,False,BFI IMAX K 23
2026-04-27T11:15:47Z,K,22,sold,False,BFI IMAX K 22
2026-04-27T11:15:47Z,K,21,sold,False,BFI IMAX K 21
2026-04-27T11:15:47Z,K,20,sold,False,BFI IMAX K 20
2026-04-27T11:15:47Z,K,19,unavailable,False,BFI IMAX K 19
2026-04-27T11:15:47Z,K,18,unavailable,False,BFI IMAX K 18
2026-04-27T11:15:47Z,K,17,unavailable,False,BFI IMAX K 17
2026-04-27T11:15:47Z,K,16,unavailable,False,BFI IMAX K 16
2026-04-27T11:15:47Z,K,15,unavailable,False,BFI IMAX K 15
2026-04-27T11:15:47Z,K,14,unavailable,False,BFI IMAX K 14
2026-04-27T11:15:47Z,K,13,unavailable,False,BFI IMAX K 13
2026-04-27T11:15:47Z,K,12,unavailable,False,BFI IMAX K 12
2026-04-27T11:15:47Z,K,11,unavailable,False,BFI IMAX K 11
2026-04-27T11:15:47Z,K,10,unavailable,False,BFI IMAX K 10
2026-04-27T11:15:47Z,K,9,sold,False,BFI IMAX K 9
2026-04-27T11:15:47Z,K,8,sold,False,BFI IMAX K 8
2026-04-27T11:15:47Z,K,7,sold,False,BFI IMAX K 7
2026-04-27T11:15:47Z,K,6,sold,False,BFI IMAX K 6
2026-04-27T11:15:47Z,K,5,sold,False,BFI IMAX K 5
2026-04-27T11:15:47Z,K,4,sold,False,BFI IMAX K 4
2026-04-27T11:15:47Z,K,3,sold,False,BFI IMAX K 3
2026-04-27T11:15:47Z,K,2,sold,False,BFI IMAX K 2
2026-04-27T11:15:47Z,K,1,sold,False,BFI IMAX K 1
2026-04-27T11:15:47Z,L,33,sold,False,BFI IMAX L 33
2026-04-27T11:15:47Z,L,32,sold,False,BFI IMAX L 32
2026-04-27T11:15:47Z,L,31,sold,False,BFI IMAX L 31
2026-04-27T11:15:47Z,L,30,sold,False,BFI IMAX L 30
2026-04-27T11:15:47Z,L,29,sold,False,BFI IMAX L 29
2026-04-27T11:15:47Z,L,28,sold,False,BFI IMAX L 28
2026-04-27T11:15:47Z,L,27,sold,False,BFI IMAX L 27
2026-04-27T11:15:47Z,L,26,sold,False,BFI IMAX L 26
2026-04-27T11:15:47Z,L,8,sold,False,BFI IMAX L 8
2026-04-27T11:15:47Z,L,7,sold,False,BFI IMAX L 7
2026-04-27T11:15:47Z,L,6,sold,False,BFI IMAX L 6
2026-04-27T11:15:47Z,L,5,sold,False,BFI IMAX L 5
2026-04-27T11:15:47Z,L,4,sold,False,BFI IMAX L 4
2026-04-27T11:15:47Z,L,3,sold,False,BFI IMAX L 3
2026-04-27T11:15:47Z,L,2,sold,False,BFI IMAX L 2
2026-04-27T11:15:47Z,L,1,sold,False,BFI IMAX L 1
2026-04-27T11:15:47Z,M,34,sold,False,BFI IMAX M 34
2026-04-27T11:15:47Z,M,33,sold,False,BFI IMAX M 33
2026-04-27T11:15:47Z,M,32,sold,False,BFI IMAX M 32
2026-04-27T11:15:47Z,M,31,sold,False,BFI IMAX M 31
2026-04-27T11:15:47Z,M,30,sold,False,BFI IMAX M 30
2026-04-27T11:15:47Z,M,29,sold,False,BFI IMAX M 29
2026-04-27T11:15:47Z,M,28,sold,False,BFI IMAX M 28
2026-04-27T11:15:47Z,M,27,sold,False,BFI IMAX M 27
2026-04-27T11:15:47Z,A,11,unavailable,False,BFI IMAX A 11
2026-04-27T11:15:47Z,A,10,unavailable,False,BFI IMAX A 10
2026-04-27T11:15:47Z,M,6,sold,False,BFI IMAX M 6
2026-04-27T11:15:47Z,M,5,sold,False,BFI IMAX M 5
2026-04-27T11:15:47Z,M,4,sold,False,BFI IMAX M 4
2026-04-27T11:15:47Z,M,3,sold,False,BFI IMAX M 3
2026-04-27T11:15:47Z,M,2,sold,False,BFI IMAX M 2
2026-04-27T11:15:47Z,M,1,sold,False,BFI IMAX M 1
2026-04-27T11:15:47Z,N,34,unavailable,False,BFI IMAX N 34
2026-04-27T11:15:47Z,N,33,unavailable,False,BFI IMAX N 33
2026-04-27T11:15:47Z,N,32,unavailable,False,BFI IMAX N 32
2026-04-27T11:15:47Z,N,31,unavailable,False,BFI IMAX N 31
2026-04-27T11:15:47Z,N,30,unavailable,False,BFI IMAX N 30
2026-04-27T11:15:47Z,N,29,unavailable,False,BFI IMAX N 29
2026-04-27T11:15:47Z,N,28,unavailable,False,BFI IMAX N 28
2026-04-27T11:15:47Z,N,27,unavailable,False,BFI IMAX N 27
2026-04-27T11:15:47Z,N,8,sold,False,BFI IMAX N 8
2026-04-27T11:15:47Z,N,7,sold,False,BFI IMAX N 7
2026-04-27T11:15:47Z,N,6,sold,False,BFI IMAX N 6
2026-04-27T11:15:47Z,N,5,sold,False,BFI IMAX N 5
2026-04-27T11:15:47Z,N,4,sold,False,BFI IMAX N 4
2026-04-27T11:15:47Z,N,3,sold,False,BFI IMAX N 3
2026-04-27T11:15:47Z,N,2,sold,False,BFI IMAX N 2
2026-04-27T11:15:47Z,N,1,sold,False,BFI IMAX N 1
2026-04-27T11:15:47Z,P,31,sold,False,BFI IMAX P 31
2026-04-27T11:15:47Z,A,9,unavailable,False,BFI IMAX A 9
2026-04-27T11:15:47Z,A,8,unavailable,False,BFI IMAX A 8
2026-04-27T11:15:47Z,P,26,unavailable,False,BFI IMAX P 26
2026-04-27T11:15:47Z,P,6,sold,False,BFI IMAX P 6
2026-04-27T11:15:47Z,A,7,unavailable,False,BFI IMAX A 7
2026-04-27T11:15:47Z,A,6,unavailable,False,BFI IMAX A 6
2026-04-27T11:15:47Z,P,1,sold,False,BFI IMAX P 1
2026-04-27T11:15:47Z,M,11,sold,False,BFI IMAX M 11
2026-04-27T11:15:47Z,M,10,sold,False,BFI IMAX M 10
2026-04-27T11:15:47Z,M,9,sold,False,BFI IMAX M 9
2026-04-27T11:15:47Z,L,9,sold,False,BFI IMAX L 9
2026-04-27T11:15:47Z,L,25,sold,False,BFI IMAX L 25
2026-04-27T11:15:47Z,L,24,sold,False,BFI IMAX L 24
2026-04-27T11:15:47Z,L,23,sold,False,BFI IMAX L 23
2026-04-27T11:15:47Z,L,22,sold,False,BFI IMAX L 22
2026-04-27T11:15:47Z,L,21,sold,False,BFI IMAX L 21
2026-04-27T11:15:47Z,L,20,sold,False,BFI IMAX L 20
2026-04-27T11:15:47Z,L,19,sold,False,BFI IMAX L 19
2026-04-27T11:15:47Z,L,18,sold,False,BFI IMAX L 18
2026-04-27T11:15:47Z,L,17,sold,False,BFI IMAX L 17
2026-04-27T11:15:47Z,L,16,sold,False,BFI IMAX L 16
2026-04-27T11:15:47Z,L,15,sold,False,BFI IMAX L 15
2026-04-27T11:15:47Z,L,14,sold,False,BFI IMAX L 14
2026-04-27T11:15:47Z,L,13,sold,False,BFI IMAX L 13
2026-04-27T11:15:47Z,L,12,sold,False,BFI IMAX L 12
2026-04-27T11:15:47Z,L,11,sold,False,BFI IMAX L 11
2026-04-27T11:15:47Z,N,26,unavailable,False,BFI IMAX N 26
2026-04-27T11:15:47Z,N,25,unavailable,False,BFI IMAX N 25
2026-04-27T11:15:47Z,N,24,unavailable,False,BFI IMAX N 24
2026-04-27T11:15:47Z,N,23,unavailable,False,BFI IMAX N 23
2026-04-27T11:15:47Z,N,22,sold,False,BFI IMAX N 22
2026-04-27T11:15:47Z,N,21,sold,False,BFI IMAX N 21
2026-04-27T11:15:47Z,N,20,sold,False,BFI IMAX N 20
2026-04-27T11:15:47Z,N,19,sold,False,BFI IMAX N 19
2026-04-27T11:15:47Z,N,18,sold,False,BFI IMAX N 18
2026-04-27T11:15:47Z,N,17,sold,False,BFI IMAX N 17
2026-04-27T11:15:47Z,N,16,sold,False,BFI IMAX N 16
2026-04-27T11:15:47Z,N,15,sold,False,BFI IMAX N 15
2026-04-27T11:15:47Z,N,14,sold,False,BFI IMAX N 14
2026-04-27T11:15:47Z,N,13,sold,False,BFI IMAX N 13
2026-04-27T11:15:47Z,N,12,unavailable,False,BFI IMAX N 12
2026-04-27T11:15:47Z,N,11,unavailable,False,BFI IMAX N 11
2026-04-27T11:15:47Z,N,10,unavailable,False,BFI IMAX N 10
2026-04-27T11:15:47Z,N,9,unavailable,False,BFI IMAX N 9
2026-04-27T11:15:47Z,L,10,sold,False,BFI IMAX L 10
2026-04-27T11:15:47Z,M,26,sold,False,BFI IMAX M 26
2026-04-27T11:15:47Z,M,25,sold,False,BFI IMAX M 25
2026-04-27T11:15:47Z,M,24,sold,False,BFI IMAX M 24
2026-04-27T11:15:47Z,M,23,sold,False,BFI IMAX M 23
2026-04-27T11:15:47Z,M,22,sold,False,BFI IMAX M 22
2026-04-27T11:15:47Z,M,21,sold,False,BFI IMAX M 21
2026-04-27T11:15:47Z,M,20,sold,False,BFI IMAX M 20
2026-04-27T11:15:47Z,M,19,sold,False,BFI IMAX M 19
2026-04-27T11:15:47Z,M,18,sold,False,BFI IMAX M 18
2026-04-27T11:15:47Z,M,17,sold,False,BFI IMAX M 17
2026-04-27T11:15:47Z,M,16,sold,False,BFI IMAX M 16
2026-04-27T11:15:47Z,M,15,sold,False,BFI IMAX M 15
2026-04-27T11:15:47Z,M,14,sold,False,BFI IMAX M 14
2026-04-27T11:15:47Z,M,13,sold,False,BFI IMAX M 13
2026-04-27T11:15:47Z,M,12,sold,False,BFI IMAX M 12
2026-04-27T11:15:47Z,P,30,sold,True,BFI IMAX P 30
2026-04-27T11:15:47Z,P,27,sold,True,BFI IMAX P 27
2026-04-27T11:15:47Z,P,2,sold,True,BFI IMAX P 2
2026-04-27T11:15:47Z,P,5,sold,True,BFI IMAX P 5
2026-04-27T11:15:47Z,P,19,sold,False,BFI IMAX P 19
2026-04-27T11:15:47Z,P,18,sold,False,BFI IMAX P 18
2026-04-27T11:15:47Z,P,17,sold,False,BFI IMAX P 17
2026-04-27T11:15:47Z,P,16,sold,False,BFI IMAX P 16
2026-04-27T11:15:47Z,P,15,sold,False,BFI IMAX P 15
2026-04-27T11:15:47Z,P,14,sold,False,BFI IMAX P 14
2026-04-27T11:15:47Z,P,13,sold,False,BFI IMAX P 13
2026-04-27T11:15:47Z,P,12,sold,False,BFI IMAX P 12
2026-04-27T11:15:47Z,P,11,sold,False,BFI IMAX P 11
2026-04-27T11:15:47Z,P,10,sold,False,BFI IMAX P 10
2026-04-27T11:15:47Z,P,9,sold,False,BFI IMAX P 9
2026-04-27T11:15:47Z,P,8,sold,False,BFI IMAX P 8
2026-04-27T11:15:47Z,P,7,sold,False,BFI IMAX P 7
2026-04-27T11:15:47Z,P,25,sold,False,BFI IMAX P 25
2026-04-27T11:15:47Z,P,24,sold,False,BFI IMAX P 24
2026-04-27T11:15:47Z,P,23,sold,False,BFI IMAX P 23
2026-04-27T11:15:47Z,P,22,sold,False,BFI IMAX P 22
2026-04-27T11:15:47Z,P,21,sold,False,BFI IMAX P 21
2026-04-27T11:15:47Z,P,20,sold,False,BFI IMAX P 20
2026-04-27T11:15:47Z,Q,18,sold,False,BFI IMAX Q 18
2026-04-27T11:15:47Z,Q,17,sold,False,BFI IMAX Q 17
2026-04-27T11:15:47Z,Q,16,sold,False,BFI IMAX Q 16
2026-04-27T11:15:47Z,Q,15,sold,False,BFI IMAX Q 15
2026-04-27T11:15:47Z,Q,14,sold,False,BFI IMAX Q 14
2026-04-27T11:15:47Z,Q,13,sold,False,BFI IMAX Q 13
2026-04-27T11:15:47Z,Q,12,sold,False,BFI IMAX Q 12
2026-04-27T11:15:47Z,Q,11,sold,False,BFI IMAX Q 11
2026-04-27T11:15:47Z,Q,10,sold,False,BFI IMAX Q 10
2026-04-27T11:15:47Z,Q,9,sold,False,BFI IMAX Q 9
2026-04-27T11:15:47Z,Q,8,sold,False,BFI IMAX Q 8
2026-04-27T11:15:47Z,Q,7,sold,False,BFI IMAX Q 7
2026-04-27T11:15:47Z,Q,6,sold,False,BFI IMAX Q 6
2026-04-27T11:15:47Z,Q,5,sold,False,BFI IMAX Q 5
2026-04-27T11:15:47Z,Q,4,sold,False,BFI IMAX Q 4
2026-04-27T11:15:47Z,Q,3,sold,False,BFI IMAX Q 3
2026-04-27T11:15:47Z,Q,2,sold,False,BFI IMAX Q 2
2026-04-27T11:15:47Z,Q,1,sold,False,BFI IMAX Q 1
2026-04-27T16:33:54Z,K,27,sold,False,BFI IMAX K 27
2026-04-27T16:33:54Z,K,26,sold,False,BFI IMAX K 26
2026-04-27T16:33:54Z,M,8,sold,False,BFI IMAX M 8
2026-04-27T16:33:54Z,M,7,sold,False,BFI IMAX M 7
2026-04-27T16:33:54Z,P,29,sold,True,BFI IMAX P 29
2026-04-27T16:33:54Z,P,28,sold,True,BFI IMAX P 28
2026-04-27T16:33:54Z,P,4,sold,True,BFI IMAX P 4
2026-04-27T16:33:54Z,P,3,sold,True,BFI IMAX P 3
2026-04-27T16:33:54Z,A,5,unavailable,False,BFI IMAX A 5
2026-04-27T16:33:54Z,A,4,unavailable,False,BFI IMAX A 4
2026-04-27T16:33:54Z,A,3,unavailable,False,BFI IMAX A 3
2026-04-27T16:33:54Z,A,2,unavailable,False,BFI IMAX A 2
2026-04-27T16:33:54Z,A,1,unavailable,False,BFI IMAX A 1
2026-04-27T16:33:54Z,B,36,unavailable,False,BFI IMAX B 36
2026-04-27T16:33:54Z,B,35,unavailable,False,BFI IMAX B 35
2026-04-27T16:33:54Z,B,34,unavailable,False,BFI IMAX B 34
2026-04-27T16:33:54Z,B,33,unavailable,False,BFI IMAX B 33
2026-04-27T16:33:54Z,B,32,unavailable,False,BFI IMAX B 32
2026-04-27T16:33:54Z,B,31,unavailable,False,BFI IMAX B 31
2026-04-27T16:33:54Z,B,30,unavailable,False,BFI IMAX B 30
2026-04-27T16:33:54Z,B,29,unavailable,False,BFI IMAX B 29
2026-04-27T16:33:54Z,B,28,unavailable,False,BFI IMAX B 28
2026-04-27T16:33:54Z,B,27,unavailable,False,BFI IMAX B 27
2026-04-27T16:33:54Z,B,26,unavailable,False,BFI IMAX B 26
2026-04-27T16:33:54Z,B,25,unavailable,False,BFI IMAX B 25
2026-04-27T16:33:54Z,B,24,unavailable,False,BFI IMAX B 24
2026-04-27T16:33:54Z,B,23,unavailable,False,BFI IMAX B 23
2026-04-27T16:33:54Z,B,22,unavailable,False,BFI IMAX B 22
2026-04-27T16:33:54Z,B,21,sold,False,BFI IMAX B 21
2026-04-27T16:33:54Z,B,20,sold,False,BFI IMAX B 20
2026-04-27T16:33:54Z,B,19,sold,False,BFI IMAX B 19
2026-04-27T16:33:54Z,B,18,sold,False,BFI IMAX B 18
2026-04-27T16:33:54Z,B,17,sold,False,BFI IMAX B 17
2026-04-27T16:33:54Z,B,16,sold,False,BFI IMAX B 16
2026-04-27T16:33:54Z,B,15,sold,False,BFI IMAX B 15
2026-04-27T16:33:54Z,B,14,sold,False,BFI IMAX B 14
2026-04-27T16:33:54Z,B,13,unavailable,False,BFI IMAX B 13
2026-04-27T16:33:54Z,B,12,unavailable,False,BFI IMAX B 12
2026-04-27T16:33:54Z,B,11,unavailable,False,BFI IMAX B 11
2026-04-27T16:33:54Z,B,10,unavailable,False,BFI IMAX B 10
2026-04-27T16:33:54Z,B,9,unavailable,False,BFI IMAX B 9
2026-04-27T16:33:54Z,B,8,unavailable,False,BFI IMAX B 8
2026-04-27T16:33:54Z,B,7,unavailable,False,BFI IMAX B 7
2026-04-27T16:33:54Z,B,6,unavailable,False,BFI IMAX B 6
2026-04-27T16:33:54Z,B,5,unavailable,False,BFI IMAX B 5
2026-04-27T16:33:54Z,B,4,unavailable,False,BFI IMAX B 4
2026-04-27T16:33:54Z,B,3,unavailable,False,BFI IMAX B 3
2026-04-27T16:33:54Z,B,2,unavailable,False,BFI IMAX B 2
2026-04-27T16:33:54Z,B,1,unavailable,False,BFI IMAX B 1
2026-04-27T16:33:54Z,C,36,sold,False,BFI IMAX C 36
2026-04-27T16:33:54Z,C,35,sold,False,BFI IMAX C 35
2026-04-27T16:33:54Z,C,34,sold,False,BFI IMAX C 34
2026-04-27T16:33:54Z,C,33,sold,False,BFI IMAX C 33
2026-04-27T16:33:54Z,C,32,sold,False,BFI IMAX C 32
2026-04-27T16:33:54Z,C,31,sold,False,BFI IMAX C 31
2026-04-27T16:33:54Z,C,30,sold,False,BFI IMAX C 30
2026-04-27T16:33:54Z,C,29,sold,False,BFI IMAX C 29
2026-04-27T16:33:54Z,C,28,sold,False,BFI IMAX C 28
2026-04-27T16:33:54Z,C,27,sold,False,BFI IMAX C 27
2026-04-27T16:33:54Z,C,26,sold,False,BFI IMAX C 26
2026-04-27T16:33:54Z,C,25,unavailable,False,BFI IMAX C 25
2026-04-27T16:33:54Z,C,24,unavailable,False,BFI IMAX C 24
2026-04-27T16:33:54Z,C,23,unavailable,False,BFI IMAX C 23
2026-04-27T16:33:54Z,C,22,sold,False,BFI IMAX C 22
2026-04-27T16:33:54Z,C,21,sold,False,BFI IMAX C 21
2026-04-27T16:33:54Z,C,20,sold,False,BFI IMAX C 20
2026-04-27T16:33:54Z,C,19,sold,False,BFI IMAX C 19
2026-04-27T16:33:54Z,C,18,sold,False,BFI IMAX C 18
2026-04-27T16:33:54Z,C,17,sold,False,BFI IMAX C 17
2026-04-27T16:33:54Z,C,16,sold,False,BFI IMAX C 16
2026-04-27T16:33:54Z,C,15,sold,False,BFI IMAX C 15
2026-04-27T16:33:54Z,C,14,sold,False,BFI IMAX C 14
2026-04-27T16:33:54Z,C,13,sold,False,BFI IMAX C 13
2026-04-27T16:33:54Z,C,12,sold,False,BFI IMAX C 12
2026-04-27T16:33:54Z,C,11,sold,False,BFI IMAX C 11
2026-04-27T16:33:54Z,C,10,sold,False,BFI IMAX C 10
2026-04-27T16:33:54Z,C,9,sold,False,BFI IMAX C 9
2026-04-27T16:33:54Z,C,8,sold,False,BFI IMAX C 8
2026-04-27T16:33:54Z,C,7,sold,False,BFI IMAX C 7
2026-04-27T16:33:54Z,C,6,sold,False,BFI IMAX C 6
2026-04-27T16:33:54Z,C,5,sold,False,BFI IMAX C 5
2026-04-27T16:33:54Z,C,4,sold,False,BFI IMAX C 4
2026-04-27T16:33:54Z,C,3,sold,False,BFI IMAX C 3
2026-04-27T16:33:54Z,C,2,sold,False,BFI IMAX C 2
2026-04-27T16:33:54Z,C,1,sold,False,BFI IMAX C 1
2026-04-27T16:33:54Z,D,37,sold,False,BFI IMAX D 37
2026-04-27T16:33:54Z,D,36,sold,False,BFI IMAX D 36
2026-04-27T16:33:54Z,D,35,sold,False,BFI IMAX D 35
2026-04-27T16:33:54Z,D,34,sold,False,BFI IMAX D 34
2026-04-27T16:33:54Z,D,33,available,False,BFI IMAX D 33
2026-04-27T16:33:54Z,D,32,sold,False,BFI IMAX D 32
2026-04-27T16:33:54Z,D,31,sold,False,BFI IMAX D 31
2026-04-27T16:33:54Z,D,30,sold,False,BFI IMAX D 30
2026-04-27T16:33:54Z,D,29,sold,False,BFI IMAX D 29
2026-04-27T16:33:54Z,D,28,sold,False,BFI IMAX D 28
2026-04-27T16:33:54Z,D,27,sold,False,BFI IMAX D 27
2026-04-27T16:33:54Z,D,26,sold,False,BFI IMAX D 26
2026-04-27T16:33:54Z,D,25,sold,False,BFI IMAX D 25
2026-04-27T16:33:54Z,D,24,sold,False,BFI IMAX D 24
2026-04-27T16:33:54Z,D,23,sold,False,BFI IMAX D 23
2026-04-27T16:33:54Z,D,22,sold,False,BFI IMAX D 22
2026-04-27T16:33:54Z,D,21,sold,False,BFI IMAX D 21
2026-04-27T16:33:54Z,D,20,sold,False,BFI IMAX D 20
2026-04-27T16:33:54Z,D,19,unavailable,False,BFI IMAX D 19
2026-04-27T16:33:54Z,D,18,unavailable,False,BFI IMAX D 18
2026-04-27T16:33:54Z,D,17,sold,False,BFI IMAX D 17
2026-04-27T16:33:54Z,D,16,sold,False,BFI IMAX D 16
2026-04-27T16:33:54Z,D,15,sold,False,BFI IMAX D 15
2026-04-27T16:33:54Z,D,14,sold,False,BFI IMAX D 14
2026-04-27T16:33:54Z,D,13,sold,False,BFI IMAX D 13
2026-04-27T16:33:54Z,D,12,sold,False,BFI IMAX D 12
2026-04-27T16:33:54Z,D,11,sold,False,BFI IMAX D 11
2026-04-27T16:33:54Z,D,10,sold,False,BFI IMAX D 10
2026-04-27T16:33:54Z,D,9,sold,False,BFI IMAX D 9
2026-04-27T16:33:54Z,D,8,sold,False,BFI IMAX D 8
2026-04-27T16:33:54Z,D,7,sold,False,BFI IMAX D 7
2026-04-27T16:33:54Z,D,6,sold,False,BFI IMAX D 6
2026-04-27T16:33:54Z,D,5,sold,False,BFI IMAX D 5
2026-04-27T16:33:54Z,D,4,sold,False,BFI IMAX D 4
2026-04-27T16:33:54Z,D,3,sold,False,BFI IMAX D 3
2026-04-27T16:33:54Z,D,2,sold,False,BFI IMAX D 2
2026-04-27T16:33:54Z,D,1,sold,False,BFI IMAX D 1
2026-04-27T16:33:54Z,E,37,sold,False,BFI IMAX E 37
2026-04-27T16:33:54Z,E,36,sold,False,BFI IMAX E 36
2026-04-27T16:33:54Z,E,35,sold,False,BFI IMAX E 35
2026-04-27T16:33:54Z,E,34,sold,False,BFI IMAX E 34
2026-04-27T16:33:54Z,E,33,sold,False,BFI IMAX E 33
2026-04-27T16:33:54Z,E,32,sold,False,BFI IMAX E 32
2026-04-27T16:33:54Z,E,31,sold,False,BFI IMAX E 31
2026-04-27T16:33:54Z,E,30,sold,False,BFI IMAX E 30
2026-04-27T16:33:54Z,E,29,sold,False,BFI IMAX E 29
2026-04-27T16:33:54Z,E,28,sold,False,BFI IMAX E 28
2026-04-27T16:33:54Z,E,27,sold,False,BFI IMAX E 27
2026-04-27T16:33:54Z,E,26,sold,False,BFI IMAX E 26
2026-04-27T16:33:54Z,E,25,sold,False,BFI IMAX E 25
2026-04-27T16:33:54Z,E,24,sold,False,BFI IMAX E 24
2026-04-27T16:33:54Z,E,23,sold,False,BFI IMAX E 23
2026-04-27T16:33:54Z,E,22,sold,False,BFI IMAX E 22
2026-04-27T16:33:54Z,E,21,sold,False,BFI IMAX E 21
2026-04-27T16:33:54Z,E,20,sold,False,BFI IMAX E 20
2026-04-27T16:33:54Z,E,19,sold,False,BFI IMAX E 19
2026-04-27T16:33:54Z,E,18,sold,False,BFI IMAX E 18
2026-04-27T16:33:54Z,E,17,sold,False,BFI IMAX E 17
2026-04-27T16:33:54Z,E,16,sold,False,BFI IMAX E 16
2026-04-27T16:33:54Z,E,15,sold,False,BFI IMAX E 15
2026-04-27T16:33:54Z,E,14,sold,False,BFI IMAX E 14
2026-04-27T16:33:54Z,E,13,sold,False,BFI IMAX E 13
2026-04-27T16:33:54Z,E,12,sold,False,BFI IMAX E 12
2026-04-27T16:33:54Z,E,11,sold,False,BFI IMAX E 11
2026-04-27T16:33:54Z,E,10,sold,False,BFI IMAX E 10
2026-04-27T16:33:54Z,E,9,sold,False,BFI IMAX E 9
2026-04-27T16:33:54Z,E,8,sold,False,BFI IMAX E 8
2026-04-27T16:33:54Z,E,7,sold,False,BFI IMAX E 7
2026-04-27T16:33:54Z,E,6,sold,False,BFI IMAX E 6
2026-04-27T16:33:54Z,E,5,sold,False,BFI IMAX E 5
2026-04-27T16:33:54Z,E,4,sold,False,BFI IMAX E 4
2026-04-27T16:33:54Z,E,3,sold,False,BFI IMAX E 3
2026-04-27T16:33:54Z,E,2,sold,False,BFI IMAX E 2
2026-04-27T16:33:54Z,E,1,sold,False,BFI IMAX E 1
2026-04-27T16:33:54Z,F,38,sold,False,BFI IMAX F 38
2026-04-27T16:33:54Z,F,37,sold,False,BFI IMAX F 37
2026-04-27T16:33:54Z,F,36,sold,False,BFI IMAX F 36
2026-04-27T16:33:54Z,F,35,sold,False,BFI IMAX F 35
2026-04-27T16:33:54Z,F,34,sold,False,BFI IMAX F 34
2026-04-27T16:33:54Z,F,33,sold,False,BFI IMAX F 33
2026-04-27T16:33:54Z,F,32,sold,False,BFI IMAX F 32
2026-04-27T16:33:54Z,F,31,sold,False,BFI IMAX F 31
2026-04-27T16:33:54Z,F,30,sold,False,BFI IMAX F 30
2026-04-27T16:33:54Z,F,29,sold,False,BFI IMAX F 29
2026-04-27T16:33:54Z,F,28,sold,False,BFI IMAX F 28
2026-04-27T16:33:54Z,F,27,sold,False,BFI IMAX F 27
2026-04-27T16:33:54Z,F,26,sold,False,BFI IMAX F 26
2026-04-27T16:33:54Z,F,25,sold,False,BFI IMAX F 25
2026-04-27T16:33:54Z,F,24,sold,False,BFI IMAX F 24
2026-04-27T16:33:54Z,F,23,sold,False,BFI IMAX F 23
2026-04-27T16:33:54Z,F,22,sold,False,BFI IMAX F 22
2026-04-27T16:33:54Z,F,21,sold,False,BFI IMAX F 21
2026-04-27T16:33:54Z,F,20,sold,False,BFI IMAX F 20
2026-04-27T16:33:54Z,F,19,sold,False,BFI IMAX F 19
2026-04-27T16:33:54Z,F,18,sold,False,BFI IMAX F 18
2026-04-27T16:33:54Z,F,17,sold,False,BFI IMAX F 17
2026-04-27T16:33:54Z,F,16,sold,False,BFI IMAX F 16
2026-04-27T16:33:54Z,F,15,sold,False,BFI IMAX F 15
2026-04-27T16:33:54Z,F,14,sold,False,BFI IMAX F 14
2026-04-27T16:33:54Z,F,13,sold,False,BFI IMAX F 13
2026-04-27T16:33:54Z,F,12,sold,False,BFI IMAX F 12
2026-04-27T16:33:54Z,F,11,sold,False,BFI IMAX F 11
2026-04-27T16:33:54Z,F,10,sold,False,BFI IMAX F 10
2026-04-27T16:33:54Z,F,9,sold,False,BFI IMAX F 9
2026-04-27T16:33:54Z,F,8,sold,False,BFI IMAX F 8
2026-04-27T16:33:54Z,F,7,sold,False,BFI IMAX F 7
2026-04-27T16:33:54Z,F,6,sold,False,BFI IMAX F 6
2026-04-27T16:33:54Z,F,5,sold,False,BFI IMAX F 5
2026-04-27T16:33:54Z,F,4,sold,False,BFI IMAX F 4
2026-04-27T16:33:54Z,F,3,sold,False,BFI IMAX F 3
2026-04-27T16:33:54Z,F,2,sold,False,BFI IMAX F 2
2026-04-27T16:33:54Z,F,1,sold,False,BFI IMAX F 1
2026-04-27T16:33:54Z,G,37,sold,False,BFI IMAX G 37
2026-04-27T16:33:54Z,G,36,sold,False,BFI IMAX G 36
2026-04-27T16:33:54Z,G,35,sold,False,BFI IMAX G 35
2026-04-27T16:33:54Z,G,34,sold,False,BFI IMAX G 34
2026-04-27T16:33:54Z,G,33,sold,False,BFI IMAX G 33
2026-04-27T16:33:54Z,G,32,sold,False,BFI IMAX G 32
2026-04-27T16:33:54Z,G,31,sold,False,BFI IMAX G 31
2026-04-27T16:33:54Z,G,30,sold,False,BFI IMAX G 30
2026-04-27T16:33:54Z,G,29,sold,False,BFI IMAX G 29
2026-04-27T16:33:54Z,G,28,sold,False,BFI IMAX G 28
2026-04-27T16:33:54Z,G,27,sold,False,BFI IMAX G 27
2026-04-27T16:33:54Z,G,26,sold,False,BFI IMAX G 26
2026-04-27T16:33:54Z,G,25,sold,False,BFI IMAX G 25
2026-04-27T16:33:54Z,G,24,sold,False,BFI IMAX G 24
2026-04-27T16:33:54Z,G,23,sold,False,BFI IMAX G 23
2026-04-27T16:33:54Z,G,22,sold,False,BFI IMAX G 22
2026-04-27T16:33:54Z,G,21,sold,False,BFI IMAX G 21
2026-04-27T16:33:54Z,G,20,sold,False,BFI IMAX G 20
2026-04-27T16:33:54Z,G,19,sold,False,BFI IMAX G 19
2026-04-27T16:33:54Z,G,18,sold,False,BFI IMAX G 18
2026-04-27T16:33:54Z,G,17,sold,False,BFI IMAX G 17
2026-04-27T16:33:54Z,G,16,sold,False,BFI IMAX G 16
2026-04-27T16:33:54Z,G,15,sold,False,BFI IMAX G 15
2026-04-27T16:33:54Z,G,14,sold,False,BFI IMAX G 14
2026-04-27T16:33:54Z,G,13,sold,False,BFI IMAX G 13
2026-04-27T16:33:54Z,G,12,sold,False,BFI IMAX G 12
2026-04-27T16:33:54Z,G,11,sold,False,BFI IMAX G 11
2026-04-27T16:33:54Z,G,10,sold,False,BFI IMAX G 10
2026-04-27T16:33:54Z,G,9,sold,False,BFI IMAX G 9
2026-04-27T16:33:54Z,G,8,sold,False,BFI IMAX G 8
2026-04-27T16:33:54Z,G,7,sold,False,BFI IMAX G 7
2026-04-27T16:33:54Z,G,6,sold,False,BFI IMAX G 6
2026-04-27T16:33:54Z,G,5,sold,False,BFI IMAX G 5
2026-04-27T16:33:54Z,G,4,sold,False,BFI IMAX G 4
2026-04-27T16:33:54Z,G,3,sold,False,BFI IMAX G 3
2026-04-27T16:33:54Z,G,2,sold,False,BFI IMAX G 2
2026-04-27T16:33:54Z,G,1,sold,False,BFI IMAX G 1
2026-04-27T16:33:54Z,H,37,sold,False,BFI IMAX H 37
2026-04-27T16:33:54Z,H,36,sold,False,BFI IMAX H 36
2026-04-27T16:33:54Z,H,35,sold,False,BFI IMAX H 35
2026-04-27T16:33:54Z,H,34,sold,False,BFI IMAX H 34
2026-04-27T16:33:54Z,H,33,sold,False,BFI IMAX H 33
2026-04-27T16:33:54Z,H,32,sold,False,BFI IMAX H 32
2026-04-27T16:33:54Z,H,31,sold,False,BFI IMAX H 31
2026-04-27T16:33:54Z,H,30,sold,False,BFI IMAX H 30
2026-04-27T16:33:54Z,H,29,sold,False,BFI IMAX H 29
2026-04-27T16:33:54Z,H,28,sold,False,BFI IMAX H 28
2026-04-27T16:33:54Z,H,27,unavailable,False,BFI IMAX H 27
2026-04-27T16:33:54Z,H,26,unavailable,False,BFI IMAX H 26
2026-04-27T16:33:54Z,H,25,unavailable,False,BFI IMAX H 25
2026-04-27T16:33:54Z,H,24,unavailable,False,BFI IMAX H 24
2026-04-27T16:33:54Z,H,23,unavailable,False,BFI IMAX H 23
2026-04-27T16:33:54Z,H,22,unavailable,False,BFI IMAX H 22
2026-04-27T16:33:54Z,H,21,unavailable,False,BFI IMAX H 21
2026-04-27T16:33:54Z,H,20,unavailable,False,BFI IMAX H 20
2026-04-27T16:33:54Z,H,19,sold,False,BFI IMAX H 19
2026-04-27T16:33:54Z,H,18,sold,False,BFI IMAX H 18
2026-04-27T16:33:54Z,H,17,sold,False,BFI IMAX H 17
2026-04-27T16:33:54Z,H,16,sold,False,BFI IMAX H 16
2026-04-27T16:33:54Z,H,15,sold,False,BFI IMAX H 15
2026-04-27T16:33:54Z,H,14,sold,False,BFI IMAX H 14
2026-04-27T16:33:54Z,H,13,sold,False,BFI IMAX H 13
2026-04-27T16:33:54Z,H,12,sold,False,BFI IMAX H 12
2026-04-27T16:33:54Z,H,11,sold,False,BFI IMAX H 11
2026-04-27T16:33:54Z,H,10,sold,False,BFI IMAX H 10
2026-04-27T16:33:54Z,H,9,sold,False,BFI IMAX H 9
2026-04-27T16:33:54Z,H,8,sold,False,BFI IMAX H 8
2026-04-27T16:33:54Z,H,7,sold,False,BFI IMAX H 7
2026-04-27T16:33:54Z,H,6,sold,False,BFI IMAX H 6
2026-04-27T16:33:54Z,H,5,sold,False,BFI IMAX H 5
2026-04-27T16:33:54Z,H,4,sold,False,BFI IMAX H 4
2026-04-27T16:33:54Z,H,3,sold,False,BFI IMAX H 3
2026-04-27T16:33:54Z,H,2,sold,False,BFI IMAX H 2
2026-04-27T16:33:54Z,H,1,sold,False,BFI IMAX H 1
2026-04-27T16:33:54Z,J,36,sold,False,BFI IMAX J 36
2026-04-27T16:33:54Z,J,35,sold,False,BFI IMAX J 35
2026-04-27T16:33:54Z,J,34,sold,False,BFI IMAX J 34
2026-04-27T16:33:54Z,J,33,sold,False,BFI IMAX J 33
2026-04-27T16:33:54Z,J,32,sold,False,BFI IMAX J 32
2026-04-27T16:33:54Z,J,31,sold,False,BFI IMAX J 31
2026-04-27T16:33:54Z,J,30,sold,False,BFI IMAX J 30
2026-04-27T16:33:54Z,J,29,sold,False,BFI IMAX J 29
2026-04-27T16:33:54Z,J,28,sold,False,BFI IMAX J 28
2026-04-27T16:33:54Z,J,27,sold,False,BFI IMAX J 27
2026-04-27T16:33:54Z,J,26,sold,False,BFI IMAX J 26
2026-04-27T16:33:54Z,J,25,unavailable,False,BFI IMAX J 25
2026-04-27T16:33:54Z,J,24,unavailable,False,BFI IMAX J 24
2026-04-27T16:33:54Z,J,23,sold,False,BFI IMAX J 23
2026-04-27T16:33:54Z,J,22,sold,False,BFI IMAX J 22
2026-04-27T16:33:54Z,J,21,sold,False,BFI IMAX J 21
2026-04-27T16:33:54Z,J,20,sold,False,BFI IMAX J 20
2026-04-27T16:33:54Z,J,19,unavailable,False,BFI IMAX J 19
2026-04-27T16:33:54Z,J,18,unavailable,False,BFI IMAX J 18
2026-04-27T16:33:54Z,J,17,unavailable,False,BFI IMAX J 17
2026-04-27T16:33:54Z,J,16,unavailable,False,BFI IMAX J 16
2026-04-27T16:33:54Z,J,15,unavailable,False,BFI IMAX J 15
2026-04-27T16:33:54Z,J,14,unavailable,False,BFI IMAX J 14
2026-04-27T16:33:54Z,J,13,unavailable,False,BFI IMAX J 13
2026-04-27T16:33:54Z,J,12,unavailable,False,BFI IMAX J 12
2026-04-27T16:33:54Z,J,11,unavailable,False,BFI IMAX J 11
2026-04-27T16:33:54Z,J,10,unavailable,False,BFI IMAX J 10
2026-04-27T16:33:54Z,J,9,sold,False,BFI IMAX J 9
2026-04-27T16:33:54Z,J,8,sold,False,BFI IMAX J 8
2026-04-27T16:33:54Z,J,7,sold,False,BFI IMAX J 7
2026-04-27T16:33:54Z,J,6,sold,False,BFI IMAX J 6
2026-04-27T16:33:54Z,J,5,sold,False,BFI IMAX J 5
2026-04-27T16:33:54Z,J,4,sold,False,BFI IMAX J 4
2026-04-27T16:33:54Z,J,3,sold,False,BFI IMAX J 3
2026-04-27T16:33:54Z,J,2,sold,False,BFI IMAX J 2
2026-04-27T16:33:54Z,J,1,sold,False,BFI IMAX J 1
2026-04-27T16:33:54Z,K,36,sold,False,BFI IMAX K 36
2026-04-27T16:33:54Z,K,35,sold,False,BFI IMAX K 35
2026-04-27T16:33:54Z,K,34,sold,False,BFI IMAX K 34
2026-04-27T16:33:54Z,K,33,sold,False,BFI IMAX K 33
2026-04-27T16:33:54Z,K,32,sold,False,BFI IMAX K 32
2026-04-27T16:33:54Z,K,31,sold,False,BFI IMAX K 31
2026-04-27T16:33:54Z,K,30,sold,False,BFI IMAX K 30
2026-04-27T16:33:54Z,K,29,sold,False,BFI IMAX K 29
2026-04-27T16:33:54Z,K,28,sold,False,BFI IMAX K 28
2026-04-27T16:33:54Z,A,13,unavailable,False,BFI IMAX A 13
2026-04-27T16:33:54Z,A,12,unavailable,False,BFI IMAX A 12
2026-04-27T16:33:54Z,K,25,sold,False,BFI IMAX K 25
2026-04-27T16:33:54Z,K,24,sold,False,BFI IMAX K 24
2026-04-27T16:33:54Z,K,23,sold,False,BFI IMAX K 23
2026-04-27T16:33:54Z,K,22,sold,False,BFI IMAX K 22
2026-04-27T16:33:54Z,K,21,sold,False,BFI IMAX K 21
2026-04-27T16:33:54Z,K,20,sold,False,BFI IMAX K 20
2026-04-27T16:33:54Z,K,19,unavailable,False,BFI IMAX K 19
2026-04-27T16:33:54Z,K,18,unavailable,False,BFI IMAX K 18
2026-04-27T16:33:54Z,K,17,unavailable,False,BFI IMAX K 17
2026-04-27T16:33:54Z,K,16,unavailable,False,BFI IMAX K 16
2026-04-27T16:33:54Z,K,15,unavailable,False,BFI IMAX K 15
2026-04-27T16:33:54Z,K,14,unavailable,False,BFI IMAX K 14
2026-04-27T16:33:54Z,K,13,unavailable,False,BFI IMAX K 13
2026-04-27T16:33:54Z,K,12,unavailable,False,BFI IMAX K 12
2026-04-27T16:33:54Z,K,11,unavailable,False,BFI IMAX K 11
2026-04-27T16:33:54Z,K,10,unavailable,False,BFI IMAX K 10
2026-04-27T16:33:54Z,K,9,sold,False,BFI IMAX K 9
2026-04-27T16:33:54Z,K,8,sold,False,BFI IMAX K 8
2026-04-27T16:33:54Z,K,7,sold,False,BFI IMAX K 7
2026-04-27T16:33:54Z,K,6,sold,False,BFI IMAX K 6
2026-04-27T16:33:54Z,K,5,sold,False,BFI IMAX K 5
2026-04-27T16:33:54Z,K,4,sold,False,BFI IMAX K 4
2026-04-27T16:33:54Z,K,3,sold,False,BFI IMAX K 3
2026-04-27T16:33:54Z,K,2,sold,False,BFI IMAX K 2
2026-04-27T16:33:54Z,K,1,sold,False,BFI IMAX K 1
2026-04-27T16:33:54Z,L,33,sold,False,BFI IMAX L 33
2026-04-27T16:33:54Z,L,32,sold,False,BFI IMAX L 32
2026-04-27T16:33:54Z,L,31,sold,False,BFI IMAX L 31
2026-04-27T16:33:54Z,L,30,sold,False,BFI IMAX L 30
2026-04-27T16:33:54Z,L,29,sold,False,BFI IMAX L 29
2026-04-27T16:33:54Z,L,28,sold,False,BFI IMAX L 28
2026-04-27T16:33:54Z,L,27,sold,False,BFI IMAX L 27
2026-04-27T16:33:54Z,L,26,sold,False,BFI IMAX L 26
2026-04-27T16:33:54Z,L,8,sold,False,BFI IMAX L 8
2026-04-27T16:33:54Z,L,7,sold,False,BFI IMAX L 7
2026-04-27T16:33:54Z,L,6,sold,False,BFI IMAX L 6
2026-04-27T16:33:54Z,L,5,sold,False,BFI IMAX L 5
2026-04-27T16:33:54Z,L,4,sold,False,BFI IMAX L 4
2026-04-27T16:33:54Z,L,3,sold,False,BFI IMAX L 3
2026-04-27T16:33:54Z,L,2,sold,False,BFI IMAX L 2
2026-04-27T16:33:54Z,L,1,sold,False,BFI IMAX L 1
2026-04-27T16:33:54Z,M,34,sold,False,BFI IMAX M 34
2026-04-27T16:33:54Z,M,33,sold,False,BFI IMAX M 33
2026-04-27T16:33:54Z,M,32,sold,False,BFI IMAX M 32
2026-04-27T16:33:54Z,M,31,sold,False,BFI IMAX M 31
2026-04-27T16:33:54Z,M,30,sold,False,BFI IMAX M 30
2026-04-27T16:33:54Z,M,29,sold,False,BFI IMAX M 29
2026-04-27T16:33:54Z,M,28,sold,False,BFI IMAX M 28
2026-04-27T16:33:54Z,M,27,sold,False,BFI IMAX M 27
2026-04-27T16:33:54Z,A,11,unavailable,False,BFI IMAX A 11
2026-04-27T16:33:54Z,A,10,unavailable,False,BFI IMAX A 10
2026-04-27T16:33:54Z,M,6,sold,False,BFI IMAX M 6
2026-04-27T16:33:54Z,M,5,sold,False,BFI IMAX M 5
2026-04-27T16:33:54Z,M,4,sold,False,BFI IMAX M 4
2026-04-27T16:33:54Z,M,3,sold,False,BFI IMAX M 3
2026-04-27T16:33:54Z,M,2,sold,False,BFI IMAX M 2
2026-04-27T16:33:54Z,M,1,sold,False,BFI IMAX M 1
2026-04-27T16:33:54Z,N,34,unavailable,False,BFI IMAX N 34
2026-04-27T16:33:54Z,N,33,unavailable,False,BFI IMAX N 33
2026-04-27T16:33:54Z,N,32,unavailable,False,BFI IMAX N 32
2026-04-27T16:33:54Z,N,31,unavailable,False,BFI IMAX N 31
2026-04-27T16:33:54Z,N,30,unavailable,False,BFI IMAX N 30
2026-04-27T16:33:54Z,N,29,unavailable,False,BFI IMAX N 29
2026-04-27T16:33:54Z,N,28,unavailable,False,BFI IMAX N 28
2026-04-27T16:33:54Z,N,27,unavailable,False,BFI IMAX N 27
2026-04-27T16:33:54Z,N,8,sold,False,BFI IMAX N 8
2026-04-27T16:33:54Z,N,7,sold,False,BFI IMAX N 7
2026-04-27T16:33:54Z,N,6,sold,False,BFI IMAX N 6
2026-04-27T16:33:54Z,N,5,sold,False,BFI IMAX N 5
2026-04-27T16:33:54Z,N,4,sold,False,BFI IMAX N 4
2026-04-27T16:33:54Z,N,3,sold,False,BFI IMAX N 3
2026-04-27T16:33:54Z,N,2,sold,False,BFI IMAX N 2
2026-04-27T16:33:54Z,N,1,sold,False,BFI IMAX N 1
2026-04-27T16:33:54Z,P,31,sold,False,BFI IMAX P 31
2026-04-27T16:33:54Z,A,9,unavailable,False,BFI IMAX A 9
2026-04-27T16:33:54Z,A,8,unavailable,False,BFI IMAX A 8
2026-04-27T16:33:54Z,P,26,unavailable,False,BFI IMAX P 26
2026-04-27T16:33:54Z,P,6,sold,False,BFI IMAX P 6
2026-04-27T16:33:54Z,A,7,unavailable,False,BFI IMAX A 7
2026-04-27T16:33:54Z,A,6,unavailable,False,BFI IMAX A 6
2026-04-27T16:33:54Z,P,1,sold,False,BFI IMAX P 1
2026-04-27T16:33:54Z,M,11,sold,False,BFI IMAX M 11
2026-04-27T16:33:54Z,M,10,sold,False,BFI IMAX M 10
2026-04-27T16:33:54Z,M,9,sold,False,BFI IMAX M 9
2026-04-27T16:33:54Z,L,9,sold,False,BFI IMAX L 9
2026-04-27T16:33:54Z,L,25,sold,False,BFI IMAX L 25
2026-04-27T16:33:54Z,L,24,sold,False,BFI IMAX L 24
2026-04-27T16:33:54Z,L,23,sold,False,BFI IMAX L 23
2026-04-27T16:33:54Z,L,22,sold,False,BFI IMAX L 22
2026-04-27T16:33:54Z,L,21,sold,False,BFI IMAX L 21
2026-04-27T16:33:54Z,L,20,sold,False,BFI IMAX L 20
2026-04-27T16:33:54Z,L,19,sold,False,BFI IMAX L 19
2026-04-27T16:33:54Z,L,18,sold,False,BFI IMAX L 18
2026-04-27T16:33:54Z,L,17,sold,False,BFI IMAX L 17
2026-04-27T16:33:54Z,L,16,sold,False,BFI IMAX L 16
2026-04-27T16:33:54Z,L,15,sold,False,BFI IMAX L 15
2026-04-27T16:33:54Z,L,14,sold,False,BFI IMAX L 14
2026-04-27T16:33:54Z,L,13,sold,False,BFI IMAX L 13
2026-04-27T16:33:54Z,L,12,sold,False,BFI IMAX L 12
2026-04-27T16:33:54Z,L,11,sold,False,BFI IMAX L 11
2026-04-27T16:33:54Z,N,26,unavailable,False,BFI IMAX N 26
2026-04-27T16:33:54Z,N,25,unavailable,False,BFI IMAX N 25
2026-04-27T16:33:54Z,N,24,unavailable,False,BFI IMAX N 24
2026-04-27T16:33:54Z,N,23,unavailable,False,BFI IMAX N 23
2026-04-27T16:33:54Z,N,22,sold,False,BFI IMAX N 22
2026-04-27T16:33:54Z,N,21,sold,False,BFI IMAX N 21
2026-04-27T16:33:54Z,N,20,sold,False,BFI IMAX N 20
2026-04-27T16:33:54Z,N,19,sold,False,BFI IMAX N 19
2026-04-27T16:33:54Z,N,18,sold,False,BFI IMAX N 18
2026-04-27T16:33:54Z,N,17,sold,False,BFI IMAX N 17
2026-04-27T16:33:54Z,N,16,sold,False,BFI IMAX N 16
2026-04-27T16:33:54Z,N,15,sold,False,BFI IMAX N 15
2026-04-27T16:33:54Z,N,14,sold,False,BFI IMAX N 14
2026-04-27T16:33:54Z,N,13,sold,False,BFI IMAX N 13
2026-04-27T16:33:54Z,N,12,unavailable,False,BFI IMAX N 12
2026-04-27T16:33:54Z,N,11,unavailable,False,BFI IMAX N 11
2026-04-27T16:33:54Z,N,10,unavailable,False,BFI IMAX N 10
2026-04-27T16:33:54Z,N,9,unavailable,False,BFI IMAX N 9
2026-04-27T16:33:54Z,L,10,sold,False,BFI IMAX L 10
2026-04-27T16:33:54Z,M,26,sold,False,BFI IMAX M 26
2026-04-27T16:33:54Z,M,25,sold,False,BFI IMAX M 25
2026-04-27T16:33:54Z,M,24,sold,False,BFI IMAX M 24
2026-04-27T16:33:54Z,M,23,sold,False,BFI IMAX M 23
2026-04-27T16:33:54Z,M,22,sold,False,BFI IMAX M 22
2026-04-27T16:33:54Z,M,21,sold,False,BFI IMAX M 21
2026-04-27T16:33:54Z,M,20,sold,False,BFI IMAX M 20
2026-04-27T16:33:54Z,M,19,sold,False,BFI IMAX M 19
2026-04-27T16:33:54Z,M,18,sold,False,BFI IMAX M 18
2026-04-27T16:33:54Z,M,17,sold,False,BFI IMAX M 17
2026-04-27T16:33:54Z,M,16,sold,False,BFI IMAX M 16
2026-04-27T16:33:54Z,M,15,sold,False,BFI IMAX M 15
2026-04-27T16:33:54Z,M,14,sold,False,BFI IMAX M 14
2026-04-27T16:33:54Z,M,13,sold,False,BFI IMAX M 13
2026-04-27T16:33:54Z,M,12,sold,False,BFI IMAX M 12
2026-04-27T16:33:54Z,P,30,sold,True,BFI IMAX P 30
2026-04-27T16:33:54Z,P,27,sold,True,BFI IMAX P 27
2026-04-27T16:33:54Z,P,2,sold,True,BFI IMAX P 2
2026-04-27T16:33:54Z,P,5,sold,True,BFI IMAX P 5
2026-04-27T16:33:54Z,P,19,sold,False,BFI IMAX P 19
2026-04-27T16:33:54Z,P,18,sold,False,BFI IMAX P 18
2026-04-27T16:33:54Z,P,17,sold,False,BFI IMAX P 17
2026-04-27T16:33:54Z,P,16,sold,False,BFI IMAX P 16
2026-04-27T16:33:54Z,P,15,sold,False,BFI IMAX P 15
2026-04-27T16:33:54Z,P,14,sold,False,BFI IMAX P 14
2026-04-27T16:33:54Z,P,13,sold,False,BFI IMAX P 13
2026-04-27T16:33:54Z,P,12,sold,False,BFI IMAX P 12
2026-04-27T16:33:54Z,P,11,sold,False,BFI IMAX P 11
2026-04-27T16:33:54Z,P,10,sold,False,BFI IMAX P 10
2026-04-27T16:33:54Z,P,9,sold,False,BFI IMAX P 9
2026-04-27T16:33:54Z,P,8,sold,False,BFI IMAX P 8
2026-04-27T16:33:54Z,P,7,sold,False,BFI IMAX P 7
2026-04-27T16:33:54Z,P,25,sold,False,BFI IMAX P 25
2026-04-27T16:33:54Z,P,24,sold,False,BFI IMAX P 24
2026-04-27T16:33:54Z,P,23,sold,False,BFI IMAX P 23
2026-04-27T16:33:54Z,P,22,sold,False,BFI IMAX P 22
2026-04-27T16:33:54Z,P,21,sold,False,BFI IMAX P 21
2026-04-27T16:33:54Z,P,20,sold,False,BFI IMAX P 20
2026-04-27T16:33:54Z,Q,18,sold,False,BFI IMAX Q 18
2026-04-27T16:33:54Z,Q,17,sold,False,BFI IMAX Q 17
2026-04-27T16:33:54Z,Q,16,sold,False,BFI IMAX Q 16
2026-04-27T16:33:54Z,Q,15,sold,False,BFI IMAX Q 15
2026-04-27T16:33:54Z,Q,14,sold,False,BFI IMAX Q 14
2026-04-27T16:33:54Z,Q,13,sold,False,BFI IMAX Q 13
2026-04-27T16:33:54Z,Q,12,sold,False,BFI IMAX Q 12
2026-04-27T16:33:54Z,Q,11,sold,False,BFI IMAX Q 11
2026-04-27T16:33:54Z,Q,10,sold,False,BFI IMAX Q 10
2026-04-27T16:33:54Z,Q,9,sold,False,BFI IMAX Q 9
2026-04-27T16:33:54Z,Q,8,sold,False,BFI IMAX Q 8
2026-04-27T16:33:54Z,Q,7,sold,False,BFI IMAX Q 7
2026-04-27T16:33:54Z,Q,6,sold,False,BFI IMAX Q 6
2026-04-27T16:33:54Z,Q,5,sold,False,BFI IMAX Q 5
2026-04-27T16:33:54Z,Q,4,sold,False,BFI IMAX Q 4
2026-04-27T16:33:54Z,Q,3,sold,False,BFI IMAX Q 3
2026-04-27T16:33:54Z,Q,2,sold,False,BFI IMAX Q 2
2026-04-27T16:33:54Z,Q,1,sold,False,BFI IMAX Q 1
2026-04-27T17:10:15Z,K,27,sold,False,BFI IMAX K 27
2026-04-27T17:10:15Z,K,26,sold,False,BFI IMAX K 26
2026-04-27T17:10:15Z,M,8,sold,False,BFI IMAX M 8
2026-04-27T17:10:15Z,M,7,sold,False,BFI IMAX M 7
2026-04-27T17:10:15Z,P,29,sold,True,BFI IMAX P 29
2026-04-27T17:10:15Z,P,28,sold,True,BFI IMAX P 28
2026-04-27T17:10:15Z,P,4,sold,True,BFI IMAX P 4
2026-04-27T17:10:15Z,P,3,sold,True,BFI IMAX P 3
2026-04-27T17:10:15Z,A,5,unavailable,False,BFI IMAX A 5
2026-04-27T17:10:15Z,A,4,unavailable,False,BFI IMAX A 4
2026-04-27T17:10:15Z,A,3,unavailable,False,BFI IMAX A 3
2026-04-27T17:10:15Z,A,2,unavailable,False,BFI IMAX A 2
2026-04-27T17:10:15Z,A,1,unavailable,False,BFI IMAX A 1
2026-04-27T17:10:15Z,B,36,unavailable,False,BFI IMAX B 36
2026-04-27T17:10:15Z,B,35,unavailable,False,BFI IMAX B 35
2026-04-27T17:10:15Z,B,34,unavailable,False,BFI IMAX B 34
2026-04-27T17:10:15Z,B,33,unavailable,False,BFI IMAX B 33
2026-04-27T17:10:15Z,B,32,unavailable,False,BFI IMAX B 32
2026-04-27T17:10:15Z,B,31,unavailable,False,BFI IMAX B 31
2026-04-27T17:10:15Z,B,30,unavailable,False,BFI IMAX B 30
2026-04-27T17:10:15Z,B,29,unavailable,False,BFI IMAX B 29
2026-04-27T17:10:15Z,B,28,unavailable,False,BFI IMAX B 28
2026-04-27T17:10:15Z,B,27,unavailable,False,BFI IMAX B 27
2026-04-27T17:10:15Z,B,26,unavailable,False,BFI IMAX B 26
2026-04-27T17:10:15Z,B,25,unavailable,False,BFI IMAX B 25
2026-04-27T17:10:15Z,B,24,unavailable,False,BFI IMAX B 24
2026-04-27T17:10:15Z,B,23,unavailable,False,BFI IMAX B 23
2026-04-27T17:10:15Z,B,22,unavailable,False,BFI IMAX B 22
2026-04-27T17:10:15Z,B,21,sold,False,BFI IMAX B 21
2026-04-27T17:10:15Z,B,20,sold,False,BFI IMAX B 20
2026-04-27T17:10:15Z,B,19,sold,False,BFI IMAX B 19
2026-04-27T17:10:15Z,B,18,sold,False,BFI IMAX B 18
2026-04-27T17:10:15Z,B,17,sold,False,BFI IMAX B 17
2026-04-27T17:10:15Z,B,16,sold,False,BFI IMAX B 16
2026-04-27T17:10:15Z,B,15,sold,False,BFI IMAX B 15
2026-04-27T17:10:15Z,B,14,sold,False,BFI IMAX B 14
2026-04-27T17:10:15Z,B,13,unavailable,False,BFI IMAX B 13
2026-04-27T17:10:15Z,B,12,unavailable,False,BFI IMAX B 12
2026-04-27T17:10:15Z,B,11,unavailable,False,BFI IMAX B 11
2026-04-27T17:10:15Z,B,10,unavailable,False,BFI IMAX B 10
2026-04-27T17:10:15Z,B,9,unavailable,False,BFI IMAX B 9
2026-04-27T17:10:15Z,B,8,unavailable,False,BFI IMAX B 8
2026-04-27T17:10:15Z,B,7,unavailable,False,BFI IMAX B 7
2026-04-27T17:10:15Z,B,6,unavailable,False,BFI IMAX B 6
2026-04-27T17:10:15Z,B,5,unavailable,False,BFI IMAX B 5
2026-04-27T17:10:15Z,B,4,unavailable,False,BFI IMAX B 4
2026-04-27T17:10:15Z,B,3,unavailable,False,BFI IMAX B 3
2026-04-27T17:10:15Z,B,2,unavailable,False,BFI IMAX B 2
2026-04-27T17:10:15Z,B,1,unavailable,False,BFI IMAX B 1
2026-04-27T17:10:15Z,C,36,sold,False,BFI IMAX C 36
2026-04-27T17:10:15Z,C,35,sold,False,BFI IMAX C 35
2026-04-27T17:10:15Z,C,34,sold,False,BFI IMAX C 34
2026-04-27T17:10:15Z,C,33,sold,False,BFI IMAX C 33
2026-04-27T17:10:15Z,C,32,sold,False,BFI IMAX C 32
2026-04-27T17:10:15Z,C,31,sold,False,BFI IMAX C 31
2026-04-27T17:10:15Z,C,30,sold,False,BFI IMAX C 30
2026-04-27T17:10:15Z,C,29,sold,False,BFI IMAX C 29
2026-04-27T17:10:15Z,C,28,sold,False,BFI IMAX C 28
2026-04-27T17:10:15Z,C,27,sold,False,BFI IMAX C 27
2026-04-27T17:10:15Z,C,26,sold,False,BFI IMAX C 26
2026-04-27T17:10:15Z,C,25,unavailable,False,BFI IMAX C 25
2026-04-27T17:10:15Z,C,24,unavailable,False,BFI IMAX C 24
2026-04-27T17:10:15Z,C,23,unavailable,False,BFI IMAX C 23
2026-04-27T17:10:15Z,C,22,sold,False,BFI IMAX C 22
2026-04-27T17:10:15Z,C,21,sold,False,BFI IMAX C 21
2026-04-27T17:10:15Z,C,20,sold,False,BFI IMAX C 20
2026-04-27T17:10:15Z,C,19,sold,False,BFI IMAX C 19
2026-04-27T17:10:15Z,C,18,sold,False,BFI IMAX C 18
2026-04-27T17:10:15Z,C,17,sold,False,BFI IMAX C 17
2026-04-27T17:10:15Z,C,16,sold,False,BFI IMAX C 16
2026-04-27T17:10:15Z,C,15,sold,False,BFI IMAX C 15
2026-04-27T17:10:15Z,C,14,sold,False,BFI IMAX C 14
2026-04-27T17:10:15Z,C,13,sold,False,BFI IMAX C 13
2026-04-27T17:10:15Z,C,12,sold,False,BFI IMAX C 12
2026-04-27T17:10:15Z,C,11,sold,False,BFI IMAX C 11
2026-04-27T17:10:15Z,C,10,sold,False,BFI IMAX C 10
2026-04-27T17:10:15Z,C,9,sold,False,BFI IMAX C 9
2026-04-27T17:10:15Z,C,8,sold,False,BFI IMAX C 8
2026-04-27T17:10:15Z,C,7,sold,False,BFI IMAX C 7
2026-04-27T17:10:15Z,C,6,sold,False,BFI IMAX C 6
2026-04-27T17:10:15Z,C,5,sold,False,BFI IMAX C 5
2026-04-27T17:10:15Z,C,4,sold,False,BFI IMAX C 4
2026-04-27T17:10:15Z,C,3,sold,False,BFI IMAX C 3
2026-04-27T17:10:15Z,C,2,sold,False,BFI IMAX C 2
2026-04-27T17:10:15Z,C,1,sold,False,BFI IMAX C 1
2026-04-27T17:10:15Z,D,37,sold,False,BFI IMAX D 37
2026-04-27T17:10:15Z,D,36,sold,False,BFI IMAX D 36
2026-04-27T17:10:15Z,D,35,sold,False,BFI IMAX D 35
2026-04-27T17:10:15Z,D,34,sold,False,BFI IMAX D 34
2026-04-27T17:10:15Z,D,33,available,False,BFI IMAX D 33
2026-04-27T17:10:15Z,D,32,sold,False,BFI IMAX D 32
2026-04-27T17:10:15Z,D,31,sold,False,BFI IMAX D 31
2026-04-27T17:10:15Z,D,30,sold,False,BFI IMAX D 30
2026-04-27T17:10:15Z,D,29,sold,False,BFI IMAX D 29
2026-04-27T17:10:15Z,D,28,sold,False,BFI IMAX D 28
2026-04-27T17:10:15Z,D,27,sold,False,BFI IMAX D 27
2026-04-27T17:10:15Z,D,26,sold,False,BFI IMAX D 26
2026-04-27T17:10:15Z,D,25,sold,False,BFI IMAX D 25
2026-04-27T17:10:15Z,D,24,sold,False,BFI IMAX D 24
2026-04-27T17:10:15Z,D,23,sold,False,BFI IMAX D 23
2026-04-27T17:10:15Z,D,22,sold,False,BFI IMAX D 22
2026-04-27T17:10:15Z,D,21,sold,False,BFI IMAX D 21
2026-04-27T17:10:15Z,D,20,sold,False,BFI IMAX D 20
2026-04-27T17:10:15Z,D,19,unavailable,False,BFI IMAX D 19
2026-04-27T17:10:15Z,D,18,unavailable,False,BFI IMAX D 18
2026-04-27T17:10:15Z,D,17,sold,False,BFI IMAX D 17
2026-04-27T17:10:15Z,D,16,sold,False,BFI IMAX D 16
2026-04-27T17:10:15Z,D,15,sold,False,BFI IMAX D 15
2026-04-27T17:10:15Z,D,14,sold,False,BFI IMAX D 14
2026-04-27T17:10:15Z,D,13,sold,False,BFI IMAX D 13
2026-04-27T17:10:15Z,D,12,sold,False,BFI IMAX D 12
2026-04-27T17:10:15Z,D,11,sold,False,BFI IMAX D 11
2026-04-27T17:10:15Z,D,10,sold,False,BFI IMAX D 10
2026-04-27T17:10:15Z,D,9,sold,False,BFI IMAX D 9
2026-04-27T17:10:15Z,D,8,sold,False,BFI IMAX D 8
2026-04-27T17:10:15Z,D,7,sold,False,BFI IMAX D 7
2026-04-27T17:10:15Z,D,6,sold,False,BFI IMAX D 6
2026-04-27T17:10:15Z,D,5,sold,False,BFI IMAX D 5
2026-04-27T17:10:15Z,D,4,sold,False,BFI IMAX D 4
2026-04-27T17:10:15Z,D,3,sold,False,BFI IMAX D 3
2026-04-27T17:10:15Z,D,2,sold,False,BFI IMAX D 2
2026-04-27T17:10:15Z,D,1,sold,False,BFI IMAX D 1
2026-04-27T17:10:15Z,E,37,sold,False,BFI IMAX E 37
2026-04-27T17:10:15Z,E,36,sold,False,BFI IMAX E 36
2026-04-27T17:10:15Z,E,35,sold,False,BFI IMAX E 35
2026-04-27T17:10:15Z,E,34,sold,False,BFI IMAX E 34
2026-04-27T17:10:15Z,E,33,sold,False,BFI IMAX E 33
2026-04-27T17:10:15Z,E,32,sold,False,BFI IMAX E 32
2026-04-27T17:10:15Z,E,31,sold,False,BFI IMAX E 31
2026-04-27T17:10:15Z,E,30,sold,False,BFI IMAX E 30
2026-04-27T17:10:15Z,E,29,sold,False,BFI IMAX E 29
2026-04-27T17:10:15Z,E,28,sold,False,BFI IMAX E 28
2026-04-27T17:10:15Z,E,27,sold,False,BFI IMAX E 27
2026-04-27T17:10:15Z,E,26,sold,False,BFI IMAX E 26
2026-04-27T17:10:15Z,E,25,sold,False,BFI IMAX E 25
2026-04-27T17:10:15Z,E,24,sold,False,BFI IMAX E 24
2026-04-27T17:10:15Z,E,23,sold,False,BFI IMAX E 23
2026-04-27T17:10:15Z,E,22,sold,False,BFI IMAX E 22
2026-04-27T17:10:15Z,E,21,sold,False,BFI IMAX E 21
2026-04-27T17:10:15Z,E,20,sold,False,BFI IMAX E 20
2026-04-27T17:10:15Z,E,19,sold,False,BFI IMAX E 19
2026-04-27T17:10:15Z,E,18,sold,False,BFI IMAX E 18
2026-04-27T17:10:15Z,E,17,sold,False,BFI IMAX E 17
2026-04-27T17:10:15Z,E,16,sold,False,BFI IMAX E 16
2026-04-27T17:10:15Z,E,15,sold,False,BFI IMAX E 15
2026-04-27T17:10:15Z,E,14,sold,False,BFI IMAX E 14
2026-04-27T17:10:15Z,E,13,sold,False,BFI IMAX E 13
2026-04-27T17:10:15Z,E,12,sold,False,BFI IMAX E 12
2026-04-27T17:10:15Z,E,11,sold,False,BFI IMAX E 11
2026-04-27T17:10:15Z,E,10,sold,False,BFI IMAX E 10
2026-04-27T17:10:15Z,E,9,sold,False,BFI IMAX E 9
2026-04-27T17:10:15Z,E,8,sold,False,BFI IMAX E 8
2026-04-27T17:10:15Z,E,7,sold,False,BFI IMAX E 7
2026-04-27T17:10:15Z,E,6,sold,False,BFI IMAX E 6
2026-04-27T17:10:15Z,E,5,sold,False,BFI IMAX E 5
2026-04-27T17:10:15Z,E,4,sold,False,BFI IMAX E 4
2026-04-27T17:10:15Z,E,3,sold,False,BFI IMAX E 3
2026-04-27T17:10:15Z,E,2,sold,False,BFI IMAX E 2
2026-04-27T17:10:15Z,E,1,sold,False,BFI IMAX E 1
2026-04-27T17:10:15Z,F,38,sold,False,BFI IMAX F 38
2026-04-27T17:10:15Z,F,37,sold,False,BFI IMAX F 37
2026-04-27T17:10:15Z,F,36,sold,False,BFI IMAX F 36
2026-04-27T17:10:15Z,F,35,sold,False,BFI IMAX F 35
2026-04-27T17:10:15Z,F,34,sold,False,BFI IMAX F 34
2026-04-27T17:10:15Z,F,33,sold,False,BFI IMAX F 33
2026-04-27T17:10:15Z,F,32,sold,False,BFI IMAX F 32
2026-04-27T17:10:15Z,F,31,sold,False,BFI IMAX F 31
2026-04-27T17:10:15Z,F,30,sold,False,BFI IMAX F 30
2026-04-27T17:10:15Z,F,29,sold,False,BFI IMAX F 29
2026-04-27T17:10:15Z,F,28,sold,False,BFI IMAX F 28
2026-04-27T17:10:15Z,F,27,sold,False,BFI IMAX F 27
2026-04-27T17:10:15Z,F,26,sold,False,BFI IMAX F 26
2026-04-27T17:10:15Z,F,25,sold,False,BFI IMAX F 25
2026-04-27T17:10:15Z,F,24,sold,False,BFI IMAX F 24
2026-04-27T17:10:15Z,F,23,sold,False,BFI IMAX F 23
2026-04-27T17:10:15Z,F,22,sold,False,BFI IMAX F 22
2026-04-27T17:10:15Z,F,21,sold,False,BFI IMAX F 21
2026-04-27T17:10:15Z,F,20,sold,False,BFI IMAX F 20
2026-04-27T17:10:15Z,F,19,sold,False,BFI IMAX F 19
2026-04-27T17:10:15Z,F,18,sold,False,BFI IMAX F 18
2026-04-27T17:10:15Z,F,17,sold,False,BFI IMAX F 17
2026-04-27T17:10:15Z,F,16,sold,False,BFI IMAX F 16
2026-04-27T17:10:15Z,F,15,sold,False,BFI IMAX F 15
2026-04-27T17:10:15Z,F,14,sold,False,BFI IMAX F 14
2026-04-27T17:10:15Z,F,13,sold,False,BFI IMAX F 13
2026-04-27T17:10:15Z,F,12,sold,False,BFI IMAX F 12
2026-04-27T17:10:15Z,F,11,sold,False,BFI IMAX F 11
2026-04-27T17:10:15Z,F,10,sold,False,BFI IMAX F 10
2026-04-27T17:10:15Z,F,9,sold,False,BFI IMAX F 9
2026-04-27T17:10:15Z,F,8,sold,False,BFI IMAX F 8
2026-04-27T17:10:15Z,F,7,sold,False,BFI IMAX F 7
2026-04-27T17:10:15Z,F,6,sold,False,BFI IMAX F 6
2026-04-27T17:10:15Z,F,5,sold,False,BFI IMAX F 5
2026-04-27T17:10:15Z,F,4,sold,False,BFI IMAX F 4
2026-04-27T17:10:15Z,F,3,sold,False,BFI IMAX F 3
2026-04-27T17:10:15Z,F,2,sold,False,BFI IMAX F 2
2026-04-27T17:10:15Z,F,1,sold,False,BFI IMAX F 1
2026-04-27T17:10:15Z,G,37,sold,False,BFI IMAX G 37
2026-04-27T17:10:15Z,G,36,sold,False,BFI IMAX G 36
2026-04-27T17:10:15Z,G,35,sold,False,BFI IMAX G 35
2026-04-27T17:10:15Z,G,34,sold,False,BFI IMAX G 34
2026-04-27T17:10:15Z,G,33,sold,False,BFI IMAX G 33
2026-04-27T17:10:15Z,G,32,sold,False,BFI IMAX G 32
2026-04-27T17:10:15Z,G,31,sold,False,BFI IMAX G 31
2026-04-27T17:10:15Z,G,30,sold,False,BFI IMAX G 30
2026-04-27T17:10:15Z,G,29,sold,False,BFI IMAX G 29
2026-04-27T17:10:15Z,G,28,sold,False,BFI IMAX G 28
2026-04-27T17:10:15Z,G,27,sold,False,BFI IMAX G 27
2026-04-27T17:10:15Z,G,26,sold,False,BFI IMAX G 26
2026-04-27T17:10:15Z,G,25,sold,False,BFI IMAX G 25
2026-04-27T17:10:15Z,G,24,sold,False,BFI IMAX G 24
2026-04-27T17:10:15Z,G,23,sold,False,BFI IMAX G 23
2026-04-27T17:10:15Z,G,22,sold,False,BFI IMAX G 22
2026-04-27T17:10:15Z,G,21,sold,False,BFI IMAX G 21
2026-04-27T17:10:15Z,G,20,sold,False,BFI IMAX G 20
2026-04-27T17:10:15Z,G,19,sold,False,BFI IMAX G 19
2026-04-27T17:10:15Z,G,18,sold,False,BFI IMAX G 18
2026-04-27T17:10:15Z,G,17,sold,False,BFI IMAX G 17
2026-04-27T17:10:15Z,G,16,sold,False,BFI IMAX G 16
2026-04-27T17:10:15Z,G,15,sold,False,BFI IMAX G 15
2026-04-27T17:10:15Z,G,14,sold,False,BFI IMAX G 14
2026-04-27T17:10:15Z,G,13,sold,False,BFI IMAX G 13
2026-04-27T17:10:15Z,G,12,sold,False,BFI IMAX G 12
2026-04-27T17:10:15Z,G,11,sold,False,BFI IMAX G 11
2026-04-27T17:10:15Z,G,10,sold,False,BFI IMAX G 10
2026-04-27T17:10:15Z,G,9,sold,False,BFI IMAX G 9
2026-04-27T17:10:15Z,G,8,sold,False,BFI IMAX G 8
2026-04-27T17:10:15Z,G,7,sold,False,BFI IMAX G 7
2026-04-27T17:10:15Z,G,6,sold,False,BFI IMAX G 6
2026-04-27T17:10:15Z,G,5,sold,False,BFI IMAX G 5
2026-04-27T17:10:15Z,G,4,sold,False,BFI IMAX G 4
2026-04-27T17:10:15Z,G,3,sold,False,BFI IMAX G 3
2026-04-27T17:10:15Z,G,2,sold,False,BFI IMAX G 2
2026-04-27T17:10:15Z,G,1,sold,False,BFI IMAX G 1
2026-04-27T17:10:15Z,H,37,sold,False,BFI IMAX H 37
2026-04-27T17:10:15Z,H,36,sold,False,BFI IMAX H 36
2026-04-27T17:10:15Z,H,35,sold,False,BFI IMAX H 35
2026-04-27T17:10:15Z,H,34,sold,False,BFI IMAX H 34
2026-04-27T17:10:15Z,H,33,sold,False,BFI IMAX H 33
2026-04-27T17:10:15Z,H,32,sold,False,BFI IMAX H 32
2026-04-27T17:10:15Z,H,31,sold,False,BFI IMAX H 31
2026-04-27T17:10:15Z,H,30,sold,False,BFI IMAX H 30
2026-04-27T17:10:15Z,H,29,sold,False,BFI IMAX H 29
2026-04-27T17:10:15Z,H,28,sold,False,BFI IMAX H 28
2026-04-27T17:10:15Z,H,27,unavailable,False,BFI IMAX H 27
2026-04-27T17:10:15Z,H,26,unavailable,False,BFI IMAX H 26
2026-04-27T17:10:15Z,H,25,unavailable,False,BFI IMAX H 25
2026-04-27T17:10:15Z,H,24,unavailable,False,BFI IMAX H 24
2026-04-27T17:10:15Z,H,23,unavailable,False,BFI IMAX H 23
2026-04-27T17:10:15Z,H,22,unavailable,False,BFI IMAX H 22
2026-04-27T17:10:15Z,H,21,unavailable,False,BFI IMAX H 21
2026-04-27T17:10:15Z,H,20,unavailable,False,BFI IMAX H 20
2026-04-27T17:10:15Z,H,19,sold,False,BFI IMAX H 19
2026-04-27T17:10:15Z,H,18,sold,False,BFI IMAX H 18
2026-04-27T17:10:15Z,H,17,sold,False,BFI IMAX H 17
2026-04-27T17:10:15Z,H,16,sold,False,BFI IMAX H 16
2026-04-27T17:10:15Z,H,15,sold,False,BFI IMAX H 15
2026-04-27T17:10:15Z,H,14,sold,False,BFI IMAX H 14
2026-04-27T17:10:15Z,H,13,sold,False,BFI IMAX H 13
2026-04-27T17:10:15Z,H,12,sold,False,BFI IMAX H 12
2026-04-27T17:10:15Z,H,11,sold,False,BFI IMAX H 11
2026-04-27T17:10:15Z,H,10,sold,False,BFI IMAX H 10
2026-04-27T17:10:15Z,H,9,sold,False,BFI IMAX H 9
2026-04-27T17:10:15Z,H,8,sold,False,BFI IMAX H 8
2026-04-27T17:10:15Z,H,7,sold,False,BFI IMAX H 7
2026-04-27T17:10:15Z,H,6,sold,False,BFI IMAX H 6
2026-04-27T17:10:15Z,H,5,sold,False,BFI IMAX H 5
2026-04-27T17:10:15Z,H,4,sold,False,BFI IMAX H 4
2026-04-27T17:10:15Z,H,3,sold,False,BFI IMAX H 3
2026-04-27T17:10:15Z,H,2,sold,False,BFI IMAX H 2
2026-04-27T17:10:15Z,H,1,sold,False,BFI IMAX H 1
2026-04-27T17:10:15Z,J,36,sold,False,BFI IMAX J 36
2026-04-27T17:10:15Z,J,35,sold,False,BFI IMAX J 35
2026-04-27T17:10:15Z,J,34,sold,False,BFI IMAX J 34
2026-04-27T17:10:15Z,J,33,sold,False,BFI IMAX J 33
2026-04-27T17:10:15Z,J,32,sold,False,BFI IMAX J 32
2026-04-27T17:10:15Z,J,31,sold,False,BFI IMAX J 31
2026-04-27T17:10:15Z,J,30,sold,False,BFI IMAX J 30
2026-04-27T17:10:15Z,J,29,sold,False,BFI IMAX J 29
2026-04-27T17:10:15Z,J,28,sold,False,BFI IMAX J 28
2026-04-27T17:10:15Z,J,27,sold,False,BFI IMAX J 27
2026-04-27T17:10:15Z,J,26,sold,False,BFI IMAX J 26
2026-04-27T17:10:15Z,J,25,unavailable,False,BFI IMAX J 25
2026-04-27T17:10:15Z,J,24,unavailable,False,BFI IMAX J 24
2026-04-27T17:10:15Z,J,23,sold,False,BFI IMAX J 23
2026-04-27T17:10:15Z,J,22,sold,False,BFI IMAX J 22
2026-04-27T17:10:15Z,J,21,sold,False,BFI IMAX J 21
2026-04-27T17:10:15Z,J,20,sold,False,BFI IMAX J 20
2026-04-27T17:10:15Z,J,19,unavailable,False,BFI IMAX J 19
2026-04-27T17:10:15Z,J,18,unavailable,False,BFI IMAX J 18
2026-04-27T17:10:15Z,J,17,unavailable,False,BFI IMAX J 17
2026-04-27T17:10:15Z,J,16,unavailable,False,BFI IMAX J 16
2026-04-27T17:10:15Z,J,15,unavailable,False,BFI IMAX J 15
2026-04-27T17:10:15Z,J,14,unavailable,False,BFI IMAX J 14
2026-04-27T17:10:15Z,J,13,unavailable,False,BFI IMAX J 13
2026-04-27T17:10:15Z,J,12,unavailable,False,BFI IMAX J 12
2026-04-27T17:10:15Z,J,11,unavailable,False,BFI IMAX J 11
2026-04-27T17:10:15Z,J,10,unavailable,False,BFI IMAX J 10
2026-04-27T17:10:15Z,J,9,sold,False,BFI IMAX J 9
2026-04-27T17:10:15Z,J,8,sold,False,BFI IMAX J 8
2026-04-27T17:10:15Z,J,7,sold,False,BFI IMAX J 7
2026-04-27T17:10:15Z,J,6,sold,False,BFI IMAX J 6
2026-04-27T17:10:15Z,J,5,sold,False,BFI IMAX J 5
2026-04-27T17:10:15Z,J,4,sold,False,BFI IMAX J 4
2026-04-27T17:10:15Z,J,3,sold,False,BFI IMAX J 3
2026-04-27T17:10:15Z,J,2,sold,False,BFI IMAX J 2
2026-04-27T17:10:15Z,J,1,sold,False,BFI IMAX J 1
2026-04-27T17:10:15Z,K,36,sold,False,BFI IMAX K 36
2026-04-27T17:10:15Z,K,35,sold,False,BFI IMAX K 35
2026-04-27T17:10:15Z,K,34,sold,False,BFI IMAX K 34
2026-04-27T17:10:15Z,K,33,sold,False,BFI IMAX K 33
2026-04-27T17:10:15Z,K,32,sold,False,BFI IMAX K 32
2026-04-27T17:10:15Z,K,31,sold,False,BFI IMAX K 31
2026-04-27T17:10:15Z,K,30,sold,False,BFI IMAX K 30
2026-04-27T17:10:15Z,K,29,sold,False,BFI IMAX K 29
2026-04-27T17:10:15Z,K,28,sold,False,BFI IMAX K 28
2026-04-27T17:10:15Z,A,13,unavailable,False,BFI IMAX A 13
2026-04-27T17:10:15Z,A,12,unavailable,False,BFI IMAX A 12
2026-04-27T17:10:15Z,K,25,sold,False,BFI IMAX K 25
2026-04-27T17:10:15Z,K,24,sold,False,BFI IMAX K 24
2026-04-27T17:10:15Z,K,23,sold,False,BFI IMAX K 23
2026-04-27T17:10:15Z,K,22,sold,False,BFI IMAX K 22
2026-04-27T17:10:15Z,K,21,sold,False,BFI IMAX K 21
2026-04-27T17:10:15Z,K,20,sold,False,BFI IMAX K 20
2026-04-27T17:10:15Z,K,19,unavailable,False,BFI IMAX K 19
2026-04-27T17:10:15Z,K,18,unavailable,False,BFI IMAX K 18
2026-04-27T17:10:15Z,K,17,unavailable,False,BFI IMAX K 17
2026-04-27T17:10:15Z,K,16,unavailable,False,BFI IMAX K 16
2026-04-27T17:10:15Z,K,15,unavailable,False,BFI IMAX K 15
2026-04-27T17:10:15Z,K,14,unavailable,False,BFI IMAX K 14
2026-04-27T17:10:15Z,K,13,unavailable,False,BFI IMAX K 13
2026-04-27T17:10:15Z,K,12,unavailable,False,BFI IMAX K 12
2026-04-27T17:10:15Z,K,11,unavailable,False,BFI IMAX K 11
2026-04-27T17:10:15Z,K,10,unavailable,False,BFI IMAX K 10
2026-04-27T17:10:15Z,K,9,sold,False,BFI IMAX K 9
2026-04-27T17:10:15Z,K,8,sold,False,BFI IMAX K 8
2026-04-27T17:10:15Z,K,7,sold,False,BFI IMAX K 7
2026-04-27T17:10:15Z,K,6,sold,False,BFI IMAX K 6
2026-04-27T17:10:15Z,K,5,sold,False,BFI IMAX K 5
2026-04-27T17:10:15Z,K,4,sold,False,BFI IMAX K 4
2026-04-27T17:10:15Z,K,3,sold,False,BFI IMAX K 3
2026-04-27T17:10:15Z,K,2,sold,False,BFI IMAX K 2
2026-04-27T17:10:15Z,K,1,sold,False,BFI IMAX K 1
2026-04-27T17:10:15Z,L,33,sold,False,BFI IMAX L 33
2026-04-27T17:10:15Z,L,32,sold,False,BFI IMAX L 32
2026-04-27T17:10:15Z,L,31,sold,False,BFI IMAX L 31
2026-04-27T17:10:15Z,L,30,sold,False,BFI IMAX L 30
2026-04-27T17:10:15Z,L,29,sold,False,BFI IMAX L 29
2026-04-27T17:10:15Z,L,28,sold,False,BFI IMAX L 28
2026-04-27T17:10:15Z,L,27,sold,False,BFI IMAX L 27
2026-04-27T17:10:15Z,L,26,sold,False,BFI IMAX L 26
2026-04-27T17:10:15Z,L,8,sold,False,BFI IMAX L 8
2026-04-27T17:10:15Z,L,7,sold,False,BFI IMAX L 7
2026-04-27T17:10:15Z,L,6,sold,False,BFI IMAX L 6
2026-04-27T17:10:15Z,L,5,sold,False,BFI IMAX L 5
2026-04-27T17:10:15Z,L,4,sold,False,BFI IMAX L 4
2026-04-27T17:10:15Z,L,3,sold,False,BFI IMAX L 3
2026-04-27T17:10:15Z,L,2,sold,False,BFI IMAX L 2
2026-04-27T17:10:15Z,L,1,sold,False,BFI IMAX L 1
2026-04-27T17:10:15Z,M,34,sold,False,BFI IMAX M 34
2026-04-27T17:10:15Z,M,33,sold,False,BFI IMAX M 33
2026-04-27T17:10:15Z,M,32,sold,False,BFI IMAX M 32
2026-04-27T17:10:15Z,M,31,sold,False,BFI IMAX M 31
2026-04-27T17:10:15Z,M,30,sold,False,BFI IMAX M 30
2026-04-27T17:10:15Z,M,29,sold,False,BFI IMAX M 29
2026-04-27T17:10:15Z,M,28,sold,False,BFI IMAX M 28
2026-04-27T17:10:15Z,M,27,sold,False,BFI IMAX M 27
2026-04-27T17:10:15Z,A,11,unavailable,False,BFI IMAX A 11
2026-04-27T17:10:15Z,A,10,unavailable,False,BFI IMAX A 10
2026-04-27T17:10:15Z,M,6,sold,False,BFI IMAX M 6
2026-04-27T17:10:15Z,M,5,sold,False,BFI IMAX M 5
2026-04-27T17:10:15Z,M,4,sold,False,BFI IMAX M 4
2026-04-27T17:10:15Z,M,3,sold,False,BFI IMAX M 3
2026-04-27T17:10:15Z,M,2,sold,False,BFI IMAX M 2
2026-04-27T17:10:15Z,M,1,sold,False,BFI IMAX M 1
2026-04-27T17:10:15Z,N,34,unavailable,False,BFI IMAX N 34
2026-04-27T17:10:15Z,N,33,unavailable,False,BFI IMAX N 33
2026-04-27T17:10:15Z,N,32,unavailable,False,BFI IMAX N 32
2026-04-27T17:10:15Z,N,31,unavailable,False,BFI IMAX N 31
2026-04-27T17:10:15Z,N,30,unavailable,False,BFI IMAX N 30
2026-04-27T17:10:15Z,N,29,unavailable,False,BFI IMAX N 29
2026-04-27T17:10:15Z,N,28,unavailable,False,BFI IMAX N 28
2026-04-27T17:10:15Z,N,27,unavailable,False,BFI IMAX N 27
2026-04-27T17:10:15Z,N,8,sold,False,BFI IMAX N 8
2026-04-27T17:10:15Z,N,7,sold,False,BFI IMAX N 7
2026-04-27T17:10:15Z,N,6,sold,False,BFI IMAX N 6
2026-04-27T17:10:15Z,N,5,sold,False,BFI IMAX N 5
2026-04-27T17:10:15Z,N,4,sold,False,BFI IMAX N 4
2026-04-27T17:10:15Z,N,3,sold,False,BFI IMAX N 3
2026-04-27T17:10:15Z,N,2,sold,False,BFI IMAX N 2
2026-04-27T17:10:15Z,N,1,sold,False,BFI IMAX N 1
2026-04-27T17:10:15Z,P,31,sold,False,BFI IMAX P 31
2026-04-27T17:10:15Z,A,9,unavailable,False,BFI IMAX A 9
2026-04-27T17:10:15Z,A,8,unavailable,False,BFI IMAX A 8
2026-04-27T17:10:15Z,P,26,unavailable,False,BFI IMAX P 26
2026-04-27T17:10:15Z,P,6,sold,False,BFI IMAX P 6
2026-04-27T17:10:15Z,A,7,unavailable,False,BFI IMAX A 7
2026-04-27T17:10:15Z,A,6,unavailable,False,BFI IMAX A 6
2026-04-27T17:10:15Z,P,1,sold,False,BFI IMAX P 1
2026-04-27T17:10:15Z,M,11,sold,False,BFI IMAX M 11
2026-04-27T17:10:15Z,M,10,sold,False,BFI IMAX M 10
2026-04-27T17:10:15Z,M,9,sold,False,BFI IMAX M 9
2026-04-27T17:10:15Z,L,9,sold,False,BFI IMAX L 9
2026-04-27T17:10:15Z,L,25,sold,False,BFI IMAX L 25
2026-04-27T17:10:15Z,L,24,sold,False,BFI IMAX L 24
2026-04-27T17:10:15Z,L,23,sold,False,BFI IMAX L 23
2026-04-27T17:10:15Z,L,22,sold,False,BFI IMAX L 22
2026-04-27T17:10:15Z,L,21,sold,False,BFI IMAX L 21
2026-04-27T17:10:15Z,L,20,sold,False,BFI IMAX L 20
2026-04-27T17:10:15Z,L,19,sold,False,BFI IMAX L 19
2026-04-27T17:10:15Z,L,18,sold,False,BFI IMAX L 18
2026-04-27T17:10:15Z,L,17,sold,False,BFI IMAX L 17
2026-04-27T17:10:15Z,L,16,sold,False,BFI IMAX L 16
2026-04-27T17:10:15Z,L,15,sold,False,BFI IMAX L 15
2026-04-27T17:10:15Z,L,14,sold,False,BFI IMAX L 14
2026-04-27T17:10:15Z,L,13,sold,False,BFI IMAX L 13
2026-04-27T17:10:15Z,L,12,sold,False,BFI IMAX L 12
2026-04-27T17:10:15Z,L,11,sold,False,BFI IMAX L 11
2026-04-27T17:10:15Z,N,26,unavailable,False,BFI IMAX N 26
2026-04-27T17:10:15Z,N,25,unavailable,False,BFI IMAX N 25
2026-04-27T17:10:15Z,N,24,unavailable,False,BFI IMAX N 24
2026-04-27T17:10:15Z,N,23,unavailable,False,BFI IMAX N 23
2026-04-27T17:10:15Z,N,22,sold,False,BFI IMAX N 22
2026-04-27T17:10:15Z,N,21,sold,False,BFI IMAX N 21
2026-04-27T17:10:15Z,N,20,sold,False,BFI IMAX N 20
2026-04-27T17:10:15Z,N,19,sold,False,BFI IMAX N 19
2026-04-27T17:10:15Z,N,18,sold,False,BFI IMAX N 18
2026-04-27T17:10:15Z,N,17,sold,False,BFI IMAX N 17
2026-04-27T17:10:15Z,N,16,sold,False,BFI IMAX N 16
2026-04-27T17:10:15Z,N,15,sold,False,BFI IMAX N 15
2026-04-27T17:10:15Z,N,14,sold,False,BFI IMAX N 14
2026-04-27T17:10:15Z,N,13,sold,False,BFI IMAX N 13
2026-04-27T17:10:15Z,N,12,unavailable,False,BFI IMAX N 12
2026-04-27T17:10:15Z,N,11,unavailable,False,BFI IMAX N 11
2026-04-27T17:10:15Z,N,10,unavailable,False,BFI IMAX N 10
2026-04-27T17:10:15Z,N,9,unavailable,False,BFI IMAX N 9
2026-04-27T17:10:15Z,L,10,sold,False,BFI IMAX L 10
2026-04-27T17:10:15Z,M,26,sold,False,BFI IMAX M 26
2026-04-27T17:10:15Z,M,25,sold,False,BFI IMAX M 25
2026-04-27T17:10:15Z,M,24,sold,False,BFI IMAX M 24
2026-04-27T17:10:15Z,M,23,sold,False,BFI IMAX M 23
2026-04-27T17:10:15Z,M,22,sold,False,BFI IMAX M 22
2026-04-27T17:10:15Z,M,21,sold,False,BFI IMAX M 21
2026-04-27T17:10:15Z,M,20,sold,False,BFI IMAX M 20
2026-04-27T17:10:15Z,M,19,sold,False,BFI IMAX M 19
2026-04-27T17:10:15Z,M,18,sold,False,BFI IMAX M 18
2026-04-27T17:10:15Z,M,17,sold,False,BFI IMAX M 17
2026-04-27T17:10:15Z,M,16,sold,False,BFI IMAX M 16
2026-04-27T17:10:15Z,M,15,sold,False,BFI IMAX M 15
2026-04-27T17:10:15Z,M,14,sold,False,BFI IMAX M 14
2026-04-27T17:10:15Z,M,13,sold,False,BFI IMAX M 13
2026-04-27T17:10:15Z,M,12,sold,False,BFI IMAX M 12
2026-04-27T17:10:15Z,P,30,sold,True,BFI IMAX P 30
2026-04-27T17:10:15Z,P,27,sold,True,BFI IMAX P 27
2026-04-27T17:10:15Z,P,2,sold,True,BFI IMAX P 2
2026-04-27T17:10:15Z,P,5,sold,True,BFI IMAX P 5
2026-04-27T17:10:15Z,P,19,sold,False,BFI IMAX P 19
2026-04-27T17:10:15Z,P,18,sold,False,BFI IMAX P 18
2026-04-27T17:10:15Z,P,17,sold,False,BFI IMAX P 17
2026-04-27T17:10:15Z,P,16,sold,False,BFI IMAX P 16
2026-04-27T17:10:15Z,P,15,sold,False,BFI IMAX P 15
2026-04-27T17:10:15Z,P,14,sold,False,BFI IMAX P 14
2026-04-27T17:10:15Z,P,13,sold,False,BFI IMAX P 13
2026-04-27T17:10:15Z,P,12,sold,False,BFI IMAX P 12
2026-04-27T17:10:15Z,P,11,sold,False,BFI IMAX P 11
2026-04-27T17:10:15Z,P,10,sold,False,BFI IMAX P 10
2026-04-27T17:10:15Z,P,9,sold,False,BFI IMAX P 9
2026-04-27T17:10:15Z,P,8,sold,False,BFI IMAX P 8
2026-04-27T17:10:15Z,P,7,sold,False,BFI IMAX P 7
2026-04-27T17:10:15Z,P,25,sold,False,BFI IMAX P 25
2026-04-27T17:10:15Z,P,24,sold,False,BFI IMAX P 24
2026-04-27T17:10:15Z,P,23,sold,False,BFI IMAX P 23
2026-04-27T17:10:15Z,P,22,sold,False,BFI IMAX P 22
2026-04-27T17:10:15Z,P,21,sold,False,BFI IMAX P 21
2026-04-27T17:10:15Z,P,20,sold,False,BFI IMAX P 20
2026-04-27T17:10:15Z,Q,18,sold,False,BFI IMAX Q 18
2026-04-27T17:10:15Z,Q,17,sold,False,BFI IMAX Q 17
2026-04-27T17:10:15Z,Q,16,sold,False,BFI IMAX Q 16
2026-04-27T17:10:15Z,Q,15,sold,False,BFI IMAX Q 15
2026-04-27T17:10:15Z,Q,14,sold,False,BFI IMAX Q 14
2026-04-27T17:10:15Z,Q,13,sold,False,BFI IMAX Q 13
2026-04-27T17:10:15Z,Q,12,sold,False,BFI IMAX Q 12
2026-04-27T17:10:15Z,Q,11,sold,False,BFI IMAX Q 11
2026-04-27T17:10:15Z,Q,10,sold,False,BFI IMAX Q 10
2026-04-27T17:10:15Z,Q,9,sold,False,BFI IMAX Q 9
2026-04-27T17:10:15Z,Q,8,sold,False,BFI IMAX Q 8
2026-04-27T17:10:15Z,Q,7,sold,False,BFI IMAX Q 7
2026-04-27T17:10:15Z,Q,6,sold,False,BFI IMAX Q 6
2026-04-27T17:10:15Z,Q,5,sold,False,BFI IMAX Q 5
2026-04-27T17:10:15Z,Q,4,sold,False,BFI IMAX Q 4
2026-04-27T17:10:15Z,Q,3,sold,False,BFI IMAX Q 3
2026-04-27T17:10:15Z,Q,2,sold,False,BFI IMAX Q 2
2026-04-27T17:10:15Z,Q,1,sold,False,BFI IMAX Q 1
2026-04-27T17:57:10Z,K,27,sold,False,BFI IMAX K 27
2026-04-27T17:57:10Z,K,26,sold,False,BFI IMAX K 26
2026-04-27T17:57:10Z,M,8,sold,False,BFI IMAX M 8
2026-04-27T17:57:10Z,M,7,sold,False,BFI IMAX M 7
2026-04-27T17:57:10Z,P,29,sold,True,BFI IMAX P 29
2026-04-27T17:57:10Z,P,28,sold,True,BFI IMAX P 28
2026-04-27T17:57:10Z,P,4,sold,True,BFI IMAX P 4
2026-04-27T17:57:10Z,P,3,sold,True,BFI IMAX P 3
2026-04-27T17:57:10Z,A,5,unavailable,False,BFI IMAX A 5
2026-04-27T17:57:10Z,A,4,unavailable,False,BFI IMAX A 4
2026-04-27T17:57:10Z,A,3,unavailable,False,BFI IMAX A 3
2026-04-27T17:57:10Z,A,2,unavailable,False,BFI IMAX A 2
2026-04-27T17:57:10Z,A,1,unavailable,False,BFI IMAX A 1
2026-04-27T17:57:10Z,B,36,unavailable,False,BFI IMAX B 36
2026-04-27T17:57:10Z,B,35,unavailable,False,BFI IMAX B 35
2026-04-27T17:57:10Z,B,34,unavailable,False,BFI IMAX B 34
2026-04-27T17:57:10Z,B,33,unavailable,False,BFI IMAX B 33
2026-04-27T17:57:10Z,B,32,unavailable,False,BFI IMAX B 32
2026-04-27T17:57:10Z,B,31,unavailable,False,BFI IMAX B 31
2026-04-27T17:57:10Z,B,30,unavailable,False,BFI IMAX B 30
2026-04-27T17:57:10Z,B,29,unavailable,False,BFI IMAX B 29
2026-04-27T17:57:10Z,B,28,unavailable,False,BFI IMAX B 28
2026-04-27T17:57:10Z,B,27,unavailable,False,BFI IMAX B 27
2026-04-27T17:57:10Z,B,26,unavailable,False,BFI IMAX B 26
2026-04-27T17:57:10Z,B,25,unavailable,False,BFI IMAX B 25
2026-04-27T17:57:10Z,B,24,unavailable,False,BFI IMAX B 24
2026-04-27T17:57:10Z,B,23,unavailable,False,BFI IMAX B 23
2026-04-27T17:57:10Z,B,22,unavailable,False,BFI IMAX B 22
2026-04-27T17:57:10Z,B,21,sold,False,BFI IMAX B 21
2026-04-27T17:57:10Z,B,20,sold,False,BFI IMAX B 20
2026-04-27T17:57:10Z,B,19,sold,False,BFI IMAX B 19
2026-04-27T17:57:10Z,B,18,sold,False,BFI IMAX B 18
2026-04-27T17:57:10Z,B,17,sold,False,BFI IMAX B 17
2026-04-27T17:57:10Z,B,16,sold,False,BFI IMAX B 16
2026-04-27T17:57:10Z,B,15,sold,False,BFI IMAX B 15
2026-04-27T17:57:10Z,B,14,sold,False,BFI IMAX B 14
2026-04-27T17:57:10Z,B,13,unavailable,False,BFI IMAX B 13
2026-04-27T17:57:10Z,B,12,unavailable,False,BFI IMAX B 12
2026-04-27T17:57:10Z,B,11,unavailable,False,BFI IMAX B 11
2026-04-27T17:57:10Z,B,10,unavailable,False,BFI IMAX B 10
2026-04-27T17:57:10Z,B,9,unavailable,False,BFI IMAX B 9
2026-04-27T17:57:10Z,B,8,unavailable,False,BFI IMAX B 8
2026-04-27T17:57:10Z,B,7,unavailable,False,BFI IMAX B 7
2026-04-27T17:57:10Z,B,6,unavailable,False,BFI IMAX B 6
2026-04-27T17:57:10Z,B,5,unavailable,False,BFI IMAX B 5
2026-04-27T17:57:10Z,B,4,unavailable,False,BFI IMAX B 4
2026-04-27T17:57:10Z,B,3,unavailable,False,BFI IMAX B 3
2026-04-27T17:57:10Z,B,2,unavailable,False,BFI IMAX B 2
2026-04-27T17:57:10Z,B,1,unavailable,False,BFI IMAX B 1
2026-04-27T17:57:10Z,C,36,sold,False,BFI IMAX C 36
2026-04-27T17:57:10Z,C,35,sold,False,BFI IMAX C 35
2026-04-27T17:57:10Z,C,34,sold,False,BFI IMAX C 34
2026-04-27T17:57:10Z,C,33,sold,False,BFI IMAX C 33
2026-04-27T17:57:10Z,C,32,sold,False,BFI IMAX C 32
2026-04-27T17:57:10Z,C,31,sold,False,BFI IMAX C 31
2026-04-27T17:57:10Z,C,30,sold,False,BFI IMAX C 30
2026-04-27T17:57:10Z,C,29,sold,False,BFI IMAX C 29
2026-04-27T17:57:10Z,C,28,sold,False,BFI IMAX C 28
2026-04-27T17:57:10Z,C,27,sold,False,BFI IMAX C 27
2026-04-27T17:57:10Z,C,26,sold,False,BFI IMAX C 26
2026-04-27T17:57:10Z,C,25,unavailable,False,BFI IMAX C 25
2026-04-27T17:57:10Z,C,24,unavailable,False,BFI IMAX C 24
2026-04-27T17:57:10Z,C,23,unavailable,False,BFI IMAX C 23
2026-04-27T17:57:10Z,C,22,sold,False,BFI IMAX C 22
2026-04-27T17:57:10Z,C,21,sold,False,BFI IMAX C 21
2026-04-27T17:57:10Z,C,20,sold,False,BFI IMAX C 20
2026-04-27T17:57:10Z,C,19,sold,False,BFI IMAX C 19
2026-04-27T17:57:10Z,C,18,sold,False,BFI IMAX C 18
2026-04-27T17:57:10Z,C,17,sold,False,BFI IMAX C 17
2026-04-27T17:57:10Z,C,16,sold,False,BFI IMAX C 16
2026-04-27T17:57:10Z,C,15,sold,False,BFI IMAX C 15
2026-04-27T17:57:10Z,C,14,sold,False,BFI IMAX C 14
2026-04-27T17:57:10Z,C,13,sold,False,BFI IMAX C 13
2026-04-27T17:57:10Z,C,12,sold,False,BFI IMAX C 12
2026-04-27T17:57:10Z,C,11,sold,False,BFI IMAX C 11
2026-04-27T17:57:10Z,C,10,sold,False,BFI IMAX C 10
2026-04-27T17:57:10Z,C,9,sold,False,BFI IMAX C 9
2026-04-27T17:57:10Z,C,8,sold,False,BFI IMAX C 8
2026-04-27T17:57:10Z,C,7,sold,False,BFI IMAX C 7
2026-04-27T17:57:10Z,C,6,sold,False,BFI IMAX C 6
2026-04-27T17:57:10Z,C,5,sold,False,BFI IMAX C 5
2026-04-27T17:57:10Z,C,4,sold,False,BFI IMAX C 4
2026-04-27T17:57:10Z,C,3,sold,False,BFI IMAX C 3
2026-04-27T17:57:10Z,C,2,sold,False,BFI IMAX C 2
2026-04-27T17:57:10Z,C,1,sold,False,BFI IMAX C 1
2026-04-27T17:57:10Z,D,37,sold,False,BFI IMAX D 37
2026-04-27T17:57:10Z,D,36,sold,False,BFI IMAX D 36
2026-04-27T17:57:10Z,D,35,sold,False,BFI IMAX D 35
2026-04-27T17:57:10Z,D,34,sold,False,BFI IMAX D 34
2026-04-27T17:57:10Z,D,33,available,False,BFI IMAX D 33
2026-04-27T17:57:10Z,D,32,sold,False,BFI IMAX D 32
2026-04-27T17:57:10Z,D,31,sold,False,BFI IMAX D 31
2026-04-27T17:57:10Z,D,30,sold,False,BFI IMAX D 30
2026-04-27T17:57:10Z,D,29,sold,False,BFI IMAX D 29
2026-04-27T17:57:10Z,D,28,sold,False,BFI IMAX D 28
2026-04-27T17:57:10Z,D,27,sold,False,BFI IMAX D 27
2026-04-27T17:57:10Z,D,26,sold,False,BFI IMAX D 26
2026-04-27T17:57:10Z,D,25,sold,False,BFI IMAX D 25
2026-04-27T17:57:10Z,D,24,sold,False,BFI IMAX D 24
2026-04-27T17:57:10Z,D,23,sold,False,BFI IMAX D 23
2026-04-27T17:57:10Z,D,22,sold,False,BFI IMAX D 22
2026-04-27T17:57:10Z,D,21,sold,False,BFI IMAX D 21
2026-04-27T17:57:10Z,D,20,sold,False,BFI IMAX D 20
2026-04-27T17:57:10Z,D,19,unavailable,False,BFI IMAX D 19
2026-04-27T17:57:10Z,D,18,unavailable,False,BFI IMAX D 18
2026-04-27T17:57:10Z,D,17,sold,False,BFI IMAX D 17
2026-04-27T17:57:10Z,D,16,sold,False,BFI IMAX D 16
2026-04-27T17:57:10Z,D,15,sold,False,BFI IMAX D 15
2026-04-27T17:57:10Z,D,14,sold,False,BFI IMAX D 14
2026-04-27T17:57:10Z,D,13,sold,False,BFI IMAX D 13
2026-04-27T17:57:10Z,D,12,sold,False,BFI IMAX D 12
2026-04-27T17:57:10Z,D,11,sold,False,BFI IMAX D 11
2026-04-27T17:57:10Z,D,10,sold,False,BFI IMAX D 10
2026-04-27T17:57:10Z,D,9,sold,False,BFI IMAX D 9
2026-04-27T17:57:10Z,D,8,sold,False,BFI IMAX D 8
2026-04-27T17:57:10Z,D,7,sold,False,BFI IMAX D 7
2026-04-27T17:57:10Z,D,6,sold,False,BFI IMAX D 6
2026-04-27T17:57:10Z,D,5,sold,False,BFI IMAX D 5
2026-04-27T17:57:10Z,D,4,sold,False,BFI IMAX D 4
2026-04-27T17:57:10Z,D,3,sold,False,BFI IMAX D 3
2026-04-27T17:57:10Z,D,2,sold,False,BFI IMAX D 2
2026-04-27T17:57:10Z,D,1,sold,False,BFI IMAX D 1
2026-04-27T17:57:10Z,E,37,sold,False,BFI IMAX E 37
2026-04-27T17:57:10Z,E,36,sold,False,BFI IMAX E 36
2026-04-27T17:57:10Z,E,35,sold,False,BFI IMAX E 35
2026-04-27T17:57:10Z,E,34,sold,False,BFI IMAX E 34
2026-04-27T17:57:10Z,E,33,sold,False,BFI IMAX E 33
2026-04-27T17:57:10Z,E,32,sold,False,BFI IMAX E 32
2026-04-27T17:57:10Z,E,31,sold,False,BFI IMAX E 31
2026-04-27T17:57:10Z,E,30,sold,False,BFI IMAX E 30
2026-04-27T17:57:10Z,E,29,sold,False,BFI IMAX E 29
2026-04-27T17:57:10Z,E,28,sold,False,BFI IMAX E 28
2026-04-27T17:57:10Z,E,27,sold,False,BFI IMAX E 27
2026-04-27T17:57:10Z,E,26,sold,False,BFI IMAX E 26
2026-04-27T17:57:10Z,E,25,sold,False,BFI IMAX E 25
2026-04-27T17:57:10Z,E,24,sold,False,BFI IMAX E 24
2026-04-27T17:57:10Z,E,23,sold,False,BFI IMAX E 23
2026-04-27T17:57:10Z,E,22,sold,False,BFI IMAX E 22
2026-04-27T17:57:10Z,E,21,sold,False,BFI IMAX E 21
2026-04-27T17:57:10Z,E,20,sold,False,BFI IMAX E 20
2026-04-27T17:57:10Z,E,19,sold,False,BFI IMAX E 19
2026-04-27T17:57:10Z,E,18,sold,False,BFI IMAX E 18
2026-04-27T17:57:10Z,E,17,sold,False,BFI IMAX E 17
2026-04-27T17:57:10Z,E,16,sold,False,BFI IMAX E 16
2026-04-27T17:57:10Z,E,15,sold,False,BFI IMAX E 15
2026-04-27T17:57:10Z,E,14,sold,False,BFI IMAX E 14
2026-04-27T17:57:10Z,E,13,sold,False,BFI IMAX E 13
2026-04-27T17:57:10Z,E,12,sold,False,BFI IMAX E 12
2026-04-27T17:57:10Z,E,11,sold,False,BFI IMAX E 11
2026-04-27T17:57:10Z,E,10,sold,False,BFI IMAX E 10
2026-04-27T17:57:10Z,E,9,sold,False,BFI IMAX E 9
2026-04-27T17:57:10Z,E,8,sold,False,BFI IMAX E 8
2026-04-27T17:57:10Z,E,7,sold,False,BFI IMAX E 7
2026-04-27T17:57:10Z,E,6,sold,False,BFI IMAX E 6
2026-04-27T17:57:10Z,E,5,sold,False,BFI IMAX E 5
2026-04-27T17:57:10Z,E,4,sold,False,BFI IMAX E 4
2026-04-27T17:57:10Z,E,3,sold,False,BFI IMAX E 3
2026-04-27T17:57:10Z,E,2,sold,False,BFI IMAX E 2
2026-04-27T17:57:10Z,E,1,sold,False,BFI IMAX E 1
2026-04-27T17:57:10Z,F,38,sold,False,BFI IMAX F 38
2026-04-27T17:57:10Z,F,37,sold,False,BFI IMAX F 37
2026-04-27T17:57:10Z,F,36,sold,False,BFI IMAX F 36
2026-04-27T17:57:10Z,F,35,sold,False,BFI IMAX F 35
2026-04-27T17:57:10Z,F,34,sold,False,BFI IMAX F 34
2026-04-27T17:57:10Z,F,33,sold,False,BFI IMAX F 33
2026-04-27T17:57:10Z,F,32,sold,False,BFI IMAX F 32
2026-04-27T17:57:10Z,F,31,sold,False,BFI IMAX F 31
2026-04-27T17:57:10Z,F,30,sold,False,BFI IMAX F 30
2026-04-27T17:57:10Z,F,29,sold,False,BFI IMAX F 29
2026-04-27T17:57:10Z,F,28,sold,False,BFI IMAX F 28
2026-04-27T17:57:10Z,F,27,sold,False,BFI IMAX F 27
2026-04-27T17:57:10Z,F,26,sold,False,BFI IMAX F 26
2026-04-27T17:57:10Z,F,25,sold,False,BFI IMAX F 25
2026-04-27T17:57:10Z,F,24,sold,False,BFI IMAX F 24
2026-04-27T17:57:10Z,F,23,sold,False,BFI IMAX F 23
2026-04-27T17:57:10Z,F,22,sold,False,BFI IMAX F 22
2026-04-27T17:57:10Z,F,21,sold,False,BFI IMAX F 21
2026-04-27T17:57:10Z,F,20,sold,False,BFI IMAX F 20
2026-04-27T17:57:10Z,F,19,sold,False,BFI IMAX F 19
2026-04-27T17:57:10Z,F,18,sold,False,BFI IMAX F 18
2026-04-27T17:57:10Z,F,17,sold,False,BFI IMAX F 17
2026-04-27T17:57:10Z,F,16,sold,False,BFI IMAX F 16
2026-04-27T17:57:10Z,F,15,sold,False,BFI IMAX F 15
2026-04-27T17:57:10Z,F,14,sold,False,BFI IMAX F 14
2026-04-27T17:57:10Z,F,13,sold,False,BFI IMAX F 13
2026-04-27T17:57:10Z,F,12,sold,False,BFI IMAX F 12
2026-04-27T17:57:10Z,F,11,sold,False,BFI IMAX F 11
2026-04-27T17:57:10Z,F,10,sold,False,BFI IMAX F 10
2026-04-27T17:57:10Z,F,9,sold,False,BFI IMAX F 9
2026-04-27T17:57:10Z,F,8,sold,False,BFI IMAX F 8
2026-04-27T17:57:10Z,F,7,sold,False,BFI IMAX F 7
2026-04-27T17:57:10Z,F,6,sold,False,BFI IMAX F 6
2026-04-27T17:57:10Z,F,5,sold,False,BFI IMAX F 5
2026-04-27T17:57:10Z,F,4,sold,False,BFI IMAX F 4
2026-04-27T17:57:10Z,F,3,sold,False,BFI IMAX F 3
2026-04-27T17:57:10Z,F,2,sold,False,BFI IMAX F 2
2026-04-27T17:57:10Z,F,1,sold,False,BFI IMAX F 1
2026-04-27T17:57:10Z,G,37,sold,False,BFI IMAX G 37
2026-04-27T17:57:10Z,G,36,sold,False,BFI IMAX G 36
2026-04-27T17:57:10Z,G,35,sold,False,BFI IMAX G 35
2026-04-27T17:57:10Z,G,34,sold,False,BFI IMAX G 34
2026-04-27T17:57:10Z,G,33,sold,False,BFI IMAX G 33
2026-04-27T17:57:10Z,G,32,sold,False,BFI IMAX G 32
2026-04-27T17:57:10Z,G,31,sold,False,BFI IMAX G 31
2026-04-27T17:57:10Z,G,30,sold,False,BFI IMAX G 30
2026-04-27T17:57:10Z,G,29,sold,False,BFI IMAX G 29
2026-04-27T17:57:10Z,G,28,sold,False,BFI IMAX G 28
2026-04-27T17:57:10Z,G,27,sold,False,BFI IMAX G 27
2026-04-27T17:57:10Z,G,26,sold,False,BFI IMAX G 26
2026-04-27T17:57:10Z,G,25,sold,False,BFI IMAX G 25
2026-04-27T17:57:10Z,G,24,sold,False,BFI IMAX G 24
2026-04-27T17:57:10Z,G,23,sold,False,BFI IMAX G 23
2026-04-27T17:57:10Z,G,22,sold,False,BFI IMAX G 22
2026-04-27T17:57:10Z,G,21,sold,False,BFI IMAX G 21
2026-04-27T17:57:10Z,G,20,sold,False,BFI IMAX G 20
2026-04-27T17:57:10Z,G,19,sold,False,BFI IMAX G 19
2026-04-27T17:57:10Z,G,18,sold,False,BFI IMAX G 18
2026-04-27T17:57:10Z,G,17,sold,False,BFI IMAX G 17
2026-04-27T17:57:10Z,G,16,sold,False,BFI IMAX G 16
2026-04-27T17:57:10Z,G,15,sold,False,BFI IMAX G 15
2026-04-27T17:57:10Z,G,14,sold,False,BFI IMAX G 14
2026-04-27T17:57:10Z,G,13,sold,False,BFI IMAX G 13
2026-04-27T17:57:10Z,G,12,sold,False,BFI IMAX G 12
2026-04-27T17:57:10Z,G,11,sold,False,BFI IMAX G 11
2026-04-27T17:57:10Z,G,10,sold,False,BFI IMAX G 10
2026-04-27T17:57:10Z,G,9,sold,False,BFI IMAX G 9
2026-04-27T17:57:10Z,G,8,sold,False,BFI IMAX G 8
2026-04-27T17:57:10Z,G,7,sold,False,BFI IMAX G 7
2026-04-27T17:57:10Z,G,6,sold,False,BFI IMAX G 6
2026-04-27T17:57:10Z,G,5,sold,False,BFI IMAX G 5
2026-04-27T17:57:10Z,G,4,sold,False,BFI IMAX G 4
2026-04-27T17:57:10Z,G,3,sold,False,BFI IMAX G 3
2026-04-27T17:57:10Z,G,2,sold,False,BFI IMAX G 2
2026-04-27T17:57:10Z,G,1,sold,False,BFI IMAX G 1
2026-04-27T17:57:10Z,H,37,sold,False,BFI IMAX H 37
2026-04-27T17:57:10Z,H,36,sold,False,BFI IMAX H 36
2026-04-27T17:57:10Z,H,35,sold,False,BFI IMAX H 35
2026-04-27T17:57:10Z,H,34,sold,False,BFI IMAX H 34
2026-04-27T17:57:10Z,H,33,sold,False,BFI IMAX H 33
2026-04-27T17:57:10Z,H,32,sold,False,BFI IMAX H 32
2026-04-27T17:57:10Z,H,31,sold,False,BFI IMAX H 31
2026-04-27T17:57:10Z,H,30,sold,False,BFI IMAX H 30
2026-04-27T17:57:10Z,H,29,sold,False,BFI IMAX H 29
2026-04-27T17:57:10Z,H,28,sold,False,BFI IMAX H 28
2026-04-27T17:57:10Z,H,27,unavailable,False,BFI IMAX H 27
2026-04-27T17:57:10Z,H,26,unavailable,False,BFI IMAX H 26
2026-04-27T17:57:10Z,H,25,unavailable,False,BFI IMAX H 25
2026-04-27T17:57:10Z,H,24,unavailable,False,BFI IMAX H 24
2026-04-27T17:57:10Z,H,23,unavailable,False,BFI IMAX H 23
2026-04-27T17:57:10Z,H,22,unavailable,False,BFI IMAX H 22
2026-04-27T17:57:10Z,H,21,unavailable,False,BFI IMAX H 21
2026-04-27T17:57:10Z,H,20,unavailable,False,BFI IMAX H 20
2026-04-27T17:57:10Z,H,19,sold,False,BFI IMAX H 19
2026-04-27T17:57:10Z,H,18,sold,False,BFI IMAX H 18
2026-04-27T17:57:10Z,H,17,sold,False,BFI IMAX H 17
2026-04-27T17:57:10Z,H,16,sold,False,BFI IMAX H 16
2026-04-27T17:57:10Z,H,15,sold,False,BFI IMAX H 15
2026-04-27T17:57:10Z,H,14,sold,False,BFI IMAX H 14
2026-04-27T17:57:10Z,H,13,sold,False,BFI IMAX H 13
2026-04-27T17:57:10Z,H,12,sold,False,BFI IMAX H 12
2026-04-27T17:57:10Z,H,11,sold,False,BFI IMAX H 11
2026-04-27T17:57:10Z,H,10,sold,False,BFI IMAX H 10
2026-04-27T17:57:10Z,H,9,sold,False,BFI IMAX H 9
2026-04-27T17:57:10Z,H,8,sold,False,BFI IMAX H 8
2026-04-27T17:57:10Z,H,7,sold,False,BFI IMAX H 7
2026-04-27T17:57:10Z,H,6,sold,False,BFI IMAX H 6
2026-04-27T17:57:10Z,H,5,sold,False,BFI IMAX H 5
2026-04-27T17:57:10Z,H,4,sold,False,BFI IMAX H 4
2026-04-27T17:57:10Z,H,3,sold,False,BFI IMAX H 3
2026-04-27T17:57:10Z,H,2,sold,False,BFI IMAX H 2
2026-04-27T17:57:10Z,H,1,sold,False,BFI IMAX H 1
2026-04-27T17:57:10Z,J,36,sold,False,BFI IMAX J 36
2026-04-27T17:57:10Z,J,35,sold,False,BFI IMAX J 35
2026-04-27T17:57:10Z,J,34,sold,False,BFI IMAX J 34
2026-04-27T17:57:10Z,J,33,sold,False,BFI IMAX J 33
2026-04-27T17:57:10Z,J,32,sold,False,BFI IMAX J 32
2026-04-27T17:57:10Z,J,31,sold,False,BFI IMAX J 31
2026-04-27T17:57:10Z,J,30,sold,False,BFI IMAX J 30
2026-04-27T17:57:10Z,J,29,sold,False,BFI IMAX J 29
2026-04-27T17:57:10Z,J,28,sold,False,BFI IMAX J 28
2026-04-27T17:57:10Z,J,27,sold,False,BFI IMAX J 27
2026-04-27T17:57:10Z,J,26,sold,False,BFI IMAX J 26
2026-04-27T17:57:10Z,J,25,unavailable,False,BFI IMAX J 25
2026-04-27T17:57:10Z,J,24,unavailable,False,BFI IMAX J 24
2026-04-27T17:57:10Z,J,23,sold,False,BFI IMAX J 23
2026-04-27T17:57:10Z,J,22,sold,False,BFI IMAX J 22
2026-04-27T17:57:10Z,J,21,sold,False,BFI IMAX J 21
2026-04-27T17:57:10Z,J,20,sold,False,BFI IMAX J 20
2026-04-27T17:57:10Z,J,19,unavailable,False,BFI IMAX J 19
2026-04-27T17:57:10Z,J,18,unavailable,False,BFI IMAX J 18
2026-04-27T17:57:10Z,J,17,unavailable,False,BFI IMAX J 17
2026-04-27T17:57:10Z,J,16,unavailable,False,BFI IMAX J 16
2026-04-27T17:57:10Z,J,15,unavailable,False,BFI IMAX J 15
2026-04-27T17:57:10Z,J,14,unavailable,False,BFI IMAX J 14
2026-04-27T17:57:10Z,J,13,unavailable,False,BFI IMAX J 13
2026-04-27T17:57:10Z,J,12,unavailable,False,BFI IMAX J 12
2026-04-27T17:57:10Z,J,11,unavailable,False,BFI IMAX J 11
2026-04-27T17:57:10Z,J,10,unavailable,False,BFI IMAX J 10
2026-04-27T17:57:10Z,J,9,sold,False,BFI IMAX J 9
2026-04-27T17:57:10Z,J,8,sold,False,BFI IMAX J 8
2026-04-27T17:57:10Z,J,7,sold,False,BFI IMAX J 7
2026-04-27T17:57:10Z,J,6,sold,False,BFI IMAX J 6
2026-04-27T17:57:10Z,J,5,sold,False,BFI IMAX J 5
2026-04-27T17:57:10Z,J,4,sold,False,BFI IMAX J 4
2026-04-27T17:57:10Z,J,3,sold,False,BFI IMAX J 3
2026-04-27T17:57:10Z,J,2,sold,False,BFI IMAX J 2
2026-04-27T17:57:10Z,J,1,sold,False,BFI IMAX J 1
2026-04-27T17:57:10Z,K,36,sold,False,BFI IMAX K 36
2026-04-27T17:57:10Z,K,35,sold,False,BFI IMAX K 35
2026-04-27T17:57:10Z,K,34,sold,False,BFI IMAX K 34
2026-04-27T17:57:10Z,K,33,sold,False,BFI IMAX K 33
2026-04-27T17:57:10Z,K,32,sold,False,BFI IMAX K 32
2026-04-27T17:57:10Z,K,31,sold,False,BFI IMAX K 31
2026-04-27T17:57:10Z,K,30,sold,False,BFI IMAX K 30
2026-04-27T17:57:10Z,K,29,sold,False,BFI IMAX K 29
2026-04-27T17:57:10Z,K,28,sold,False,BFI IMAX K 28
2026-04-27T17:57:10Z,A,13,unavailable,False,BFI IMAX A 13
2026-04-27T17:57:10Z,A,12,unavailable,False,BFI IMAX A 12
2026-04-27T17:57:10Z,K,25,sold,False,BFI IMAX K 25
2026-04-27T17:57:10Z,K,24,sold,False,BFI IMAX K 24
2026-04-27T17:57:10Z,K,23,sold,False,BFI IMAX K 23
2026-04-27T17:57:10Z,K,22,sold,False,BFI IMAX K 22
2026-04-27T17:57:10Z,K,21,sold,False,BFI IMAX K 21
2026-04-27T17:57:10Z,K,20,sold,False,BFI IMAX K 20
2026-04-27T17:57:10Z,K,19,unavailable,False,BFI IMAX K 19
2026-04-27T17:57:10Z,K,18,unavailable,False,BFI IMAX K 18
2026-04-27T17:57:10Z,K,17,unavailable,False,BFI IMAX K 17
2026-04-27T17:57:10Z,K,16,unavailable,False,BFI IMAX K 16
2026-04-27T17:57:10Z,K,15,unavailable,False,BFI IMAX K 15
2026-04-27T17:57:10Z,K,14,unavailable,False,BFI IMAX K 14
2026-04-27T17:57:10Z,K,13,unavailable,False,BFI IMAX K 13
2026-04-27T17:57:10Z,K,12,unavailable,False,BFI IMAX K 12
2026-04-27T17:57:10Z,K,11,unavailable,False,BFI IMAX K 11
2026-04-27T17:57:10Z,K,10,unavailable,False,BFI IMAX K 10
2026-04-27T17:57:10Z,K,9,sold,False,BFI IMAX K 9
2026-04-27T17:57:10Z,K,8,sold,False,BFI IMAX K 8
2026-04-27T17:57:10Z,K,7,sold,False,BFI IMAX K 7
2026-04-27T17:57:10Z,K,6,sold,False,BFI IMAX K 6
2026-04-27T17:57:10Z,K,5,sold,False,BFI IMAX K 5
2026-04-27T17:57:10Z,K,4,sold,False,BFI IMAX K 4
2026-04-27T17:57:10Z,K,3,sold,False,BFI IMAX K 3
2026-04-27T17:57:10Z,K,2,sold,False,BFI IMAX K 2
2026-04-27T17:57:10Z,K,1,sold,False,BFI IMAX K 1
2026-04-27T17:57:10Z,L,33,sold,False,BFI IMAX L 33
2026-04-27T17:57:10Z,L,32,sold,False,BFI IMAX L 32
2026-04-27T17:57:10Z,L,31,sold,False,BFI IMAX L 31
2026-04-27T17:57:10Z,L,30,sold,False,BFI IMAX L 30
2026-04-27T17:57:10Z,L,29,sold,False,BFI IMAX L 29
2026-04-27T17:57:10Z,L,28,sold,False,BFI IMAX L 28
2026-04-27T17:57:10Z,L,27,sold,False,BFI IMAX L 27
2026-04-27T17:57:10Z,L,26,sold,False,BFI IMAX L 26
2026-04-27T17:57:10Z,L,8,sold,False,BFI IMAX L 8
2026-04-27T17:57:10Z,L,7,sold,False,BFI IMAX L 7
2026-04-27T17:57:10Z,L,6,sold,False,BFI IMAX L 6
2026-04-27T17:57:10Z,L,5,sold,False,BFI IMAX L 5
2026-04-27T17:57:10Z,L,4,sold,False,BFI IMAX L 4
2026-04-27T17:57:10Z,L,3,sold,False,BFI IMAX L 3
2026-04-27T17:57:10Z,L,2,sold,False,BFI IMAX L 2
2026-04-27T17:57:10Z,L,1,sold,False,BFI IMAX L 1
2026-04-27T17:57:10Z,M,34,sold,False,BFI IMAX M 34
2026-04-27T17:57:10Z,M,33,sold,False,BFI IMAX M 33
2026-04-27T17:57:10Z,M,32,sold,False,BFI IMAX M 32
2026-04-27T17:57:10Z,M,31,sold,False,BFI IMAX M 31
2026-04-27T17:57:10Z,M,30,sold,False,BFI IMAX M 30
2026-04-27T17:57:10Z,M,29,sold,False,BFI IMAX M 29
2026-04-27T17:57:10Z,M,28,sold,False,BFI IMAX M 28
2026-04-27T17:57:10Z,M,27,sold,False,BFI IMAX M 27
2026-04-27T17:57:10Z,A,11,unavailable,False,BFI IMAX A 11
2026-04-27T17:57:10Z,A,10,unavailable,False,BFI IMAX A 10
2026-04-27T17:57:10Z,M,6,sold,False,BFI IMAX M 6
2026-04-27T17:57:10Z,M,5,sold,False,BFI IMAX M 5
2026-04-27T17:57:10Z,M,4,sold,False,BFI IMAX M 4
2026-04-27T17:57:10Z,M,3,sold,False,BFI IMAX M 3
2026-04-27T17:57:10Z,M,2,sold,False,BFI IMAX M 2
2026-04-27T17:57:10Z,M,1,sold,False,BFI IMAX M 1
2026-04-27T17:57:10Z,N,34,unavailable,False,BFI IMAX N 34
2026-04-27T17:57:10Z,N,33,unavailable,False,BFI IMAX N 33
2026-04-27T17:57:10Z,N,32,unavailable,False,BFI IMAX N 32
2026-04-27T17:57:10Z,N,31,unavailable,False,BFI IMAX N 31
2026-04-27T17:57:10Z,N,30,unavailable,False,BFI IMAX N 30
2026-04-27T17:57:10Z,N,29,unavailable,False,BFI IMAX N 29
2026-04-27T17:57:10Z,N,28,unavailable,False,BFI IMAX N 28
2026-04-27T17:57:10Z,N,27,unavailable,False,BFI IMAX N 27
2026-04-27T17:57:10Z,N,8,sold,False,BFI IMAX N 8
2026-04-27T17:57:10Z,N,7,sold,False,BFI IMAX N 7
2026-04-27T17:57:10Z,N,6,sold,False,BFI IMAX N 6
2026-04-27T17:57:10Z,N,5,sold,False,BFI IMAX N 5
2026-04-27T17:57:10Z,N,4,sold,False,BFI IMAX N 4
2026-04-27T17:57:10Z,N,3,sold,False,BFI IMAX N 3
2026-04-27T17:57:10Z,N,2,sold,False,BFI IMAX N 2
2026-04-27T17:57:10Z,N,1,sold,False,BFI IMAX N 1
2026-04-27T17:57:10Z,P,31,sold,False,BFI IMAX P 31
2026-04-27T17:57:10Z,A,9,unavailable,False,BFI IMAX A 9
2026-04-27T17:57:10Z,A,8,unavailable,False,BFI IMAX A 8
2026-04-27T17:57:10Z,P,26,unavailable,False,BFI IMAX P 26
2026-04-27T17:57:10Z,P,6,sold,False,BFI IMAX P 6
2026-04-27T17:57:10Z,A,7,unavailable,False,BFI IMAX A 7
2026-04-27T17:57:10Z,A,6,unavailable,False,BFI IMAX A 6
2026-04-27T17:57:10Z,P,1,sold,False,BFI IMAX P 1
2026-04-27T17:57:10Z,M,11,sold,False,BFI IMAX M 11
2026-04-27T17:57:10Z,M,10,sold,False,BFI IMAX M 10
2026-04-27T17:57:10Z,M,9,sold,False,BFI IMAX M 9
2026-04-27T17:57:10Z,L,9,sold,False,BFI IMAX L 9
2026-04-27T17:57:10Z,L,25,sold,False,BFI IMAX L 25
2026-04-27T17:57:10Z,L,24,sold,False,BFI IMAX L 24
2026-04-27T17:57:10Z,L,23,sold,False,BFI IMAX L 23
2026-04-27T17:57:10Z,L,22,sold,False,BFI IMAX L 22
2026-04-27T17:57:10Z,L,21,sold,False,BFI IMAX L 21
2026-04-27T17:57:10Z,L,20,sold,False,BFI IMAX L 20
2026-04-27T17:57:10Z,L,19,sold,False,BFI IMAX L 19
2026-04-27T17:57:10Z,L,18,sold,False,BFI IMAX L 18
2026-04-27T17:57:10Z,L,17,sold,False,BFI IMAX L 17
2026-04-27T17:57:10Z,L,16,sold,False,BFI IMAX L 16
2026-04-27T17:57:10Z,L,15,sold,False,BFI IMAX L 15
2026-04-27T17:57:10Z,L,14,sold,False,BFI IMAX L 14
2026-04-27T17:57:10Z,L,13,sold,False,BFI IMAX L 13
2026-04-27T17:57:10Z,L,12,sold,False,BFI IMAX L 12
2026-04-27T17:57:10Z,L,11,sold,False,BFI IMAX L 11
2026-04-27T17:57:10Z,N,26,unavailable,False,BFI IMAX N 26
2026-04-27T17:57:10Z,N,25,unavailable,False,BFI IMAX N 25
2026-04-27T17:57:10Z,N,24,unavailable,False,BFI IMAX N 24
2026-04-27T17:57:10Z,N,23,unavailable,False,BFI IMAX N 23
2026-04-27T17:57:10Z,N,22,sold,False,BFI IMAX N 22
2026-04-27T17:57:10Z,N,21,sold,False,BFI IMAX N 21
2026-04-27T17:57:10Z,N,20,sold,False,BFI IMAX N 20
2026-04-27T17:57:10Z,N,19,sold,False,BFI IMAX N 19
2026-04-27T17:57:10Z,N,18,sold,False,BFI IMAX N 18
2026-04-27T17:57:10Z,N,17,sold,False,BFI IMAX N 17
2026-04-27T17:57:10Z,N,16,sold,False,BFI IMAX N 16
2026-04-27T17:57:10Z,N,15,sold,False,BFI IMAX N 15
2026-04-27T17:57:10Z,N,14,sold,False,BFI IMAX N 14
2026-04-27T17:57:10Z,N,13,sold,False,BFI IMAX N 13
2026-04-27T17:57:10Z,N,12,unavailable,False,BFI IMAX N 12
2026-04-27T17:57:10Z,N,11,unavailable,False,BFI IMAX N 11
2026-04-27T17:57:10Z,N,10,unavailable,False,BFI IMAX N 10
2026-04-27T17:57:10Z,N,9,unavailable,False,BFI IMAX N 9
2026-04-27T17:57:10Z,L,10,sold,False,BFI IMAX L 10
2026-04-27T17:57:10Z,M,26,sold,False,BFI IMAX M 26
2026-04-27T17:57:10Z,M,25,sold,False,BFI IMAX M 25
2026-04-27T17:57:10Z,M,24,sold,False,BFI IMAX M 24
2026-04-27T17:57:10Z,M,23,sold,False,BFI IMAX M 23
2026-04-27T17:57:10Z,M,22,sold,False,BFI IMAX M 22
2026-04-27T17:57:10Z,M,21,sold,False,BFI IMAX M 21
2026-04-27T17:57:10Z,M,20,sold,False,BFI IMAX M 20
2026-04-27T17:57:10Z,M,19,sold,False,BFI IMAX M 19
2026-04-27T17:57:10Z,M,18,sold,False,BFI IMAX M 18
2026-04-27T17:57:10Z,M,17,sold,False,BFI IMAX M 17
2026-04-27T17:57:10Z,M,16,sold,False,BFI IMAX M 16
2026-04-27T17:57:10Z,M,15,sold,False,BFI IMAX M 15
2026-04-27T17:57:10Z,M,14,sold,False,BFI IMAX M 14
2026-04-27T17:57:10Z,M,13,sold,False,BFI IMAX M 13
2026-04-27T17:57:10Z,M,12,sold,False,BFI IMAX M 12
2026-04-27T17:57:10Z,P,30,sold,True,BFI IMAX P 30
2026-04-27T17:57:10Z,P,27,sold,True,BFI IMAX P 27
2026-04-27T17:57:10Z,P,2,sold,True,BFI IMAX P 2
2026-04-27T17:57:10Z,P,5,sold,True,BFI IMAX P 5
2026-04-27T17:57:10Z,P,19,sold,False,BFI IMAX P 19
2026-04-27T17:57:10Z,P,18,sold,False,BFI IMAX P 18
2026-04-27T17:57:10Z,P,17,sold,False,BFI IMAX P 17
2026-04-27T17:57:10Z,P,16,sold,False,BFI IMAX P 16
2026-04-27T17:57:10Z,P,15,sold,False,BFI IMAX P 15
2026-04-27T17:57:10Z,P,14,sold,False,BFI IMAX P 14
2026-04-27T17:57:10Z,P,13,sold,False,BFI IMAX P 13
2026-04-27T17:57:10Z,P,12,sold,False,BFI IMAX P 12
2026-04-27T17:57:10Z,P,11,sold,False,BFI IMAX P 11
2026-04-27T17:57:10Z,P,10,sold,False,BFI IMAX P 10
2026-04-27T17:57:10Z,P,9,sold,False,BFI IMAX P 9
2026-04-27T17:57:10Z,P,8,sold,False,BFI IMAX P 8
2026-04-27T17:57:10Z,P,7,sold,False,BFI IMAX P 7
2026-04-27T17:57:10Z,P,25,sold,False,BFI IMAX P 25
2026-04-27T17:57:10Z,P,24,sold,False,BFI IMAX P 24
2026-04-27T17:57:10Z,P,23,sold,False,BFI IMAX P 23
2026-04-27T17:57:10Z,P,22,sold,False,BFI IMAX P 22
2026-04-27T17:57:10Z,P,21,sold,False,BFI IMAX P 21
2026-04-27T17:57:10Z,P,20,sold,False,BFI IMAX P 20
2026-04-27T17:57:10Z,Q,18,sold,False,BFI IMAX Q 18
2026-04-27T17:57:10Z,Q,17,sold,False,BFI IMAX Q 17
2026-04-27T17:57:10Z,Q,16,sold,False,BFI IMAX Q 16
2026-04-27T17:57:10Z,Q,15,sold,False,BFI IMAX Q 15
2026-04-27T17:57:10Z,Q,14,sold,False,BFI IMAX Q 14
2026-04-27T17:57:10Z,Q,13,sold,False,BFI IMAX Q 13
2026-04-27T17:57:10Z,Q,12,sold,False,BFI IMAX Q 12
2026-04-27T17:57:10Z,Q,11,sold,False,BFI IMAX Q 11
2026-04-27T17:57:10Z,Q,10,sold,False,BFI IMAX Q 10
2026-04-27T17:57:10Z,Q,9,sold,False,BFI IMAX Q 9
2026-04-27T17:57:10Z,Q,8,sold,False,BFI IMAX Q 8
2026-04-27T17:57:10Z,Q,7,sold,False,BFI IMAX Q 7
2026-04-27T17:57:10Z,Q,6,sold,False,BFI IMAX Q 6
2026-04-27T17:57:10Z,Q,5,sold,False,BFI IMAX Q 5
2026-04-27T17:57:10Z,Q,4,sold,False,BFI IMAX Q 4
2026-04-27T17:57:10Z,Q,3,sold,False,BFI IMAX Q 3
2026-04-27T17:57:10Z,Q,2,sold,False,BFI IMAX Q 2
2026-04-27T17:57:10Z,Q,1,sold,False,BFI IMAX Q 1
2026-04-27T19:33:34Z,K,27,sold,False,BFI IMAX K 27
2026-04-27T19:33:34Z,K,26,sold,False,BFI IMAX K 26
2026-04-27T19:33:34Z,M,8,sold,False,BFI IMAX M 8
2026-04-27T19:33:34Z,M,7,sold,False,BFI IMAX M 7
2026-04-27T19:33:34Z,P,29,sold,True,BFI IMAX P 29
2026-04-27T19:33:34Z,P,28,sold,True,BFI IMAX P 28
2026-04-27T19:33:34Z,P,4,sold,True,BFI IMAX P 4
2026-04-27T19:33:34Z,P,3,sold,True,BFI IMAX P 3
2026-04-27T19:33:34Z,A,5,unavailable,False,BFI IMAX A 5
2026-04-27T19:33:34Z,A,4,unavailable,False,BFI IMAX A 4
2026-04-27T19:33:34Z,A,3,unavailable,False,BFI IMAX A 3
2026-04-27T19:33:34Z,A,2,unavailable,False,BFI IMAX A 2
2026-04-27T19:33:34Z,A,1,unavailable,False,BFI IMAX A 1
2026-04-27T19:33:34Z,B,36,unavailable,False,BFI IMAX B 36
2026-04-27T19:33:34Z,B,35,unavailable,False,BFI IMAX B 35
2026-04-27T19:33:34Z,B,34,unavailable,False,BFI IMAX B 34
2026-04-27T19:33:34Z,B,33,unavailable,False,BFI IMAX B 33
2026-04-27T19:33:34Z,B,32,unavailable,False,BFI IMAX B 32
2026-04-27T19:33:34Z,B,31,unavailable,False,BFI IMAX B 31
2026-04-27T19:33:34Z,B,30,unavailable,False,BFI IMAX B 30
2026-04-27T19:33:34Z,B,29,unavailable,False,BFI IMAX B 29
2026-04-27T19:33:34Z,B,28,unavailable,False,BFI IMAX B 28
2026-04-27T19:33:34Z,B,27,unavailable,False,BFI IMAX B 27
2026-04-27T19:33:34Z,B,26,unavailable,False,BFI IMAX B 26
2026-04-27T19:33:34Z,B,25,unavailable,False,BFI IMAX B 25
2026-04-27T19:33:34Z,B,24,unavailable,False,BFI IMAX B 24
2026-04-27T19:33:34Z,B,23,unavailable,False,BFI IMAX B 23
2026-04-27T19:33:34Z,B,22,unavailable,False,BFI IMAX B 22
2026-04-27T19:33:34Z,B,21,sold,False,BFI IMAX B 21
2026-04-27T19:33:34Z,B,20,sold,False,BFI IMAX B 20
2026-04-27T19:33:34Z,B,19,sold,False,BFI IMAX B 19
2026-04-27T19:33:34Z,B,18,sold,False,BFI IMAX B 18
2026-04-27T19:33:34Z,B,17,sold,False,BFI IMAX B 17
2026-04-27T19:33:34Z,B,16,sold,False,BFI IMAX B 16
2026-04-27T19:33:34Z,B,15,sold,False,BFI IMAX B 15
2026-04-27T19:33:34Z,B,14,sold,False,BFI IMAX B 14
2026-04-27T19:33:34Z,B,13,unavailable,False,BFI IMAX B 13
2026-04-27T19:33:34Z,B,12,unavailable,False,BFI IMAX B 12
2026-04-27T19:33:34Z,B,11,unavailable,False,BFI IMAX B 11
2026-04-27T19:33:34Z,B,10,unavailable,False,BFI IMAX B 10
2026-04-27T19:33:34Z,B,9,unavailable,False,BFI IMAX B 9
2026-04-27T19:33:34Z,B,8,unavailable,False,BFI IMAX B 8
2026-04-27T19:33:34Z,B,7,unavailable,False,BFI IMAX B 7
2026-04-27T19:33:34Z,B,6,unavailable,False,BFI IMAX B 6
2026-04-27T19:33:34Z,B,5,unavailable,False,BFI IMAX B 5
2026-04-27T19:33:34Z,B,4,unavailable,False,BFI IMAX B 4
2026-04-27T19:33:34Z,B,3,unavailable,False,BFI IMAX B 3
2026-04-27T19:33:34Z,B,2,unavailable,False,BFI IMAX B 2
2026-04-27T19:33:34Z,B,1,unavailable,False,BFI IMAX B 1
2026-04-27T19:33:34Z,C,36,sold,False,BFI IMAX C 36
2026-04-27T19:33:34Z,C,35,sold,False,BFI IMAX C 35
2026-04-27T19:33:34Z,C,34,sold,False,BFI IMAX C 34
2026-04-27T19:33:34Z,C,33,sold,False,BFI IMAX C 33
2026-04-27T19:33:34Z,C,32,sold,False,BFI IMAX C 32
2026-04-27T19:33:34Z,C,31,sold,False,BFI IMAX C 31
2026-04-27T19:33:34Z,C,30,sold,False,BFI IMAX C 30
2026-04-27T19:33:34Z,C,29,sold,False,BFI IMAX C 29
2026-04-27T19:33:34Z,C,28,sold,False,BFI IMAX C 28
2026-04-27T19:33:34Z,C,27,sold,False,BFI IMAX C 27
2026-04-27T19:33:34Z,C,26,sold,False,BFI IMAX C 26
2026-04-27T19:33:34Z,C,25,unavailable,False,BFI IMAX C 25
2026-04-27T19:33:34Z,C,24,unavailable,False,BFI IMAX C 24
2026-04-27T19:33:34Z,C,23,unavailable,False,BFI IMAX C 23
2026-04-27T19:33:34Z,C,22,sold,False,BFI IMAX C 22
2026-04-27T19:33:34Z,C,21,sold,False,BFI IMAX C 21
2026-04-27T19:33:34Z,C,20,sold,False,BFI IMAX C 20
2026-04-27T19:33:34Z,C,19,sold,False,BFI IMAX C 19
2026-04-27T19:33:34Z,C,18,sold,False,BFI IMAX C 18
2026-04-27T19:33:34Z,C,17,sold,False,BFI IMAX C 17
2026-04-27T19:33:34Z,C,16,sold,False,BFI IMAX C 16
2026-04-27T19:33:34Z,C,15,sold,False,BFI IMAX C 15
2026-04-27T19:33:34Z,C,14,sold,False,BFI IMAX C 14
2026-04-27T19:33:34Z,C,13,sold,False,BFI IMAX C 13
2026-04-27T19:33:34Z,C,12,sold,False,BFI IMAX C 12
2026-04-27T19:33:34Z,C,11,sold,False,BFI IMAX C 11
2026-04-27T19:33:34Z,C,10,sold,False,BFI IMAX C 10
2026-04-27T19:33:34Z,C,9,sold,False,BFI IMAX C 9
2026-04-27T19:33:34Z,C,8,sold,False,BFI IMAX C 8
2026-04-27T19:33:34Z,C,7,sold,False,BFI IMAX C 7
2026-04-27T19:33:34Z,C,6,sold,False,BFI IMAX C 6
2026-04-27T19:33:34Z,C,5,sold,False,BFI IMAX C 5
2026-04-27T19:33:34Z,C,4,sold,False,BFI IMAX C 4
2026-04-27T19:33:34Z,C,3,sold,False,BFI IMAX C 3
2026-04-27T19:33:34Z,C,2,sold,False,BFI IMAX C 2
2026-04-27T19:33:34Z,C,1,sold,False,BFI IMAX C 1
2026-04-27T19:33:34Z,D,37,sold,False,BFI IMAX D 37
2026-04-27T19:33:34Z,D,36,sold,False,BFI IMAX D 36
2026-04-27T19:33:34Z,D,35,sold,False,BFI IMAX D 35
2026-04-27T19:33:34Z,D,34,sold,False,BFI IMAX D 34
2026-04-27T19:33:34Z,D,33,available,False,BFI IMAX D 33
2026-04-27T19:33:34Z,D,32,sold,False,BFI IMAX D 32
2026-04-27T19:33:34Z,D,31,sold,False,BFI IMAX D 31
2026-04-27T19:33:34Z,D,30,sold,False,BFI IMAX D 30
2026-04-27T19:33:34Z,D,29,sold,False,BFI IMAX D 29
2026-04-27T19:33:34Z,D,28,sold,False,BFI IMAX D 28
2026-04-27T19:33:34Z,D,27,sold,False,BFI IMAX D 27
2026-04-27T19:33:34Z,D,26,sold,False,BFI IMAX D 26
2026-04-27T19:33:34Z,D,25,sold,False,BFI IMAX D 25
2026-04-27T19:33:34Z,D,24,sold,False,BFI IMAX D 24
2026-04-27T19:33:34Z,D,23,sold,False,BFI IMAX D 23
2026-04-27T19:33:34Z,D,22,sold,False,BFI IMAX D 22
2026-04-27T19:33:34Z,D,21,sold,False,BFI IMAX D 21
2026-04-27T19:33:34Z,D,20,sold,False,BFI IMAX D 20
2026-04-27T19:33:34Z,D,19,unavailable,False,BFI IMAX D 19
2026-04-27T19:33:34Z,D,18,unavailable,False,BFI IMAX D 18
2026-04-27T19:33:34Z,D,17,sold,False,BFI IMAX D 17
2026-04-27T19:33:34Z,D,16,sold,False,BFI IMAX D 16
2026-04-27T19:33:34Z,D,15,sold,False,BFI IMAX D 15
2026-04-27T19:33:34Z,D,14,sold,False,BFI IMAX D 14
2026-04-27T19:33:34Z,D,13,sold,False,BFI IMAX D 13
2026-04-27T19:33:34Z,D,12,sold,False,BFI IMAX D 12
2026-04-27T19:33:34Z,D,11,sold,False,BFI IMAX D 11
2026-04-27T19:33:34Z,D,10,sold,False,BFI IMAX D 10
2026-04-27T19:33:34Z,D,9,sold,False,BFI IMAX D 9
2026-04-27T19:33:34Z,D,8,sold,False,BFI IMAX D 8
2026-04-27T19:33:34Z,D,7,sold,False,BFI IMAX D 7
2026-04-27T19:33:34Z,D,6,sold,False,BFI IMAX D 6
2026-04-27T19:33:34Z,D,5,sold,False,BFI IMAX D 5
2026-04-27T19:33:34Z,D,4,sold,False,BFI IMAX D 4
2026-04-27T19:33:34Z,D,3,sold,False,BFI IMAX D 3
2026-04-27T19:33:34Z,D,2,sold,False,BFI IMAX D 2
2026-04-27T19:33:34Z,D,1,sold,False,BFI IMAX D 1
2026-04-27T19:33:34Z,E,37,sold,False,BFI IMAX E 37
2026-04-27T19:33:34Z,E,36,sold,False,BFI IMAX E 36
2026-04-27T19:33:34Z,E,35,sold,False,BFI IMAX E 35
2026-04-27T19:33:34Z,E,34,sold,False,BFI IMAX E 34
2026-04-27T19:33:34Z,E,33,sold,False,BFI IMAX E 33
2026-04-27T19:33:34Z,E,32,sold,False,BFI IMAX E 32
2026-04-27T19:33:34Z,E,31,sold,False,BFI IMAX E 31
2026-04-27T19:33:34Z,E,30,sold,False,BFI IMAX E 30
2026-04-27T19:33:34Z,E,29,sold,False,BFI IMAX E 29
2026-04-27T19:33:34Z,E,28,sold,False,BFI IMAX E 28
2026-04-27T19:33:34Z,E,27,sold,False,BFI IMAX E 27
2026-04-27T19:33:34Z,E,26,sold,False,BFI IMAX E 26
2026-04-27T19:33:34Z,E,25,sold,False,BFI IMAX E 25
2026-04-27T19:33:34Z,E,24,sold,False,BFI IMAX E 24
2026-04-27T19:33:34Z,E,23,sold,False,BFI IMAX E 23
2026-04-27T19:33:34Z,E,22,sold,False,BFI IMAX E 22
2026-04-27T19:33:34Z,E,21,sold,False,BFI IMAX E 21
2026-04-27T19:33:34Z,E,20,sold,False,BFI IMAX E 20
2026-04-27T19:33:34Z,E,19,sold,False,BFI IMAX E 19
2026-04-27T19:33:34Z,E,18,sold,False,BFI IMAX E 18
2026-04-27T19:33:34Z,E,17,sold,False,BFI IMAX E 17
2026-04-27T19:33:34Z,E,16,sold,False,BFI IMAX E 16
2026-04-27T19:33:34Z,E,15,sold,False,BFI IMAX E 15
2026-04-27T19:33:34Z,E,14,sold,False,BFI IMAX E 14
2026-04-27T19:33:34Z,E,13,sold,False,BFI IMAX E 13
2026-04-27T19:33:34Z,E,12,sold,False,BFI IMAX E 12
2026-04-27T19:33:34Z,E,11,sold,False,BFI IMAX E 11
2026-04-27T19:33:34Z,E,10,sold,False,BFI IMAX E 10
2026-04-27T19:33:34Z,E,9,sold,False,BFI IMAX E 9
2026-04-27T19:33:34Z,E,8,sold,False,BFI IMAX E 8
2026-04-27T19:33:34Z,E,7,sold,False,BFI IMAX E 7
2026-04-27T19:33:34Z,E,6,sold,False,BFI IMAX E 6
2026-04-27T19:33:34Z,E,5,sold,False,BFI IMAX E 5
2026-04-27T19:33:34Z,E,4,sold,False,BFI IMAX E 4
2026-04-27T19:33:34Z,E,3,sold,False,BFI IMAX E 3
2026-04-27T19:33:34Z,E,2,sold,False,BFI IMAX E 2
2026-04-27T19:33:34Z,E,1,sold,False,BFI IMAX E 1
2026-04-27T19:33:34Z,F,38,sold,False,BFI IMAX F 38
2026-04-27T19:33:34Z,F,37,sold,False,BFI IMAX F 37
2026-04-27T19:33:34Z,F,36,sold,False,BFI IMAX F 36
2026-04-27T19:33:34Z,F,35,sold,False,BFI IMAX F 35
2026-04-27T19:33:34Z,F,34,sold,False,BFI IMAX F 34
2026-04-27T19:33:34Z,F,33,sold,False,BFI IMAX F 33
2026-04-27T19:33:34Z,F,32,sold,False,BFI IMAX F 32
2026-04-27T19:33:34Z,F,31,sold,False,BFI IMAX F 31
2026-04-27T19:33:34Z,F,30,sold,False,BFI IMAX F 30
2026-04-27T19:33:34Z,F,29,sold,False,BFI IMAX F 29
2026-04-27T19:33:34Z,F,28,sold,False,BFI IMAX F 28
2026-04-27T19:33:34Z,F,27,sold,False,BFI IMAX F 27
2026-04-27T19:33:34Z,F,26,sold,False,BFI IMAX F 26
2026-04-27T19:33:34Z,F,25,sold,False,BFI IMAX F 25
2026-04-27T19:33:34Z,F,24,sold,False,BFI IMAX F 24
2026-04-27T19:33:34Z,F,23,sold,False,BFI IMAX F 23
2026-04-27T19:33:34Z,F,22,sold,False,BFI IMAX F 22
2026-04-27T19:33:34Z,F,21,sold,False,BFI IMAX F 21
2026-04-27T19:33:34Z,F,20,sold,False,BFI IMAX F 20
2026-04-27T19:33:34Z,F,19,sold,False,BFI IMAX F 19
2026-04-27T19:33:34Z,F,18,sold,False,BFI IMAX F 18
2026-04-27T19:33:34Z,F,17,sold,False,BFI IMAX F 17
2026-04-27T19:33:34Z,F,16,sold,False,BFI IMAX F 16
2026-04-27T19:33:34Z,F,15,sold,False,BFI IMAX F 15
2026-04-27T19:33:34Z,F,14,sold,False,BFI IMAX F 14
2026-04-27T19:33:34Z,F,13,sold,False,BFI IMAX F 13
2026-04-27T19:33:34Z,F,12,sold,False,BFI IMAX F 12
2026-04-27T19:33:34Z,F,11,sold,False,BFI IMAX F 11
2026-04-27T19:33:34Z,F,10,sold,False,BFI IMAX F 10
2026-04-27T19:33:34Z,F,9,sold,False,BFI IMAX F 9
2026-04-27T19:33:34Z,F,8,sold,False,BFI IMAX F 8
2026-04-27T19:33:34Z,F,7,sold,False,BFI IMAX F 7
2026-04-27T19:33:34Z,F,6,sold,False,BFI IMAX F 6
2026-04-27T19:33:34Z,F,5,sold,False,BFI IMAX F 5
2026-04-27T19:33:34Z,F,4,sold,False,BFI IMAX F 4
2026-04-27T19:33:34Z,F,3,sold,False,BFI IMAX F 3
2026-04-27T19:33:34Z,F,2,sold,False,BFI IMAX F 2
2026-04-27T19:33:34Z,F,1,sold,False,BFI IMAX F 1
2026-04-27T19:33:34Z,G,37,sold,False,BFI IMAX G 37
2026-04-27T19:33:34Z,G,36,sold,False,BFI IMAX G 36
2026-04-27T19:33:34Z,G,35,sold,False,BFI IMAX G 35
2026-04-27T19:33:34Z,G,34,sold,False,BFI IMAX G 34
2026-04-27T19:33:34Z,G,33,sold,False,BFI IMAX G 33
2026-04-27T19:33:34Z,G,32,sold,False,BFI IMAX G 32
2026-04-27T19:33:34Z,G,31,sold,False,BFI IMAX G 31
2026-04-27T19:33:34Z,G,30,sold,False,BFI IMAX G 30
2026-04-27T19:33:34Z,G,29,sold,False,BFI IMAX G 29
2026-04-27T19:33:34Z,G,28,sold,False,BFI IMAX G 28
2026-04-27T19:33:34Z,G,27,sold,False,BFI IMAX G 27
2026-04-27T19:33:34Z,G,26,sold,False,BFI IMAX G 26
2026-04-27T19:33:34Z,G,25,sold,False,BFI IMAX G 25
2026-04-27T19:33:34Z,G,24,sold,False,BFI IMAX G 24
2026-04-27T19:33:34Z,G,23,sold,False,BFI IMAX G 23
2026-04-27T19:33:34Z,G,22,sold,False,BFI IMAX G 22
2026-04-27T19:33:34Z,G,21,sold,False,BFI IMAX G 21
2026-04-27T19:33:34Z,G,20,sold,False,BFI IMAX G 20
2026-04-27T19:33:34Z,G,19,sold,False,BFI IMAX G 19
2026-04-27T19:33:34Z,G,18,sold,False,BFI IMAX G 18
2026-04-27T19:33:34Z,G,17,sold,False,BFI IMAX G 17
2026-04-27T19:33:34Z,G,16,sold,False,BFI IMAX G 16
2026-04-27T19:33:34Z,G,15,sold,False,BFI IMAX G 15
2026-04-27T19:33:34Z,G,14,sold,False,BFI IMAX G 14
2026-04-27T19:33:34Z,G,13,sold,False,BFI IMAX G 13
2026-04-27T19:33:34Z,G,12,sold,False,BFI IMAX G 12
2026-04-27T19:33:34Z,G,11,sold,False,BFI IMAX G 11
2026-04-27T19:33:34Z,G,10,sold,False,BFI IMAX G 10
2026-04-27T19:33:34Z,G,9,sold,False,BFI IMAX G 9
2026-04-27T19:33:34Z,G,8,sold,False,BFI IMAX G 8
2026-04-27T19:33:34Z,G,7,sold,False,BFI IMAX G 7
2026-04-27T19:33:34Z,G,6,sold,False,BFI IMAX G 6
2026-04-27T19:33:34Z,G,5,sold,False,BFI IMAX G 5
2026-04-27T19:33:34Z,G,4,sold,False,BFI IMAX G 4
2026-04-27T19:33:34Z,G,3,sold,False,BFI IMAX G 3
2026-04-27T19:33:34Z,G,2,sold,False,BFI IMAX G 2
2026-04-27T19:33:34Z,G,1,sold,False,BFI IMAX G 1
2026-04-27T19:33:34Z,H,37,sold,False,BFI IMAX H 37
2026-04-27T19:33:34Z,H,36,sold,False,BFI IMAX H 36
2026-04-27T19:33:34Z,H,35,sold,False,BFI IMAX H 35
2026-04-27T19:33:34Z,H,34,sold,False,BFI IMAX H 34
2026-04-27T19:33:34Z,H,33,sold,False,BFI IMAX H 33
2026-04-27T19:33:34Z,H,32,sold,False,BFI IMAX H 32
2026-04-27T19:33:34Z,H,31,sold,False,BFI IMAX H 31
2026-04-27T19:33:34Z,H,30,sold,False,BFI IMAX H 30
2026-04-27T19:33:34Z,H,29,sold,False,BFI IMAX H 29
2026-04-27T19:33:34Z,H,28,sold,False,BFI IMAX H 28
2026-04-27T19:33:34Z,H,27,unavailable,False,BFI IMAX H 27
2026-04-27T19:33:34Z,H,26,unavailable,False,BFI IMAX H 26
2026-04-27T19:33:34Z,H,25,unavailable,False,BFI IMAX H 25
2026-04-27T19:33:34Z,H,24,unavailable,False,BFI IMAX H 24
2026-04-27T19:33:34Z,H,23,unavailable,False,BFI IMAX H 23
2026-04-27T19:33:34Z,H,22,unavailable,False,BFI IMAX H 22
2026-04-27T19:33:34Z,H,21,unavailable,False,BFI IMAX H 21
2026-04-27T19:33:34Z,H,20,unavailable,False,BFI IMAX H 20
2026-04-27T19:33:34Z,H,19,sold,False,BFI IMAX H 19
2026-04-27T19:33:34Z,H,18,sold,False,BFI IMAX H 18
2026-04-27T19:33:34Z,H,17,sold,False,BFI IMAX H 17
2026-04-27T19:33:34Z,H,16,sold,False,BFI IMAX H 16
2026-04-27T19:33:34Z,H,15,sold,False,BFI IMAX H 15
2026-04-27T19:33:34Z,H,14,sold,False,BFI IMAX H 14
2026-04-27T19:33:34Z,H,13,sold,False,BFI IMAX H 13
2026-04-27T19:33:34Z,H,12,sold,False,BFI IMAX H 12
2026-04-27T19:33:34Z,H,11,sold,False,BFI IMAX H 11
2026-04-27T19:33:34Z,H,10,sold,False,BFI IMAX H 10
2026-04-27T19:33:34Z,H,9,sold,False,BFI IMAX H 9
2026-04-27T19:33:34Z,H,8,sold,False,BFI IMAX H 8
2026-04-27T19:33:34Z,H,7,sold,False,BFI IMAX H 7
2026-04-27T19:33:34Z,H,6,sold,False,BFI IMAX H 6
2026-04-27T19:33:34Z,H,5,sold,False,BFI IMAX H 5
2026-04-27T19:33:34Z,H,4,sold,False,BFI IMAX H 4
2026-04-27T19:33:34Z,H,3,sold,False,BFI IMAX H 3
2026-04-27T19:33:34Z,H,2,sold,False,BFI IMAX H 2
2026-04-27T19:33:34Z,H,1,sold,False,BFI IMAX H 1
2026-04-27T19:33:34Z,J,36,sold,False,BFI IMAX J 36
2026-04-27T19:33:34Z,J,35,sold,False,BFI IMAX J 35
2026-04-27T19:33:34Z,J,34,sold,False,BFI IMAX J 34
2026-04-27T19:33:34Z,J,33,sold,False,BFI IMAX J 33
2026-04-27T19:33:34Z,J,32,sold,False,BFI IMAX J 32
2026-04-27T19:33:34Z,J,31,sold,False,BFI IMAX J 31
2026-04-27T19:33:34Z,J,30,sold,False,BFI IMAX J 30
2026-04-27T19:33:34Z,J,29,sold,False,BFI IMAX J 29
2026-04-27T19:33:34Z,J,28,sold,False,BFI IMAX J 28
2026-04-27T19:33:34Z,J,27,sold,False,BFI IMAX J 27
2026-04-27T19:33:34Z,J,26,sold,False,BFI IMAX J 26
2026-04-27T19:33:34Z,J,25,unavailable,False,BFI IMAX J 25
2026-04-27T19:33:34Z,J,24,unavailable,False,BFI IMAX J 24
2026-04-27T19:33:34Z,J,23,sold,False,BFI IMAX J 23
2026-04-27T19:33:34Z,J,22,sold,False,BFI IMAX J 22
2026-04-27T19:33:34Z,J,21,sold,False,BFI IMAX J 21
2026-04-27T19:33:34Z,J,20,sold,False,BFI IMAX J 20
2026-04-27T19:33:34Z,J,19,unavailable,False,BFI IMAX J 19
2026-04-27T19:33:34Z,J,18,unavailable,False,BFI IMAX J 18
2026-04-27T19:33:34Z,J,17,unavailable,False,BFI IMAX J 17
2026-04-27T19:33:34Z,J,16,unavailable,False,BFI IMAX J 16
2026-04-27T19:33:34Z,J,15,unavailable,False,BFI IMAX J 15
2026-04-27T19:33:34Z,J,14,unavailable,False,BFI IMAX J 14
2026-04-27T19:33:34Z,J,13,unavailable,False,BFI IMAX J 13
2026-04-27T19:33:34Z,J,12,unavailable,False,BFI IMAX J 12
2026-04-27T19:33:34Z,J,11,unavailable,False,BFI IMAX J 11
2026-04-27T19:33:34Z,J,10,unavailable,False,BFI IMAX J 10
2026-04-27T19:33:34Z,J,9,sold,False,BFI IMAX J 9
2026-04-27T19:33:34Z,J,8,sold,False,BFI IMAX J 8
2026-04-27T19:33:34Z,J,7,sold,False,BFI IMAX J 7
2026-04-27T19:33:34Z,J,6,sold,False,BFI IMAX J 6
2026-04-27T19:33:34Z,J,5,sold,False,BFI IMAX J 5
2026-04-27T19:33:34Z,J,4,sold,False,BFI IMAX J 4
2026-04-27T19:33:34Z,J,3,sold,False,BFI IMAX J 3
2026-04-27T19:33:34Z,J,2,sold,False,BFI IMAX J 2
2026-04-27T19:33:34Z,J,1,sold,False,BFI IMAX J 1
2026-04-27T19:33:34Z,K,36,sold,False,BFI IMAX K 36
2026-04-27T19:33:34Z,K,35,sold,False,BFI IMAX K 35
2026-04-27T19:33:34Z,K,34,sold,False,BFI IMAX K 34
2026-04-27T19:33:34Z,K,33,sold,False,BFI IMAX K 33
2026-04-27T19:33:34Z,K,32,sold,False,BFI IMAX K 32
2026-04-27T19:33:34Z,K,31,sold,False,BFI IMAX K 31
2026-04-27T19:33:34Z,K,30,sold,False,BFI IMAX K 30
2026-04-27T19:33:34Z,K,29,sold,False,BFI IMAX K 29
2026-04-27T19:33:34Z,K,28,sold,False,BFI IMAX K 28
2026-04-27T19:33:34Z,A,13,unavailable,False,BFI IMAX A 13
2026-04-27T19:33:34Z,A,12,unavailable,False,BFI IMAX A 12
2026-04-27T19:33:34Z,K,25,sold,False,BFI IMAX K 25
2026-04-27T19:33:34Z,K,24,sold,False,BFI IMAX K 24
2026-04-27T19:33:34Z,K,23,sold,False,BFI IMAX K 23
2026-04-27T19:33:34Z,K,22,sold,False,BFI IMAX K 22
2026-04-27T19:33:34Z,K,21,sold,False,BFI IMAX K 21
2026-04-27T19:33:34Z,K,20,sold,False,BFI IMAX K 20
2026-04-27T19:33:34Z,K,19,unavailable,False,BFI IMAX K 19
2026-04-27T19:33:34Z,K,18,unavailable,False,BFI IMAX K 18
2026-04-27T19:33:34Z,K,17,unavailable,False,BFI IMAX K 17
2026-04-27T19:33:34Z,K,16,unavailable,False,BFI IMAX K 16
2026-04-27T19:33:34Z,K,15,unavailable,False,BFI IMAX K 15
2026-04-27T19:33:34Z,K,14,unavailable,False,BFI IMAX K 14
2026-04-27T19:33:34Z,K,13,unavailable,False,BFI IMAX K 13
2026-04-27T19:33:34Z,K,12,unavailable,False,BFI IMAX K 12
2026-04-27T19:33:34Z,K,11,unavailable,False,BFI IMAX K 11
2026-04-27T19:33:34Z,K,10,unavailable,False,BFI IMAX K 10
2026-04-27T19:33:34Z,K,9,sold,False,BFI IMAX K 9
2026-04-27T19:33:34Z,K,8,sold,False,BFI IMAX K 8
2026-04-27T19:33:34Z,K,7,sold,False,BFI IMAX K 7
2026-04-27T19:33:34Z,K,6,sold,False,BFI IMAX K 6
2026-04-27T19:33:34Z,K,5,sold,False,BFI IMAX K 5
2026-04-27T19:33:34Z,K,4,sold,False,BFI IMAX K 4
2026-04-27T19:33:34Z,K,3,sold,False,BFI IMAX K 3
2026-04-27T19:33:34Z,K,2,sold,False,BFI IMAX K 2
2026-04-27T19:33:34Z,K,1,sold,False,BFI IMAX K 1
2026-04-27T19:33:34Z,L,33,sold,False,BFI IMAX L 33
2026-04-27T19:33:34Z,L,32,sold,False,BFI IMAX L 32
2026-04-27T19:33:34Z,L,31,sold,False,BFI IMAX L 31
2026-04-27T19:33:34Z,L,30,sold,False,BFI IMAX L 30
2026-04-27T19:33:34Z,L,29,sold,False,BFI IMAX L 29
2026-04-27T19:33:34Z,L,28,sold,False,BFI IMAX L 28
2026-04-27T19:33:34Z,L,27,sold,False,BFI IMAX L 27
2026-04-27T19:33:34Z,L,26,sold,False,BFI IMAX L 26
2026-04-27T19:33:34Z,L,8,sold,False,BFI IMAX L 8
2026-04-27T19:33:34Z,L,7,sold,False,BFI IMAX L 7
2026-04-27T19:33:34Z,L,6,sold,False,BFI IMAX L 6
2026-04-27T19:33:34Z,L,5,sold,False,BFI IMAX L 5
2026-04-27T19:33:34Z,L,4,sold,False,BFI IMAX L 4
2026-04-27T19:33:34Z,L,3,sold,False,BFI IMAX L 3
2026-04-27T19:33:34Z,L,2,sold,False,BFI IMAX L 2
2026-04-27T19:33:34Z,L,1,sold,False,BFI IMAX L 1
2026-04-27T19:33:34Z,M,34,sold,False,BFI IMAX M 34
2026-04-27T19:33:34Z,M,33,sold,False,BFI IMAX M 33
2026-04-27T19:33:34Z,M,32,sold,False,BFI IMAX M 32
2026-04-27T19:33:34Z,M,31,sold,False,BFI IMAX M 31
2026-04-27T19:33:34Z,M,30,sold,False,BFI IMAX M 30
2026-04-27T19:33:34Z,M,29,sold,False,BFI IMAX M 29
2026-04-27T19:33:34Z,M,28,sold,False,BFI IMAX M 28
2026-04-27T19:33:34Z,M,27,sold,False,BFI IMAX M 27
2026-04-27T19:33:34Z,A,11,unavailable,False,BFI IMAX A 11
2026-04-27T19:33:34Z,A,10,unavailable,False,BFI IMAX A 10
2026-04-27T19:33:34Z,M,6,sold,False,BFI IMAX M 6
2026-04-27T19:33:34Z,M,5,sold,False,BFI IMAX M 5
2026-04-27T19:33:34Z,M,4,sold,False,BFI IMAX M 4
2026-04-27T19:33:34Z,M,3,sold,False,BFI IMAX M 3
2026-04-27T19:33:34Z,M,2,sold,False,BFI IMAX M 2
2026-04-27T19:33:34Z,M,1,sold,False,BFI IMAX M 1
2026-04-27T19:33:34Z,N,34,unavailable,False,BFI IMAX N 34
2026-04-27T19:33:34Z,N,33,unavailable,False,BFI IMAX N 33
2026-04-27T19:33:34Z,N,32,unavailable,False,BFI IMAX N 32
2026-04-27T19:33:34Z,N,31,unavailable,False,BFI IMAX N 31
2026-04-27T19:33:34Z,N,30,unavailable,False,BFI IMAX N 30
2026-04-27T19:33:34Z,N,29,unavailable,False,BFI IMAX N 29
2026-04-27T19:33:34Z,N,28,unavailable,False,BFI IMAX N 28
2026-04-27T19:33:34Z,N,27,unavailable,False,BFI IMAX N 27
2026-04-27T19:33:34Z,N,8,sold,False,BFI IMAX N 8
2026-04-27T19:33:34Z,N,7,sold,False,BFI IMAX N 7
2026-04-27T19:33:34Z,N,6,sold,False,BFI IMAX N 6
2026-04-27T19:33:34Z,N,5,sold,False,BFI IMAX N 5
2026-04-27T19:33:34Z,N,4,sold,False,BFI IMAX N 4
2026-04-27T19:33:34Z,N,3,sold,False,BFI IMAX N 3
2026-04-27T19:33:34Z,N,2,sold,False,BFI IMAX N 2
2026-04-27T19:33:34Z,N,1,sold,False,BFI IMAX N 1
2026-04-27T19:33:34Z,P,31,sold,False,BFI IMAX P 31
2026-04-27T19:33:34Z,A,9,unavailable,False,BFI IMAX A 9
2026-04-27T19:33:34Z,A,8,unavailable,False,BFI IMAX A 8
2026-04-27T19:33:34Z,P,26,unavailable,False,BFI IMAX P 26
2026-04-27T19:33:34Z,P,6,sold,False,BFI IMAX P 6
2026-04-27T19:33:34Z,A,7,unavailable,False,BFI IMAX A 7
2026-04-27T19:33:34Z,A,6,unavailable,False,BFI IMAX A 6
2026-04-27T19:33:34Z,P,1,sold,False,BFI IMAX P 1
2026-04-27T19:33:34Z,M,11,sold,False,BFI IMAX M 11
2026-04-27T19:33:34Z,M,10,sold,False,BFI IMAX M 10
2026-04-27T19:33:34Z,M,9,sold,False,BFI IMAX M 9
2026-04-27T19:33:34Z,L,9,sold,False,BFI IMAX L 9
2026-04-27T19:33:34Z,L,25,sold,False,BFI IMAX L 25
2026-04-27T19:33:34Z,L,24,sold,False,BFI IMAX L 24
2026-04-27T19:33:34Z,L,23,sold,False,BFI IMAX L 23
2026-04-27T19:33:34Z,L,22,sold,False,BFI IMAX L 22
2026-04-27T19:33:34Z,L,21,sold,False,BFI IMAX L 21
2026-04-27T19:33:34Z,L,20,sold,False,BFI IMAX L 20
2026-04-27T19:33:34Z,L,19,sold,False,BFI IMAX L 19
2026-04-27T19:33:34Z,L,18,sold,False,BFI IMAX L 18
2026-04-27T19:33:34Z,L,17,sold,False,BFI IMAX L 17
2026-04-27T19:33:34Z,L,16,sold,False,BFI IMAX L 16
2026-04-27T19:33:34Z,L,15,sold,False,BFI IMAX L 15
2026-04-27T19:33:34Z,L,14,sold,False,BFI IMAX L 14
2026-04-27T19:33:34Z,L,13,sold,False,BFI IMAX L 13
2026-04-27T19:33:34Z,L,12,sold,False,BFI IMAX L 12
2026-04-27T19:33:34Z,L,11,sold,False,BFI IMAX L 11
2026-04-27T19:33:34Z,N,26,unavailable,False,BFI IMAX N 26
2026-04-27T19:33:34Z,N,25,unavailable,False,BFI IMAX N 25
2026-04-27T19:33:34Z,N,24,unavailable,False,BFI IMAX N 24
2026-04-27T19:33:34Z,N,23,unavailable,False,BFI IMAX N 23
2026-04-27T19:33:34Z,N,22,sold,False,BFI IMAX N 22
2026-04-27T19:33:34Z,N,21,sold,False,BFI IMAX N 21
2026-04-27T19:33:34Z,N,20,sold,False,BFI IMAX N 20
2026-04-27T19:33:34Z,N,19,sold,False,BFI IMAX N 19
2026-04-27T19:33:34Z,N,18,sold,False,BFI IMAX N 18
2026-04-27T19:33:34Z,N,17,sold,False,BFI IMAX N 17
2026-04-27T19:33:34Z,N,16,sold,False,BFI IMAX N 16
2026-04-27T19:33:34Z,N,15,sold,False,BFI IMAX N 15
2026-04-27T19:33:34Z,N,14,sold,False,BFI IMAX N 14
2026-04-27T19:33:34Z,N,13,sold,False,BFI IMAX N 13
2026-04-27T19:33:34Z,N,12,unavailable,False,BFI IMAX N 12
2026-04-27T19:33:34Z,N,11,unavailable,False,BFI IMAX N 11
2026-04-27T19:33:34Z,N,10,unavailable,False,BFI IMAX N 10
2026-04-27T19:33:34Z,N,9,unavailable,False,BFI IMAX N 9
2026-04-27T19:33:34Z,L,10,sold,False,BFI IMAX L 10
2026-04-27T19:33:34Z,M,26,sold,False,BFI IMAX M 26
2026-04-27T19:33:34Z,M,25,sold,False,BFI IMAX M 25
2026-04-27T19:33:34Z,M,24,sold,False,BFI IMAX M 24
2026-04-27T19:33:34Z,M,23,sold,False,BFI IMAX M 23
2026-04-27T19:33:34Z,M,22,sold,False,BFI IMAX M 22
2026-04-27T19:33:34Z,M,21,sold,False,BFI IMAX M 21
2026-04-27T19:33:34Z,M,20,sold,False,BFI IMAX M 20
2026-04-27T19:33:34Z,M,19,sold,False,BFI IMAX M 19
2026-04-27T19:33:34Z,M,18,sold,False,BFI IMAX M 18
2026-04-27T19:33:34Z,M,17,sold,False,BFI IMAX M 17
2026-04-27T19:33:34Z,M,16,sold,False,BFI IMAX M 16
2026-04-27T19:33:34Z,M,15,sold,False,BFI IMAX M 15
2026-04-27T19:33:34Z,M,14,sold,False,BFI IMAX M 14
2026-04-27T19:33:34Z,M,13,sold,False,BFI IMAX M 13
2026-04-27T19:33:34Z,M,12,sold,False,BFI IMAX M 12
2026-04-27T19:33:34Z,P,30,sold,True,BFI IMAX P 30
2026-04-27T19:33:34Z,P,27,sold,True,BFI IMAX P 27
2026-04-27T19:33:34Z,P,2,sold,True,BFI IMAX P 2
2026-04-27T19:33:34Z,P,5,sold,True,BFI IMAX P 5
2026-04-27T19:33:34Z,P,19,sold,False,BFI IMAX P 19
2026-04-27T19:33:34Z,P,18,sold,False,BFI IMAX P 18
2026-04-27T19:33:34Z,P,17,sold,False,BFI IMAX P 17
2026-04-27T19:33:34Z,P,16,sold,False,BFI IMAX P 16
2026-04-27T19:33:34Z,P,15,sold,False,BFI IMAX P 15
2026-04-27T19:33:34Z,P,14,sold,False,BFI IMAX P 14
2026-04-27T19:33:34Z,P,13,sold,False,BFI IMAX P 13
2026-04-27T19:33:34Z,P,12,sold,False,BFI IMAX P 12
2026-04-27T19:33:34Z,P,11,sold,False,BFI IMAX P 11
2026-04-27T19:33:34Z,P,10,sold,False,BFI IMAX P 10
2026-04-27T19:33:34Z,P,9,sold,False,BFI IMAX P 9
2026-04-27T19:33:34Z,P,8,sold,False,BFI IMAX P 8
2026-04-27T19:33:34Z,P,7,sold,False,BFI IMAX P 7
2026-04-27T19:33:34Z,P,25,sold,False,BFI IMAX P 25
2026-04-27T19:33:34Z,P,24,sold,False,BFI IMAX P 24
2026-04-27T19:33:34Z,P,23,sold,False,BFI IMAX P 23
2026-04-27T19:33:34Z,P,22,sold,False,BFI IMAX P 22
2026-04-27T19:33:34Z,P,21,sold,False,BFI IMAX P 21
2026-04-27T19:33:34Z,P,20,sold,False,BFI IMAX P 20
2026-04-27T19:33:34Z,Q,18,sold,False,BFI IMAX Q 18
2026-04-27T19:33:34Z,Q,17,sold,False,BFI IMAX Q 17
2026-04-27T19:33:34Z,Q,16,sold,False,BFI IMAX Q 16
2026-04-27T19:33:34Z,Q,15,sold,False,BFI IMAX Q 15
2026-04-27T19:33:34Z,Q,14,sold,False,BFI IMAX Q 14
2026-04-27T19:33:34Z,Q,13,sold,False,BFI IMAX Q 13
2026-04-27T19:33:34Z,Q,12,sold,False,BFI IMAX Q 12
2026-04-27T19:33:34Z,Q,11,sold,False,BFI IMAX Q 11
2026-04-27T19:33:34Z,Q,10,sold,False,BFI IMAX Q 10
2026-04-27T19:33:34Z,Q,9,sold,False,BFI IMAX Q 9
2026-04-27T19:33:34Z,Q,8,sold,False,BFI IMAX Q 8
2026-04-27T19:33:34Z,Q,7,sold,False,BFI IMAX Q 7
2026-04-27T19:33:34Z,Q,6,sold,False,BFI IMAX Q 6
2026-04-27T19:33:34Z,Q,5,sold,False,BFI IMAX Q 5
2026-04-27T19:33:34Z,Q,4,sold,False,BFI IMAX Q 4
2026-04-27T19:33:34Z,Q,3,sold,False,BFI IMAX Q 3
2026-04-27T19:33:34Z,Q,2,sold,False,BFI IMAX Q 2
2026-04-27T19:33:34Z,Q,1,sold,False,BFI IMAX Q 1
2026-05-02T17:19:05Z,K,27,sold,False,BFI IMAX K 27
2026-05-02T17:19:05Z,K,26,sold,False,BFI IMAX K 26
2026-05-02T17:19:05Z,P,29,available,True,BFI IMAX P 29
2026-05-02T17:19:05Z,P,28,unavailable,True,BFI IMAX P 28
2026-05-02T17:19:05Z,P,4,sold,True,BFI IMAX P 4
2026-05-02T17:19:05Z,P,3,available,True,BFI IMAX P 3
2026-05-02T17:19:05Z,A,7,available,False,BFI IMAX A 7
2026-05-02T17:19:05Z,A,6,available,False,BFI IMAX A 6
2026-05-02T17:19:05Z,A,5,available,False,BFI IMAX A 5
2026-05-02T17:19:05Z,A,4,available,False,BFI IMAX A 4
2026-05-02T17:19:05Z,A,3,available,False,BFI IMAX A 3
2026-05-02T17:19:05Z,A,2,available,False,BFI IMAX A 2
2026-05-02T17:19:05Z,A,1,available,False,BFI IMAX A 1
2026-05-02T17:19:05Z,B,36,available,False,BFI IMAX B 36
2026-05-02T17:19:05Z,B,35,available,False,BFI IMAX B 35
2026-05-02T17:19:05Z,B,34,available,False,BFI IMAX B 34
2026-05-02T17:19:05Z,B,33,available,False,BFI IMAX B 33
2026-05-02T17:19:05Z,B,32,available,False,BFI IMAX B 32
2026-05-02T17:19:05Z,B,31,available,False,BFI IMAX B 31
2026-05-02T17:19:05Z,B,30,available,False,BFI IMAX B 30
2026-05-02T17:19:05Z,B,29,available,False,BFI IMAX B 29
2026-05-02T17:19:05Z,B,28,available,False,BFI IMAX B 28
2026-05-02T17:19:05Z,B,27,available,False,BFI IMAX B 27
2026-05-02T17:19:05Z,B,26,available,False,BFI IMAX B 26
2026-05-02T17:19:05Z,B,25,available,False,BFI IMAX B 25
2026-05-02T17:19:05Z,B,24,available,False,BFI IMAX B 24
2026-05-02T17:19:05Z,B,23,available,False,BFI IMAX B 23
2026-05-02T17:19:05Z,B,22,available,False,BFI IMAX B 22
2026-05-02T17:19:05Z,B,21,available,False,BFI IMAX B 21
2026-05-02T17:19:05Z,B,20,available,False,BFI IMAX B 20
2026-05-02T17:19:05Z,B,19,sold,False,BFI IMAX B 19
2026-05-02T17:19:05Z,B,18,available,False,BFI IMAX B 18
2026-05-02T17:19:05Z,B,17,available,False,BFI IMAX B 17
2026-05-02T17:19:05Z,B,16,available,False,BFI IMAX B 16
2026-05-02T17:19:05Z,B,15,available,False,BFI IMAX B 15
2026-05-02T17:19:05Z,B,14,available,False,BFI IMAX B 14
2026-05-02T17:19:05Z,B,13,available,False,BFI IMAX B 13
2026-05-02T17:19:05Z,B,12,available,False,BFI IMAX B 12
2026-05-02T17:19:05Z,B,11,available,False,BFI IMAX B 11
2026-05-02T17:19:05Z,B,10,available,False,BFI IMAX B 10
2026-05-02T17:19:05Z,B,9,available,False,BFI IMAX B 9
2026-05-02T17:19:05Z,B,8,available,False,BFI IMAX B 8
2026-05-02T17:19:05Z,B,7,available,False,BFI IMAX B 7
2026-05-02T17:19:05Z,B,6,available,False,BFI IMAX B 6
2026-05-02T17:19:05Z,B,5,available,False,BFI IMAX B 5
2026-05-02T17:19:05Z,B,4,available,False,BFI IMAX B 4
2026-05-02T17:19:05Z,B,3,available,False,BFI IMAX B 3
2026-05-02T17:19:05Z,B,2,available,False,BFI IMAX B 2
2026-05-02T17:19:05Z,B,1,available,False,BFI IMAX B 1
2026-05-02T17:19:05Z,C,36,available,False,BFI IMAX C 36
2026-05-02T17:19:05Z,C,35,available,False,BFI IMAX C 35
2026-05-02T17:19:05Z,C,34,available,False,BFI IMAX C 34
2026-05-02T17:19:05Z,C,33,available,False,BFI IMAX C 33
2026-05-02T17:19:05Z,C,32,available,False,BFI IMAX C 32
2026-05-02T17:19:05Z,C,31,available,False,BFI IMAX C 31
2026-05-02T17:19:05Z,C,30,available,False,BFI IMAX C 30
2026-05-02T17:19:05Z,C,29,available,False,BFI IMAX C 29
2026-05-02T17:19:05Z,C,28,available,False,BFI IMAX C 28
2026-05-02T17:19:05Z,C,27,available,False,BFI IMAX C 27
2026-05-02T17:19:05Z,C,26,available,False,BFI IMAX C 26
2026-05-02T17:19:05Z,C,25,available,False,BFI IMAX C 25
2026-05-02T17:19:05Z,C,24,available,False,BFI IMAX C 24
2026-05-02T17:19:05Z,C,23,available,False,BFI IMAX C 23
2026-05-02T17:19:05Z,C,22,available,False,BFI IMAX C 22
2026-05-02T17:19:05Z,C,21,available,False,BFI IMAX C 21
2026-05-02T17:19:05Z,C,20,sold,False,BFI IMAX C 20
2026-05-02T17:19:05Z,C,19,sold,False,BFI IMAX C 19
2026-05-02T17:19:05Z,C,18,sold,False,BFI IMAX C 18
2026-05-02T17:19:05Z,C,17,sold,False,BFI IMAX C 17
2026-05-02T17:19:05Z,C,16,sold,False,BFI IMAX C 16
2026-05-02T17:19:05Z,C,15,available,False,BFI IMAX C 15
2026-05-02T17:19:05Z,C,14,available,False,BFI IMAX C 14
2026-05-02T17:19:05Z,C,13,available,False,BFI IMAX C 13
2026-05-02T17:19:05Z,C,12,available,False,BFI IMAX C 12
2026-05-02T17:19:05Z,C,11,available,False,BFI IMAX C 11
2026-05-02T17:19:05Z,C,10,available,False,BFI IMAX C 10
2026-05-02T17:19:05Z,C,9,available,False,BFI IMAX C 9
2026-05-02T17:19:05Z,C,8,available,False,BFI IMAX C 8
2026-05-02T17:19:05Z,C,7,available,False,BFI IMAX C 7
2026-05-02T17:19:05Z,C,6,available,False,BFI IMAX C 6
2026-05-02T17:19:05Z,C,5,available,False,BFI IMAX C 5
2026-05-02T17:19:05Z,C,4,available,False,BFI IMAX C 4
2026-05-02T17:19:05Z,C,3,available,False,BFI IMAX C 3
2026-05-02T17:19:05Z,C,2,available,False,BFI IMAX C 2
2026-05-02T17:19:05Z,C,1,available,False,BFI IMAX C 1
2026-05-02T17:19:05Z,D,37,available,False,BFI IMAX D 37
2026-05-02T17:19:05Z,D,36,available,False,BFI IMAX D 36
2026-05-02T17:19:05Z,D,35,available,False,BFI IMAX D 35
2026-05-02T17:19:05Z,D,34,available,False,BFI IMAX D 34
2026-05-02T17:19:05Z,D,33,available,False,BFI IMAX D 33
2026-05-02T17:19:05Z,D,32,available,False,BFI IMAX D 32
2026-05-02T17:19:05Z,D,31,available,False,BFI IMAX D 31
2026-05-02T17:19:05Z,D,30,available,False,BFI IMAX D 30
2026-05-02T17:19:05Z,D,29,available,False,BFI IMAX D 29
2026-05-02T17:19:05Z,D,28,available,False,BFI IMAX D 28
2026-05-02T17:19:05Z,D,27,available,False,BFI IMAX D 27
2026-05-02T17:19:05Z,D,26,available,False,BFI IMAX D 26
2026-05-02T17:19:05Z,D,25,available,False,BFI IMAX D 25
2026-05-02T17:19:05Z,D,24,available,False,BFI IMAX D 24
2026-05-02T17:19:05Z,D,23,sold,False,BFI IMAX D 23
2026-05-02T17:19:05Z,D,22,sold,False,BFI IMAX D 22
2026-05-02T17:19:05Z,D,21,sold,False,BFI IMAX D 21
2026-05-02T17:19:05Z,D,20,sold,False,BFI IMAX D 20
2026-05-02T17:19:05Z,D,19,sold,False,BFI IMAX D 19
2026-05-02T17:19:05Z,D,18,sold,False,BFI IMAX D 18
2026-05-02T17:19:05Z,D,17,sold,False,BFI IMAX D 17
2026-05-02T17:19:05Z,D,16,sold,False,BFI IMAX D 16
2026-05-02T17:19:05Z,D,15,available,False,BFI IMAX D 15
2026-05-02T17:19:05Z,D,14,available,False,BFI IMAX D 14
2026-05-02T17:19:05Z,D,13,sold,False,BFI IMAX D 13
2026-05-02T17:19:05Z,D,12,sold,False,BFI IMAX D 12
2026-05-02T17:19:05Z,D,11,available,False,BFI IMAX D 11
2026-05-02T17:19:05Z,D,10,available,False,BFI IMAX D 10
2026-05-02T17:19:05Z,D,9,available,False,BFI IMAX D 9
2026-05-02T17:19:05Z,D,8,available,False,BFI IMAX D 8
2026-05-02T17:19:05Z,D,7,available,False,BFI IMAX D 7
2026-05-02T17:19:05Z,D,6,available,False,BFI IMAX D 6
2026-05-02T17:19:05Z,D,5,available,False,BFI IMAX D 5
2026-05-02T17:19:05Z,D,4,available,False,BFI IMAX D 4
2026-05-02T17:19:05Z,D,3,available,False,BFI IMAX D 3
2026-05-02T17:19:05Z,D,2,available,False,BFI IMAX D 2
2026-05-02T17:19:05Z,D,1,available,False,BFI IMAX D 1
2026-05-02T17:19:05Z,E,37,available,False,BFI IMAX E 37
2026-05-02T17:19:05Z,E,36,available,False,BFI IMAX E 36
2026-05-02T17:19:05Z,E,35,available,False,BFI IMAX E 35
2026-05-02T17:19:05Z,E,34,available,False,BFI IMAX E 34
2026-05-02T17:19:05Z,E,33,available,False,BFI IMAX E 33
2026-05-02T17:19:05Z,E,32,available,False,BFI IMAX E 32
2026-05-02T17:19:05Z,E,31,available,False,BFI IMAX E 31
2026-05-02T17:19:05Z,E,30,available,False,BFI IMAX E 30
2026-05-02T17:19:05Z,E,29,available,False,BFI IMAX E 29
2026-05-02T17:19:05Z,E,28,available,False,BFI IMAX E 28
2026-05-02T17:19:05Z,E,27,available,False,BFI IMAX E 27
2026-05-02T17:19:05Z,E,26,sold,False,BFI IMAX E 26
2026-05-02T17:19:05Z,E,25,sold,False,BFI IMAX E 25
2026-05-02T17:19:05Z,E,24,available,False,BFI IMAX E 24
2026-05-02T17:19:05Z,E,23,sold,False,BFI IMAX E 23
2026-05-02T17:19:05Z,E,22,sold,False,BFI IMAX E 22
2026-05-02T17:19:05Z,E,21,sold,False,BFI IMAX E 21
2026-05-02T17:19:05Z,E,20,sold,False,BFI IMAX E 20
2026-05-02T17:19:05Z,E,19,sold,False,BFI IMAX E 19
2026-05-02T17:19:05Z,E,18,sold,False,BFI IMAX E 18
2026-05-02T17:19:05Z,E,17,sold,False,BFI IMAX E 17
2026-05-02T17:19:05Z,E,16,sold,False,BFI IMAX E 16
2026-05-02T17:19:05Z,E,15,sold,False,BFI IMAX E 15
2026-05-02T17:19:05Z,E,14,sold,False,BFI IMAX E 14
2026-05-02T17:19:05Z,E,13,sold,False,BFI IMAX E 13
2026-05-02T17:19:05Z,E,12,sold,False,BFI IMAX E 12
2026-05-02T17:19:05Z,E,11,available,False,BFI IMAX E 11
2026-05-02T17:19:05Z,E,10,available,False,BFI IMAX E 10
2026-05-02T17:19:05Z,E,9,available,False,BFI IMAX E 9
2026-05-02T17:19:05Z,E,8,available,False,BFI IMAX E 8
2026-05-02T17:19:05Z,E,7,available,False,BFI IMAX E 7
2026-05-02T17:19:05Z,E,6,available,False,BFI IMAX E 6
2026-05-02T17:19:05Z,E,5,available,False,BFI IMAX E 5
2026-05-02T17:19:05Z,E,4,available,False,BFI IMAX E 4
2026-05-02T17:19:05Z,E,3,available,False,BFI IMAX E 3
2026-05-02T17:19:05Z,E,2,available,False,BFI IMAX E 2
2026-05-02T17:19:05Z,E,1,available,False,BFI IMAX E 1
2026-05-02T17:19:05Z,F,38,available,False,BFI IMAX F 38
2026-05-02T17:19:05Z,F,37,available,False,BFI IMAX F 37
2026-05-02T17:19:05Z,F,36,available,False,BFI IMAX F 36
2026-05-02T17:19:05Z,F,35,available,False,BFI IMAX F 35
2026-05-02T17:19:05Z,F,34,available,False,BFI IMAX F 34
2026-05-02T17:19:05Z,F,33,available,False,BFI IMAX F 33
2026-05-02T17:19:05Z,F,32,available,False,BFI IMAX F 32
2026-05-02T17:19:05Z,F,31,available,False,BFI IMAX F 31
2026-05-02T17:19:05Z,F,30,available,False,BFI IMAX F 30
2026-05-02T17:19:05Z,F,29,available,False,BFI IMAX F 29
2026-05-02T17:19:05Z,F,28,sold,False,BFI IMAX F 28
2026-05-02T17:19:05Z,F,27,sold,False,BFI IMAX F 27
2026-05-02T17:19:05Z,F,26,sold,False,BFI IMAX F 26
2026-05-02T17:19:05Z,F,25,sold,False,BFI IMAX F 25
2026-05-02T17:19:05Z,F,24,available,False,BFI IMAX F 24
2026-05-02T17:19:05Z,F,23,sold,False,BFI IMAX F 23
2026-05-02T17:19:05Z,F,22,sold,False,BFI IMAX F 22
2026-05-02T17:19:05Z,F,21,sold,False,BFI IMAX F 21
2026-05-02T17:19:05Z,F,20,sold,False,BFI IMAX F 20
2026-05-02T17:19:05Z,F,19,sold,False,BFI IMAX F 19
2026-05-02T17:19:05Z,F,18,sold,False,BFI IMAX F 18
2026-05-02T17:19:05Z,F,17,sold,False,BFI IMAX F 17
2026-05-02T17:19:05Z,F,16,sold,False,BFI IMAX F 16
2026-05-02T17:19:05Z,F,15,sold,False,BFI IMAX F 15
2026-05-02T17:19:05Z,F,14,sold,False,BFI IMAX F 14
2026-05-02T17:19:05Z,F,13,sold,False,BFI IMAX F 13
2026-05-02T17:19:05Z,F,12,sold,False,BFI IMAX F 12
2026-05-02T17:19:05Z,F,11,sold,False,BFI IMAX F 11
2026-05-02T17:19:05Z,F,10,sold,False,BFI IMAX F 10
2026-05-02T17:19:05Z,F,9,available,False,BFI IMAX F 9
2026-05-02T17:19:05Z,F,8,available,False,BFI IMAX F 8
2026-05-02T17:19:05Z,F,7,available,False,BFI IMAX F 7
2026-05-02T17:19:05Z,F,6,available,False,BFI IMAX F 6
2026-05-02T17:19:05Z,F,5,available,False,BFI IMAX F 5
2026-05-02T17:19:05Z,F,4,available,False,BFI IMAX F 4
2026-05-02T17:19:05Z,F,3,available,False,BFI IMAX F 3
2026-05-02T17:19:05Z,F,2,available,False,BFI IMAX F 2
2026-05-02T17:19:05Z,F,1,available,False,BFI IMAX F 1
2026-05-02T17:19:05Z,G,37,available,False,BFI IMAX G 37
2026-05-02T17:19:05Z,G,36,available,False,BFI IMAX G 36
2026-05-02T17:19:05Z,G,35,available,False,BFI IMAX G 35
2026-05-02T17:19:05Z,G,34,available,False,BFI IMAX G 34
2026-05-02T17:19:05Z,G,33,sold,False,BFI IMAX G 33
2026-05-02T17:19:05Z,G,32,sold,False,BFI IMAX G 32
2026-05-02T17:19:05Z,G,31,sold,False,BFI IMAX G 31
2026-05-02T17:19:05Z,G,30,available,False,BFI IMAX G 30
2026-05-02T17:19:05Z,G,29,sold,False,BFI IMAX G 29
2026-05-02T17:19:05Z,G,28,sold,False,BFI IMAX G 28
2026-05-02T17:19:05Z,G,27,sold,False,BFI IMAX G 27
2026-05-02T17:19:05Z,G,26,sold,False,BFI IMAX G 26
2026-05-02T17:19:05Z,G,25,sold,False,BFI IMAX G 25
2026-05-02T17:19:05Z,G,24,available,False,BFI IMAX G 24
2026-05-02T17:19:05Z,G,23,sold,False,BFI IMAX G 23
2026-05-02T17:19:05Z,G,22,sold,False,BFI IMAX G 22
2026-05-02T17:19:05Z,G,21,sold,False,BFI IMAX G 21
2026-05-02T17:19:05Z,G,20,sold,False,BFI IMAX G 20
2026-05-02T17:19:05Z,G,19,sold,False,BFI IMAX G 19
2026-05-02T17:19:05Z,G,18,sold,False,BFI IMAX G 18
2026-05-02T17:19:05Z,G,17,sold,False,BFI IMAX G 17
2026-05-02T17:19:05Z,G,16,sold,False,BFI IMAX G 16
2026-05-02T17:19:05Z,G,15,sold,False,BFI IMAX G 15
2026-05-02T17:19:05Z,G,14,sold,False,BFI IMAX G 14
2026-05-02T17:19:05Z,G,13,sold,False,BFI IMAX G 13
2026-05-02T17:19:05Z,G,12,sold,False,BFI IMAX G 12
2026-05-02T17:19:05Z,G,11,sold,False,BFI IMAX G 11
2026-05-02T17:19:05Z,G,10,sold,False,BFI IMAX G 10
2026-05-02T17:19:05Z,G,9,sold,False,BFI IMAX G 9
2026-05-02T17:19:05Z,G,8,available,False,BFI IMAX G 8
2026-05-02T17:19:05Z,G,7,available,False,BFI IMAX G 7
2026-05-02T17:19:05Z,G,6,available,False,BFI IMAX G 6
2026-05-02T17:19:05Z,G,5,available,False,BFI IMAX G 5
2026-05-02T17:19:05Z,G,4,available,False,BFI IMAX G 4
2026-05-02T17:19:05Z,G,3,available,False,BFI IMAX G 3
2026-05-02T17:19:05Z,G,2,available,False,BFI IMAX G 2
2026-05-02T17:19:05Z,G,1,available,False,BFI IMAX G 1
2026-05-02T17:19:05Z,H,37,available,False,BFI IMAX H 37
2026-05-02T17:19:05Z,H,36,available,False,BFI IMAX H 36
2026-05-02T17:19:05Z,H,35,available,False,BFI IMAX H 35
2026-05-02T17:19:05Z,H,34,available,False,BFI IMAX H 34
2026-05-02T17:19:05Z,H,33,available,False,BFI IMAX H 33
2026-05-02T17:19:05Z,H,32,available,False,BFI IMAX H 32
2026-05-02T17:19:05Z,H,31,sold,False,BFI IMAX H 31
2026-05-02T17:19:05Z,H,30,sold,False,BFI IMAX H 30
2026-05-02T17:19:05Z,H,29,sold,False,BFI IMAX H 29
2026-05-02T17:19:05Z,H,28,sold,False,BFI IMAX H 28
2026-05-02T17:19:05Z,H,27,sold,False,BFI IMAX H 27
2026-05-02T17:19:05Z,H,26,sold,False,BFI IMAX H 26
2026-05-02T17:19:05Z,H,25,sold,False,BFI IMAX H 25
2026-05-02T17:19:05Z,H,24,sold,False,BFI IMAX H 24
2026-05-02T17:19:05Z,H,23,sold,False,BFI IMAX H 23
2026-05-02T17:19:05Z,H,22,sold,False,BFI IMAX H 22
2026-05-02T17:19:05Z,H,21,sold,False,BFI IMAX H 21
2026-05-02T17:19:05Z,H,20,sold,False,BFI IMAX H 20
2026-05-02T17:19:05Z,H,19,sold,False,BFI IMAX H 19
2026-05-02T17:19:05Z,H,18,sold,False,BFI IMAX H 18
2026-05-02T17:19:05Z,H,17,sold,False,BFI IMAX H 17
2026-05-02T17:19:05Z,H,16,sold,False,BFI IMAX H 16
2026-05-02T17:19:05Z,H,15,sold,False,BFI IMAX H 15
2026-05-02T17:19:05Z,H,14,sold,False,BFI IMAX H 14
2026-05-02T17:19:05Z,H,13,sold,False,BFI IMAX H 13
2026-05-02T17:19:05Z,H,12,sold,False,BFI IMAX H 12
2026-05-02T17:19:05Z,H,11,sold,False,BFI IMAX H 11
2026-05-02T17:19:05Z,H,10,sold,False,BFI IMAX H 10
2026-05-02T17:19:05Z,H,9,sold,False,BFI IMAX H 9
2026-05-02T17:19:05Z,H,8,available,False,BFI IMAX H 8
2026-05-02T17:19:05Z,H,7,available,False,BFI IMAX H 7
2026-05-02T17:19:05Z,H,6,available,False,BFI IMAX H 6
2026-05-02T17:19:05Z,H,5,available,False,BFI IMAX H 5
2026-05-02T17:19:05Z,H,4,available,False,BFI IMAX H 4
2026-05-02T17:19:05Z,H,3,available,False,BFI IMAX H 3
2026-05-02T17:19:05Z,H,2,available,False,BFI IMAX H 2
2026-05-02T17:19:05Z,H,1,available,False,BFI IMAX H 1
2026-05-02T17:19:05Z,J,36,available,False,BFI IMAX J 36
2026-05-02T17:19:05Z,J,35,available,False,BFI IMAX J 35
2026-05-02T17:19:05Z,J,34,available,False,BFI IMAX J 34
2026-05-02T17:19:05Z,J,33,available,False,BFI IMAX J 33
2026-05-02T17:19:05Z,J,32,available,False,BFI IMAX J 32
2026-05-02T17:19:05Z,J,31,sold,False,BFI IMAX J 31
2026-05-02T17:19:05Z,J,30,sold,False,BFI IMAX J 30
2026-05-02T17:19:05Z,J,29,sold,False,BFI IMAX J 29
2026-05-02T17:19:05Z,J,28,sold,False,BFI IMAX J 28
2026-05-02T17:19:05Z,J,27,sold,False,BFI IMAX J 27
2026-05-02T17:19:05Z,J,26,sold,False,BFI IMAX J 26
2026-05-02T17:19:05Z,J,25,sold,False,BFI IMAX J 25
2026-05-02T17:19:05Z,J,24,sold,False,BFI IMAX J 24
2026-05-02T17:19:05Z,J,23,sold,False,BFI IMAX J 23
2026-05-02T17:19:05Z,J,22,sold,False,BFI IMAX J 22
2026-05-02T17:19:05Z,J,21,sold,False,BFI IMAX J 21
2026-05-02T17:19:05Z,J,20,sold,False,BFI IMAX J 20
2026-05-02T17:19:05Z,J,19,sold,False,BFI IMAX J 19
2026-05-02T17:19:05Z,J,18,sold,False,BFI IMAX J 18
2026-05-02T17:19:05Z,J,17,sold,False,BFI IMAX J 17
2026-05-02T17:19:05Z,J,16,sold,False,BFI IMAX J 16
2026-05-02T17:19:05Z,J,15,sold,False,BFI IMAX J 15
2026-05-02T17:19:05Z,J,14,sold,False,BFI IMAX J 14
2026-05-02T17:19:05Z,J,13,sold,False,BFI IMAX J 13
2026-05-02T17:19:05Z,J,12,sold,False,BFI IMAX J 12
2026-05-02T17:19:05Z,J,11,available,False,BFI IMAX J 11
2026-05-02T17:19:05Z,J,10,sold,False,BFI IMAX J 10
2026-05-02T17:19:05Z,J,9,sold,False,BFI IMAX J 9
2026-05-02T17:19:05Z,J,8,sold,False,BFI IMAX J 8
2026-05-02T17:19:05Z,J,7,sold,False,BFI IMAX J 7
2026-05-02T17:19:05Z,J,6,sold,False,BFI IMAX J 6
2026-05-02T17:19:05Z,J,5,sold,False,BFI IMAX J 5
2026-05-02T17:19:05Z,J,4,available,False,BFI IMAX J 4
2026-05-02T17:19:05Z,J,3,available,False,BFI IMAX J 3
2026-05-02T17:19:05Z,J,2,available,False,BFI IMAX J 2
2026-05-02T17:19:05Z,J,1,available,False,BFI IMAX J 1
2026-05-02T17:19:05Z,K,36,available,False,BFI IMAX K 36
2026-05-02T17:19:05Z,K,35,available,False,BFI IMAX K 35
2026-05-02T17:19:05Z,K,34,available,False,BFI IMAX K 34
2026-05-02T17:19:05Z,K,33,available,False,BFI IMAX K 33
2026-05-02T17:19:05Z,K,32,available,False,BFI IMAX K 32
2026-05-02T17:19:05Z,K,31,available,False,BFI IMAX K 31
2026-05-02T17:19:05Z,K,30,sold,False,BFI IMAX K 30
2026-05-02T17:19:05Z,K,29,sold,False,BFI IMAX K 29
2026-05-02T17:19:05Z,K,28,sold,False,BFI IMAX K 28
2026-05-02T17:19:05Z,A,13,available,False,BFI IMAX A 13
2026-05-02T17:19:05Z,A,12,available,False,BFI IMAX A 12
2026-05-02T17:19:05Z,K,25,sold,False,BFI IMAX K 25
2026-05-02T17:19:05Z,K,24,sold,False,BFI IMAX K 24
2026-05-02T17:19:05Z,K,23,sold,False,BFI IMAX K 23
2026-05-02T17:19:05Z,K,22,sold,False,BFI IMAX K 22
2026-05-02T17:19:05Z,K,21,sold,False,BFI IMAX K 21
2026-05-02T17:19:05Z,K,20,sold,False,BFI IMAX K 20
2026-05-02T17:19:05Z,K,19,sold,False,BFI IMAX K 19
2026-05-02T17:19:05Z,K,18,sold,False,BFI IMAX K 18
2026-05-02T17:19:05Z,K,17,sold,False,BFI IMAX K 17
2026-05-02T17:19:05Z,K,16,sold,False,BFI IMAX K 16
2026-05-02T17:19:05Z,K,15,sold,False,BFI IMAX K 15
2026-05-02T17:19:05Z,K,14,sold,False,BFI IMAX K 14
2026-05-02T17:19:05Z,K,13,sold,False,BFI IMAX K 13
2026-05-02T17:19:05Z,K,12,sold,False,BFI IMAX K 12
2026-05-02T17:19:05Z,K,11,sold,False,BFI IMAX K 11
2026-05-02T17:19:05Z,K,10,sold,False,BFI IMAX K 10
2026-05-02T17:19:05Z,K,9,sold,False,BFI IMAX K 9
2026-05-02T17:19:05Z,K,8,sold,False,BFI IMAX K 8
2026-05-02T17:19:05Z,K,7,sold,False,BFI IMAX K 7
2026-05-02T17:19:05Z,K,6,available,False,BFI IMAX K 6
2026-05-02T17:19:05Z,K,5,available,False,BFI IMAX K 5
2026-05-02T17:19:05Z,K,4,available,False,BFI IMAX K 4
2026-05-02T17:19:05Z,K,3,available,False,BFI IMAX K 3
2026-05-02T17:19:05Z,K,2,available,False,BFI IMAX K 2
2026-05-02T17:19:05Z,K,1,available,False,BFI IMAX K 1
2026-05-02T17:19:05Z,L,33,other,False,BFI IMAX L 33
2026-05-02T17:19:05Z,L,32,other,False,BFI IMAX L 32
2026-05-02T17:19:05Z,L,31,available,False,BFI IMAX L 31
2026-05-02T17:19:05Z,L,30,available,False,BFI IMAX L 30
2026-05-02T17:19:05Z,L,29,sold,False,BFI IMAX L 29
2026-05-02T17:19:05Z,L,28,sold,False,BFI IMAX L 28
2026-05-02T17:19:05Z,L,27,sold,False,BFI IMAX L 27
2026-05-02T17:19:05Z,L,26,sold,False,BFI IMAX L 26
2026-05-02T17:19:05Z,L,8,sold,False,BFI IMAX L 8
2026-05-02T17:19:05Z,L,7,sold,False,BFI IMAX L 7
2026-05-02T17:19:05Z,L,6,sold,False,BFI IMAX L 6
2026-05-02T17:19:05Z,L,5,available,False,BFI IMAX L 5
2026-05-02T17:19:05Z,L,4,available,False,BFI IMAX L 4
2026-05-02T17:19:05Z,L,3,available,False,BFI IMAX L 3
2026-05-02T17:19:05Z,L,2,available,False,BFI IMAX L 2
2026-05-02T17:19:05Z,L,1,available,False,BFI IMAX L 1
2026-05-02T17:19:05Z,M,34,sold,False,BFI IMAX M 34
2026-05-02T17:19:05Z,M,33,sold,False,BFI IMAX M 33
2026-05-02T17:19:05Z,M,32,available,False,BFI IMAX M 32
2026-05-02T17:19:05Z,M,31,available,False,BFI IMAX M 31
2026-05-02T17:19:05Z,M,30,sold,False,BFI IMAX M 30
2026-05-02T17:19:05Z,M,29,sold,False,BFI IMAX M 29
2026-05-02T17:19:05Z,M,28,sold,False,BFI IMAX M 28
2026-05-02T17:19:05Z,M,27,sold,False,BFI IMAX M 27
2026-05-02T17:19:05Z,M,8,sold,False,BFI IMAX M 8
2026-05-02T17:19:05Z,M,7,sold,False,BFI IMAX M 7
2026-05-02T17:19:05Z,M,6,sold,False,BFI IMAX M 6
2026-05-02T17:19:05Z,M,5,sold,False,BFI IMAX M 5
2026-05-02T17:19:05Z,M,4,available,False,BFI IMAX M 4
2026-05-02T17:19:05Z,M,3,available,False,BFI IMAX M 3
2026-05-02T17:19:05Z,M,2,available,False,BFI IMAX M 2
2026-05-02T17:19:05Z,M,1,available,False,BFI IMAX M 1
2026-05-02T17:19:05Z,N,34,unavailable,False,BFI IMAX N 34
2026-05-02T17:19:05Z,N,33,unavailable,False,BFI IMAX N 33
2026-05-02T17:19:05Z,N,32,unavailable,False,BFI IMAX N 32
2026-05-02T17:19:05Z,N,31,unavailable,False,BFI IMAX N 31
2026-05-02T17:19:05Z,N,30,unavailable,False,BFI IMAX N 30
2026-05-02T17:19:05Z,N,29,unavailable,False,BFI IMAX N 29
2026-05-02T17:19:05Z,N,28,unavailable,False,BFI IMAX N 28
2026-05-02T17:19:05Z,N,27,unavailable,False,BFI IMAX N 27
2026-05-02T17:19:05Z,N,8,sold,False,BFI IMAX N 8
2026-05-02T17:19:05Z,N,7,sold,False,BFI IMAX N 7
2026-05-02T17:19:05Z,N,6,available,False,BFI IMAX N 6
2026-05-02T17:19:05Z,N,5,sold,False,BFI IMAX N 5
2026-05-02T17:19:05Z,N,4,available,False,BFI IMAX N 4
2026-05-02T17:19:05Z,N,3,available,False,BFI IMAX N 3
2026-05-02T17:19:05Z,N,2,available,False,BFI IMAX N 2
2026-05-02T17:19:05Z,N,1,available,False,BFI IMAX N 1
2026-05-02T17:19:05Z,P,31,unavailable,False,BFI IMAX P 31
2026-05-02T17:19:05Z,A,11,available,False,BFI IMAX A 11
2026-05-02T17:19:05Z,A,10,available,False,BFI IMAX A 10
2026-05-02T17:19:05Z,P,26,sold,False,BFI IMAX P 26
2026-05-02T17:19:05Z,P,6,unavailable,False,BFI IMAX P 6
2026-05-02T17:19:05Z,A,9,available,False,BFI IMAX A 9
2026-05-02T17:19:05Z,A,8,available,False,BFI IMAX A 8
2026-05-02T17:19:05Z,P,1,unavailable,False,BFI IMAX P 1
2026-05-02T17:19:05Z,M,11,sold,False,BFI IMAX M 11
2026-05-02T17:19:05Z,M,10,sold,False,BFI IMAX M 10
2026-05-02T17:19:05Z,M,9,sold,False,BFI IMAX M 9
2026-05-02T17:19:05Z,L,9,sold,False,BFI IMAX L 9
2026-05-02T17:19:05Z,L,25,sold,False,BFI IMAX L 25
2026-05-02T17:19:05Z,L,24,sold,False,BFI IMAX L 24
2026-05-02T17:19:05Z,L,23,sold,False,BFI IMAX L 23
2026-05-02T17:19:05Z,L,22,sold,False,BFI IMAX L 22
2026-05-02T17:19:05Z,L,21,sold,False,BFI IMAX L 21
2026-05-02T17:19:05Z,L,20,sold,False,BFI IMAX L 20
2026-05-02T17:19:05Z,L,19,sold,False,BFI IMAX L 19
2026-05-02T17:19:05Z,L,18,sold,False,BFI IMAX L 18
2026-05-02T17:19:05Z,L,17,sold,False,BFI IMAX L 17
2026-05-02T17:19:05Z,L,16,sold,False,BFI IMAX L 16
2026-05-02T17:19:05Z,L,15,sold,False,BFI IMAX L 15
2026-05-02T17:19:05Z,L,14,sold,False,BFI IMAX L 14
2026-05-02T17:19:05Z,L,13,sold,False,BFI IMAX L 13
2026-05-02T17:19:05Z,L,12,sold,False,BFI IMAX L 12
2026-05-02T17:19:05Z,L,11,sold,False,BFI IMAX L 11
2026-05-02T17:19:05Z,N,26,unavailable,False,BFI IMAX N 26
2026-05-02T17:19:05Z,N,25,unavailable,False,BFI IMAX N 25
2026-05-02T17:19:05Z,N,24,unavailable,False,BFI IMAX N 24
2026-05-02T17:19:05Z,N,23,unavailable,False,BFI IMAX N 23
2026-05-02T17:19:05Z,N,22,sold,False,BFI IMAX N 22
2026-05-02T17:19:05Z,N,21,sold,False,BFI IMAX N 21
2026-05-02T17:19:05Z,N,20,sold,False,BFI IMAX N 20
2026-05-02T17:19:05Z,N,19,sold,False,BFI IMAX N 19
2026-05-02T17:19:05Z,N,18,sold,False,BFI IMAX N 18
2026-05-02T17:19:05Z,N,17,sold,False,BFI IMAX N 17
2026-05-02T17:19:05Z,N,16,sold,False,BFI IMAX N 16
2026-05-02T17:19:05Z,N,15,sold,False,BFI IMAX N 15
2026-05-02T17:19:05Z,N,14,sold,False,BFI IMAX N 14
2026-05-02T17:19:05Z,N,13,sold,False,BFI IMAX N 13
2026-05-02T17:19:05Z,N,12,sold,False,BFI IMAX N 12
2026-05-02T17:19:05Z,N,11,sold,False,BFI IMAX N 11
2026-05-02T17:19:05Z,N,10,sold,False,BFI IMAX N 10
2026-05-02T17:19:05Z,N,9,sold,False,BFI IMAX N 9
2026-05-02T17:19:05Z,L,10,sold,False,BFI IMAX L 10
2026-05-02T17:19:05Z,M,26,sold,False,BFI IMAX M 26
2026-05-02T17:19:05Z,M,25,sold,False,BFI IMAX M 25
2026-05-02T17:19:05Z,M,24,sold,False,BFI IMAX M 24
2026-05-02T17:19:05Z,M,23,sold,False,BFI IMAX M 23
2026-05-02T17:19:05Z,M,22,sold,False,BFI IMAX M 22
2026-05-02T17:19:05Z,M,21,sold,False,BFI IMAX M 21
2026-05-02T17:19:05Z,M,20,sold,False,BFI IMAX M 20
2026-05-02T17:19:05Z,M,19,sold,False,BFI IMAX M 19
2026-05-02T17:19:05Z,M,18,sold,False,BFI IMAX M 18
2026-05-02T17:19:05Z,M,17,sold,False,BFI IMAX M 17
2026-05-02T17:19:05Z,M,16,sold,False,BFI IMAX M 16
2026-05-02T17:19:05Z,M,15,sold,False,BFI IMAX M 15
2026-05-02T17:19:05Z,M,14,sold,False,BFI IMAX M 14
2026-05-02T17:19:05Z,M,13,sold,False,BFI IMAX M 13
2026-05-02T17:19:05Z,M,12,sold,False,BFI IMAX M 12
2026-05-02T17:19:05Z,P,30,available,True,BFI IMAX P 30
2026-05-02T17:19:05Z,P,27,sold,True,BFI IMAX P 27
2026-05-02T17:19:05Z,P,2,available,True,BFI IMAX P 2
2026-05-02T17:19:05Z,P,5,sold,True,BFI IMAX P 5
2026-05-02T17:19:05Z,P,19,sold,False,BFI IMAX P 19
2026-05-02T17:19:05Z,P,18,sold,False,BFI IMAX P 18
2026-05-02T17:19:05Z,P,17,sold,False,BFI IMAX P 17
2026-05-02T17:19:05Z,P,16,sold,False,BFI IMAX P 16
2026-05-02T17:19:05Z,P,15,sold,False,BFI IMAX P 15
2026-05-02T17:19:05Z,P,14,sold,False,BFI IMAX P 14
2026-05-02T17:19:05Z,P,13,sold,False,BFI IMAX P 13
2026-05-02T17:19:05Z,P,12,sold,False,BFI IMAX P 12
2026-05-02T17:19:05Z,P,11,sold,False,BFI IMAX P 11
2026-05-02T17:19:05Z,P,10,sold,False,BFI IMAX P 10
2026-05-02T17:19:05Z,P,9,sold,False,BFI IMAX P 9
2026-05-02T17:19:05Z,P,8,sold,False,BFI IMAX P 8
2026-05-02T17:19:05Z,P,7,sold,False,BFI IMAX P 7
2026-05-02T17:19:05Z,P,25,sold,False,BFI IMAX P 25
2026-05-02T17:19:05Z,P,24,sold,False,BFI IMAX P 24
2026-05-02T17:19:05Z,P,23,sold,False,BFI IMAX P 23
2026-05-02T17:19:05Z,P,22,sold,False,BFI IMAX P 22
2026-05-02T17:19:05Z,P,21,sold,False,BFI IMAX P 21
2026-05-02T17:19:05Z,P,20,sold,False,BFI IMAX P 20
2026-05-02T17:19:05Z,Q,18,sold,False,BFI IMAX Q 18
2026-05-02T17:19:05Z,Q,17,sold,False,BFI IMAX Q 17
2026-05-02T17:19:05Z,Q,16,sold,False,BFI IMAX Q 16
2026-05-02T17:19:05Z,Q,15,sold,False,BFI IMAX Q 15
2026-05-02T17:19:05Z,Q,14,sold,False,BFI IMAX Q 14
2026-05-02T17:19:05Z,Q,13,sold,False,BFI IMAX Q 13
2026-05-02T17:19:05Z,Q,12,sold,False,BFI IMAX Q 12
2026-05-02T17:19:05Z,Q,11,sold,False,BFI IMAX Q 11
2026-05-02T17:19:05Z,Q,10,sold,False,BFI IMAX Q 10
2026-05-02T17:19:05Z,Q,9,sold,False,BFI IMAX Q 9
2026-05-02T17:19:05Z,Q,8,sold,False,BFI IMAX Q 8
2026-05-02T17:19:05Z,Q,7,sold,False,BFI IMAX Q 7
2026-05-02T17:19:05Z,Q,6,sold,False,BFI IMAX Q 6
2026-05-02T17:19:05Z,Q,5,sold,False,BFI IMAX Q 5
2026-05-02T17:19:05Z,Q,4,sold,False,BFI IMAX Q 4
2026-05-02T17:19:05Z,Q,3,sold,False,BFI IMAX Q 3
2026-05-02T17:19:05Z,Q,2,sold,False,BFI IMAX Q 2
2026-05-02T17:19:05Z,Q,1,sold,False,BFI IMAX Q 1
2026-05-04T16:16:18Z,K,27,sold,False,BFI IMAX K 27
2026-05-04T16:16:18Z,K,26,sold,False,BFI IMAX K 26
2026-05-04T16:16:18Z,M,8,sold,False,BFI IMAX M 8
2026-05-04T16:16:18Z,M,7,sold,False,BFI IMAX M 7
2026-05-04T16:16:18Z,P,29,available,True,BFI IMAX P 29
2026-05-04T16:16:18Z,P,28,sold,True,BFI IMAX P 28
2026-05-04T16:16:18Z,P,4,available,True,BFI IMAX P 4
2026-05-04T16:16:18Z,P,3,available,True,BFI IMAX P 3
2026-05-04T16:16:18Z,A,5,unavailable,False,BFI IMAX A 5
2026-05-04T16:16:18Z,A,4,unavailable,False,BFI IMAX A 4
2026-05-04T16:16:18Z,A,3,unavailable,False,BFI IMAX A 3
2026-05-04T16:16:18Z,A,2,unavailable,False,BFI IMAX A 2
2026-05-04T16:16:18Z,A,1,unavailable,False,BFI IMAX A 1
2026-05-04T16:16:18Z,B,36,unavailable,False,BFI IMAX B 36
2026-05-04T16:16:18Z,B,35,unavailable,False,BFI IMAX B 35
2026-05-04T16:16:18Z,B,34,unavailable,False,BFI IMAX B 34
2026-05-04T16:16:18Z,B,33,unavailable,False,BFI IMAX B 33
2026-05-04T16:16:18Z,B,32,unavailable,False,BFI IMAX B 32
2026-05-04T16:16:18Z,B,31,unavailable,False,BFI IMAX B 31
2026-05-04T16:16:18Z,B,30,unavailable,False,BFI IMAX B 30
2026-05-04T16:16:18Z,B,29,unavailable,False,BFI IMAX B 29
2026-05-04T16:16:18Z,B,28,unavailable,False,BFI IMAX B 28
2026-05-04T16:16:18Z,B,27,unavailable,False,BFI IMAX B 27
2026-05-04T16:16:18Z,B,26,unavailable,False,BFI IMAX B 26
2026-05-04T16:16:18Z,B,25,unavailable,False,BFI IMAX B 25
2026-05-04T16:16:18Z,B,24,unavailable,False,BFI IMAX B 24
2026-05-04T16:16:18Z,B,23,unavailable,False,BFI IMAX B 23
2026-05-04T16:16:18Z,B,22,unavailable,False,BFI IMAX B 22
2026-05-04T16:16:18Z,B,21,sold,False,BFI IMAX B 21
2026-05-04T16:16:18Z,B,20,sold,False,BFI IMAX B 20
2026-05-04T16:16:18Z,B,19,sold,False,BFI IMAX B 19
2026-05-04T16:16:18Z,B,18,sold,False,BFI IMAX B 18
2026-05-04T16:16:18Z,B,17,sold,False,BFI IMAX B 17
2026-05-04T16:16:18Z,B,16,sold,False,BFI IMAX B 16
2026-05-04T16:16:18Z,B,15,sold,False,BFI IMAX B 15
2026-05-04T16:16:18Z,B,14,sold,False,BFI IMAX B 14
2026-05-04T16:16:18Z,B,13,unavailable,False,BFI IMAX B 13
2026-05-04T16:16:18Z,B,12,unavailable,False,BFI IMAX B 12
2026-05-04T16:16:18Z,B,11,unavailable,False,BFI IMAX B 11
2026-05-04T16:16:18Z,B,10,unavailable,False,BFI IMAX B 10
2026-05-04T16:16:18Z,B,9,unavailable,False,BFI IMAX B 9
2026-05-04T16:16:18Z,B,8,unavailable,False,BFI IMAX B 8
2026-05-04T16:16:18Z,B,7,unavailable,False,BFI IMAX B 7
2026-05-04T16:16:18Z,B,6,unavailable,False,BFI IMAX B 6
2026-05-04T16:16:18Z,B,5,unavailable,False,BFI IMAX B 5
2026-05-04T16:16:18Z,B,4,unavailable,False,BFI IMAX B 4
2026-05-04T16:16:18Z,B,3,unavailable,False,BFI IMAX B 3
2026-05-04T16:16:18Z,B,2,unavailable,False,BFI IMAX B 2
2026-05-04T16:16:18Z,B,1,unavailable,False,BFI IMAX B 1
2026-05-04T16:16:18Z,C,36,sold,False,BFI IMAX C 36
2026-05-04T16:16:18Z,C,35,sold,False,BFI IMAX C 35
2026-05-04T16:16:18Z,C,34,sold,False,BFI IMAX C 34
2026-05-04T16:16:18Z,C,33,sold,False,BFI IMAX C 33
2026-05-04T16:16:18Z,C,32,sold,False,BFI IMAX C 32
2026-05-04T16:16:18Z,C,31,sold,False,BFI IMAX C 31
2026-05-04T16:16:18Z,C,30,sold,False,BFI IMAX C 30
2026-05-04T16:16:18Z,C,29,sold,False,BFI IMAX C 29
2026-05-04T16:16:18Z,C,28,sold,False,BFI IMAX C 28
2026-05-04T16:16:18Z,C,27,sold,False,BFI IMAX C 27
2026-05-04T16:16:18Z,C,26,sold,False,BFI IMAX C 26
2026-05-04T16:16:18Z,C,25,unavailable,False,BFI IMAX C 25
2026-05-04T16:16:18Z,C,24,unavailable,False,BFI IMAX C 24
2026-05-04T16:16:18Z,C,23,unavailable,False,BFI IMAX C 23
2026-05-04T16:16:18Z,C,22,sold,False,BFI IMAX C 22
2026-05-04T16:16:18Z,C,21,sold,False,BFI IMAX C 21
2026-05-04T16:16:18Z,C,20,sold,False,BFI IMAX C 20
2026-05-04T16:16:18Z,C,19,sold,False,BFI IMAX C 19
2026-05-04T16:16:18Z,C,18,sold,False,BFI IMAX C 18
2026-05-04T16:16:18Z,C,17,sold,False,BFI IMAX C 17
2026-05-04T16:16:18Z,C,16,sold,False,BFI IMAX C 16
2026-05-04T16:16:18Z,C,15,sold,False,BFI IMAX C 15
2026-05-04T16:16:18Z,C,14,sold,False,BFI IMAX C 14
2026-05-04T16:16:18Z,C,13,sold,False,BFI IMAX C 13
2026-05-04T16:16:18Z,C,12,sold,False,BFI IMAX C 12
2026-05-04T16:16:18Z,C,11,sold,False,BFI IMAX C 11
2026-05-04T16:16:18Z,C,10,sold,False,BFI IMAX C 10
2026-05-04T16:16:18Z,C,9,sold,False,BFI IMAX C 9
2026-05-04T16:16:18Z,C,8,sold,False,BFI IMAX C 8
2026-05-04T16:16:18Z,C,7,sold,False,BFI IMAX C 7
2026-05-04T16:16:18Z,C,6,sold,False,BFI IMAX C 6
2026-05-04T16:16:18Z,C,5,sold,False,BFI IMAX C 5
2026-05-04T16:16:18Z,C,4,sold,False,BFI IMAX C 4
2026-05-04T16:16:18Z,C,3,sold,False,BFI IMAX C 3
2026-05-04T16:16:18Z,C,2,sold,False,BFI IMAX C 2
2026-05-04T16:16:18Z,C,1,sold,False,BFI IMAX C 1
2026-05-04T16:16:18Z,D,37,sold,False,BFI IMAX D 37
2026-05-04T16:16:18Z,D,36,sold,False,BFI IMAX D 36
2026-05-04T16:16:18Z,D,35,sold,False,BFI IMAX D 35
2026-05-04T16:16:18Z,D,34,sold,False,BFI IMAX D 34
2026-05-04T16:16:18Z,D,33,sold,False,BFI IMAX D 33
2026-05-04T16:16:18Z,D,32,sold,False,BFI IMAX D 32
2026-05-04T16:16:18Z,D,31,sold,False,BFI IMAX D 31
2026-05-04T16:16:18Z,D,30,sold,False,BFI IMAX D 30
2026-05-04T16:16:18Z,D,29,sold,False,BFI IMAX D 29
2026-05-04T16:16:18Z,D,28,sold,False,BFI IMAX D 28
2026-05-04T16:16:18Z,D,27,sold,False,BFI IMAX D 27
2026-05-04T16:16:18Z,D,26,sold,False,BFI IMAX D 26
2026-05-04T16:16:18Z,D,25,sold,False,BFI IMAX D 25
2026-05-04T16:16:18Z,D,24,sold,False,BFI IMAX D 24
2026-05-04T16:16:18Z,D,23,sold,False,BFI IMAX D 23
2026-05-04T16:16:18Z,D,22,sold,False,BFI IMAX D 22
2026-05-04T16:16:18Z,D,21,sold,False,BFI IMAX D 21
2026-05-04T16:16:18Z,D,20,sold,False,BFI IMAX D 20
2026-05-04T16:16:18Z,D,19,unavailable,False,BFI IMAX D 19
2026-05-04T16:16:18Z,D,18,unavailable,False,BFI IMAX D 18
2026-05-04T16:16:18Z,D,17,sold,False,BFI IMAX D 17
2026-05-04T16:16:18Z,D,16,sold,False,BFI IMAX D 16
2026-05-04T16:16:18Z,D,15,sold,False,BFI IMAX D 15
2026-05-04T16:16:18Z,D,14,sold,False,BFI IMAX D 14
2026-05-04T16:16:18Z,D,13,sold,False,BFI IMAX D 13
2026-05-04T16:16:18Z,D,12,sold,False,BFI IMAX D 12
2026-05-04T16:16:18Z,D,11,sold,False,BFI IMAX D 11
2026-05-04T16:16:18Z,D,10,sold,False,BFI IMAX D 10
2026-05-04T16:16:18Z,D,9,sold,False,BFI IMAX D 9
2026-05-04T16:16:18Z,D,8,sold,False,BFI IMAX D 8
2026-05-04T16:16:18Z,D,7,sold,False,BFI IMAX D 7
2026-05-04T16:16:18Z,D,6,sold,False,BFI IMAX D 6
2026-05-04T16:16:18Z,D,5,sold,False,BFI IMAX D 5
2026-05-04T16:16:18Z,D,4,sold,False,BFI IMAX D 4
2026-05-04T16:16:18Z,D,3,sold,False,BFI IMAX D 3
2026-05-04T16:16:18Z,D,2,sold,False,BFI IMAX D 2
2026-05-04T16:16:18Z,D,1,sold,False,BFI IMAX D 1
2026-05-04T16:16:18Z,E,37,sold,False,BFI IMAX E 37
2026-05-04T16:16:18Z,E,36,sold,False,BFI IMAX E 36
2026-05-04T16:16:18Z,E,35,sold,False,BFI IMAX E 35
2026-05-04T16:16:18Z,E,34,sold,False,BFI IMAX E 34
2026-05-04T16:16:18Z,E,33,sold,False,BFI IMAX E 33
2026-05-04T16:16:18Z,E,32,sold,False,BFI IMAX E 32
2026-05-04T16:16:18Z,E,31,sold,False,BFI IMAX E 31
2026-05-04T16:16:18Z,E,30,sold,False,BFI IMAX E 30
2026-05-04T16:16:18Z,E,29,sold,False,BFI IMAX E 29
2026-05-04T16:16:18Z,E,28,sold,False,BFI IMAX E 28
2026-05-04T16:16:18Z,E,27,sold,False,BFI IMAX E 27
2026-05-04T16:16:18Z,E,26,sold,False,BFI IMAX E 26
2026-05-04T16:16:18Z,E,25,sold,False,BFI IMAX E 25
2026-05-04T16:16:18Z,E,24,sold,False,BFI IMAX E 24
2026-05-04T16:16:18Z,E,23,sold,False,BFI IMAX E 23
2026-05-04T16:16:18Z,E,22,sold,False,BFI IMAX E 22
2026-05-04T16:16:18Z,E,21,sold,False,BFI IMAX E 21
2026-05-04T16:16:18Z,E,20,sold,False,BFI IMAX E 20
2026-05-04T16:16:18Z,E,19,sold,False,BFI IMAX E 19
2026-05-04T16:16:18Z,E,18,sold,False,BFI IMAX E 18
2026-05-04T16:16:18Z,E,17,sold,False,BFI IMAX E 17
2026-05-04T16:16:18Z,E,16,sold,False,BFI IMAX E 16
2026-05-04T16:16:18Z,E,15,sold,False,BFI IMAX E 15
2026-05-04T16:16:18Z,E,14,sold,False,BFI IMAX E 14
2026-05-04T16:16:18Z,E,13,sold,False,BFI IMAX E 13
2026-05-04T16:16:18Z,E,12,sold,False,BFI IMAX E 12
2026-05-04T16:16:18Z,E,11,sold,False,BFI IMAX E 11
2026-05-04T16:16:18Z,E,10,sold,False,BFI IMAX E 10
2026-05-04T16:16:18Z,E,9,sold,False,BFI IMAX E 9
2026-05-04T16:16:18Z,E,8,sold,False,BFI IMAX E 8
2026-05-04T16:16:18Z,E,7,sold,False,BFI IMAX E 7
2026-05-04T16:16:18Z,E,6,sold,False,BFI IMAX E 6
2026-05-04T16:16:18Z,E,5,sold,False,BFI IMAX E 5
2026-05-04T16:16:18Z,E,4,sold,False,BFI IMAX E 4
2026-05-04T16:16:18Z,E,3,sold,False,BFI IMAX E 3
2026-05-04T16:16:18Z,E,2,sold,False,BFI IMAX E 2
2026-05-04T16:16:18Z,E,1,sold,False,BFI IMAX E 1
2026-05-04T16:16:18Z,F,38,sold,False,BFI IMAX F 38
2026-05-04T16:16:18Z,F,37,sold,False,BFI IMAX F 37
2026-05-04T16:16:18Z,F,36,sold,False,BFI IMAX F 36
2026-05-04T16:16:18Z,F,35,sold,False,BFI IMAX F 35
2026-05-04T16:16:18Z,F,34,sold,False,BFI IMAX F 34
2026-05-04T16:16:18Z,F,33,sold,False,BFI IMAX F 33
2026-05-04T16:16:18Z,F,32,sold,False,BFI IMAX F 32
2026-05-04T16:16:18Z,F,31,sold,False,BFI IMAX F 31
2026-05-04T16:16:18Z,F,30,sold,False,BFI IMAX F 30
2026-05-04T16:16:18Z,F,29,sold,False,BFI IMAX F 29
2026-05-04T16:16:18Z,F,28,sold,False,BFI IMAX F 28
2026-05-04T16:16:18Z,F,27,sold,False,BFI IMAX F 27
2026-05-04T16:16:18Z,F,26,sold,False,BFI IMAX F 26
2026-05-04T16:16:18Z,F,25,sold,False,BFI IMAX F 25
2026-05-04T16:16:18Z,F,24,sold,False,BFI IMAX F 24
2026-05-04T16:16:18Z,F,23,sold,False,BFI IMAX F 23
2026-05-04T16:16:18Z,F,22,sold,False,BFI IMAX F 22
2026-05-04T16:16:18Z,F,21,sold,False,BFI IMAX F 21
2026-05-04T16:16:18Z,F,20,sold,False,BFI IMAX F 20
2026-05-04T16:16:18Z,F,19,sold,False,BFI IMAX F 19
2026-05-04T16:16:18Z,F,18,sold,False,BFI IMAX F 18
2026-05-04T16:16:18Z,F,17,sold,False,BFI IMAX F 17
2026-05-04T16:16:18Z,F,16,sold,False,BFI IMAX F 16
2026-05-04T16:16:18Z,F,15,sold,False,BFI IMAX F 15
2026-05-04T16:16:18Z,F,14,sold,False,BFI IMAX F 14
2026-05-04T16:16:18Z,F,13,sold,False,BFI IMAX F 13
2026-05-04T16:16:18Z,F,12,sold,False,BFI IMAX F 12
2026-05-04T16:16:18Z,F,11,sold,False,BFI IMAX F 11
2026-05-04T16:16:18Z,F,10,sold,False,BFI IMAX F 10
2026-05-04T16:16:18Z,F,9,sold,False,BFI IMAX F 9
2026-05-04T16:16:18Z,F,8,sold,False,BFI IMAX F 8
2026-05-04T16:16:18Z,F,7,sold,False,BFI IMAX F 7
2026-05-04T16:16:18Z,F,6,sold,False,BFI IMAX F 6
2026-05-04T16:16:18Z,F,5,sold,False,BFI IMAX F 5
2026-05-04T16:16:18Z,F,4,sold,False,BFI IMAX F 4
2026-05-04T16:16:18Z,F,3,sold,False,BFI IMAX F 3
2026-05-04T16:16:18Z,F,2,sold,False,BFI IMAX F 2
2026-05-04T16:16:18Z,F,1,sold,False,BFI IMAX F 1
2026-05-04T16:16:18Z,G,37,sold,False,BFI IMAX G 37
2026-05-04T16:16:18Z,G,36,sold,False,BFI IMAX G 36
2026-05-04T16:16:18Z,G,35,sold,False,BFI IMAX G 35
2026-05-04T16:16:18Z,G,34,sold,False,BFI IMAX G 34
2026-05-04T16:16:18Z,G,33,sold,False,BFI IMAX G 33
2026-05-04T16:16:18Z,G,32,sold,False,BFI IMAX G 32
2026-05-04T16:16:18Z,G,31,sold,False,BFI IMAX G 31
2026-05-04T16:16:18Z,G,30,sold,False,BFI IMAX G 30
2026-05-04T16:16:18Z,G,29,sold,False,BFI IMAX G 29
2026-05-04T16:16:18Z,G,28,sold,False,BFI IMAX G 28
2026-05-04T16:16:18Z,G,27,sold,False,BFI IMAX G 27
2026-05-04T16:16:18Z,G,26,sold,False,BFI IMAX G 26
2026-05-04T16:16:18Z,G,25,sold,False,BFI IMAX G 25
2026-05-04T16:16:18Z,G,24,sold,False,BFI IMAX G 24
2026-05-04T16:16:18Z,G,23,sold,False,BFI IMAX G 23
2026-05-04T16:16:18Z,G,22,sold,False,BFI IMAX G 22
2026-05-04T16:16:18Z,G,21,sold,False,BFI IMAX G 21
2026-05-04T16:16:18Z,G,20,sold,False,BFI IMAX G 20
2026-05-04T16:16:18Z,G,19,sold,False,BFI IMAX G 19
2026-05-04T16:16:18Z,G,18,sold,False,BFI IMAX G 18
2026-05-04T16:16:18Z,G,17,sold,False,BFI IMAX G 17
2026-05-04T16:16:18Z,G,16,sold,False,BFI IMAX G 16
2026-05-04T16:16:18Z,G,15,sold,False,BFI IMAX G 15
2026-05-04T16:16:18Z,G,14,sold,False,BFI IMAX G 14
2026-05-04T16:16:18Z,G,13,sold,False,BFI IMAX G 13
2026-05-04T16:16:18Z,G,12,sold,False,BFI IMAX G 12
2026-05-04T16:16:18Z,G,11,sold,False,BFI IMAX G 11
2026-05-04T16:16:18Z,G,10,sold,False,BFI IMAX G 10
2026-05-04T16:16:18Z,G,9,sold,False,BFI IMAX G 9
2026-05-04T16:16:18Z,G,8,sold,False,BFI IMAX G 8
2026-05-04T16:16:18Z,G,7,sold,False,BFI IMAX G 7
2026-05-04T16:16:18Z,G,6,sold,False,BFI IMAX G 6
2026-05-04T16:16:18Z,G,5,sold,False,BFI IMAX G 5
2026-05-04T16:16:18Z,G,4,sold,False,BFI IMAX G 4
2026-05-04T16:16:18Z,G,3,sold,False,BFI IMAX G 3
2026-05-04T16:16:18Z,G,2,sold,False,BFI IMAX G 2
2026-05-04T16:16:18Z,G,1,sold,False,BFI IMAX G 1
2026-05-04T16:16:18Z,H,37,sold,False,BFI IMAX H 37
2026-05-04T16:16:18Z,H,36,sold,False,BFI IMAX H 36
2026-05-04T16:16:18Z,H,35,sold,False,BFI IMAX H 35
2026-05-04T16:16:18Z,H,34,sold,False,BFI IMAX H 34
2026-05-04T16:16:18Z,H,33,sold,False,BFI IMAX H 33
2026-05-04T16:16:18Z,H,32,sold,False,BFI IMAX H 32
2026-05-04T16:16:18Z,H,31,sold,False,BFI IMAX H 31
2026-05-04T16:16:18Z,H,30,sold,False,BFI IMAX H 30
2026-05-04T16:16:18Z,H,29,sold,False,BFI IMAX H 29
2026-05-04T16:16:18Z,H,28,sold,False,BFI IMAX H 28
2026-05-04T16:16:18Z,H,27,unavailable,False,BFI IMAX H 27
2026-05-04T16:16:18Z,H,26,unavailable,False,BFI IMAX H 26
2026-05-04T16:16:18Z,H,25,unavailable,False,BFI IMAX H 25
2026-05-04T16:16:18Z,H,24,unavailable,False,BFI IMAX H 24
2026-05-04T16:16:18Z,H,23,unavailable,False,BFI IMAX H 23
2026-05-04T16:16:18Z,H,22,unavailable,False,BFI IMAX H 22
2026-05-04T16:16:18Z,H,21,unavailable,False,BFI IMAX H 21
2026-05-04T16:16:18Z,H,20,unavailable,False,BFI IMAX H 20
2026-05-04T16:16:18Z,H,19,sold,False,BFI IMAX H 19
2026-05-04T16:16:18Z,H,18,sold,False,BFI IMAX H 18
2026-05-04T16:16:18Z,H,17,sold,False,BFI IMAX H 17
2026-05-04T16:16:18Z,H,16,sold,False,BFI IMAX H 16
2026-05-04T16:16:18Z,H,15,sold,False,BFI IMAX H 15
2026-05-04T16:16:18Z,H,14,sold,False,BFI IMAX H 14
2026-05-04T16:16:18Z,H,13,sold,False,BFI IMAX H 13
2026-05-04T16:16:18Z,H,12,sold,False,BFI IMAX H 12
2026-05-04T16:16:18Z,H,11,sold,False,BFI IMAX H 11
2026-05-04T16:16:18Z,H,10,sold,False,BFI IMAX H 10
2026-05-04T16:16:18Z,H,9,sold,False,BFI IMAX H 9
2026-05-04T16:16:18Z,H,8,sold,False,BFI IMAX H 8
2026-05-04T16:16:18Z,H,7,sold,False,BFI IMAX H 7
2026-05-04T16:16:18Z,H,6,sold,False,BFI IMAX H 6
2026-05-04T16:16:18Z,H,5,sold,False,BFI IMAX H 5
2026-05-04T16:16:18Z,H,4,sold,False,BFI IMAX H 4
2026-05-04T16:16:18Z,H,3,sold,False,BFI IMAX H 3
2026-05-04T16:16:18Z,H,2,sold,False,BFI IMAX H 2
2026-05-04T16:16:18Z,H,1,sold,False,BFI IMAX H 1
2026-05-04T16:16:18Z,J,36,sold,False,BFI IMAX J 36
2026-05-04T16:16:18Z,J,35,sold,False,BFI IMAX J 35
2026-05-04T16:16:18Z,J,34,sold,False,BFI IMAX J 34
2026-05-04T16:16:18Z,J,33,sold,False,BFI IMAX J 33
2026-05-04T16:16:18Z,J,32,sold,False,BFI IMAX J 32
2026-05-04T16:16:18Z,J,31,sold,False,BFI IMAX J 31
2026-05-04T16:16:18Z,J,30,sold,False,BFI IMAX J 30
2026-05-04T16:16:18Z,J,29,sold,False,BFI IMAX J 29
2026-05-04T16:16:18Z,J,28,sold,False,BFI IMAX J 28
2026-05-04T16:16:18Z,J,27,sold,False,BFI IMAX J 27
2026-05-04T16:16:18Z,J,26,sold,False,BFI IMAX J 26
2026-05-04T16:16:18Z,J,25,sold,False,BFI IMAX J 25
2026-05-04T16:16:18Z,J,24,sold,False,BFI IMAX J 24
2026-05-04T16:16:18Z,J,23,sold,False,BFI IMAX J 23
2026-05-04T16:16:18Z,J,22,sold,False,BFI IMAX J 22
2026-05-04T16:16:18Z,J,21,sold,False,BFI IMAX J 21
2026-05-04T16:16:18Z,J,20,sold,False,BFI IMAX J 20
2026-05-04T16:16:18Z,J,19,unavailable,False,BFI IMAX J 19
2026-05-04T16:16:18Z,J,18,unavailable,False,BFI IMAX J 18
2026-05-04T16:16:18Z,J,17,unavailable,False,BFI IMAX J 17
2026-05-04T16:16:18Z,J,16,unavailable,False,BFI IMAX J 16
2026-05-04T16:16:18Z,J,15,unavailable,False,BFI IMAX J 15
2026-05-04T16:16:18Z,J,14,unavailable,False,BFI IMAX J 14
2026-05-04T16:16:18Z,J,13,unavailable,False,BFI IMAX J 13
2026-05-04T16:16:18Z,J,12,unavailable,False,BFI IMAX J 12
2026-05-04T16:16:18Z,J,11,unavailable,False,BFI IMAX J 11
2026-05-04T16:16:18Z,J,10,unavailable,False,BFI IMAX J 10
2026-05-04T16:16:18Z,J,9,sold,False,BFI IMAX J 9
2026-05-04T16:16:18Z,J,8,sold,False,BFI IMAX J 8
2026-05-04T16:16:18Z,J,7,sold,False,BFI IMAX J 7
2026-05-04T16:16:18Z,J,6,sold,False,BFI IMAX J 6
2026-05-04T16:16:18Z,J,5,sold,False,BFI IMAX J 5
2026-05-04T16:16:18Z,J,4,sold,False,BFI IMAX J 4
2026-05-04T16:16:18Z,J,3,sold,False,BFI IMAX J 3
2026-05-04T16:16:18Z,J,2,sold,False,BFI IMAX J 2
2026-05-04T16:16:18Z,J,1,sold,False,BFI IMAX J 1
2026-05-04T16:16:18Z,K,36,sold,False,BFI IMAX K 36
2026-05-04T16:16:18Z,K,35,sold,False,BFI IMAX K 35
2026-05-04T16:16:18Z,K,34,sold,False,BFI IMAX K 34
2026-05-04T16:16:18Z,K,33,sold,False,BFI IMAX K 33
2026-05-04T16:16:18Z,K,32,sold,False,BFI IMAX K 32
2026-05-04T16:16:18Z,K,31,sold,False,BFI IMAX K 31
2026-05-04T16:16:18Z,K,30,sold,False,BFI IMAX K 30
2026-05-04T16:16:18Z,K,29,sold,False,BFI IMAX K 29
2026-05-04T16:16:18Z,K,28,sold,False,BFI IMAX K 28
2026-05-04T16:16:18Z,A,13,unavailable,False,BFI IMAX A 13
2026-05-04T16:16:18Z,A,12,unavailable,False,BFI IMAX A 12
2026-05-04T16:16:18Z,K,25,sold,False,BFI IMAX K 25
2026-05-04T16:16:18Z,K,24,sold,False,BFI IMAX K 24
2026-05-04T16:16:18Z,K,23,sold,False,BFI IMAX K 23
2026-05-04T16:16:18Z,K,22,sold,False,BFI IMAX K 22
2026-05-04T16:16:18Z,K,21,sold,False,BFI IMAX K 21
2026-05-04T16:16:18Z,K,20,sold,False,BFI IMAX K 20
2026-05-04T16:16:18Z,K,19,unavailable,False,BFI IMAX K 19
2026-05-04T16:16:18Z,K,18,unavailable,False,BFI IMAX K 18
2026-05-04T16:16:18Z,K,17,unavailable,False,BFI IMAX K 17
2026-05-04T16:16:18Z,K,16,unavailable,False,BFI IMAX K 16
2026-05-04T16:16:18Z,K,15,unavailable,False,BFI IMAX K 15
2026-05-04T16:16:18Z,K,14,unavailable,False,BFI IMAX K 14
2026-05-04T16:16:18Z,K,13,unavailable,False,BFI IMAX K 13
2026-05-04T16:16:18Z,K,12,unavailable,False,BFI IMAX K 12
2026-05-04T16:16:18Z,K,11,unavailable,False,BFI IMAX K 11
2026-05-04T16:16:18Z,K,10,unavailable,False,BFI IMAX K 10
2026-05-04T16:16:18Z,K,9,sold,False,BFI IMAX K 9
2026-05-04T16:16:18Z,K,8,sold,False,BFI IMAX K 8
2026-05-04T16:16:18Z,K,7,sold,False,BFI IMAX K 7
2026-05-04T16:16:18Z,K,6,sold,False,BFI IMAX K 6
2026-05-04T16:16:18Z,K,5,sold,False,BFI IMAX K 5
2026-05-04T16:16:18Z,K,4,sold,False,BFI IMAX K 4
2026-05-04T16:16:18Z,K,3,sold,False,BFI IMAX K 3
2026-05-04T16:16:18Z,K,2,sold,False,BFI IMAX K 2
2026-05-04T16:16:18Z,K,1,sold,False,BFI IMAX K 1
2026-05-04T16:16:18Z,L,33,sold,False,BFI IMAX L 33
2026-05-04T16:16:18Z,L,32,sold,False,BFI IMAX L 32
2026-05-04T16:16:18Z,L,31,sold,False,BFI IMAX L 31
2026-05-04T16:16:18Z,L,30,sold,False,BFI IMAX L 30
2026-05-04T16:16:18Z,L,29,sold,False,BFI IMAX L 29
2026-05-04T16:16:18Z,L,28,sold,False,BFI IMAX L 28
2026-05-04T16:16:18Z,L,27,sold,False,BFI IMAX L 27
2026-05-04T16:16:18Z,L,26,sold,False,BFI IMAX L 26
2026-05-04T16:16:18Z,L,8,sold,False,BFI IMAX L 8
2026-05-04T16:16:18Z,L,7,sold,False,BFI IMAX L 7
2026-05-04T16:16:18Z,L,6,sold,False,BFI IMAX L 6
2026-05-04T16:16:18Z,L,5,sold,False,BFI IMAX L 5
2026-05-04T16:16:18Z,L,4,sold,False,BFI IMAX L 4
2026-05-04T16:16:18Z,L,3,sold,False,BFI IMAX L 3
2026-05-04T16:16:18Z,L,2,sold,False,BFI IMAX L 2
2026-05-04T16:16:18Z,L,1,sold,False,BFI IMAX L 1
2026-05-04T16:16:18Z,M,34,sold,False,BFI IMAX M 34
2026-05-04T16:16:18Z,M,33,sold,False,BFI IMAX M 33
2026-05-04T16:16:18Z,M,32,sold,False,BFI IMAX M 32
2026-05-04T16:16:18Z,M,31,sold,False,BFI IMAX M 31
2026-05-04T16:16:18Z,M,30,sold,False,BFI IMAX M 30
2026-05-04T16:16:18Z,M,29,sold,False,BFI IMAX M 29
2026-05-04T16:16:18Z,M,28,sold,False,BFI IMAX M 28
2026-05-04T16:16:18Z,M,27,sold,False,BFI IMAX M 27
2026-05-04T16:16:18Z,A,11,unavailable,False,BFI IMAX A 11
2026-05-04T16:16:18Z,A,10,unavailable,False,BFI IMAX A 10
2026-05-04T16:16:18Z,M,6,sold,False,BFI IMAX M 6
2026-05-04T16:16:18Z,M,5,sold,False,BFI IMAX M 5
2026-05-04T16:16:18Z,M,4,sold,False,BFI IMAX M 4
2026-05-04T16:16:18Z,M,3,sold,False,BFI IMAX M 3
2026-05-04T16:16:18Z,M,2,sold,False,BFI IMAX M 2
2026-05-04T16:16:18Z,M,1,sold,False,BFI IMAX M 1
2026-05-04T16:16:18Z,N,34,unavailable,False,BFI IMAX N 34
2026-05-04T16:16:18Z,N,33,unavailable,False,BFI IMAX N 33
2026-05-04T16:16:18Z,N,32,unavailable,False,BFI IMAX N 32
2026-05-04T16:16:18Z,N,31,unavailable,False,BFI IMAX N 31
2026-05-04T16:16:18Z,N,30,unavailable,False,BFI IMAX N 30
2026-05-04T16:16:18Z,N,29,unavailable,False,BFI IMAX N 29
2026-05-04T16:16:18Z,N,28,sold,False,BFI IMAX N 28
2026-05-04T16:16:18Z,N,27,sold,False,BFI IMAX N 27
2026-05-04T16:16:18Z,N,8,sold,False,BFI IMAX N 8
2026-05-04T16:16:18Z,N,7,sold,False,BFI IMAX N 7
2026-05-04T16:16:18Z,N,6,sold,False,BFI IMAX N 6
2026-05-04T16:16:18Z,N,5,sold,False,BFI IMAX N 5
2026-05-04T16:16:18Z,N,4,sold,False,BFI IMAX N 4
2026-05-04T16:16:18Z,N,3,sold,False,BFI IMAX N 3
2026-05-04T16:16:18Z,N,2,sold,False,BFI IMAX N 2
2026-05-04T16:16:18Z,N,1,sold,False,BFI IMAX N 1
2026-05-04T16:16:18Z,P,31,sold,False,BFI IMAX P 31
2026-05-04T16:16:18Z,A,9,unavailable,False,BFI IMAX A 9
2026-05-04T16:16:18Z,A,8,unavailable,False,BFI IMAX A 8
2026-05-04T16:16:18Z,P,26,unavailable,False,BFI IMAX P 26
2026-05-04T16:16:18Z,P,6,sold,False,BFI IMAX P 6
2026-05-04T16:16:18Z,A,7,unavailable,False,BFI IMAX A 7
2026-05-04T16:16:18Z,A,6,unavailable,False,BFI IMAX A 6
2026-05-04T16:16:18Z,P,1,sold,False,BFI IMAX P 1
2026-05-04T16:16:18Z,M,11,sold,False,BFI IMAX M 11
2026-05-04T16:16:18Z,M,10,sold,False,BFI IMAX M 10
2026-05-04T16:16:18Z,M,9,sold,False,BFI IMAX M 9
2026-05-04T16:16:18Z,L,9,sold,False,BFI IMAX L 9
2026-05-04T16:16:18Z,L,25,sold,False,BFI IMAX L 25
2026-05-04T16:16:18Z,L,24,sold,False,BFI IMAX L 24
2026-05-04T16:16:18Z,L,23,sold,False,BFI IMAX L 23
2026-05-04T16:16:18Z,L,22,sold,False,BFI IMAX L 22
2026-05-04T16:16:18Z,L,21,sold,False,BFI IMAX L 21
2026-05-04T16:16:18Z,L,20,sold,False,BFI IMAX L 20
2026-05-04T16:16:18Z,L,19,sold,False,BFI IMAX L 19
2026-05-04T16:16:18Z,L,18,sold,False,BFI IMAX L 18
2026-05-04T16:16:18Z,L,17,sold,False,BFI IMAX L 17
2026-05-04T16:16:18Z,L,16,sold,False,BFI IMAX L 16
2026-05-04T16:16:18Z,L,15,sold,False,BFI IMAX L 15
2026-05-04T16:16:18Z,L,14,sold,False,BFI IMAX L 14
2026-05-04T16:16:18Z,L,13,sold,False,BFI IMAX L 13
2026-05-04T16:16:18Z,L,12,sold,False,BFI IMAX L 12
2026-05-04T16:16:18Z,L,11,sold,False,BFI IMAX L 11
2026-05-04T16:16:18Z,N,26,unavailable,False,BFI IMAX N 26
2026-05-04T16:16:18Z,N,25,unavailable,False,BFI IMAX N 25
2026-05-04T16:16:18Z,N,24,unavailable,False,BFI IMAX N 24
2026-05-04T16:16:18Z,N,23,unavailable,False,BFI IMAX N 23
2026-05-04T16:16:18Z,N,22,sold,False,BFI IMAX N 22
2026-05-04T16:16:18Z,N,21,sold,False,BFI IMAX N 21
2026-05-04T16:16:18Z,N,20,sold,False,BFI IMAX N 20
2026-05-04T16:16:18Z,N,19,sold,False,BFI IMAX N 19
2026-05-04T16:16:18Z,N,18,sold,False,BFI IMAX N 18
2026-05-04T16:16:18Z,N,17,sold,False,BFI IMAX N 17
2026-05-04T16:16:18Z,N,16,sold,False,BFI IMAX N 16
2026-05-04T16:16:18Z,N,15,sold,False,BFI IMAX N 15
2026-05-04T16:16:18Z,N,14,sold,False,BFI IMAX N 14
2026-05-04T16:16:18Z,N,13,sold,False,BFI IMAX N 13
2026-05-04T16:16:18Z,N,12,unavailable,False,BFI IMAX N 12
2026-05-04T16:16:18Z,N,11,unavailable,False,BFI IMAX N 11
2026-05-04T16:16:18Z,N,10,unavailable,False,BFI IMAX N 10
2026-05-04T16:16:18Z,N,9,unavailable,False,BFI IMAX N 9
2026-05-04T16:16:18Z,L,10,sold,False,BFI IMAX L 10
2026-05-04T16:16:18Z,M,26,sold,False,BFI IMAX M 26
2026-05-04T16:16:18Z,M,25,sold,False,BFI IMAX M 25
2026-05-04T16:16:18Z,M,24,sold,False,BFI IMAX M 24
2026-05-04T16:16:18Z,M,23,sold,False,BFI IMAX M 23
2026-05-04T16:16:18Z,M,22,sold,False,BFI IMAX M 22
2026-05-04T16:16:18Z,M,21,sold,False,BFI IMAX M 21
2026-05-04T16:16:18Z,M,20,sold,False,BFI IMAX M 20
2026-05-04T16:16:18Z,M,19,sold,False,BFI IMAX M 19
2026-05-04T16:16:18Z,M,18,sold,False,BFI IMAX M 18
2026-05-04T16:16:18Z,M,17,sold,False,BFI IMAX M 17
2026-05-04T16:16:18Z,M,16,sold,False,BFI IMAX M 16
2026-05-04T16:16:18Z,M,15,sold,False,BFI IMAX M 15
2026-05-04T16:16:18Z,M,14,sold,False,BFI IMAX M 14
2026-05-04T16:16:18Z,M,13,sold,False,BFI IMAX M 13
2026-05-04T16:16:18Z,M,12,sold,False,BFI IMAX M 12
2026-05-04T16:16:18Z,P,30,sold,True,BFI IMAX P 30
2026-05-04T16:16:18Z,P,27,sold,True,BFI IMAX P 27
2026-05-04T16:16:18Z,P,2,sold,True,BFI IMAX P 2
2026-05-04T16:16:18Z,P,5,sold,True,BFI IMAX P 5
2026-05-04T16:16:18Z,P,19,sold,False,BFI IMAX P 19
2026-05-04T16:16:18Z,P,18,sold,False,BFI IMAX P 18
2026-05-04T16:16:18Z,P,17,sold,False,BFI IMAX P 17
2026-05-04T16:16:18Z,P,16,sold,False,BFI IMAX P 16
2026-05-04T16:16:18Z,P,15,sold,False,BFI IMAX P 15
2026-05-04T16:16:18Z,P,14,sold,False,BFI IMAX P 14
2026-05-04T16:16:18Z,P,13,sold,False,BFI IMAX P 13
2026-05-04T16:16:18Z,P,12,sold,False,BFI IMAX P 12
2026-05-04T16:16:18Z,P,11,sold,False,BFI IMAX P 11
2026-05-04T16:16:18Z,P,10,sold,False,BFI IMAX P 10
2026-05-04T16:16:18Z,P,9,sold,False,BFI IMAX P 9
2026-05-04T16:16:18Z,P,8,sold,False,BFI IMAX P 8
2026-05-04T16:16:18Z,P,7,sold,False,BFI IMAX P 7
2026-05-04T16:16:18Z,P,25,sold,False,BFI IMAX P 25
2026-05-04T16:16:18Z,P,24,sold,False,BFI IMAX P 24
2026-05-04T16:16:18Z,P,23,sold,False,BFI IMAX P 23
2026-05-04T16:16:18Z,P,22,sold,False,BFI IMAX P 22
2026-05-04T16:16:18Z,P,21,sold,False,BFI IMAX P 21
2026-05-04T16:16:18Z,P,20,sold,False,BFI IMAX P 20
2026-05-04T16:16:18Z,Q,18,sold,False,BFI IMAX Q 18
2026-05-04T16:16:18Z,Q,17,sold,False,BFI IMAX Q 17
2026-05-04T16:16:18Z,Q,16,sold,False,BFI IMAX Q 16
2026-05-04T16:16:18Z,Q,15,sold,False,BFI IMAX Q 15
2026-05-04T16:16:18Z,Q,14,sold,False,BFI IMAX Q 14
2026-05-04T16:16:18Z,Q,13,sold,False,BFI IMAX Q 13
2026-05-04T16:16:18Z,Q,12,sold,False,BFI IMAX Q 12
2026-05-04T16:16:18Z,Q,11,sold,False,BFI IMAX Q 11
2026-05-04T16:16:18Z,Q,10,sold,False,BFI IMAX Q 10
2026-05-04T16:16:18Z,Q,9,sold,False,BFI IMAX Q 9
2026-05-04T16:16:18Z,Q,8,sold,False,BFI IMAX Q 8
2026-05-04T16:16:18Z,Q,7,sold,False,BFI IMAX Q 7
2026-05-04T16:16:18Z,Q,6,sold,False,BFI IMAX Q 6
2026-05-04T16:16:18Z,Q,5,sold,False,BFI IMAX Q 5
2026-05-04T16:16:18Z,Q,4,sold,False,BFI IMAX Q 4
2026-05-04T16:16:18Z,Q,3,sold,False,BFI IMAX Q 3
2026-05-04T16:16:18Z,Q,2,sold,False,BFI IMAX Q 2
2026-05-04T16:16:18Z,Q,1,sold,False,BFI IMAX Q 1
2026-05-04T17:09:12Z,K,27,sold,False,BFI IMAX K 27
2026-05-04T17:09:12Z,K,26,sold,False,BFI IMAX K 26
2026-05-04T17:09:12Z,M,8,sold,False,BFI IMAX M 8
2026-05-04T17:09:12Z,M,7,sold,False,BFI IMAX M 7
2026-05-04T17:09:12Z,P,29,available,True,BFI IMAX P 29
2026-05-04T17:09:12Z,P,28,sold,True,BFI IMAX P 28
2026-05-04T17:09:12Z,P,4,available,True,BFI IMAX P 4
2026-05-04T17:09:12Z,P,3,available,True,BFI IMAX P 3
2026-05-04T17:09:12Z,A,5,unavailable,False,BFI IMAX A 5
2026-05-04T17:09:12Z,A,4,unavailable,False,BFI IMAX A 4
2026-05-04T17:09:12Z,A,3,unavailable,False,BFI IMAX A 3
2026-05-04T17:09:12Z,A,2,unavailable,False,BFI IMAX A 2
2026-05-04T17:09:12Z,A,1,unavailable,False,BFI IMAX A 1
2026-05-04T17:09:12Z,B,36,unavailable,False,BFI IMAX B 36
2026-05-04T17:09:12Z,B,35,unavailable,False,BFI IMAX B 35
2026-05-04T17:09:12Z,B,34,unavailable,False,BFI IMAX B 34
2026-05-04T17:09:12Z,B,33,unavailable,False,BFI IMAX B 33
2026-05-04T17:09:12Z,B,32,unavailable,False,BFI IMAX B 32
2026-05-04T17:09:12Z,B,31,unavailable,False,BFI IMAX B 31
2026-05-04T17:09:12Z,B,30,unavailable,False,BFI IMAX B 30
2026-05-04T17:09:12Z,B,29,unavailable,False,BFI IMAX B 29
2026-05-04T17:09:12Z,B,28,unavailable,False,BFI IMAX B 28
2026-05-04T17:09:12Z,B,27,unavailable,False,BFI IMAX B 27
2026-05-04T17:09:12Z,B,26,unavailable,False,BFI IMAX B 26
2026-05-04T17:09:12Z,B,25,unavailable,False,BFI IMAX B 25
2026-05-04T17:09:12Z,B,24,unavailable,False,BFI IMAX B 24
2026-05-04T17:09:12Z,B,23,unavailable,False,BFI IMAX B 23
2026-05-04T17:09:12Z,B,22,unavailable,False,BFI IMAX B 22
2026-05-04T17:09:12Z,B,21,sold,False,BFI IMAX B 21
2026-05-04T17:09:12Z,B,20,sold,False,BFI IMAX B 20
2026-05-04T17:09:12Z,B,19,sold,False,BFI IMAX B 19
2026-05-04T17:09:12Z,B,18,sold,False,BFI IMAX B 18
2026-05-04T17:09:12Z,B,17,sold,False,BFI IMAX B 17
2026-05-04T17:09:12Z,B,16,sold,False,BFI IMAX B 16
2026-05-04T17:09:12Z,B,15,sold,False,BFI IMAX B 15
2026-05-04T17:09:12Z,B,14,sold,False,BFI IMAX B 14
2026-05-04T17:09:12Z,B,13,unavailable,False,BFI IMAX B 13
2026-05-04T17:09:12Z,B,12,unavailable,False,BFI IMAX B 12
2026-05-04T17:09:12Z,B,11,unavailable,False,BFI IMAX B 11
2026-05-04T17:09:12Z,B,10,unavailable,False,BFI IMAX B 10
2026-05-04T17:09:12Z,B,9,unavailable,False,BFI IMAX B 9
2026-05-04T17:09:12Z,B,8,unavailable,False,BFI IMAX B 8
2026-05-04T17:09:12Z,B,7,unavailable,False,BFI IMAX B 7
2026-05-04T17:09:12Z,B,6,unavailable,False,BFI IMAX B 6
2026-05-04T17:09:12Z,B,5,unavailable,False,BFI IMAX B 5
2026-05-04T17:09:12Z,B,4,unavailable,False,BFI IMAX B 4
2026-05-04T17:09:12Z,B,3,unavailable,False,BFI IMAX B 3
2026-05-04T17:09:12Z,B,2,unavailable,False,BFI IMAX B 2
2026-05-04T17:09:12Z,B,1,unavailable,False,BFI IMAX B 1
2026-05-04T17:09:12Z,C,36,sold,False,BFI IMAX C 36
2026-05-04T17:09:12Z,C,35,sold,False,BFI IMAX C 35
2026-05-04T17:09:12Z,C,34,sold,False,BFI IMAX C 34
2026-05-04T17:09:12Z,C,33,sold,False,BFI IMAX C 33
2026-05-04T17:09:12Z,C,32,sold,False,BFI IMAX C 32
2026-05-04T17:09:12Z,C,31,sold,False,BFI IMAX C 31
2026-05-04T17:09:12Z,C,30,sold,False,BFI IMAX C 30
2026-05-04T17:09:12Z,C,29,sold,False,BFI IMAX C 29
2026-05-04T17:09:12Z,C,28,sold,False,BFI IMAX C 28
2026-05-04T17:09:12Z,C,27,sold,False,BFI IMAX C 27
2026-05-04T17:09:12Z,C,26,sold,False,BFI IMAX C 26
2026-05-04T17:09:12Z,C,25,unavailable,False,BFI IMAX C 25
2026-05-04T17:09:12Z,C,24,unavailable,False,BFI IMAX C 24
2026-05-04T17:09:12Z,C,23,unavailable,False,BFI IMAX C 23
2026-05-04T17:09:12Z,C,22,sold,False,BFI IMAX C 22
2026-05-04T17:09:12Z,C,21,sold,False,BFI IMAX C 21
2026-05-04T17:09:12Z,C,20,sold,False,BFI IMAX C 20
2026-05-04T17:09:12Z,C,19,sold,False,BFI IMAX C 19
2026-05-04T17:09:12Z,C,18,sold,False,BFI IMAX C 18
2026-05-04T17:09:12Z,C,17,sold,False,BFI IMAX C 17
2026-05-04T17:09:12Z,C,16,sold,False,BFI IMAX C 16
2026-05-04T17:09:12Z,C,15,sold,False,BFI IMAX C 15
2026-05-04T17:09:12Z,C,14,sold,False,BFI IMAX C 14
2026-05-04T17:09:12Z,C,13,sold,False,BFI IMAX C 13
2026-05-04T17:09:12Z,C,12,sold,False,BFI IMAX C 12
2026-05-04T17:09:12Z,C,11,sold,False,BFI IMAX C 11
2026-05-04T17:09:12Z,C,10,sold,False,BFI IMAX C 10
2026-05-04T17:09:12Z,C,9,sold,False,BFI IMAX C 9
2026-05-04T17:09:12Z,C,8,sold,False,BFI IMAX C 8
2026-05-04T17:09:12Z,C,7,sold,False,BFI IMAX C 7
2026-05-04T17:09:12Z,C,6,sold,False,BFI IMAX C 6
2026-05-04T17:09:12Z,C,5,sold,False,BFI IMAX C 5
2026-05-04T17:09:12Z,C,4,sold,False,BFI IMAX C 4
2026-05-04T17:09:12Z,C,3,sold,False,BFI IMAX C 3
2026-05-04T17:09:12Z,C,2,sold,False,BFI IMAX C 2
2026-05-04T17:09:12Z,C,1,sold,False,BFI IMAX C 1
2026-05-04T17:09:12Z,D,37,sold,False,BFI IMAX D 37
2026-05-04T17:09:12Z,D,36,sold,False,BFI IMAX D 36
2026-05-04T17:09:12Z,D,35,sold,False,BFI IMAX D 35
2026-05-04T17:09:12Z,D,34,sold,False,BFI IMAX D 34
2026-05-04T17:09:12Z,D,33,sold,False,BFI IMAX D 33
2026-05-04T17:09:12Z,D,32,sold,False,BFI IMAX D 32
2026-05-04T17:09:12Z,D,31,sold,False,BFI IMAX D 31
2026-05-04T17:09:12Z,D,30,sold,False,BFI IMAX D 30
2026-05-04T17:09:12Z,D,29,sold,False,BFI IMAX D 29
2026-05-04T17:09:12Z,D,28,sold,False,BFI IMAX D 28
2026-05-04T17:09:12Z,D,27,sold,False,BFI IMAX D 27
2026-05-04T17:09:12Z,D,26,sold,False,BFI IMAX D 26
2026-05-04T17:09:12Z,D,25,sold,False,BFI IMAX D 25
2026-05-04T17:09:12Z,D,24,sold,False,BFI IMAX D 24
2026-05-04T17:09:12Z,D,23,sold,False,BFI IMAX D 23
2026-05-04T17:09:12Z,D,22,sold,False,BFI IMAX D 22
2026-05-04T17:09:12Z,D,21,sold,False,BFI IMAX D 21
2026-05-04T17:09:12Z,D,20,sold,False,BFI IMAX D 20
2026-05-04T17:09:12Z,D,19,unavailable,False,BFI IMAX D 19
2026-05-04T17:09:12Z,D,18,unavailable,False,BFI IMAX D 18
2026-05-04T17:09:12Z,D,17,sold,False,BFI IMAX D 17
2026-05-04T17:09:12Z,D,16,sold,False,BFI IMAX D 16
2026-05-04T17:09:12Z,D,15,sold,False,BFI IMAX D 15
2026-05-04T17:09:12Z,D,14,sold,False,BFI IMAX D 14
2026-05-04T17:09:12Z,D,13,sold,False,BFI IMAX D 13
2026-05-04T17:09:12Z,D,12,sold,False,BFI IMAX D 12
2026-05-04T17:09:12Z,D,11,sold,False,BFI IMAX D 11
2026-05-04T17:09:12Z,D,10,sold,False,BFI IMAX D 10
2026-05-04T17:09:12Z,D,9,sold,False,BFI IMAX D 9
2026-05-04T17:09:12Z,D,8,sold,False,BFI IMAX D 8
2026-05-04T17:09:12Z,D,7,sold,False,BFI IMAX D 7
2026-05-04T17:09:12Z,D,6,sold,False,BFI IMAX D 6
2026-05-04T17:09:12Z,D,5,sold,False,BFI IMAX D 5
2026-05-04T17:09:12Z,D,4,sold,False,BFI IMAX D 4
2026-05-04T17:09:12Z,D,3,sold,False,BFI IMAX D 3
2026-05-04T17:09:12Z,D,2,sold,False,BFI IMAX D 2
2026-05-04T17:09:12Z,D,1,sold,False,BFI IMAX D 1
2026-05-04T17:09:12Z,E,37,sold,False,BFI IMAX E 37
2026-05-04T17:09:12Z,E,36,sold,False,BFI IMAX E 36
2026-05-04T17:09:12Z,E,35,sold,False,BFI IMAX E 35
2026-05-04T17:09:12Z,E,34,sold,False,BFI IMAX E 34
2026-05-04T17:09:12Z,E,33,sold,False,BFI IMAX E 33
2026-05-04T17:09:12Z,E,32,sold,False,BFI IMAX E 32
2026-05-04T17:09:12Z,E,31,sold,False,BFI IMAX E 31
2026-05-04T17:09:12Z,E,30,sold,False,BFI IMAX E 30
2026-05-04T17:09:12Z,E,29,sold,False,BFI IMAX E 29
2026-05-04T17:09:12Z,E,28,sold,False,BFI IMAX E 28
2026-05-04T17:09:12Z,E,27,sold,False,BFI IMAX E 27
2026-05-04T17:09:12Z,E,26,sold,False,BFI IMAX E 26
2026-05-04T17:09:12Z,E,25,sold,False,BFI IMAX E 25
2026-05-04T17:09:12Z,E,24,sold,False,BFI IMAX E 24
2026-05-04T17:09:12Z,E,23,sold,False,BFI IMAX E 23
2026-05-04T17:09:12Z,E,22,sold,False,BFI IMAX E 22
2026-05-04T17:09:12Z,E,21,sold,False,BFI IMAX E 21
2026-05-04T17:09:12Z,E,20,sold,False,BFI IMAX E 20
2026-05-04T17:09:12Z,E,19,sold,False,BFI IMAX E 19
2026-05-04T17:09:12Z,E,18,sold,False,BFI IMAX E 18
2026-05-04T17:09:12Z,E,17,sold,False,BFI IMAX E 17
2026-05-04T17:09:12Z,E,16,sold,False,BFI IMAX E 16
2026-05-04T17:09:12Z,E,15,sold,False,BFI IMAX E 15
2026-05-04T17:09:12Z,E,14,sold,False,BFI IMAX E 14
2026-05-04T17:09:12Z,E,13,sold,False,BFI IMAX E 13
2026-05-04T17:09:12Z,E,12,sold,False,BFI IMAX E 12
2026-05-04T17:09:12Z,E,11,sold,False,BFI IMAX E 11
2026-05-04T17:09:12Z,E,10,sold,False,BFI IMAX E 10
2026-05-04T17:09:12Z,E,9,sold,False,BFI IMAX E 9
2026-05-04T17:09:12Z,E,8,sold,False,BFI IMAX E 8
2026-05-04T17:09:12Z,E,7,sold,False,BFI IMAX E 7
2026-05-04T17:09:12Z,E,6,sold,False,BFI IMAX E 6
2026-05-04T17:09:12Z,E,5,sold,False,BFI IMAX E 5
2026-05-04T17:09:12Z,E,4,sold,False,BFI IMAX E 4
2026-05-04T17:09:12Z,E,3,sold,False,BFI IMAX E 3
2026-05-04T17:09:12Z,E,2,sold,False,BFI IMAX E 2
2026-05-04T17:09:12Z,E,1,sold,False,BFI IMAX E 1
2026-05-04T17:09:12Z,F,38,sold,False,BFI IMAX F 38
2026-05-04T17:09:12Z,F,37,sold,False,BFI IMAX F 37
2026-05-04T17:09:12Z,F,36,sold,False,BFI IMAX F 36
2026-05-04T17:09:12Z,F,35,sold,False,BFI IMAX F 35
2026-05-04T17:09:12Z,F,34,sold,False,BFI IMAX F 34
2026-05-04T17:09:12Z,F,33,sold,False,BFI IMAX F 33
2026-05-04T17:09:12Z,F,32,sold,False,BFI IMAX F 32
2026-05-04T17:09:12Z,F,31,sold,False,BFI IMAX F 31
2026-05-04T17:09:12Z,F,30,sold,False,BFI IMAX F 30
2026-05-04T17:09:12Z,F,29,sold,False,BFI IMAX F 29
2026-05-04T17:09:12Z,F,28,sold,False,BFI IMAX F 28
2026-05-04T17:09:12Z,F,27,sold,False,BFI IMAX F 27
2026-05-04T17:09:12Z,F,26,sold,False,BFI IMAX F 26
2026-05-04T17:09:12Z,F,25,sold,False,BFI IMAX F 25
2026-05-04T17:09:12Z,F,24,sold,False,BFI IMAX F 24
2026-05-04T17:09:12Z,F,23,sold,False,BFI IMAX F 23
2026-05-04T17:09:12Z,F,22,sold,False,BFI IMAX F 22
2026-05-04T17:09:12Z,F,21,sold,False,BFI IMAX F 21
2026-05-04T17:09:12Z,F,20,sold,False,BFI IMAX F 20
2026-05-04T17:09:12Z,F,19,sold,False,BFI IMAX F 19
2026-05-04T17:09:12Z,F,18,sold,False,BFI IMAX F 18
2026-05-04T17:09:12Z,F,17,sold,False,BFI IMAX F 17
2026-05-04T17:09:12Z,F,16,sold,False,BFI IMAX F 16
2026-05-04T17:09:12Z,F,15,sold,False,BFI IMAX F 15
2026-05-04T17:09:12Z,F,14,sold,False,BFI IMAX F 14
2026-05-04T17:09:12Z,F,13,sold,False,BFI IMAX F 13
2026-05-04T17:09:12Z,F,12,sold,False,BFI IMAX F 12
2026-05-04T17:09:12Z,F,11,sold,False,BFI IMAX F 11
2026-05-04T17:09:12Z,F,10,sold,False,BFI IMAX F 10
2026-05-04T17:09:12Z,F,9,sold,False,BFI IMAX F 9
2026-05-04T17:09:12Z,F,8,sold,False,BFI IMAX F 8
2026-05-04T17:09:12Z,F,7,sold,False,BFI IMAX F 7
2026-05-04T17:09:12Z,F,6,sold,False,BFI IMAX F 6
2026-05-04T17:09:12Z,F,5,sold,False,BFI IMAX F 5
2026-05-04T17:09:12Z,F,4,sold,False,BFI IMAX F 4
2026-05-04T17:09:12Z,F,3,sold,False,BFI IMAX F 3
2026-05-04T17:09:12Z,F,2,sold,False,BFI IMAX F 2
2026-05-04T17:09:12Z,F,1,sold,False,BFI IMAX F 1
2026-05-04T17:09:12Z,G,37,sold,False,BFI IMAX G 37
2026-05-04T17:09:12Z,G,36,sold,False,BFI IMAX G 36
2026-05-04T17:09:12Z,G,35,sold,False,BFI IMAX G 35
2026-05-04T17:09:12Z,G,34,sold,False,BFI IMAX G 34
2026-05-04T17:09:12Z,G,33,sold,False,BFI IMAX G 33
2026-05-04T17:09:12Z,G,32,sold,False,BFI IMAX G 32
2026-05-04T17:09:12Z,G,31,sold,False,BFI IMAX G 31
2026-05-04T17:09:12Z,G,30,sold,False,BFI IMAX G 30
2026-05-04T17:09:12Z,G,29,sold,False,BFI IMAX G 29
2026-05-04T17:09:12Z,G,28,sold,False,BFI IMAX G 28
2026-05-04T17:09:12Z,G,27,sold,False,BFI IMAX G 27
2026-05-04T17:09:12Z,G,26,sold,False,BFI IMAX G 26
2026-05-04T17:09:12Z,G,25,sold,False,BFI IMAX G 25
2026-05-04T17:09:12Z,G,24,sold,False,BFI IMAX G 24
2026-05-04T17:09:12Z,G,23,sold,False,BFI IMAX G 23
2026-05-04T17:09:12Z,G,22,sold,False,BFI IMAX G 22
2026-05-04T17:09:12Z,G,21,sold,False,BFI IMAX G 21
2026-05-04T17:09:12Z,G,20,sold,False,BFI IMAX G 20
2026-05-04T17:09:12Z,G,19,sold,False,BFI IMAX G 19
2026-05-04T17:09:12Z,G,18,sold,False,BFI IMAX G 18
2026-05-04T17:09:12Z,G,17,sold,False,BFI IMAX G 17
2026-05-04T17:09:12Z,G,16,sold,False,BFI IMAX G 16
2026-05-04T17:09:12Z,G,15,sold,False,BFI IMAX G 15
2026-05-04T17:09:12Z,G,14,sold,False,BFI IMAX G 14
2026-05-04T17:09:12Z,G,13,sold,False,BFI IMAX G 13
2026-05-04T17:09:12Z,G,12,sold,False,BFI IMAX G 12
2026-05-04T17:09:12Z,G,11,sold,False,BFI IMAX G 11
2026-05-04T17:09:12Z,G,10,sold,False,BFI IMAX G 10
2026-05-04T17:09:12Z,G,9,sold,False,BFI IMAX G 9
2026-05-04T17:09:12Z,G,8,sold,False,BFI IMAX G 8
2026-05-04T17:09:12Z,G,7,sold,False,BFI IMAX G 7
2026-05-04T17:09:12Z,G,6,sold,False,BFI IMAX G 6
2026-05-04T17:09:12Z,G,5,sold,False,BFI IMAX G 5
2026-05-04T17:09:12Z,G,4,sold,False,BFI IMAX G 4
2026-05-04T17:09:12Z,G,3,sold,False,BFI IMAX G 3
2026-05-04T17:09:12Z,G,2,sold,False,BFI IMAX G 2
2026-05-04T17:09:12Z,G,1,sold,False,BFI IMAX G 1
2026-05-04T17:09:12Z,H,37,sold,False,BFI IMAX H 37
2026-05-04T17:09:12Z,H,36,sold,False,BFI IMAX H 36
2026-05-04T17:09:12Z,H,35,sold,False,BFI IMAX H 35
2026-05-04T17:09:12Z,H,34,sold,False,BFI IMAX H 34
2026-05-04T17:09:12Z,H,33,sold,False,BFI IMAX H 33
2026-05-04T17:09:12Z,H,32,sold,False,BFI IMAX H 32
2026-05-04T17:09:12Z,H,31,sold,False,BFI IMAX H 31
2026-05-04T17:09:12Z,H,30,sold,False,BFI IMAX H 30
2026-05-04T17:09:12Z,H,29,sold,False,BFI IMAX H 29
2026-05-04T17:09:12Z,H,28,sold,False,BFI IMAX H 28
2026-05-04T17:09:12Z,H,27,unavailable,False,BFI IMAX H 27
2026-05-04T17:09:12Z,H,26,unavailable,False,BFI IMAX H 26
2026-05-04T17:09:12Z,H,25,unavailable,False,BFI IMAX H 25
2026-05-04T17:09:12Z,H,24,unavailable,False,BFI IMAX H 24
2026-05-04T17:09:12Z,H,23,unavailable,False,BFI IMAX H 23
2026-05-04T17:09:12Z,H,22,unavailable,False,BFI IMAX H 22
2026-05-04T17:09:12Z,H,21,unavailable,False,BFI IMAX H 21
2026-05-04T17:09:12Z,H,20,unavailable,False,BFI IMAX H 20
2026-05-04T17:09:12Z,H,19,sold,False,BFI IMAX H 19
2026-05-04T17:09:12Z,H,18,sold,False,BFI IMAX H 18
2026-05-04T17:09:12Z,H,17,sold,False,BFI IMAX H 17
2026-05-04T17:09:12Z,H,16,sold,False,BFI IMAX H 16
2026-05-04T17:09:12Z,H,15,sold,False,BFI IMAX H 15
2026-05-04T17:09:12Z,H,14,sold,False,BFI IMAX H 14
2026-05-04T17:09:12Z,H,13,sold,False,BFI IMAX H 13
2026-05-04T17:09:12Z,H,12,sold,False,BFI IMAX H 12
2026-05-04T17:09:12Z,H,11,sold,False,BFI IMAX H 11
2026-05-04T17:09:12Z,H,10,sold,False,BFI IMAX H 10
2026-05-04T17:09:12Z,H,9,sold,False,BFI IMAX H 9
2026-05-04T17:09:12Z,H,8,sold,False,BFI IMAX H 8
2026-05-04T17:09:12Z,H,7,sold,False,BFI IMAX H 7
2026-05-04T17:09:12Z,H,6,sold,False,BFI IMAX H 6
2026-05-04T17:09:12Z,H,5,sold,False,BFI IMAX H 5
2026-05-04T17:09:12Z,H,4,sold,False,BFI IMAX H 4
2026-05-04T17:09:12Z,H,3,sold,False,BFI IMAX H 3
2026-05-04T17:09:12Z,H,2,sold,False,BFI IMAX H 2
2026-05-04T17:09:12Z,H,1,sold,False,BFI IMAX H 1
2026-05-04T17:09:12Z,J,36,sold,False,BFI IMAX J 36
2026-05-04T17:09:12Z,J,35,sold,False,BFI IMAX J 35
2026-05-04T17:09:12Z,J,34,sold,False,BFI IMAX J 34
2026-05-04T17:09:12Z,J,33,sold,False,BFI IMAX J 33
2026-05-04T17:09:12Z,J,32,sold,False,BFI IMAX J 32
2026-05-04T17:09:12Z,J,31,sold,False,BFI IMAX J 31
2026-05-04T17:09:12Z,J,30,sold,False,BFI IMAX J 30
2026-05-04T17:09:12Z,J,29,sold,False,BFI IMAX J 29
2026-05-04T17:09:12Z,J,28,sold,False,BFI IMAX J 28
2026-05-04T17:09:12Z,J,27,sold,False,BFI IMAX J 27
2026-05-04T17:09:12Z,J,26,sold,False,BFI IMAX J 26
2026-05-04T17:09:12Z,J,25,sold,False,BFI IMAX J 25
2026-05-04T17:09:12Z,J,24,sold,False,BFI IMAX J 24
2026-05-04T17:09:12Z,J,23,sold,False,BFI IMAX J 23
2026-05-04T17:09:12Z,J,22,sold,False,BFI IMAX J 22
2026-05-04T17:09:12Z,J,21,sold,False,BFI IMAX J 21
2026-05-04T17:09:12Z,J,20,sold,False,BFI IMAX J 20
2026-05-04T17:09:12Z,J,19,unavailable,False,BFI IMAX J 19
2026-05-04T17:09:12Z,J,18,unavailable,False,BFI IMAX J 18
2026-05-04T17:09:12Z,J,17,unavailable,False,BFI IMAX J 17
2026-05-04T17:09:12Z,J,16,unavailable,False,BFI IMAX J 16
2026-05-04T17:09:12Z,J,15,unavailable,False,BFI IMAX J 15
2026-05-04T17:09:12Z,J,14,unavailable,False,BFI IMAX J 14
2026-05-04T17:09:12Z,J,13,unavailable,False,BFI IMAX J 13
2026-05-04T17:09:12Z,J,12,unavailable,False,BFI IMAX J 12
2026-05-04T17:09:12Z,J,11,unavailable,False,BFI IMAX J 11
2026-05-04T17:09:12Z,J,10,unavailable,False,BFI IMAX J 10
2026-05-04T17:09:12Z,J,9,sold,False,BFI IMAX J 9
2026-05-04T17:09:12Z,J,8,sold,False,BFI IMAX J 8
2026-05-04T17:09:12Z,J,7,sold,False,BFI IMAX J 7
2026-05-04T17:09:12Z,J,6,sold,False,BFI IMAX J 6
2026-05-04T17:09:12Z,J,5,sold,False,BFI IMAX J 5
2026-05-04T17:09:12Z,J,4,sold,False,BFI IMAX J 4
2026-05-04T17:09:12Z,J,3,sold,False,BFI IMAX J 3
2026-05-04T17:09:12Z,J,2,sold,False,BFI IMAX J 2
2026-05-04T17:09:12Z,J,1,sold,False,BFI IMAX J 1
2026-05-04T17:09:12Z,K,36,sold,False,BFI IMAX K 36
2026-05-04T17:09:12Z,K,35,sold,False,BFI IMAX K 35
2026-05-04T17:09:12Z,K,34,sold,False,BFI IMAX K 34
2026-05-04T17:09:12Z,K,33,sold,False,BFI IMAX K 33
2026-05-04T17:09:12Z,K,32,sold,False,BFI IMAX K 32
2026-05-04T17:09:12Z,K,31,sold,False,BFI IMAX K 31
2026-05-04T17:09:12Z,K,30,sold,False,BFI IMAX K 30
2026-05-04T17:09:12Z,K,29,sold,False,BFI IMAX K 29
2026-05-04T17:09:12Z,K,28,sold,False,BFI IMAX K 28
2026-05-04T17:09:12Z,A,13,unavailable,False,BFI IMAX A 13
2026-05-04T17:09:12Z,A,12,unavailable,False,BFI IMAX A 12
2026-05-04T17:09:12Z,K,25,sold,False,BFI IMAX K 25
2026-05-04T17:09:12Z,K,24,sold,False,BFI IMAX K 24
2026-05-04T17:09:12Z,K,23,sold,False,BFI IMAX K 23
2026-05-04T17:09:12Z,K,22,sold,False,BFI IMAX K 22
2026-05-04T17:09:12Z,K,21,sold,False,BFI IMAX K 21
2026-05-04T17:09:12Z,K,20,sold,False,BFI IMAX K 20
2026-05-04T17:09:12Z,K,19,unavailable,False,BFI IMAX K 19
2026-05-04T17:09:12Z,K,18,unavailable,False,BFI IMAX K 18
2026-05-04T17:09:12Z,K,17,unavailable,False,BFI IMAX K 17
2026-05-04T17:09:12Z,K,16,unavailable,False,BFI IMAX K 16
2026-05-04T17:09:12Z,K,15,unavailable,False,BFI IMAX K 15
2026-05-04T17:09:12Z,K,14,unavailable,False,BFI IMAX K 14
2026-05-04T17:09:12Z,K,13,unavailable,False,BFI IMAX K 13
2026-05-04T17:09:12Z,K,12,unavailable,False,BFI IMAX K 12
2026-05-04T17:09:12Z,K,11,unavailable,False,BFI IMAX K 11
2026-05-04T17:09:12Z,K,10,unavailable,False,BFI IMAX K 10
2026-05-04T17:09:12Z,K,9,sold,False,BFI IMAX K 9
2026-05-04T17:09:12Z,K,8,sold,False,BFI IMAX K 8
2026-05-04T17:09:12Z,K,7,sold,False,BFI IMAX K 7
2026-05-04T17:09:12Z,K,6,sold,False,BFI IMAX K 6
2026-05-04T17:09:12Z,K,5,sold,False,BFI IMAX K 5
2026-05-04T17:09:12Z,K,4,sold,False,BFI IMAX K 4
2026-05-04T17:09:12Z,K,3,sold,False,BFI IMAX K 3
2026-05-04T17:09:12Z,K,2,sold,False,BFI IMAX K 2
2026-05-04T17:09:12Z,K,1,sold,False,BFI IMAX K 1
2026-05-04T17:09:12Z,L,33,sold,False,BFI IMAX L 33
2026-05-04T17:09:12Z,L,32,sold,False,BFI IMAX L 32
2026-05-04T17:09:12Z,L,31,sold,False,BFI IMAX L 31
2026-05-04T17:09:12Z,L,30,sold,False,BFI IMAX L 30
2026-05-04T17:09:12Z,L,29,sold,False,BFI IMAX L 29
2026-05-04T17:09:12Z,L,28,sold,False,BFI IMAX L 28
2026-05-04T17:09:12Z,L,27,sold,False,BFI IMAX L 27
2026-05-04T17:09:12Z,L,26,sold,False,BFI IMAX L 26
2026-05-04T17:09:12Z,L,8,sold,False,BFI IMAX L 8
2026-05-04T17:09:12Z,L,7,sold,False,BFI IMAX L 7
2026-05-04T17:09:12Z,L,6,sold,False,BFI IMAX L 6
2026-05-04T17:09:12Z,L,5,sold,False,BFI IMAX L 5
2026-05-04T17:09:12Z,L,4,sold,False,BFI IMAX L 4
2026-05-04T17:09:12Z,L,3,sold,False,BFI IMAX L 3
2026-05-04T17:09:12Z,L,2,sold,False,BFI IMAX L 2
2026-05-04T17:09:12Z,L,1,sold,False,BFI IMAX L 1
2026-05-04T17:09:12Z,M,34,sold,False,BFI IMAX M 34
2026-05-04T17:09:12Z,M,33,sold,False,BFI IMAX M 33
2026-05-04T17:09:12Z,M,32,sold,False,BFI IMAX M 32
2026-05-04T17:09:12Z,M,31,sold,False,BFI IMAX M 31
2026-05-04T17:09:12Z,M,30,sold,False,BFI IMAX M 30
2026-05-04T17:09:12Z,M,29,sold,False,BFI IMAX M 29
2026-05-04T17:09:12Z,M,28,sold,False,BFI IMAX M 28
2026-05-04T17:09:12Z,M,27,sold,False,BFI IMAX M 27
2026-05-04T17:09:12Z,A,11,unavailable,False,BFI IMAX A 11
2026-05-04T17:09:12Z,A,10,unavailable,False,BFI IMAX A 10
2026-05-04T17:09:12Z,M,6,sold,False,BFI IMAX M 6
2026-05-04T17:09:12Z,M,5,sold,False,BFI IMAX M 5
2026-05-04T17:09:12Z,M,4,sold,False,BFI IMAX M 4
2026-05-04T17:09:12Z,M,3,sold,False,BFI IMAX M 3
2026-05-04T17:09:12Z,M,2,sold,False,BFI IMAX M 2
2026-05-04T17:09:12Z,M,1,sold,False,BFI IMAX M 1
2026-05-04T17:09:12Z,N,34,unavailable,False,BFI IMAX N 34
2026-05-04T17:09:12Z,N,33,unavailable,False,BFI IMAX N 33
2026-05-04T17:09:12Z,N,32,unavailable,False,BFI IMAX N 32
2026-05-04T17:09:12Z,N,31,unavailable,False,BFI IMAX N 31
2026-05-04T17:09:12Z,N,30,unavailable,False,BFI IMAX N 30
2026-05-04T17:09:12Z,N,29,unavailable,False,BFI IMAX N 29
2026-05-04T17:09:12Z,N,28,sold,False,BFI IMAX N 28
2026-05-04T17:09:12Z,N,27,sold,False,BFI IMAX N 27
2026-05-04T17:09:12Z,N,8,sold,False,BFI IMAX N 8
2026-05-04T17:09:12Z,N,7,sold,False,BFI IMAX N 7
2026-05-04T17:09:12Z,N,6,sold,False,BFI IMAX N 6
2026-05-04T17:09:12Z,N,5,sold,False,BFI IMAX N 5
2026-05-04T17:09:12Z,N,4,sold,False,BFI IMAX N 4
2026-05-04T17:09:12Z,N,3,sold,False,BFI IMAX N 3
2026-05-04T17:09:12Z,N,2,sold,False,BFI IMAX N 2
2026-05-04T17:09:12Z,N,1,sold,False,BFI IMAX N 1
2026-05-04T17:09:12Z,P,31,sold,False,BFI IMAX P 31
2026-05-04T17:09:12Z,A,9,unavailable,False,BFI IMAX A 9
2026-05-04T17:09:12Z,A,8,unavailable,False,BFI IMAX A 8
2026-05-04T17:09:12Z,P,26,unavailable,False,BFI IMAX P 26
2026-05-04T17:09:12Z,P,6,sold,False,BFI IMAX P 6
2026-05-04T17:09:12Z,A,7,unavailable,False,BFI IMAX A 7
2026-05-04T17:09:12Z,A,6,unavailable,False,BFI IMAX A 6
2026-05-04T17:09:12Z,P,1,sold,False,BFI IMAX P 1
2026-05-04T17:09:12Z,M,11,sold,False,BFI IMAX M 11
2026-05-04T17:09:12Z,M,10,sold,False,BFI IMAX M 10
2026-05-04T17:09:12Z,M,9,sold,False,BFI IMAX M 9
2026-05-04T17:09:12Z,L,9,sold,False,BFI IMAX L 9
2026-05-04T17:09:12Z,L,25,sold,False,BFI IMAX L 25
2026-05-04T17:09:12Z,L,24,sold,False,BFI IMAX L 24
2026-05-04T17:09:12Z,L,23,sold,False,BFI IMAX L 23
2026-05-04T17:09:12Z,L,22,sold,False,BFI IMAX L 22
2026-05-04T17:09:12Z,L,21,sold,False,BFI IMAX L 21
2026-05-04T17:09:12Z,L,20,sold,False,BFI IMAX L 20
2026-05-04T17:09:12Z,L,19,sold,False,BFI IMAX L 19
2026-05-04T17:09:12Z,L,18,sold,False,BFI IMAX L 18
2026-05-04T17:09:12Z,L,17,sold,False,BFI IMAX L 17
2026-05-04T17:09:12Z,L,16,sold,False,BFI IMAX L 16
2026-05-04T17:09:12Z,L,15,sold,False,BFI IMAX L 15
2026-05-04T17:09:12Z,L,14,sold,False,BFI IMAX L 14
2026-05-04T17:09:12Z,L,13,sold,False,BFI IMAX L 13
2026-05-04T17:09:12Z,L,12,sold,False,BFI IMAX L 12
2026-05-04T17:09:12Z,L,11,sold,False,BFI IMAX L 11
2026-05-04T17:09:12Z,N,26,unavailable,False,BFI IMAX N 26
2026-05-04T17:09:12Z,N,25,unavailable,False,BFI IMAX N 25
2026-05-04T17:09:12Z,N,24,unavailable,False,BFI IMAX N 24
2026-05-04T17:09:12Z,N,23,unavailable,False,BFI IMAX N 23
2026-05-04T17:09:12Z,N,22,sold,False,BFI IMAX N 22
2026-05-04T17:09:12Z,N,21,sold,False,BFI IMAX N 21
2026-05-04T17:09:12Z,N,20,sold,False,BFI IMAX N 20
2026-05-04T17:09:12Z,N,19,sold,False,BFI IMAX N 19
2026-05-04T17:09:12Z,N,18,sold,False,BFI IMAX N 18
2026-05-04T17:09:12Z,N,17,sold,False,BFI IMAX N 17
2026-05-04T17:09:12Z,N,16,sold,False,BFI IMAX N 16
2026-05-04T17:09:12Z,N,15,sold,False,BFI IMAX N 15
2026-05-04T17:09:12Z,N,14,sold,False,BFI IMAX N 14
2026-05-04T17:09:12Z,N,13,sold,False,BFI IMAX N 13
2026-05-04T17:09:12Z,N,12,unavailable,False,BFI IMAX N 12
2026-05-04T17:09:12Z,N,11,unavailable,False,BFI IMAX N 11
2026-05-04T17:09:12Z,N,10,unavailable,False,BFI IMAX N 10
2026-05-04T17:09:12Z,N,9,unavailable,False,BFI IMAX N 9
2026-05-04T17:09:12Z,L,10,sold,False,BFI IMAX L 10
2026-05-04T17:09:12Z,M,26,sold,False,BFI IMAX M 26
2026-05-04T17:09:12Z,M,25,sold,False,BFI IMAX M 25
2026-05-04T17:09:12Z,M,24,sold,False,BFI IMAX M 24
2026-05-04T17:09:12Z,M,23,sold,False,BFI IMAX M 23
2026-05-04T17:09:12Z,M,22,sold,False,BFI IMAX M 22
2026-05-04T17:09:12Z,M,21,sold,False,BFI IMAX M 21
2026-05-04T17:09:12Z,M,20,sold,False,BFI IMAX M 20
2026-05-04T17:09:12Z,M,19,sold,False,BFI IMAX M 19
2026-05-04T17:09:12Z,M,18,sold,False,BFI IMAX M 18
2026-05-04T17:09:12Z,M,17,sold,False,BFI IMAX M 17
2026-05-04T17:09:12Z,M,16,sold,False,BFI IMAX M 16
2026-05-04T17:09:12Z,M,15,sold,False,BFI IMAX M 15
2026-05-04T17:09:12Z,M,14,sold,False,BFI IMAX M 14
2026-05-04T17:09:12Z,M,13,sold,False,BFI IMAX M 13
2026-05-04T17:09:12Z,M,12,sold,False,BFI IMAX M 12
2026-05-04T17:09:12Z,P,30,sold,True,BFI IMAX P 30
2026-05-04T17:09:12Z,P,27,sold,True,BFI IMAX P 27
2026-05-04T17:09:12Z,P,2,sold,True,BFI IMAX P 2
2026-05-04T17:09:12Z,P,5,sold,True,BFI IMAX P 5
2026-05-04T17:09:12Z,P,19,sold,False,BFI IMAX P 19
2026-05-04T17:09:12Z,P,18,sold,False,BFI IMAX P 18
2026-05-04T17:09:12Z,P,17,sold,False,BFI IMAX P 17
2026-05-04T17:09:12Z,P,16,sold,False,BFI IMAX P 16
2026-05-04T17:09:12Z,P,15,sold,False,BFI IMAX P 15
2026-05-04T17:09:12Z,P,14,sold,False,BFI IMAX P 14
2026-05-04T17:09:12Z,P,13,sold,False,BFI IMAX P 13
2026-05-04T17:09:12Z,P,12,sold,False,BFI IMAX P 12
2026-05-04T17:09:12Z,P,11,sold,False,BFI IMAX P 11
2026-05-04T17:09:12Z,P,10,sold,False,BFI IMAX P 10
2026-05-04T17:09:12Z,P,9,sold,False,BFI IMAX P 9
2026-05-04T17:09:12Z,P,8,sold,False,BFI IMAX P 8
2026-05-04T17:09:12Z,P,7,sold,False,BFI IMAX P 7
2026-05-04T17:09:12Z,P,25,sold,False,BFI IMAX P 25
2026-05-04T17:09:12Z,P,24,sold,False,BFI IMAX P 24
2026-05-04T17:09:12Z,P,23,sold,False,BFI IMAX P 23
2026-05-04T17:09:12Z,P,22,sold,False,BFI IMAX P 22
2026-05-04T17:09:12Z,P,21,sold,False,BFI IMAX P 21
2026-05-04T17:09:12Z,P,20,sold,False,BFI IMAX P 20
2026-05-04T17:09:12Z,Q,18,sold,False,BFI IMAX Q 18
2026-05-04T17:09:12Z,Q,17,sold,False,BFI IMAX Q 17
2026-05-04T17:09:12Z,Q,16,sold,False,BFI IMAX Q 16
2026-05-04T17:09:12Z,Q,15,sold,False,BFI IMAX Q 15
2026-05-04T17:09:12Z,Q,14,sold,False,BFI IMAX Q 14
2026-05-04T17:09:12Z,Q,13,sold,False,BFI IMAX Q 13
2026-05-04T17:09:12Z,Q,12,sold,False,BFI IMAX Q 12
2026-05-04T17:09:12Z,Q,11,sold,False,BFI IMAX Q 11
2026-05-04T17:09:12Z,Q,10,sold,False,BFI IMAX Q 10
2026-05-04T17:09:12Z,Q,9,sold,False,BFI IMAX Q 9
2026-05-04T17:09:12Z,Q,8,sold,False,BFI IMAX Q 8
2026-05-04T17:09:12Z,Q,7,sold,False,BFI IMAX Q 7
2026-05-04T17:09:12Z,Q,6,sold,False,BFI IMAX Q 6
2026-05-04T17:09:12Z,Q,5,sold,False,BFI IMAX Q 5
2026-05-04T17:09:12Z,Q,4,sold,False,BFI IMAX Q 4
2026-05-04T17:09:12Z,Q,3,sold,False,BFI IMAX Q 3
2026-05-04T17:09:12Z,Q,2,sold,False,BFI IMAX Q 2
2026-05-04T17:09:12Z,Q,1,sold,False,BFI IMAX Q 1
2026-05-04T21:52:39Z,K,27,sold,False,BFI IMAX K 27
2026-05-04T21:52:39Z,K,26,sold,False,BFI IMAX K 26
2026-05-04T21:52:39Z,M,8,sold,False,BFI IMAX M 8
2026-05-04T21:52:39Z,M,7,sold,False,BFI IMAX M 7
2026-05-04T21:52:39Z,P,29,available,True,BFI IMAX P 29
2026-05-04T21:52:39Z,P,28,sold,True,BFI IMAX P 28
2026-05-04T21:52:39Z,P,4,available,True,BFI IMAX P 4
2026-05-04T21:52:39Z,P,3,available,True,BFI IMAX P 3
2026-05-04T21:52:39Z,A,5,unavailable,False,BFI IMAX A 5
2026-05-04T21:52:39Z,A,4,unavailable,False,BFI IMAX A 4
2026-05-04T21:52:39Z,A,3,unavailable,False,BFI IMAX A 3
2026-05-04T21:52:39Z,A,2,unavailable,False,BFI IMAX A 2
2026-05-04T21:52:39Z,A,1,unavailable,False,BFI IMAX A 1
2026-05-04T21:52:39Z,B,36,unavailable,False,BFI IMAX B 36
2026-05-04T21:52:39Z,B,35,unavailable,False,BFI IMAX B 35
2026-05-04T21:52:39Z,B,34,unavailable,False,BFI IMAX B 34
2026-05-04T21:52:39Z,B,33,unavailable,False,BFI IMAX B 33
2026-05-04T21:52:39Z,B,32,unavailable,False,BFI IMAX B 32
2026-05-04T21:52:39Z,B,31,unavailable,False,BFI IMAX B 31
2026-05-04T21:52:39Z,B,30,unavailable,False,BFI IMAX B 30
2026-05-04T21:52:39Z,B,29,unavailable,False,BFI IMAX B 29
2026-05-04T21:52:39Z,B,28,unavailable,False,BFI IMAX B 28
2026-05-04T21:52:39Z,B,27,unavailable,False,BFI IMAX B 27
2026-05-04T21:52:39Z,B,26,unavailable,False,BFI IMAX B 26
2026-05-04T21:52:39Z,B,25,unavailable,False,BFI IMAX B 25
2026-05-04T21:52:39Z,B,24,unavailable,False,BFI IMAX B 24
2026-05-04T21:52:39Z,B,23,unavailable,False,BFI IMAX B 23
2026-05-04T21:52:39Z,B,22,unavailable,False,BFI IMAX B 22
2026-05-04T21:52:39Z,B,21,sold,False,BFI IMAX B 21
2026-05-04T21:52:39Z,B,20,sold,False,BFI IMAX B 20
2026-05-04T21:52:39Z,B,19,sold,False,BFI IMAX B 19
2026-05-04T21:52:39Z,B,18,sold,False,BFI IMAX B 18
2026-05-04T21:52:39Z,B,17,sold,False,BFI IMAX B 17
2026-05-04T21:52:39Z,B,16,sold,False,BFI IMAX B 16
2026-05-04T21:52:39Z,B,15,sold,False,BFI IMAX B 15
2026-05-04T21:52:39Z,B,14,sold,False,BFI IMAX B 14
2026-05-04T21:52:39Z,B,13,unavailable,False,BFI IMAX B 13
2026-05-04T21:52:39Z,B,12,unavailable,False,BFI IMAX B 12
2026-05-04T21:52:39Z,B,11,unavailable,False,BFI IMAX B 11
2026-05-04T21:52:39Z,B,10,unavailable,False,BFI IMAX B 10
2026-05-04T21:52:39Z,B,9,unavailable,False,BFI IMAX B 9
2026-05-04T21:52:39Z,B,8,unavailable,False,BFI IMAX B 8
2026-05-04T21:52:39Z,B,7,unavailable,False,BFI IMAX B 7
2026-05-04T21:52:39Z,B,6,unavailable,False,BFI IMAX B 6
2026-05-04T21:52:39Z,B,5,unavailable,False,BFI IMAX B 5
2026-05-04T21:52:39Z,B,4,unavailable,False,BFI IMAX B 4
2026-05-04T21:52:39Z,B,3,unavailable,False,BFI IMAX B 3
2026-05-04T21:52:39Z,B,2,unavailable,False,BFI IMAX B 2
2026-05-04T21:52:39Z,B,1,unavailable,False,BFI IMAX B 1
2026-05-04T21:52:39Z,C,36,sold,False,BFI IMAX C 36
2026-05-04T21:52:39Z,C,35,sold,False,BFI IMAX C 35
2026-05-04T21:52:39Z,C,34,sold,False,BFI IMAX C 34
2026-05-04T21:52:39Z,C,33,sold,False,BFI IMAX C 33
2026-05-04T21:52:39Z,C,32,sold,False,BFI IMAX C 32
2026-05-04T21:52:39Z,C,31,sold,False,BFI IMAX C 31
2026-05-04T21:52:39Z,C,30,sold,False,BFI IMAX C 30
2026-05-04T21:52:39Z,C,29,sold,False,BFI IMAX C 29
2026-05-04T21:52:39Z,C,28,sold,False,BFI IMAX C 28
2026-05-04T21:52:39Z,C,27,sold,False,BFI IMAX C 27
2026-05-04T21:52:39Z,C,26,sold,False,BFI IMAX C 26
2026-05-04T21:52:39Z,C,25,unavailable,False,BFI IMAX C 25
2026-05-04T21:52:39Z,C,24,unavailable,False,BFI IMAX C 24
2026-05-04T21:52:39Z,C,23,unavailable,False,BFI IMAX C 23
2026-05-04T21:52:39Z,C,22,sold,False,BFI IMAX C 22
2026-05-04T21:52:39Z,C,21,sold,False,BFI IMAX C 21
2026-05-04T21:52:39Z,C,20,sold,False,BFI IMAX C 20
2026-05-04T21:52:39Z,C,19,sold,False,BFI IMAX C 19
2026-05-04T21:52:39Z,C,18,sold,False,BFI IMAX C 18
2026-05-04T21:52:39Z,C,17,sold,False,BFI IMAX C 17
2026-05-04T21:52:39Z,C,16,sold,False,BFI IMAX C 16
2026-05-04T21:52:39Z,C,15,sold,False,BFI IMAX C 15
2026-05-04T21:52:39Z,C,14,sold,False,BFI IMAX C 14
2026-05-04T21:52:39Z,C,13,sold,False,BFI IMAX C 13
2026-05-04T21:52:39Z,C,12,sold,False,BFI IMAX C 12
2026-05-04T21:52:39Z,C,11,sold,False,BFI IMAX C 11
2026-05-04T21:52:39Z,C,10,sold,False,BFI IMAX C 10
2026-05-04T21:52:39Z,C,9,sold,False,BFI IMAX C 9
2026-05-04T21:52:39Z,C,8,sold,False,BFI IMAX C 8
2026-05-04T21:52:39Z,C,7,sold,False,BFI IMAX C 7
2026-05-04T21:52:39Z,C,6,sold,False,BFI IMAX C 6
2026-05-04T21:52:39Z,C,5,sold,False,BFI IMAX C 5
2026-05-04T21:52:39Z,C,4,sold,False,BFI IMAX C 4
2026-05-04T21:52:39Z,C,3,sold,False,BFI IMAX C 3
2026-05-04T21:52:39Z,C,2,sold,False,BFI IMAX C 2
2026-05-04T21:52:39Z,C,1,sold,False,BFI IMAX C 1
2026-05-04T21:52:39Z,D,37,sold,False,BFI IMAX D 37
2026-05-04T21:52:39Z,D,36,sold,False,BFI IMAX D 36
2026-05-04T21:52:39Z,D,35,sold,False,BFI IMAX D 35
2026-05-04T21:52:39Z,D,34,sold,False,BFI IMAX D 34
2026-05-04T21:52:39Z,D,33,sold,False,BFI IMAX D 33
2026-05-04T21:52:39Z,D,32,sold,False,BFI IMAX D 32
2026-05-04T21:52:39Z,D,31,sold,False,BFI IMAX D 31
2026-05-04T21:52:39Z,D,30,sold,False,BFI IMAX D 30
2026-05-04T21:52:39Z,D,29,sold,False,BFI IMAX D 29
2026-05-04T21:52:39Z,D,28,sold,False,BFI IMAX D 28
2026-05-04T21:52:39Z,D,27,sold,False,BFI IMAX D 27
2026-05-04T21:52:39Z,D,26,sold,False,BFI IMAX D 26
2026-05-04T21:52:39Z,D,25,sold,False,BFI IMAX D 25
2026-05-04T21:52:39Z,D,24,sold,False,BFI IMAX D 24
2026-05-04T21:52:39Z,D,23,sold,False,BFI IMAX D 23
2026-05-04T21:52:39Z,D,22,sold,False,BFI IMAX D 22
2026-05-04T21:52:39Z,D,21,sold,False,BFI IMAX D 21
2026-05-04T21:52:39Z,D,20,sold,False,BFI IMAX D 20
2026-05-04T21:52:39Z,D,19,unavailable,False,BFI IMAX D 19
2026-05-04T21:52:39Z,D,18,unavailable,False,BFI IMAX D 18
2026-05-04T21:52:39Z,D,17,sold,False,BFI IMAX D 17
2026-05-04T21:52:39Z,D,16,sold,False,BFI IMAX D 16
2026-05-04T21:52:39Z,D,15,sold,False,BFI IMAX D 15
2026-05-04T21:52:39Z,D,14,sold,False,BFI IMAX D 14
2026-05-04T21:52:39Z,D,13,sold,False,BFI IMAX D 13
2026-05-04T21:52:39Z,D,12,sold,False,BFI IMAX D 12
2026-05-04T21:52:39Z,D,11,sold,False,BFI IMAX D 11
2026-05-04T21:52:39Z,D,10,sold,False,BFI IMAX D 10
2026-05-04T21:52:39Z,D,9,sold,False,BFI IMAX D 9
2026-05-04T21:52:39Z,D,8,sold,False,BFI IMAX D 8
2026-05-04T21:52:39Z,D,7,sold,False,BFI IMAX D 7
2026-05-04T21:52:39Z,D,6,sold,False,BFI IMAX D 6
2026-05-04T21:52:39Z,D,5,sold,False,BFI IMAX D 5
2026-05-04T21:52:39Z,D,4,sold,False,BFI IMAX D 4
2026-05-04T21:52:39Z,D,3,sold,False,BFI IMAX D 3
2026-05-04T21:52:39Z,D,2,sold,False,BFI IMAX D 2
2026-05-04T21:52:39Z,D,1,sold,False,BFI IMAX D 1
2026-05-04T21:52:39Z,E,37,sold,False,BFI IMAX E 37
2026-05-04T21:52:39Z,E,36,sold,False,BFI IMAX E 36
2026-05-04T21:52:39Z,E,35,sold,False,BFI IMAX E 35
2026-05-04T21:52:39Z,E,34,sold,False,BFI IMAX E 34
2026-05-04T21:52:39Z,E,33,sold,False,BFI IMAX E 33
2026-05-04T21:52:39Z,E,32,sold,False,BFI IMAX E 32
2026-05-04T21:52:39Z,E,31,sold,False,BFI IMAX E 31
2026-05-04T21:52:39Z,E,30,sold,False,BFI IMAX E 30
2026-05-04T21:52:39Z,E,29,sold,False,BFI IMAX E 29
2026-05-04T21:52:39Z,E,28,sold,False,BFI IMAX E 28
2026-05-04T21:52:39Z,E,27,sold,False,BFI IMAX E 27
2026-05-04T21:52:39Z,E,26,sold,False,BFI IMAX E 26
2026-05-04T21:52:39Z,E,25,sold,False,BFI IMAX E 25
2026-05-04T21:52:39Z,E,24,sold,False,BFI IMAX E 24
2026-05-04T21:52:39Z,E,23,sold,False,BFI IMAX E 23
2026-05-04T21:52:39Z,E,22,sold,False,BFI IMAX E 22
2026-05-04T21:52:39Z,E,21,sold,False,BFI IMAX E 21
2026-05-04T21:52:39Z,E,20,sold,False,BFI IMAX E 20
2026-05-04T21:52:39Z,E,19,sold,False,BFI IMAX E 19
2026-05-04T21:52:39Z,E,18,sold,False,BFI IMAX E 18
2026-05-04T21:52:39Z,E,17,sold,False,BFI IMAX E 17
2026-05-04T21:52:39Z,E,16,sold,False,BFI IMAX E 16
2026-05-04T21:52:39Z,E,15,sold,False,BFI IMAX E 15
2026-05-04T21:52:39Z,E,14,sold,False,BFI IMAX E 14
2026-05-04T21:52:39Z,E,13,sold,False,BFI IMAX E 13
2026-05-04T21:52:39Z,E,12,sold,False,BFI IMAX E 12
2026-05-04T21:52:39Z,E,11,sold,False,BFI IMAX E 11
2026-05-04T21:52:39Z,E,10,sold,False,BFI IMAX E 10
2026-05-04T21:52:39Z,E,9,sold,False,BFI IMAX E 9
2026-05-04T21:52:39Z,E,8,sold,False,BFI IMAX E 8
2026-05-04T21:52:39Z,E,7,sold,False,BFI IMAX E 7
2026-05-04T21:52:39Z,E,6,sold,False,BFI IMAX E 6
2026-05-04T21:52:39Z,E,5,sold,False,BFI IMAX E 5
2026-05-04T21:52:39Z,E,4,sold,False,BFI IMAX E 4
2026-05-04T21:52:39Z,E,3,sold,False,BFI IMAX E 3
2026-05-04T21:52:39Z,E,2,sold,False,BFI IMAX E 2
2026-05-04T21:52:39Z,E,1,sold,False,BFI IMAX E 1
2026-05-04T21:52:39Z,F,38,sold,False,BFI IMAX F 38
2026-05-04T21:52:39Z,F,37,sold,False,BFI IMAX F 37
2026-05-04T21:52:39Z,F,36,sold,False,BFI IMAX F 36
2026-05-04T21:52:39Z,F,35,sold,False,BFI IMAX F 35
2026-05-04T21:52:39Z,F,34,sold,False,BFI IMAX F 34
2026-05-04T21:52:39Z,F,33,sold,False,BFI IMAX F 33
2026-05-04T21:52:39Z,F,32,sold,False,BFI IMAX F 32
2026-05-04T21:52:39Z,F,31,sold,False,BFI IMAX F 31
2026-05-04T21:52:39Z,F,30,sold,False,BFI IMAX F 30
2026-05-04T21:52:39Z,F,29,sold,False,BFI IMAX F 29
2026-05-04T21:52:39Z,F,28,sold,False,BFI IMAX F 28
2026-05-04T21:52:39Z,F,27,sold,False,BFI IMAX F 27
2026-05-04T21:52:39Z,F,26,sold,False,BFI IMAX F 26
2026-05-04T21:52:39Z,F,25,sold,False,BFI IMAX F 25
2026-05-04T21:52:39Z,F,24,sold,False,BFI IMAX F 24
2026-05-04T21:52:39Z,F,23,sold,False,BFI IMAX F 23
2026-05-04T21:52:39Z,F,22,sold,False,BFI IMAX F 22
2026-05-04T21:52:39Z,F,21,sold,False,BFI IMAX F 21
2026-05-04T21:52:39Z,F,20,sold,False,BFI IMAX F 20
2026-05-04T21:52:39Z,F,19,sold,False,BFI IMAX F 19
2026-05-04T21:52:39Z,F,18,sold,False,BFI IMAX F 18
2026-05-04T21:52:39Z,F,17,sold,False,BFI IMAX F 17
2026-05-04T21:52:39Z,F,16,sold,False,BFI IMAX F 16
2026-05-04T21:52:39Z,F,15,sold,False,BFI IMAX F 15
2026-05-04T21:52:39Z,F,14,sold,False,BFI IMAX F 14
2026-05-04T21:52:39Z,F,13,sold,False,BFI IMAX F 13
2026-05-04T21:52:39Z,F,12,sold,False,BFI IMAX F 12
2026-05-04T21:52:39Z,F,11,sold,False,BFI IMAX F 11
2026-05-04T21:52:39Z,F,10,sold,False,BFI IMAX F 10
2026-05-04T21:52:39Z,F,9,sold,False,BFI IMAX F 9
2026-05-04T21:52:39Z,F,8,sold,False,BFI IMAX F 8
2026-05-04T21:52:39Z,F,7,sold,False,BFI IMAX F 7
2026-05-04T21:52:39Z,F,6,sold,False,BFI IMAX F 6
2026-05-04T21:52:39Z,F,5,sold,False,BFI IMAX F 5
2026-05-04T21:52:39Z,F,4,sold,False,BFI IMAX F 4
2026-05-04T21:52:39Z,F,3,sold,False,BFI IMAX F 3
2026-05-04T21:52:39Z,F,2,sold,False,BFI IMAX F 2
2026-05-04T21:52:39Z,F,1,sold,False,BFI IMAX F 1
2026-05-04T21:52:39Z,G,37,sold,False,BFI IMAX G 37
2026-05-04T21:52:39Z,G,36,sold,False,BFI IMAX G 36
2026-05-04T21:52:39Z,G,35,sold,False,BFI IMAX G 35
2026-05-04T21:52:39Z,G,34,sold,False,BFI IMAX G 34
2026-05-04T21:52:39Z,G,33,sold,False,BFI IMAX G 33
2026-05-04T21:52:39Z,G,32,sold,False,BFI IMAX G 32
2026-05-04T21:52:39Z,G,31,sold,False,BFI IMAX G 31
2026-05-04T21:52:39Z,G,30,sold,False,BFI IMAX G 30
2026-05-04T21:52:39Z,G,29,sold,False,BFI IMAX G 29
2026-05-04T21:52:39Z,G,28,sold,False,BFI IMAX G 28
2026-05-04T21:52:39Z,G,27,sold,False,BFI IMAX G 27
2026-05-04T21:52:39Z,G,26,sold,False,BFI IMAX G 26
2026-05-04T21:52:39Z,G,25,sold,False,BFI IMAX G 25
2026-05-04T21:52:39Z,G,24,sold,False,BFI IMAX G 24
2026-05-04T21:52:39Z,G,23,sold,False,BFI IMAX G 23
2026-05-04T21:52:39Z,G,22,sold,False,BFI IMAX G 22
2026-05-04T21:52:39Z,G,21,sold,False,BFI IMAX G 21
2026-05-04T21:52:39Z,G,20,sold,False,BFI IMAX G 20
2026-05-04T21:52:39Z,G,19,sold,False,BFI IMAX G 19
2026-05-04T21:52:39Z,G,18,sold,False,BFI IMAX G 18
2026-05-04T21:52:39Z,G,17,sold,False,BFI IMAX G 17
2026-05-04T21:52:39Z,G,16,sold,False,BFI IMAX G 16
2026-05-04T21:52:39Z,G,15,sold,False,BFI IMAX G 15
2026-05-04T21:52:39Z,G,14,sold,False,BFI IMAX G 14
2026-05-04T21:52:39Z,G,13,sold,False,BFI IMAX G 13
2026-05-04T21:52:39Z,G,12,sold,False,BFI IMAX G 12
2026-05-04T21:52:39Z,G,11,sold,False,BFI IMAX G 11
2026-05-04T21:52:39Z,G,10,sold,False,BFI IMAX G 10
2026-05-04T21:52:39Z,G,9,sold,False,BFI IMAX G 9
2026-05-04T21:52:39Z,G,8,sold,False,BFI IMAX G 8
2026-05-04T21:52:39Z,G,7,sold,False,BFI IMAX G 7
2026-05-04T21:52:39Z,G,6,sold,False,BFI IMAX G 6
2026-05-04T21:52:39Z,G,5,sold,False,BFI IMAX G 5
2026-05-04T21:52:39Z,G,4,sold,False,BFI IMAX G 4
2026-05-04T21:52:39Z,G,3,sold,False,BFI IMAX G 3
2026-05-04T21:52:39Z,G,2,sold,False,BFI IMAX G 2
2026-05-04T21:52:39Z,G,1,sold,False,BFI IMAX G 1
2026-05-04T21:52:39Z,H,37,sold,False,BFI IMAX H 37
2026-05-04T21:52:39Z,H,36,sold,False,BFI IMAX H 36
2026-05-04T21:52:39Z,H,35,sold,False,BFI IMAX H 35
2026-05-04T21:52:39Z,H,34,sold,False,BFI IMAX H 34
2026-05-04T21:52:39Z,H,33,sold,False,BFI IMAX H 33
2026-05-04T21:52:39Z,H,32,sold,False,BFI IMAX H 32
2026-05-04T21:52:39Z,H,31,sold,False,BFI IMAX H 31
2026-05-04T21:52:39Z,H,30,sold,False,BFI IMAX H 30
2026-05-04T21:52:39Z,H,29,sold,False,BFI IMAX H 29
2026-05-04T21:52:39Z,H,28,sold,False,BFI IMAX H 28
2026-05-04T21:52:39Z,H,27,unavailable,False,BFI IMAX H 27
2026-05-04T21:52:39Z,H,26,unavailable,False,BFI IMAX H 26
2026-05-04T21:52:39Z,H,25,unavailable,False,BFI IMAX H 25
2026-05-04T21:52:39Z,H,24,unavailable,False,BFI IMAX H 24
2026-05-04T21:52:39Z,H,23,unavailable,False,BFI IMAX H 23
2026-05-04T21:52:39Z,H,22,unavailable,False,BFI IMAX H 22
2026-05-04T21:52:39Z,H,21,unavailable,False,BFI IMAX H 21
2026-05-04T21:52:39Z,H,20,unavailable,False,BFI IMAX H 20
2026-05-04T21:52:39Z,H,19,sold,False,BFI IMAX H 19
2026-05-04T21:52:39Z,H,18,sold,False,BFI IMAX H 18
2026-05-04T21:52:39Z,H,17,sold,False,BFI IMAX H 17
2026-05-04T21:52:39Z,H,16,sold,False,BFI IMAX H 16
2026-05-04T21:52:39Z,H,15,sold,False,BFI IMAX H 15
2026-05-04T21:52:39Z,H,14,sold,False,BFI IMAX H 14
2026-05-04T21:52:39Z,H,13,sold,False,BFI IMAX H 13
2026-05-04T21:52:39Z,H,12,sold,False,BFI IMAX H 12
2026-05-04T21:52:39Z,H,11,sold,False,BFI IMAX H 11
2026-05-04T21:52:39Z,H,10,sold,False,BFI IMAX H 10
2026-05-04T21:52:39Z,H,9,sold,False,BFI IMAX H 9
2026-05-04T21:52:39Z,H,8,sold,False,BFI IMAX H 8
2026-05-04T21:52:39Z,H,7,sold,False,BFI IMAX H 7
2026-05-04T21:52:39Z,H,6,sold,False,BFI IMAX H 6
2026-05-04T21:52:39Z,H,5,sold,False,BFI IMAX H 5
2026-05-04T21:52:39Z,H,4,sold,False,BFI IMAX H 4
2026-05-04T21:52:39Z,H,3,sold,False,BFI IMAX H 3
2026-05-04T21:52:39Z,H,2,sold,False,BFI IMAX H 2
2026-05-04T21:52:39Z,H,1,sold,False,BFI IMAX H 1
2026-05-04T21:52:39Z,J,36,sold,False,BFI IMAX J 36
2026-05-04T21:52:39Z,J,35,sold,False,BFI IMAX J 35
2026-05-04T21:52:39Z,J,34,sold,False,BFI IMAX J 34
2026-05-04T21:52:39Z,J,33,sold,False,BFI IMAX J 33
2026-05-04T21:52:39Z,J,32,sold,False,BFI IMAX J 32
2026-05-04T21:52:39Z,J,31,sold,False,BFI IMAX J 31
2026-05-04T21:52:39Z,J,30,sold,False,BFI IMAX J 30
2026-05-04T21:52:39Z,J,29,sold,False,BFI IMAX J 29
2026-05-04T21:52:39Z,J,28,sold,False,BFI IMAX J 28
2026-05-04T21:52:39Z,J,27,sold,False,BFI IMAX J 27
2026-05-04T21:52:39Z,J,26,sold,False,BFI IMAX J 26
2026-05-04T21:52:39Z,J,25,sold,False,BFI IMAX J 25
2026-05-04T21:52:39Z,J,24,sold,False,BFI IMAX J 24
2026-05-04T21:52:39Z,J,23,sold,False,BFI IMAX J 23
2026-05-04T21:52:39Z,J,22,sold,False,BFI IMAX J 22
2026-05-04T21:52:39Z,J,21,sold,False,BFI IMAX J 21
2026-05-04T21:52:39Z,J,20,sold,False,BFI IMAX J 20
2026-05-04T21:52:39Z,J,19,unavailable,False,BFI IMAX J 19
2026-05-04T21:52:39Z,J,18,unavailable,False,BFI IMAX J 18
2026-05-04T21:52:39Z,J,17,unavailable,False,BFI IMAX J 17
2026-05-04T21:52:39Z,J,16,unavailable,False,BFI IMAX J 16
2026-05-04T21:52:39Z,J,15,unavailable,False,BFI IMAX J 15
2026-05-04T21:52:39Z,J,14,unavailable,False,BFI IMAX J 14
2026-05-04T21:52:39Z,J,13,unavailable,False,BFI IMAX J 13
2026-05-04T21:52:39Z,J,12,unavailable,False,BFI IMAX J 12
2026-05-04T21:52:39Z,J,11,unavailable,False,BFI IMAX J 11
2026-05-04T21:52:39Z,J,10,unavailable,False,BFI IMAX J 10
2026-05-04T21:52:39Z,J,9,sold,False,BFI IMAX J 9
2026-05-04T21:52:39Z,J,8,sold,False,BFI IMAX J 8
2026-05-04T21:52:39Z,J,7,sold,False,BFI IMAX J 7
2026-05-04T21:52:39Z,J,6,sold,False,BFI IMAX J 6
2026-05-04T21:52:39Z,J,5,sold,False,BFI IMAX J 5
2026-05-04T21:52:39Z,J,4,sold,False,BFI IMAX J 4
2026-05-04T21:52:39Z,J,3,sold,False,BFI IMAX J 3
2026-05-04T21:52:39Z,J,2,sold,False,BFI IMAX J 2
2026-05-04T21:52:39Z,J,1,sold,False,BFI IMAX J 1
2026-05-04T21:52:39Z,K,36,sold,False,BFI IMAX K 36
2026-05-04T21:52:39Z,K,35,sold,False,BFI IMAX K 35
2026-05-04T21:52:39Z,K,34,sold,False,BFI IMAX K 34
2026-05-04T21:52:39Z,K,33,sold,False,BFI IMAX K 33
2026-05-04T21:52:39Z,K,32,sold,False,BFI IMAX K 32
2026-05-04T21:52:39Z,K,31,sold,False,BFI IMAX K 31
2026-05-04T21:52:39Z,K,30,sold,False,BFI IMAX K 30
2026-05-04T21:52:39Z,K,29,sold,False,BFI IMAX K 29
2026-05-04T21:52:39Z,K,28,sold,False,BFI IMAX K 28
2026-05-04T21:52:39Z,A,13,unavailable,False,BFI IMAX A 13
2026-05-04T21:52:39Z,A,12,unavailable,False,BFI IMAX A 12
2026-05-04T21:52:39Z,K,25,sold,False,BFI IMAX K 25
2026-05-04T21:52:39Z,K,24,sold,False,BFI IMAX K 24
2026-05-04T21:52:39Z,K,23,sold,False,BFI IMAX K 23
2026-05-04T21:52:39Z,K,22,sold,False,BFI IMAX K 22
2026-05-04T21:52:39Z,K,21,sold,False,BFI IMAX K 21
2026-05-04T21:52:39Z,K,20,sold,False,BFI IMAX K 20
2026-05-04T21:52:39Z,K,19,unavailable,False,BFI IMAX K 19
2026-05-04T21:52:39Z,K,18,unavailable,False,BFI IMAX K 18
2026-05-04T21:52:39Z,K,17,unavailable,False,BFI IMAX K 17
2026-05-04T21:52:39Z,K,16,unavailable,False,BFI IMAX K 16
2026-05-04T21:52:39Z,K,15,unavailable,False,BFI IMAX K 15
2026-05-04T21:52:39Z,K,14,unavailable,False,BFI IMAX K 14
2026-05-04T21:52:39Z,K,13,unavailable,False,BFI IMAX K 13
2026-05-04T21:52:39Z,K,12,unavailable,False,BFI IMAX K 12
2026-05-04T21:52:39Z,K,11,unavailable,False,BFI IMAX K 11
2026-05-04T21:52:39Z,K,10,unavailable,False,BFI IMAX K 10
2026-05-04T21:52:39Z,K,9,sold,False,BFI IMAX K 9
2026-05-04T21:52:39Z,K,8,sold,False,BFI IMAX K 8
2026-05-04T21:52:39Z,K,7,sold,False,BFI IMAX K 7
2026-05-04T21:52:39Z,K,6,sold,False,BFI IMAX K 6
2026-05-04T21:52:39Z,K,5,sold,False,BFI IMAX K 5
2026-05-04T21:52:39Z,K,4,sold,False,BFI IMAX K 4
2026-05-04T21:52:39Z,K,3,sold,False,BFI IMAX K 3
2026-05-04T21:52:39Z,K,2,sold,False,BFI IMAX K 2
2026-05-04T21:52:39Z,K,1,sold,False,BFI IMAX K 1
2026-05-04T21:52:39Z,L,33,sold,False,BFI IMAX L 33
2026-05-04T21:52:39Z,L,32,sold,False,BFI IMAX L 32
2026-05-04T21:52:39Z,L,31,sold,False,BFI IMAX L 31
2026-05-04T21:52:39Z,L,30,sold,False,BFI IMAX L 30
2026-05-04T21:52:39Z,L,29,sold,False,BFI IMAX L 29
2026-05-04T21:52:39Z,L,28,sold,False,BFI IMAX L 28
2026-05-04T21:52:39Z,L,27,sold,False,BFI IMAX L 27
2026-05-04T21:52:39Z,L,26,sold,False,BFI IMAX L 26
2026-05-04T21:52:39Z,L,8,sold,False,BFI IMAX L 8
2026-05-04T21:52:39Z,L,7,sold,False,BFI IMAX L 7
2026-05-04T21:52:39Z,L,6,sold,False,BFI IMAX L 6
2026-05-04T21:52:39Z,L,5,sold,False,BFI IMAX L 5
2026-05-04T21:52:39Z,L,4,sold,False,BFI IMAX L 4
2026-05-04T21:52:39Z,L,3,sold,False,BFI IMAX L 3
2026-05-04T21:52:39Z,L,2,sold,False,BFI IMAX L 2
2026-05-04T21:52:39Z,L,1,sold,False,BFI IMAX L 1
2026-05-04T21:52:39Z,M,34,sold,False,BFI IMAX M 34
2026-05-04T21:52:39Z,M,33,sold,False,BFI IMAX M 33
2026-05-04T21:52:39Z,M,32,sold,False,BFI IMAX M 32
2026-05-04T21:52:39Z,M,31,sold,False,BFI IMAX M 31
2026-05-04T21:52:39Z,M,30,sold,False,BFI IMAX M 30
2026-05-04T21:52:39Z,M,29,sold,False,BFI IMAX M 29
2026-05-04T21:52:39Z,M,28,sold,False,BFI IMAX M 28
2026-05-04T21:52:39Z,M,27,sold,False,BFI IMAX M 27
2026-05-04T21:52:39Z,A,11,unavailable,False,BFI IMAX A 11
2026-05-04T21:52:39Z,A,10,unavailable,False,BFI IMAX A 10
2026-05-04T21:52:39Z,M,6,sold,False,BFI IMAX M 6
2026-05-04T21:52:39Z,M,5,sold,False,BFI IMAX M 5
2026-05-04T21:52:39Z,M,4,sold,False,BFI IMAX M 4
2026-05-04T21:52:39Z,M,3,sold,False,BFI IMAX M 3
2026-05-04T21:52:39Z,M,2,sold,False,BFI IMAX M 2
2026-05-04T21:52:39Z,M,1,sold,False,BFI IMAX M 1
2026-05-04T21:52:39Z,N,34,unavailable,False,BFI IMAX N 34
2026-05-04T21:52:39Z,N,33,unavailable,False,BFI IMAX N 33
2026-05-04T21:52:39Z,N,32,unavailable,False,BFI IMAX N 32
2026-05-04T21:52:39Z,N,31,unavailable,False,BFI IMAX N 31
2026-05-04T21:52:39Z,N,30,unavailable,False,BFI IMAX N 30
2026-05-04T21:52:39Z,N,29,unavailable,False,BFI IMAX N 29
2026-05-04T21:52:39Z,N,28,sold,False,BFI IMAX N 28
2026-05-04T21:52:39Z,N,27,sold,False,BFI IMAX N 27
2026-05-04T21:52:39Z,N,8,sold,False,BFI IMAX N 8
2026-05-04T21:52:39Z,N,7,sold,False,BFI IMAX N 7
2026-05-04T21:52:39Z,N,6,sold,False,BFI IMAX N 6
2026-05-04T21:52:39Z,N,5,sold,False,BFI IMAX N 5
2026-05-04T21:52:39Z,N,4,sold,False,BFI IMAX N 4
2026-05-04T21:52:39Z,N,3,sold,False,BFI IMAX N 3
2026-05-04T21:52:39Z,N,2,sold,False,BFI IMAX N 2
2026-05-04T21:52:39Z,N,1,sold,False,BFI IMAX N 1
2026-05-04T21:52:39Z,P,31,sold,False,BFI IMAX P 31
2026-05-04T21:52:39Z,A,9,unavailable,False,BFI IMAX A 9
2026-05-04T21:52:39Z,A,8,unavailable,False,BFI IMAX A 8
2026-05-04T21:52:39Z,P,26,unavailable,False,BFI IMAX P 26
2026-05-04T21:52:39Z,P,6,sold,False,BFI IMAX P 6
2026-05-04T21:52:39Z,A,7,unavailable,False,BFI IMAX A 7
2026-05-04T21:52:39Z,A,6,unavailable,False,BFI IMAX A 6
2026-05-04T21:52:39Z,P,1,sold,False,BFI IMAX P 1
2026-05-04T21:52:39Z,M,11,sold,False,BFI IMAX M 11
2026-05-04T21:52:39Z,M,10,sold,False,BFI IMAX M 10
2026-05-04T21:52:39Z,M,9,sold,False,BFI IMAX M 9
2026-05-04T21:52:39Z,L,9,sold,False,BFI IMAX L 9
2026-05-04T21:52:39Z,L,25,sold,False,BFI IMAX L 25
2026-05-04T21:52:39Z,L,24,sold,False,BFI IMAX L 24
2026-05-04T21:52:39Z,L,23,sold,False,BFI IMAX L 23
2026-05-04T21:52:39Z,L,22,sold,False,BFI IMAX L 22
2026-05-04T21:52:39Z,L,21,sold,False,BFI IMAX L 21
2026-05-04T21:52:39Z,L,20,sold,False,BFI IMAX L 20
2026-05-04T21:52:39Z,L,19,sold,False,BFI IMAX L 19
2026-05-04T21:52:39Z,L,18,sold,False,BFI IMAX L 18
2026-05-04T21:52:39Z,L,17,sold,False,BFI IMAX L 17
2026-05-04T21:52:39Z,L,16,sold,False,BFI IMAX L 16
2026-05-04T21:52:39Z,L,15,sold,False,BFI IMAX L 15
2026-05-04T21:52:39Z,L,14,sold,False,BFI IMAX L 14
2026-05-04T21:52:39Z,L,13,sold,False,BFI IMAX L 13
2026-05-04T21:52:39Z,L,12,sold,False,BFI IMAX L 12
2026-05-04T21:52:39Z,L,11,sold,False,BFI IMAX L 11
2026-05-04T21:52:39Z,N,26,unavailable,False,BFI IMAX N 26
2026-05-04T21:52:39Z,N,25,unavailable,False,BFI IMAX N 25
2026-05-04T21:52:39Z,N,24,unavailable,False,BFI IMAX N 24
2026-05-04T21:52:39Z,N,23,unavailable,False,BFI IMAX N 23
2026-05-04T21:52:39Z,N,22,sold,False,BFI IMAX N 22
2026-05-04T21:52:39Z,N,21,sold,False,BFI IMAX N 21
2026-05-04T21:52:39Z,N,20,sold,False,BFI IMAX N 20
2026-05-04T21:52:39Z,N,19,sold,False,BFI IMAX N 19
2026-05-04T21:52:39Z,N,18,sold,False,BFI IMAX N 18
2026-05-04T21:52:39Z,N,17,sold,False,BFI IMAX N 17
2026-05-04T21:52:39Z,N,16,sold,False,BFI IMAX N 16
2026-05-04T21:52:39Z,N,15,sold,False,BFI IMAX N 15
2026-05-04T21:52:39Z,N,14,sold,False,BFI IMAX N 14
2026-05-04T21:52:39Z,N,13,sold,False,BFI IMAX N 13
2026-05-04T21:52:39Z,N,12,unavailable,False,BFI IMAX N 12
2026-05-04T21:52:39Z,N,11,unavailable,False,BFI IMAX N 11
2026-05-04T21:52:39Z,N,10,unavailable,False,BFI IMAX N 10
2026-05-04T21:52:39Z,N,9,unavailable,False,BFI IMAX N 9
2026-05-04T21:52:39Z,L,10,sold,False,BFI IMAX L 10
2026-05-04T21:52:39Z,M,26,sold,False,BFI IMAX M 26
2026-05-04T21:52:39Z,M,25,sold,False,BFI IMAX M 25
2026-05-04T21:52:39Z,M,24,sold,False,BFI IMAX M 24
2026-05-04T21:52:39Z,M,23,sold,False,BFI IMAX M 23
2026-05-04T21:52:39Z,M,22,sold,False,BFI IMAX M 22
2026-05-04T21:52:39Z,M,21,sold,False,BFI IMAX M 21
2026-05-04T21:52:39Z,M,20,sold,False,BFI IMAX M 20
2026-05-04T21:52:39Z,M,19,sold,False,BFI IMAX M 19
2026-05-04T21:52:39Z,M,18,sold,False,BFI IMAX M 18
2026-05-04T21:52:39Z,M,17,sold,False,BFI IMAX M 17
2026-05-04T21:52:39Z,M,16,sold,False,BFI IMAX M 16
2026-05-04T21:52:39Z,M,15,sold,False,BFI IMAX M 15
2026-05-04T21:52:39Z,M,14,sold,False,BFI IMAX M 14
2026-05-04T21:52:39Z,M,13,sold,False,BFI IMAX M 13
2026-05-04T21:52:39Z,M,12,sold,False,BFI IMAX M 12
2026-05-04T21:52:39Z,P,30,sold,True,BFI IMAX P 30
2026-05-04T21:52:39Z,P,27,sold,True,BFI IMAX P 27
2026-05-04T21:52:39Z,P,2,sold,True,BFI IMAX P 2
2026-05-04T21:52:39Z,P,5,sold,True,BFI IMAX P 5
2026-05-04T21:52:39Z,P,19,sold,False,BFI IMAX P 19
2026-05-04T21:52:39Z,P,18,sold,False,BFI IMAX P 18
2026-05-04T21:52:39Z,P,17,sold,False,BFI IMAX P 17
2026-05-04T21:52:39Z,P,16,sold,False,BFI IMAX P 16
2026-05-04T21:52:39Z,P,15,sold,False,BFI IMAX P 15
2026-05-04T21:52:39Z,P,14,sold,False,BFI IMAX P 14
2026-05-04T21:52:39Z,P,13,sold,False,BFI IMAX P 13
2026-05-04T21:52:39Z,P,12,sold,False,BFI IMAX P 12
2026-05-04T21:52:39Z,P,11,sold,False,BFI IMAX P 11
2026-05-04T21:52:39Z,P,10,sold,False,BFI IMAX P 10
2026-05-04T21:52:39Z,P,9,sold,False,BFI IMAX P 9
2026-05-04T21:52:39Z,P,8,sold,False,BFI IMAX P 8
2026-05-04T21:52:39Z,P,7,sold,False,BFI IMAX P 7
2026-05-04T21:52:39Z,P,25,sold,False,BFI IMAX P 25
2026-05-04T21:52:39Z,P,24,sold,False,BFI IMAX P 24
2026-05-04T21:52:39Z,P,23,sold,False,BFI IMAX P 23
2026-05-04T21:52:39Z,P,22,sold,False,BFI IMAX P 22
2026-05-04T21:52:39Z,P,21,sold,False,BFI IMAX P 21
2026-05-04T21:52:39Z,P,20,sold,False,BFI IMAX P 20
2026-05-04T21:52:39Z,Q,18,sold,False,BFI IMAX Q 18
2026-05-04T21:52:39Z,Q,17,sold,False,BFI IMAX Q 17
2026-05-04T21:52:39Z,Q,16,sold,False,BFI IMAX Q 16
2026-05-04T21:52:39Z,Q,15,sold,False,BFI IMAX Q 15
2026-05-04T21:52:39Z,Q,14,sold,False,BFI IMAX Q 14
2026-05-04T21:52:39Z,Q,13,sold,False,BFI IMAX Q 13
2026-05-04T21:52:39Z,Q,12,sold,False,BFI IMAX Q 12
2026-05-04T21:52:39Z,Q,11,sold,False,BFI IMAX Q 11
2026-05-04T21:52:39Z,Q,10,sold,False,BFI IMAX Q 10
2026-05-04T21:52:39Z,Q,9,sold,False,BFI IMAX Q 9
2026-05-04T21:52:39Z,Q,8,sold,False,BFI IMAX Q 8
2026-05-04T21:52:39Z,Q,7,sold,False,BFI IMAX Q 7
2026-05-04T21:52:39Z,Q,6,sold,False,BFI IMAX Q 6
2026-05-04T21:52:39Z,Q,5,sold,False,BFI IMAX Q 5
2026-05-04T21:52:39Z,Q,4,sold,False,BFI IMAX Q 4
2026-05-04T21:52:39Z,Q,3,sold,False,BFI IMAX Q 3
2026-05-04T21:52:39Z,Q,2,sold,False,BFI IMAX Q 2
2026-05-04T21:52:39Z,Q,1,sold,False,BFI IMAX Q 1
2026-05-04T22:23:04Z,K,27,sold,False,BFI IMAX K 27
2026-05-04T22:23:04Z,K,26,sold,False,BFI IMAX K 26
2026-05-04T22:23:04Z,M,8,sold,False,BFI IMAX M 8
2026-05-04T22:23:04Z,M,7,sold,False,BFI IMAX M 7
2026-05-04T22:23:04Z,P,29,available,True,BFI IMAX P 29
2026-05-04T22:23:04Z,P,28,sold,True,BFI IMAX P 28
2026-05-04T22:23:04Z,P,4,available,True,BFI IMAX P 4
2026-05-04T22:23:04Z,P,3,available,True,BFI IMAX P 3
2026-05-04T22:23:04Z,A,5,unavailable,False,BFI IMAX A 5
2026-05-04T22:23:04Z,A,4,unavailable,False,BFI IMAX A 4
2026-05-04T22:23:04Z,A,3,unavailable,False,BFI IMAX A 3
2026-05-04T22:23:04Z,A,2,unavailable,False,BFI IMAX A 2
2026-05-04T22:23:04Z,A,1,unavailable,False,BFI IMAX A 1
2026-05-04T22:23:04Z,B,36,unavailable,False,BFI IMAX B 36
2026-05-04T22:23:04Z,B,35,unavailable,False,BFI IMAX B 35
2026-05-04T22:23:04Z,B,34,unavailable,False,BFI IMAX B 34
2026-05-04T22:23:04Z,B,33,unavailable,False,BFI IMAX B 33
2026-05-04T22:23:04Z,B,32,unavailable,False,BFI IMAX B 32
2026-05-04T22:23:04Z,B,31,unavailable,False,BFI IMAX B 31
2026-05-04T22:23:04Z,B,30,unavailable,False,BFI IMAX B 30
2026-05-04T22:23:04Z,B,29,unavailable,False,BFI IMAX B 29
2026-05-04T22:23:04Z,B,28,unavailable,False,BFI IMAX B 28
2026-05-04T22:23:04Z,B,27,unavailable,False,BFI IMAX B 27
2026-05-04T22:23:04Z,B,26,unavailable,False,BFI IMAX B 26
2026-05-04T22:23:04Z,B,25,unavailable,False,BFI IMAX B 25
2026-05-04T22:23:04Z,B,24,unavailable,False,BFI IMAX B 24
2026-05-04T22:23:04Z,B,23,unavailable,False,BFI IMAX B 23
2026-05-04T22:23:04Z,B,22,unavailable,False,BFI IMAX B 22
2026-05-04T22:23:04Z,B,21,sold,False,BFI IMAX B 21
2026-05-04T22:23:04Z,B,20,sold,False,BFI IMAX B 20
2026-05-04T22:23:04Z,B,19,sold,False,BFI IMAX B 19
2026-05-04T22:23:04Z,B,18,sold,False,BFI IMAX B 18
2026-05-04T22:23:04Z,B,17,sold,False,BFI IMAX B 17
2026-05-04T22:23:04Z,B,16,sold,False,BFI IMAX B 16
2026-05-04T22:23:04Z,B,15,sold,False,BFI IMAX B 15
2026-05-04T22:23:04Z,B,14,sold,False,BFI IMAX B 14
2026-05-04T22:23:04Z,B,13,unavailable,False,BFI IMAX B 13
2026-05-04T22:23:04Z,B,12,unavailable,False,BFI IMAX B 12
2026-05-04T22:23:04Z,B,11,unavailable,False,BFI IMAX B 11
2026-05-04T22:23:04Z,B,10,unavailable,False,BFI IMAX B 10
2026-05-04T22:23:04Z,B,9,unavailable,False,BFI IMAX B 9
2026-05-04T22:23:04Z,B,8,unavailable,False,BFI IMAX B 8
2026-05-04T22:23:04Z,B,7,unavailable,False,BFI IMAX B 7
2026-05-04T22:23:04Z,B,6,unavailable,False,BFI IMAX B 6
2026-05-04T22:23:04Z,B,5,unavailable,False,BFI IMAX B 5
2026-05-04T22:23:04Z,B,4,unavailable,False,BFI IMAX B 4
2026-05-04T22:23:04Z,B,3,unavailable,False,BFI IMAX B 3
2026-05-04T22:23:04Z,B,2,unavailable,False,BFI IMAX B 2
2026-05-04T22:23:04Z,B,1,unavailable,False,BFI IMAX B 1
2026-05-04T22:23:04Z,C,36,sold,False,BFI IMAX C 36
2026-05-04T22:23:04Z,C,35,sold,False,BFI IMAX C 35
2026-05-04T22:23:04Z,C,34,sold,False,BFI IMAX C 34
2026-05-04T22:23:04Z,C,33,sold,False,BFI IMAX C 33
2026-05-04T22:23:04Z,C,32,sold,False,BFI IMAX C 32
2026-05-04T22:23:04Z,C,31,sold,False,BFI IMAX C 31
2026-05-04T22:23:04Z,C,30,sold,False,BFI IMAX C 30
2026-05-04T22:23:04Z,C,29,sold,False,BFI IMAX C 29
2026-05-04T22:23:04Z,C,28,sold,False,BFI IMAX C 28
2026-05-04T22:23:04Z,C,27,sold,False,BFI IMAX C 27
2026-05-04T22:23:04Z,C,26,sold,False,BFI IMAX C 26
2026-05-04T22:23:04Z,C,25,unavailable,False,BFI IMAX C 25
2026-05-04T22:23:04Z,C,24,unavailable,False,BFI IMAX C 24
2026-05-04T22:23:04Z,C,23,unavailable,False,BFI IMAX C 23
2026-05-04T22:23:04Z,C,22,sold,False,BFI IMAX C 22
2026-05-04T22:23:04Z,C,21,sold,False,BFI IMAX C 21
2026-05-04T22:23:04Z,C,20,sold,False,BFI IMAX C 20
2026-05-04T22:23:04Z,C,19,sold,False,BFI IMAX C 19
2026-05-04T22:23:04Z,C,18,sold,False,BFI IMAX C 18
2026-05-04T22:23:04Z,C,17,sold,False,BFI IMAX C 17
2026-05-04T22:23:04Z,C,16,sold,False,BFI IMAX C 16
2026-05-04T22:23:04Z,C,15,sold,False,BFI IMAX C 15
2026-05-04T22:23:04Z,C,14,sold,False,BFI IMAX C 14
2026-05-04T22:23:04Z,C,13,sold,False,BFI IMAX C 13
2026-05-04T22:23:04Z,C,12,sold,False,BFI IMAX C 12
2026-05-04T22:23:04Z,C,11,sold,False,BFI IMAX C 11
2026-05-04T22:23:04Z,C,10,sold,False,BFI IMAX C 10
2026-05-04T22:23:04Z,C,9,sold,False,BFI IMAX C 9
2026-05-04T22:23:04Z,C,8,sold,False,BFI IMAX C 8
2026-05-04T22:23:04Z,C,7,sold,False,BFI IMAX C 7
2026-05-04T22:23:04Z,C,6,sold,False,BFI IMAX C 6
2026-05-04T22:23:04Z,C,5,sold,False,BFI IMAX C 5
2026-05-04T22:23:04Z,C,4,sold,False,BFI IMAX C 4
2026-05-04T22:23:04Z,C,3,sold,False,BFI IMAX C 3
2026-05-04T22:23:04Z,C,2,sold,False,BFI IMAX C 2
2026-05-04T22:23:04Z,C,1,sold,False,BFI IMAX C 1
2026-05-04T22:23:04Z,D,37,sold,False,BFI IMAX D 37
2026-05-04T22:23:04Z,D,36,sold,False,BFI IMAX D 36
2026-05-04T22:23:04Z,D,35,sold,False,BFI IMAX D 35
2026-05-04T22:23:04Z,D,34,sold,False,BFI IMAX D 34
2026-05-04T22:23:04Z,D,33,sold,False,BFI IMAX D 33
2026-05-04T22:23:04Z,D,32,sold,False,BFI IMAX D 32
2026-05-04T22:23:04Z,D,31,sold,False,BFI IMAX D 31
2026-05-04T22:23:04Z,D,30,sold,False,BFI IMAX D 30
2026-05-04T22:23:04Z,D,29,sold,False,BFI IMAX D 29
2026-05-04T22:23:04Z,D,28,sold,False,BFI IMAX D 28
2026-05-04T22:23:04Z,D,27,sold,False,BFI IMAX D 27
2026-05-04T22:23:04Z,D,26,sold,False,BFI IMAX D 26
2026-05-04T22:23:04Z,D,25,sold,False,BFI IMAX D 25
2026-05-04T22:23:04Z,D,24,sold,False,BFI IMAX D 24
2026-05-04T22:23:04Z,D,23,sold,False,BFI IMAX D 23
2026-05-04T22:23:04Z,D,22,sold,False,BFI IMAX D 22
2026-05-04T22:23:04Z,D,21,sold,False,BFI IMAX D 21
2026-05-04T22:23:04Z,D,20,sold,False,BFI IMAX D 20
2026-05-04T22:23:04Z,D,19,unavailable,False,BFI IMAX D 19
2026-05-04T22:23:04Z,D,18,unavailable,False,BFI IMAX D 18
2026-05-04T22:23:04Z,D,17,sold,False,BFI IMAX D 17
2026-05-04T22:23:04Z,D,16,sold,False,BFI IMAX D 16
2026-05-04T22:23:04Z,D,15,sold,False,BFI IMAX D 15
2026-05-04T22:23:04Z,D,14,sold,False,BFI IMAX D 14
2026-05-04T22:23:04Z,D,13,sold,False,BFI IMAX D 13
2026-05-04T22:23:04Z,D,12,sold,False,BFI IMAX D 12
2026-05-04T22:23:04Z,D,11,sold,False,BFI IMAX D 11
2026-05-04T22:23:04Z,D,10,sold,False,BFI IMAX D 10
2026-05-04T22:23:04Z,D,9,sold,False,BFI IMAX D 9
2026-05-04T22:23:04Z,D,8,sold,False,BFI IMAX D 8
2026-05-04T22:23:04Z,D,7,sold,False,BFI IMAX D 7
2026-05-04T22:23:04Z,D,6,sold,False,BFI IMAX D 6
2026-05-04T22:23:04Z,D,5,sold,False,BFI IMAX D 5
2026-05-04T22:23:04Z,D,4,sold,False,BFI IMAX D 4
2026-05-04T22:23:04Z,D,3,sold,False,BFI IMAX D 3
2026-05-04T22:23:04Z,D,2,sold,False,BFI IMAX D 2
2026-05-04T22:23:04Z,D,1,sold,False,BFI IMAX D 1
2026-05-04T22:23:04Z,E,37,sold,False,BFI IMAX E 37
2026-05-04T22:23:04Z,E,36,sold,False,BFI IMAX E 36
2026-05-04T22:23:04Z,E,35,sold,False,BFI IMAX E 35
2026-05-04T22:23:04Z,E,34,sold,False,BFI IMAX E 34
2026-05-04T22:23:04Z,E,33,sold,False,BFI IMAX E 33
2026-05-04T22:23:04Z,E,32,sold,False,BFI IMAX E 32
2026-05-04T22:23:04Z,E,31,sold,False,BFI IMAX E 31
2026-05-04T22:23:04Z,E,30,sold,False,BFI IMAX E 30
2026-05-04T22:23:04Z,E,29,sold,False,BFI IMAX E 29
2026-05-04T22:23:04Z,E,28,sold,False,BFI IMAX E 28
2026-05-04T22:23:04Z,E,27,sold,False,BFI IMAX E 27
2026-05-04T22:23:04Z,E,26,sold,False,BFI IMAX E 26
2026-05-04T22:23:04Z,E,25,sold,False,BFI IMAX E 25
2026-05-04T22:23:04Z,E,24,sold,False,BFI IMAX E 24
2026-05-04T22:23:04Z,E,23,sold,False,BFI IMAX E 23
2026-05-04T22:23:04Z,E,22,sold,False,BFI IMAX E 22
2026-05-04T22:23:04Z,E,21,sold,False,BFI IMAX E 21
2026-05-04T22:23:04Z,E,20,sold,False,BFI IMAX E 20
2026-05-04T22:23:04Z,E,19,sold,False,BFI IMAX E 19
2026-05-04T22:23:04Z,E,18,sold,False,BFI IMAX E 18
2026-05-04T22:23:04Z,E,17,sold,False,BFI IMAX E 17
2026-05-04T22:23:04Z,E,16,sold,False,BFI IMAX E 16
2026-05-04T22:23:04Z,E,15,sold,False,BFI IMAX E 15
2026-05-04T22:23:04Z,E,14,sold,False,BFI IMAX E 14
2026-05-04T22:23:04Z,E,13,sold,False,BFI IMAX E 13
2026-05-04T22:23:04Z,E,12,sold,False,BFI IMAX E 12
2026-05-04T22:23:04Z,E,11,sold,False,BFI IMAX E 11
2026-05-04T22:23:04Z,E,10,sold,False,BFI IMAX E 10
2026-05-04T22:23:04Z,E,9,sold,False,BFI IMAX E 9
2026-05-04T22:23:04Z,E,8,sold,False,BFI IMAX E 8
2026-05-04T22:23:04Z,E,7,sold,False,BFI IMAX E 7
2026-05-04T22:23:04Z,E,6,sold,False,BFI IMAX E 6
2026-05-04T22:23:04Z,E,5,sold,False,BFI IMAX E 5
2026-05-04T22:23:04Z,E,4,sold,False,BFI IMAX E 4
2026-05-04T22:23:04Z,E,3,sold,False,BFI IMAX E 3
2026-05-04T22:23:04Z,E,2,sold,False,BFI IMAX E 2
2026-05-04T22:23:04Z,E,1,sold,False,BFI IMAX E 1
2026-05-04T22:23:04Z,F,38,sold,False,BFI IMAX F 38
2026-05-04T22:23:04Z,F,37,sold,False,BFI IMAX F 37
2026-05-04T22:23:04Z,F,36,sold,False,BFI IMAX F 36
2026-05-04T22:23:04Z,F,35,sold,False,BFI IMAX F 35
2026-05-04T22:23:04Z,F,34,sold,False,BFI IMAX F 34
2026-05-04T22:23:04Z,F,33,sold,False,BFI IMAX F 33
2026-05-04T22:23:04Z,F,32,sold,False,BFI IMAX F 32
2026-05-04T22:23:04Z,F,31,sold,False,BFI IMAX F 31
2026-05-04T22:23:04Z,F,30,sold,False,BFI IMAX F 30
2026-05-04T22:23:04Z,F,29,sold,False,BFI IMAX F 29
2026-05-04T22:23:04Z,F,28,sold,False,BFI IMAX F 28
2026-05-04T22:23:04Z,F,27,sold,False,BFI IMAX F 27
2026-05-04T22:23:04Z,F,26,sold,False,BFI IMAX F 26
2026-05-04T22:23:04Z,F,25,sold,False,BFI IMAX F 25
2026-05-04T22:23:04Z,F,24,sold,False,BFI IMAX F 24
2026-05-04T22:23:04Z,F,23,sold,False,BFI IMAX F 23
2026-05-04T22:23:04Z,F,22,sold,False,BFI IMAX F 22
2026-05-04T22:23:04Z,F,21,sold,False,BFI IMAX F 21
2026-05-04T22:23:04Z,F,20,sold,False,BFI IMAX F 20
2026-05-04T22:23:04Z,F,19,sold,False,BFI IMAX F 19
2026-05-04T22:23:04Z,F,18,sold,False,BFI IMAX F 18
2026-05-04T22:23:04Z,F,17,sold,False,BFI IMAX F 17
2026-05-04T22:23:04Z,F,16,sold,False,BFI IMAX F 16
2026-05-04T22:23:04Z,F,15,sold,False,BFI IMAX F 15
2026-05-04T22:23:04Z,F,14,sold,False,BFI IMAX F 14
2026-05-04T22:23:04Z,F,13,sold,False,BFI IMAX F 13
2026-05-04T22:23:04Z,F,12,sold,False,BFI IMAX F 12
2026-05-04T22:23:04Z,F,11,sold,False,BFI IMAX F 11
2026-05-04T22:23:04Z,F,10,sold,False,BFI IMAX F 10
2026-05-04T22:23:04Z,F,9,sold,False,BFI IMAX F 9
2026-05-04T22:23:04Z,F,8,sold,False,BFI IMAX F 8
2026-05-04T22:23:04Z,F,7,sold,False,BFI IMAX F 7
2026-05-04T22:23:04Z,F,6,sold,False,BFI IMAX F 6
2026-05-04T22:23:04Z,F,5,sold,False,BFI IMAX F 5
2026-05-04T22:23:04Z,F,4,sold,False,BFI IMAX F 4
2026-05-04T22:23:04Z,F,3,sold,False,BFI IMAX F 3
2026-05-04T22:23:04Z,F,2,sold,False,BFI IMAX F 2
2026-05-04T22:23:04Z,F,1,sold,False,BFI IMAX F 1
2026-05-04T22:23:04Z,G,37,sold,False,BFI IMAX G 37
2026-05-04T22:23:04Z,G,36,sold,False,BFI IMAX G 36
2026-05-04T22:23:04Z,G,35,sold,False,BFI IMAX G 35
2026-05-04T22:23:04Z,G,34,sold,False,BFI IMAX G 34
2026-05-04T22:23:04Z,G,33,sold,False,BFI IMAX G 33
2026-05-04T22:23:04Z,G,32,sold,False,BFI IMAX G 32
2026-05-04T22:23:04Z,G,31,sold,False,BFI IMAX G 31
2026-05-04T22:23:04Z,G,30,sold,False,BFI IMAX G 30
2026-05-04T22:23:04Z,G,29,sold,False,BFI IMAX G 29
2026-05-04T22:23:04Z,G,28,sold,False,BFI IMAX G 28
2026-05-04T22:23:04Z,G,27,sold,False,BFI IMAX G 27
2026-05-04T22:23:04Z,G,26,sold,False,BFI IMAX G 26
2026-05-04T22:23:04Z,G,25,sold,False,BFI IMAX G 25
2026-05-04T22:23:04Z,G,24,sold,False,BFI IMAX G 24
2026-05-04T22:23:04Z,G,23,sold,False,BFI IMAX G 23
2026-05-04T22:23:04Z,G,22,sold,False,BFI IMAX G 22
2026-05-04T22:23:04Z,G,21,sold,False,BFI IMAX G 21
2026-05-04T22:23:04Z,G,20,sold,False,BFI IMAX G 20
2026-05-04T22:23:04Z,G,19,sold,False,BFI IMAX G 19
2026-05-04T22:23:04Z,G,18,sold,False,BFI IMAX G 18
2026-05-04T22:23:04Z,G,17,sold,False,BFI IMAX G 17
2026-05-04T22:23:04Z,G,16,sold,False,BFI IMAX G 16
2026-05-04T22:23:04Z,G,15,sold,False,BFI IMAX G 15
2026-05-04T22:23:04Z,G,14,sold,False,BFI IMAX G 14
2026-05-04T22:23:04Z,G,13,sold,False,BFI IMAX G 13
2026-05-04T22:23:04Z,G,12,sold,False,BFI IMAX G 12
2026-05-04T22:23:04Z,G,11,sold,False,BFI IMAX G 11
2026-05-04T22:23:04Z,G,10,sold,False,BFI IMAX G 10
2026-05-04T22:23:04Z,G,9,sold,False,BFI IMAX G 9
2026-05-04T22:23:04Z,G,8,sold,False,BFI IMAX G 8
2026-05-04T22:23:04Z,G,7,sold,False,BFI IMAX G 7
2026-05-04T22:23:04Z,G,6,sold,False,BFI IMAX G 6
2026-05-04T22:23:04Z,G,5,sold,False,BFI IMAX G 5
2026-05-04T22:23:04Z,G,4,sold,False,BFI IMAX G 4
2026-05-04T22:23:04Z,G,3,sold,False,BFI IMAX G 3
2026-05-04T22:23:04Z,G,2,sold,False,BFI IMAX G 2
2026-05-04T22:23:04Z,G,1,sold,False,BFI IMAX G 1
2026-05-04T22:23:04Z,H,37,sold,False,BFI IMAX H 37
2026-05-04T22:23:04Z,H,36,sold,False,BFI IMAX H 36
2026-05-04T22:23:04Z,H,35,sold,False,BFI IMAX H 35
2026-05-04T22:23:04Z,H,34,sold,False,BFI IMAX H 34
2026-05-04T22:23:04Z,H,33,sold,False,BFI IMAX H 33
2026-05-04T22:23:04Z,H,32,sold,False,BFI IMAX H 32
2026-05-04T22:23:04Z,H,31,sold,False,BFI IMAX H 31
2026-05-04T22:23:04Z,H,30,sold,False,BFI IMAX H 30
2026-05-04T22:23:04Z,H,29,sold,False,BFI IMAX H 29
2026-05-04T22:23:04Z,H,28,sold,False,BFI IMAX H 28
2026-05-04T22:23:04Z,H,27,unavailable,False,BFI IMAX H 27
2026-05-04T22:23:04Z,H,26,unavailable,False,BFI IMAX H 26
2026-05-04T22:23:04Z,H,25,unavailable,False,BFI IMAX H 25
2026-05-04T22:23:04Z,H,24,unavailable,False,BFI IMAX H 24
2026-05-04T22:23:04Z,H,23,unavailable,False,BFI IMAX H 23
2026-05-04T22:23:04Z,H,22,unavailable,False,BFI IMAX H 22
2026-05-04T22:23:04Z,H,21,unavailable,False,BFI IMAX H 21
2026-05-04T22:23:04Z,H,20,unavailable,False,BFI IMAX H 20
2026-05-04T22:23:04Z,H,19,sold,False,BFI IMAX H 19
2026-05-04T22:23:04Z,H,18,sold,False,BFI IMAX H 18
2026-05-04T22:23:04Z,H,17,sold,False,BFI IMAX H 17
2026-05-04T22:23:04Z,H,16,sold,False,BFI IMAX H 16
2026-05-04T22:23:04Z,H,15,sold,False,BFI IMAX H 15
2026-05-04T22:23:04Z,H,14,sold,False,BFI IMAX H 14
2026-05-04T22:23:04Z,H,13,sold,False,BFI IMAX H 13
2026-05-04T22:23:04Z,H,12,sold,False,BFI IMAX H 12
2026-05-04T22:23:04Z,H,11,sold,False,BFI IMAX H 11
2026-05-04T22:23:04Z,H,10,sold,False,BFI IMAX H 10
2026-05-04T22:23:04Z,H,9,sold,False,BFI IMAX H 9
2026-05-04T22:23:04Z,H,8,sold,False,BFI IMAX H 8
2026-05-04T22:23:04Z,H,7,sold,False,BFI IMAX H 7
2026-05-04T22:23:04Z,H,6,sold,False,BFI IMAX H 6
2026-05-04T22:23:04Z,H,5,sold,False,BFI IMAX H 5
2026-05-04T22:23:04Z,H,4,sold,False,BFI IMAX H 4
2026-05-04T22:23:04Z,H,3,sold,False,BFI IMAX H 3
2026-05-04T22:23:04Z,H,2,sold,False,BFI IMAX H 2
2026-05-04T22:23:04Z,H,1,sold,False,BFI IMAX H 1
2026-05-04T22:23:04Z,J,36,sold,False,BFI IMAX J 36
2026-05-04T22:23:04Z,J,35,sold,False,BFI IMAX J 35
2026-05-04T22:23:04Z,J,34,sold,False,BFI IMAX J 34
2026-05-04T22:23:04Z,J,33,sold,False,BFI IMAX J 33
2026-05-04T22:23:04Z,J,32,sold,False,BFI IMAX J 32
2026-05-04T22:23:04Z,J,31,sold,False,BFI IMAX J 31
2026-05-04T22:23:04Z,J,30,sold,False,BFI IMAX J 30
2026-05-04T22:23:04Z,J,29,sold,False,BFI IMAX J 29
2026-05-04T22:23:04Z,J,28,sold,False,BFI IMAX J 28
2026-05-04T22:23:04Z,J,27,sold,False,BFI IMAX J 27
2026-05-04T22:23:04Z,J,26,sold,False,BFI IMAX J 26
2026-05-04T22:23:04Z,J,25,sold,False,BFI IMAX J 25
2026-05-04T22:23:04Z,J,24,sold,False,BFI IMAX J 24
2026-05-04T22:23:04Z,J,23,sold,False,BFI IMAX J 23
2026-05-04T22:23:04Z,J,22,sold,False,BFI IMAX J 22
2026-05-04T22:23:04Z,J,21,sold,False,BFI IMAX J 21
2026-05-04T22:23:04Z,J,20,sold,False,BFI IMAX J 20
2026-05-04T22:23:04Z,J,19,unavailable,False,BFI IMAX J 19
2026-05-04T22:23:04Z,J,18,unavailable,False,BFI IMAX J 18
2026-05-04T22:23:04Z,J,17,unavailable,False,BFI IMAX J 17
2026-05-04T22:23:04Z,J,16,unavailable,False,BFI IMAX J 16
2026-05-04T22:23:04Z,J,15,unavailable,False,BFI IMAX J 15
2026-05-04T22:23:04Z,J,14,unavailable,False,BFI IMAX J 14
2026-05-04T22:23:04Z,J,13,unavailable,False,BFI IMAX J 13
2026-05-04T22:23:04Z,J,12,unavailable,False,BFI IMAX J 12
2026-05-04T22:23:04Z,J,11,unavailable,False,BFI IMAX J 11
2026-05-04T22:23:04Z,J,10,unavailable,False,BFI IMAX J 10
2026-05-04T22:23:04Z,J,9,sold,False,BFI IMAX J 9
2026-05-04T22:23:04Z,J,8,sold,False,BFI IMAX J 8
2026-05-04T22:23:04Z,J,7,sold,False,BFI IMAX J 7
2026-05-04T22:23:04Z,J,6,sold,False,BFI IMAX J 6
2026-05-04T22:23:04Z,J,5,sold,False,BFI IMAX J 5
2026-05-04T22:23:04Z,J,4,sold,False,BFI IMAX J 4
2026-05-04T22:23:04Z,J,3,sold,False,BFI IMAX J 3
2026-05-04T22:23:04Z,J,2,sold,False,BFI IMAX J 2
2026-05-04T22:23:04Z,J,1,sold,False,BFI IMAX J 1
2026-05-04T22:23:04Z,K,36,sold,False,BFI IMAX K 36
2026-05-04T22:23:04Z,K,35,sold,False,BFI IMAX K 35
2026-05-04T22:23:04Z,K,34,sold,False,BFI IMAX K 34
2026-05-04T22:23:04Z,K,33,sold,False,BFI IMAX K 33
2026-05-04T22:23:04Z,K,32,sold,False,BFI IMAX K 32
2026-05-04T22:23:04Z,K,31,sold,False,BFI IMAX K 31
2026-05-04T22:23:04Z,K,30,sold,False,BFI IMAX K 30
2026-05-04T22:23:04Z,K,29,sold,False,BFI IMAX K 29
2026-05-04T22:23:04Z,K,28,sold,False,BFI IMAX K 28
2026-05-04T22:23:04Z,A,13,unavailable,False,BFI IMAX A 13
2026-05-04T22:23:04Z,A,12,unavailable,False,BFI IMAX A 12
2026-05-04T22:23:04Z,K,25,sold,False,BFI IMAX K 25
2026-05-04T22:23:04Z,K,24,sold,False,BFI IMAX K 24
2026-05-04T22:23:04Z,K,23,sold,False,BFI IMAX K 23
2026-05-04T22:23:04Z,K,22,sold,False,BFI IMAX K 22
2026-05-04T22:23:04Z,K,21,sold,False,BFI IMAX K 21
2026-05-04T22:23:04Z,K,20,sold,False,BFI IMAX K 20
2026-05-04T22:23:04Z,K,19,unavailable,False,BFI IMAX K 19
2026-05-04T22:23:04Z,K,18,unavailable,False,BFI IMAX K 18
2026-05-04T22:23:04Z,K,17,unavailable,False,BFI IMAX K 17
2026-05-04T22:23:04Z,K,16,unavailable,False,BFI IMAX K 16
2026-05-04T22:23:04Z,K,15,unavailable,False,BFI IMAX K 15
2026-05-04T22:23:04Z,K,14,unavailable,False,BFI IMAX K 14
2026-05-04T22:23:04Z,K,13,unavailable,False,BFI IMAX K 13
2026-05-04T22:23:04Z,K,12,unavailable,False,BFI IMAX K 12
2026-05-04T22:23:04Z,K,11,unavailable,False,BFI IMAX K 11
2026-05-04T22:23:04Z,K,10,unavailable,False,BFI IMAX K 10
2026-05-04T22:23:04Z,K,9,sold,False,BFI IMAX K 9
2026-05-04T22:23:04Z,K,8,sold,False,BFI IMAX K 8
2026-05-04T22:23:04Z,K,7,sold,False,BFI IMAX K 7
2026-05-04T22:23:04Z,K,6,sold,False,BFI IMAX K 6
2026-05-04T22:23:04Z,K,5,sold,False,BFI IMAX K 5
2026-05-04T22:23:04Z,K,4,sold,False,BFI IMAX K 4
2026-05-04T22:23:04Z,K,3,sold,False,BFI IMAX K 3
2026-05-04T22:23:04Z,K,2,sold,False,BFI IMAX K 2
2026-05-04T22:23:04Z,K,1,sold,False,BFI IMAX K 1
2026-05-04T22:23:04Z,L,33,sold,False,BFI IMAX L 33
2026-05-04T22:23:04Z,L,32,sold,False,BFI IMAX L 32
2026-05-04T22:23:04Z,L,31,sold,False,BFI IMAX L 31
2026-05-04T22:23:04Z,L,30,sold,False,BFI IMAX L 30
2026-05-04T22:23:04Z,L,29,sold,False,BFI IMAX L 29
2026-05-04T22:23:04Z,L,28,sold,False,BFI IMAX L 28
2026-05-04T22:23:04Z,L,27,sold,False,BFI IMAX L 27
2026-05-04T22:23:04Z,L,26,sold,False,BFI IMAX L 26
2026-05-04T22:23:04Z,L,8,sold,False,BFI IMAX L 8
2026-05-04T22:23:04Z,L,7,sold,False,BFI IMAX L 7
2026-05-04T22:23:04Z,L,6,sold,False,BFI IMAX L 6
2026-05-04T22:23:04Z,L,5,sold,False,BFI IMAX L 5
2026-05-04T22:23:04Z,L,4,sold,False,BFI IMAX L 4
2026-05-04T22:23:04Z,L,3,sold,False,BFI IMAX L 3
2026-05-04T22:23:04Z,L,2,sold,False,BFI IMAX L 2
2026-05-04T22:23:04Z,L,1,sold,False,BFI IMAX L 1
2026-05-04T22:23:04Z,M,34,sold,False,BFI IMAX M 34
2026-05-04T22:23:04Z,M,33,sold,False,BFI IMAX M 33
2026-05-04T22:23:04Z,M,32,sold,False,BFI IMAX M 32
2026-05-04T22:23:04Z,M,31,sold,False,BFI IMAX M 31
2026-05-04T22:23:04Z,M,30,sold,False,BFI IMAX M 30
2026-05-04T22:23:04Z,M,29,sold,False,BFI IMAX M 29
2026-05-04T22:23:04Z,M,28,sold,False,BFI IMAX M 28
2026-05-04T22:23:04Z,M,27,sold,False,BFI IMAX M 27
2026-05-04T22:23:04Z,A,11,unavailable,False,BFI IMAX A 11
2026-05-04T22:23:04Z,A,10,unavailable,False,BFI IMAX A 10
2026-05-04T22:23:04Z,M,6,sold,False,BFI IMAX M 6
2026-05-04T22:23:04Z,M,5,sold,False,BFI IMAX M 5
2026-05-04T22:23:04Z,M,4,sold,False,BFI IMAX M 4
2026-05-04T22:23:04Z,M,3,sold,False,BFI IMAX M 3
2026-05-04T22:23:04Z,M,2,sold,False,BFI IMAX M 2
2026-05-04T22:23:04Z,M,1,sold,False,BFI IMAX M 1
2026-05-04T22:23:04Z,N,34,unavailable,False,BFI IMAX N 34
2026-05-04T22:23:04Z,N,33,unavailable,False,BFI IMAX N 33
2026-05-04T22:23:04Z,N,32,unavailable,False,BFI IMAX N 32
2026-05-04T22:23:04Z,N,31,unavailable,False,BFI IMAX N 31
2026-05-04T22:23:04Z,N,30,unavailable,False,BFI IMAX N 30
2026-05-04T22:23:04Z,N,29,unavailable,False,BFI IMAX N 29
2026-05-04T22:23:04Z,N,28,sold,False,BFI IMAX N 28
2026-05-04T22:23:04Z,N,27,sold,False,BFI IMAX N 27
2026-05-04T22:23:04Z,N,8,sold,False,BFI IMAX N 8
2026-05-04T22:23:04Z,N,7,sold,False,BFI IMAX N 7
2026-05-04T22:23:04Z,N,6,sold,False,BFI IMAX N 6
2026-05-04T22:23:04Z,N,5,sold,False,BFI IMAX N 5
2026-05-04T22:23:04Z,N,4,sold,False,BFI IMAX N 4
2026-05-04T22:23:04Z,N,3,sold,False,BFI IMAX N 3
2026-05-04T22:23:04Z,N,2,sold,False,BFI IMAX N 2
2026-05-04T22:23:04Z,N,1,sold,False,BFI IMAX N 1
2026-05-04T22:23:04Z,P,31,sold,False,BFI IMAX P 31
2026-05-04T22:23:04Z,A,9,unavailable,False,BFI IMAX A 9
2026-05-04T22:23:04Z,A,8,unavailable,False,BFI IMAX A 8
2026-05-04T22:23:04Z,P,26,unavailable,False,BFI IMAX P 26
2026-05-04T22:23:04Z,P,6,sold,False,BFI IMAX P 6
2026-05-04T22:23:04Z,A,7,unavailable,False,BFI IMAX A 7
2026-05-04T22:23:04Z,A,6,unavailable,False,BFI IMAX A 6
2026-05-04T22:23:04Z,P,1,sold,False,BFI IMAX P 1
2026-05-04T22:23:04Z,M,11,sold,False,BFI IMAX M 11
2026-05-04T22:23:04Z,M,10,sold,False,BFI IMAX M 10
2026-05-04T22:23:04Z,M,9,sold,False,BFI IMAX M 9
2026-05-04T22:23:04Z,L,9,sold,False,BFI IMAX L 9
2026-05-04T22:23:04Z,L,25,sold,False,BFI IMAX L 25
2026-05-04T22:23:04Z,L,24,sold,False,BFI IMAX L 24
2026-05-04T22:23:04Z,L,23,sold,False,BFI IMAX L 23
2026-05-04T22:23:04Z,L,22,sold,False,BFI IMAX L 22
2026-05-04T22:23:04Z,L,21,sold,False,BFI IMAX L 21
2026-05-04T22:23:04Z,L,20,sold,False,BFI IMAX L 20
2026-05-04T22:23:04Z,L,19,sold,False,BFI IMAX L 19
2026-05-04T22:23:04Z,L,18,sold,False,BFI IMAX L 18
2026-05-04T22:23:04Z,L,17,sold,False,BFI IMAX L 17
2026-05-04T22:23:04Z,L,16,sold,False,BFI IMAX L 16
2026-05-04T22:23:04Z,L,15,sold,False,BFI IMAX L 15
2026-05-04T22:23:04Z,L,14,sold,False,BFI IMAX L 14
2026-05-04T22:23:04Z,L,13,sold,False,BFI IMAX L 13
2026-05-04T22:23:04Z,L,12,sold,False,BFI IMAX L 12
2026-05-04T22:23:04Z,L,11,sold,False,BFI IMAX L 11
2026-05-04T22:23:04Z,N,26,unavailable,False,BFI IMAX N 26
2026-05-04T22:23:04Z,N,25,unavailable,False,BFI IMAX N 25
2026-05-04T22:23:04Z,N,24,unavailable,False,BFI IMAX N 24
2026-05-04T22:23:04Z,N,23,unavailable,False,BFI IMAX N 23
2026-05-04T22:23:04Z,N,22,sold,False,BFI IMAX N 22
2026-05-04T22:23:04Z,N,21,sold,False,BFI IMAX N 21
2026-05-04T22:23:04Z,N,20,sold,False,BFI IMAX N 20
2026-05-04T22:23:04Z,N,19,sold,False,BFI IMAX N 19
2026-05-04T22:23:04Z,N,18,sold,False,BFI IMAX N 18
2026-05-04T22:23:04Z,N,17,sold,False,BFI IMAX N 17
2026-05-04T22:23:04Z,N,16,sold,False,BFI IMAX N 16
2026-05-04T22:23:04Z,N,15,sold,False,BFI IMAX N 15
2026-05-04T22:23:04Z,N,14,sold,False,BFI IMAX N 14
2026-05-04T22:23:04Z,N,13,sold,False,BFI IMAX N 13
2026-05-04T22:23:04Z,N,12,unavailable,False,BFI IMAX N 12
2026-05-04T22:23:04Z,N,11,unavailable,False,BFI IMAX N 11
2026-05-04T22:23:04Z,N,10,unavailable,False,BFI IMAX N 10
2026-05-04T22:23:04Z,N,9,unavailable,False,BFI IMAX N 9
2026-05-04T22:23:04Z,L,10,sold,False,BFI IMAX L 10
2026-05-04T22:23:04Z,M,26,sold,False,BFI IMAX M 26
2026-05-04T22:23:04Z,M,25,sold,False,BFI IMAX M 25
2026-05-04T22:23:04Z,M,24,sold,False,BFI IMAX M 24
2026-05-04T22:23:04Z,M,23,sold,False,BFI IMAX M 23
2026-05-04T22:23:04Z,M,22,sold,False,BFI IMAX M 22
2026-05-04T22:23:04Z,M,21,sold,False,BFI IMAX M 21
2026-05-04T22:23:04Z,M,20,sold,False,BFI IMAX M 20
2026-05-04T22:23:04Z,M,19,sold,False,BFI IMAX M 19
2026-05-04T22:23:04Z,M,18,sold,False,BFI IMAX M 18
2026-05-04T22:23:04Z,M,17,sold,False,BFI IMAX M 17
2026-05-04T22:23:04Z,M,16,sold,False,BFI IMAX M 16
2026-05-04T22:23:04Z,M,15,sold,False,BFI IMAX M 15
2026-05-04T22:23:04Z,M,14,sold,False,BFI IMAX M 14
2026-05-04T22:23:04Z,M,13,sold,False,BFI IMAX M 13
2026-05-04T22:23:04Z,M,12,sold,False,BFI IMAX M 12
2026-05-04T22:23:04Z,P,30,sold,True,BFI IMAX P 30
2026-05-04T22:23:04Z,P,27,sold,True,BFI IMAX P 27
2026-05-04T22:23:04Z,P,2,sold,True,BFI IMAX P 2
2026-05-04T22:23:04Z,P,5,sold,True,BFI IMAX P 5
2026-05-04T22:23:04Z,P,19,sold,False,BFI IMAX P 19
2026-05-04T22:23:04Z,P,18,sold,False,BFI IMAX P 18
2026-05-04T22:23:04Z,P,17,sold,False,BFI IMAX P 17
2026-05-04T22:23:04Z,P,16,sold,False,BFI IMAX P 16
2026-05-04T22:23:04Z,P,15,sold,False,BFI IMAX P 15
2026-05-04T22:23:04Z,P,14,sold,False,BFI IMAX P 14
2026-05-04T22:23:04Z,P,13,sold,False,BFI IMAX P 13
2026-05-04T22:23:04Z,P,12,sold,False,BFI IMAX P 12
2026-05-04T22:23:04Z,P,11,sold,False,BFI IMAX P 11
2026-05-04T22:23:04Z,P,10,sold,False,BFI IMAX P 10
2026-05-04T22:23:04Z,P,9,sold,False,BFI IMAX P 9
2026-05-04T22:23:04Z,P,8,sold,False,BFI IMAX P 8
2026-05-04T22:23:04Z,P,7,sold,False,BFI IMAX P 7
2026-05-04T22:23:04Z,P,25,sold,False,BFI IMAX P 25
2026-05-04T22:23:04Z,P,24,sold,False,BFI IMAX P 24
2026-05-04T22:23:04Z,P,23,sold,False,BFI IMAX P 23
2026-05-04T22:23:04Z,P,22,sold,False,BFI IMAX P 22
2026-05-04T22:23:04Z,P,21,sold,False,BFI IMAX P 21
2026-05-04T22:23:04Z,P,20,sold,False,BFI IMAX P 20
2026-05-04T22:23:04Z,Q,18,sold,False,BFI IMAX Q 18
2026-05-04T22:23:04Z,Q,17,sold,False,BFI IMAX Q 17
2026-05-04T22:23:04Z,Q,16,sold,False,BFI IMAX Q 16
2026-05-04T22:23:04Z,Q,15,sold,False,BFI IMAX Q 15
2026-05-04T22:23:04Z,Q,14,sold,False,BFI IMAX Q 14
2026-05-04T22:23:04Z,Q,13,sold,False,BFI IMAX Q 13
2026-05-04T22:23:04Z,Q,12,sold,False,BFI IMAX Q 12
2026-05-04T22:23:04Z,Q,11,sold,False,BFI IMAX Q 11
2026-05-04T22:23:04Z,Q,10,sold,False,BFI IMAX Q 10
2026-05-04T22:23:04Z,Q,9,sold,False,BFI IMAX Q 9
2026-05-04T22:23:04Z,Q,8,sold,False,BFI IMAX Q 8
2026-05-04T22:23:04Z,Q,7,sold,False,BFI IMAX Q 7
2026-05-04T22:23:04Z,Q,6,sold,False,BFI IMAX Q 6
2026-05-04T22:23:04Z,Q,5,sold,False,BFI IMAX Q 5
2026-05-04T22:23:04Z,Q,4,sold,False,BFI IMAX Q 4
2026-05-04T22:23:04Z,Q,3,sold,False,BFI IMAX Q 3
2026-05-04T22:23:04Z,Q,2,sold,False,BFI IMAX Q 2
2026-05-04T22:23:04Z,Q,1,sold,False,BFI IMAX Q 1
2026-05-04T22:51:16Z,K,27,sold,False,BFI IMAX K 27
2026-05-04T22:51:16Z,K,26,sold,False,BFI IMAX K 26
2026-05-04T22:51:16Z,M,8,sold,False,BFI IMAX M 8
2026-05-04T22:51:16Z,M,7,sold,False,BFI IMAX M 7
2026-05-04T22:51:16Z,P,29,available,True,BFI IMAX P 29
2026-05-04T22:51:16Z,P,28,sold,True,BFI IMAX P 28
2026-05-04T22:51:16Z,P,4,available,True,BFI IMAX P 4
2026-05-04T22:51:16Z,P,3,available,True,BFI IMAX P 3
2026-05-04T22:51:16Z,A,5,unavailable,False,BFI IMAX A 5
2026-05-04T22:51:16Z,A,4,unavailable,False,BFI IMAX A 4
2026-05-04T22:51:16Z,A,3,unavailable,False,BFI IMAX A 3
2026-05-04T22:51:16Z,A,2,unavailable,False,BFI IMAX A 2
2026-05-04T22:51:16Z,A,1,unavailable,False,BFI IMAX A 1
2026-05-04T22:51:16Z,B,36,unavailable,False,BFI IMAX B 36
2026-05-04T22:51:16Z,B,35,unavailable,False,BFI IMAX B 35
2026-05-04T22:51:16Z,B,34,unavailable,False,BFI IMAX B 34
2026-05-04T22:51:16Z,B,33,unavailable,False,BFI IMAX B 33
2026-05-04T22:51:16Z,B,32,unavailable,False,BFI IMAX B 32
2026-05-04T22:51:16Z,B,31,unavailable,False,BFI IMAX B 31
2026-05-04T22:51:16Z,B,30,unavailable,False,BFI IMAX B 30
2026-05-04T22:51:16Z,B,29,unavailable,False,BFI IMAX B 29
2026-05-04T22:51:16Z,B,28,unavailable,False,BFI IMAX B 28
2026-05-04T22:51:16Z,B,27,unavailable,False,BFI IMAX B 27
2026-05-04T22:51:16Z,B,26,unavailable,False,BFI IMAX B 26
2026-05-04T22:51:16Z,B,25,unavailable,False,BFI IMAX B 25
2026-05-04T22:51:16Z,B,24,unavailable,False,BFI IMAX B 24
2026-05-04T22:51:16Z,B,23,unavailable,False,BFI IMAX B 23
2026-05-04T22:51:16Z,B,22,unavailable,False,BFI IMAX B 22
2026-05-04T22:51:16Z,B,21,sold,False,BFI IMAX B 21
2026-05-04T22:51:16Z,B,20,sold,False,BFI IMAX B 20
2026-05-04T22:51:16Z,B,19,sold,False,BFI IMAX B 19
2026-05-04T22:51:16Z,B,18,sold,False,BFI IMAX B 18
2026-05-04T22:51:16Z,B,17,sold,False,BFI IMAX B 17
2026-05-04T22:51:16Z,B,16,sold,False,BFI IMAX B 16
2026-05-04T22:51:16Z,B,15,sold,False,BFI IMAX B 15
2026-05-04T22:51:16Z,B,14,sold,False,BFI IMAX B 14
2026-05-04T22:51:16Z,B,13,unavailable,False,BFI IMAX B 13
2026-05-04T22:51:16Z,B,12,unavailable,False,BFI IMAX B 12
2026-05-04T22:51:16Z,B,11,unavailable,False,BFI IMAX B 11
2026-05-04T22:51:16Z,B,10,unavailable,False,BFI IMAX B 10
2026-05-04T22:51:16Z,B,9,unavailable,False,BFI IMAX B 9
2026-05-04T22:51:16Z,B,8,unavailable,False,BFI IMAX B 8
2026-05-04T22:51:16Z,B,7,unavailable,False,BFI IMAX B 7
2026-05-04T22:51:16Z,B,6,unavailable,False,BFI IMAX B 6
2026-05-04T22:51:16Z,B,5,unavailable,False,BFI IMAX B 5
2026-05-04T22:51:16Z,B,4,unavailable,False,BFI IMAX B 4
2026-05-04T22:51:16Z,B,3,unavailable,False,BFI IMAX B 3
2026-05-04T22:51:16Z,B,2,unavailable,False,BFI IMAX B 2
2026-05-04T22:51:16Z,B,1,unavailable,False,BFI IMAX B 1
2026-05-04T22:51:16Z,C,36,sold,False,BFI IMAX C 36
2026-05-04T22:51:16Z,C,35,sold,False,BFI IMAX C 35
2026-05-04T22:51:16Z,C,34,sold,False,BFI IMAX C 34
2026-05-04T22:51:16Z,C,33,sold,False,BFI IMAX C 33
2026-05-04T22:51:16Z,C,32,sold,False,BFI IMAX C 32
2026-05-04T22:51:16Z,C,31,sold,False,BFI IMAX C 31
2026-05-04T22:51:16Z,C,30,sold,False,BFI IMAX C 30
2026-05-04T22:51:16Z,C,29,sold,False,BFI IMAX C 29
2026-05-04T22:51:16Z,C,28,sold,False,BFI IMAX C 28
2026-05-04T22:51:16Z,C,27,sold,False,BFI IMAX C 27
2026-05-04T22:51:16Z,C,26,sold,False,BFI IMAX C 26
2026-05-04T22:51:16Z,C,25,unavailable,False,BFI IMAX C 25
2026-05-04T22:51:16Z,C,24,unavailable,False,BFI IMAX C 24
2026-05-04T22:51:16Z,C,23,unavailable,False,BFI IMAX C 23
2026-05-04T22:51:16Z,C,22,sold,False,BFI IMAX C 22
2026-05-04T22:51:16Z,C,21,sold,False,BFI IMAX C 21
2026-05-04T22:51:16Z,C,20,sold,False,BFI IMAX C 20
2026-05-04T22:51:16Z,C,19,sold,False,BFI IMAX C 19
2026-05-04T22:51:16Z,C,18,sold,False,BFI IMAX C 18
2026-05-04T22:51:16Z,C,17,sold,False,BFI IMAX C 17
2026-05-04T22:51:16Z,C,16,sold,False,BFI IMAX C 16
2026-05-04T22:51:16Z,C,15,sold,False,BFI IMAX C 15
2026-05-04T22:51:16Z,C,14,sold,False,BFI IMAX C 14
2026-05-04T22:51:16Z,C,13,sold,False,BFI IMAX C 13
2026-05-04T22:51:16Z,C,12,sold,False,BFI IMAX C 12
2026-05-04T22:51:16Z,C,11,sold,False,BFI IMAX C 11
2026-05-04T22:51:16Z,C,10,sold,False,BFI IMAX C 10
2026-05-04T22:51:16Z,C,9,sold,False,BFI IMAX C 9
2026-05-04T22:51:16Z,C,8,sold,False,BFI IMAX C 8
2026-05-04T22:51:16Z,C,7,sold,False,BFI IMAX C 7
2026-05-04T22:51:16Z,C,6,sold,False,BFI IMAX C 6
2026-05-04T22:51:16Z,C,5,sold,False,BFI IMAX C 5
2026-05-04T22:51:16Z,C,4,sold,False,BFI IMAX C 4
2026-05-04T22:51:16Z,C,3,sold,False,BFI IMAX C 3
2026-05-04T22:51:16Z,C,2,sold,False,BFI IMAX C 2
2026-05-04T22:51:16Z,C,1,sold,False,BFI IMAX C 1
2026-05-04T22:51:16Z,D,37,sold,False,BFI IMAX D 37
2026-05-04T22:51:16Z,D,36,sold,False,BFI IMAX D 36
2026-05-04T22:51:16Z,D,35,sold,False,BFI IMAX D 35
2026-05-04T22:51:16Z,D,34,sold,False,BFI IMAX D 34
2026-05-04T22:51:16Z,D,33,sold,False,BFI IMAX D 33
2026-05-04T22:51:16Z,D,32,sold,False,BFI IMAX D 32
2026-05-04T22:51:16Z,D,31,sold,False,BFI IMAX D 31
2026-05-04T22:51:16Z,D,30,sold,False,BFI IMAX D 30
2026-05-04T22:51:16Z,D,29,sold,False,BFI IMAX D 29
2026-05-04T22:51:16Z,D,28,sold,False,BFI IMAX D 28
2026-05-04T22:51:16Z,D,27,sold,False,BFI IMAX D 27
2026-05-04T22:51:16Z,D,26,sold,False,BFI IMAX D 26
2026-05-04T22:51:16Z,D,25,sold,False,BFI IMAX D 25
2026-05-04T22:51:16Z,D,24,sold,False,BFI IMAX D 24
2026-05-04T22:51:16Z,D,23,sold,False,BFI IMAX D 23
2026-05-04T22:51:16Z,D,22,sold,False,BFI IMAX D 22
2026-05-04T22:51:16Z,D,21,sold,False,BFI IMAX D 21
2026-05-04T22:51:16Z,D,20,sold,False,BFI IMAX D 20
2026-05-04T22:51:16Z,D,19,unavailable,False,BFI IMAX D 19
2026-05-04T22:51:16Z,D,18,unavailable,False,BFI IMAX D 18
2026-05-04T22:51:16Z,D,17,sold,False,BFI IMAX D 17
2026-05-04T22:51:16Z,D,16,sold,False,BFI IMAX D 16
2026-05-04T22:51:16Z,D,15,sold,False,BFI IMAX D 15
2026-05-04T22:51:16Z,D,14,sold,False,BFI IMAX D 14
2026-05-04T22:51:16Z,D,13,sold,False,BFI IMAX D 13
2026-05-04T22:51:16Z,D,12,sold,False,BFI IMAX D 12
2026-05-04T22:51:16Z,D,11,sold,False,BFI IMAX D 11
2026-05-04T22:51:16Z,D,10,sold,False,BFI IMAX D 10
2026-05-04T22:51:16Z,D,9,sold,False,BFI IMAX D 9
2026-05-04T22:51:16Z,D,8,sold,False,BFI IMAX D 8
2026-05-04T22:51:16Z,D,7,sold,False,BFI IMAX D 7
2026-05-04T22:51:16Z,D,6,sold,False,BFI IMAX D 6
2026-05-04T22:51:16Z,D,5,sold,False,BFI IMAX D 5
2026-05-04T22:51:16Z,D,4,sold,False,BFI IMAX D 4
2026-05-04T22:51:16Z,D,3,sold,False,BFI IMAX D 3
2026-05-04T22:51:16Z,D,2,sold,False,BFI IMAX D 2
2026-05-04T22:51:16Z,D,1,sold,False,BFI IMAX D 1
2026-05-04T22:51:16Z,E,37,sold,False,BFI IMAX E 37
2026-05-04T22:51:16Z,E,36,sold,False,BFI IMAX E 36
2026-05-04T22:51:16Z,E,35,sold,False,BFI IMAX E 35
2026-05-04T22:51:16Z,E,34,sold,False,BFI IMAX E 34
2026-05-04T22:51:16Z,E,33,sold,False,BFI IMAX E 33
2026-05-04T22:51:16Z,E,32,sold,False,BFI IMAX E 32
2026-05-04T22:51:16Z,E,31,sold,False,BFI IMAX E 31
2026-05-04T22:51:16Z,E,30,sold,False,BFI IMAX E 30
2026-05-04T22:51:16Z,E,29,sold,False,BFI IMAX E 29
2026-05-04T22:51:16Z,E,28,sold,False,BFI IMAX E 28
2026-05-04T22:51:16Z,E,27,sold,False,BFI IMAX E 27
2026-05-04T22:51:16Z,E,26,sold,False,BFI IMAX E 26
2026-05-04T22:51:16Z,E,25,sold,False,BFI IMAX E 25
2026-05-04T22:51:16Z,E,24,sold,False,BFI IMAX E 24
2026-05-04T22:51:16Z,E,23,sold,False,BFI IMAX E 23
2026-05-04T22:51:16Z,E,22,sold,False,BFI IMAX E 22
2026-05-04T22:51:16Z,E,21,sold,False,BFI IMAX E 21
2026-05-04T22:51:16Z,E,20,sold,False,BFI IMAX E 20
2026-05-04T22:51:16Z,E,19,sold,False,BFI IMAX E 19
2026-05-04T22:51:16Z,E,18,sold,False,BFI IMAX E 18
2026-05-04T22:51:16Z,E,17,sold,False,BFI IMAX E 17
2026-05-04T22:51:16Z,E,16,sold,False,BFI IMAX E 16
2026-05-04T22:51:16Z,E,15,sold,False,BFI IMAX E 15
2026-05-04T22:51:16Z,E,14,sold,False,BFI IMAX E 14
2026-05-04T22:51:16Z,E,13,sold,False,BFI IMAX E 13
2026-05-04T22:51:16Z,E,12,sold,False,BFI IMAX E 12
2026-05-04T22:51:16Z,E,11,sold,False,BFI IMAX E 11
2026-05-04T22:51:16Z,E,10,sold,False,BFI IMAX E 10
2026-05-04T22:51:16Z,E,9,sold,False,BFI IMAX E 9
2026-05-04T22:51:16Z,E,8,sold,False,BFI IMAX E 8
2026-05-04T22:51:16Z,E,7,sold,False,BFI IMAX E 7
2026-05-04T22:51:16Z,E,6,sold,False,BFI IMAX E 6
2026-05-04T22:51:16Z,E,5,sold,False,BFI IMAX E 5
2026-05-04T22:51:16Z,E,4,sold,False,BFI IMAX E 4
2026-05-04T22:51:16Z,E,3,sold,False,BFI IMAX E 3
2026-05-04T22:51:16Z,E,2,sold,False,BFI IMAX E 2
2026-05-04T22:51:16Z,E,1,sold,False,BFI IMAX E 1
2026-05-04T22:51:16Z,F,38,sold,False,BFI IMAX F 38
2026-05-04T22:51:16Z,F,37,sold,False,BFI IMAX F 37
2026-05-04T22:51:16Z,F,36,sold,False,BFI IMAX F 36
2026-05-04T22:51:16Z,F,35,sold,False,BFI IMAX F 35
2026-05-04T22:51:16Z,F,34,sold,False,BFI IMAX F 34
2026-05-04T22:51:16Z,F,33,sold,False,BFI IMAX F 33
2026-05-04T22:51:16Z,F,32,sold,False,BFI IMAX F 32
2026-05-04T22:51:16Z,F,31,sold,False,BFI IMAX F 31
2026-05-04T22:51:16Z,F,30,sold,False,BFI IMAX F 30
2026-05-04T22:51:16Z,F,29,sold,False,BFI IMAX F 29
2026-05-04T22:51:16Z,F,28,sold,False,BFI IMAX F 28
2026-05-04T22:51:16Z,F,27,sold,False,BFI IMAX F 27
2026-05-04T22:51:16Z,F,26,sold,False,BFI IMAX F 26
2026-05-04T22:51:16Z,F,25,sold,False,BFI IMAX F 25
2026-05-04T22:51:16Z,F,24,sold,False,BFI IMAX F 24
2026-05-04T22:51:16Z,F,23,sold,False,BFI IMAX F 23
2026-05-04T22:51:16Z,F,22,sold,False,BFI IMAX F 22
2026-05-04T22:51:16Z,F,21,sold,False,BFI IMAX F 21
2026-05-04T22:51:16Z,F,20,sold,False,BFI IMAX F 20
2026-05-04T22:51:16Z,F,19,sold,False,BFI IMAX F 19
2026-05-04T22:51:16Z,F,18,sold,False,BFI IMAX F 18
2026-05-04T22:51:16Z,F,17,sold,False,BFI IMAX F 17
2026-05-04T22:51:16Z,F,16,sold,False,BFI IMAX F 16
2026-05-04T22:51:16Z,F,15,sold,False,BFI IMAX F 15
2026-05-04T22:51:16Z,F,14,sold,False,BFI IMAX F 14
2026-05-04T22:51:16Z,F,13,sold,False,BFI IMAX F 13
2026-05-04T22:51:16Z,F,12,sold,False,BFI IMAX F 12
2026-05-04T22:51:16Z,F,11,sold,False,BFI IMAX F 11
2026-05-04T22:51:16Z,F,10,sold,False,BFI IMAX F 10
2026-05-04T22:51:16Z,F,9,sold,False,BFI IMAX F 9
2026-05-04T22:51:16Z,F,8,sold,False,BFI IMAX F 8
2026-05-04T22:51:16Z,F,7,sold,False,BFI IMAX F 7
2026-05-04T22:51:16Z,F,6,sold,False,BFI IMAX F 6
2026-05-04T22:51:16Z,F,5,sold,False,BFI IMAX F 5
2026-05-04T22:51:16Z,F,4,sold,False,BFI IMAX F 4
2026-05-04T22:51:16Z,F,3,sold,False,BFI IMAX F 3
2026-05-04T22:51:16Z,F,2,sold,False,BFI IMAX F 2
2026-05-04T22:51:16Z,F,1,sold,False,BFI IMAX F 1
2026-05-04T22:51:16Z,G,37,sold,False,BFI IMAX G 37
2026-05-04T22:51:16Z,G,36,sold,False,BFI IMAX G 36
2026-05-04T22:51:16Z,G,35,sold,False,BFI IMAX G 35
2026-05-04T22:51:16Z,G,34,sold,False,BFI IMAX G 34
2026-05-04T22:51:16Z,G,33,sold,False,BFI IMAX G 33
2026-05-04T22:51:16Z,G,32,sold,False,BFI IMAX G 32
2026-05-04T22:51:16Z,G,31,sold,False,BFI IMAX G 31
2026-05-04T22:51:16Z,G,30,sold,False,BFI IMAX G 30
2026-05-04T22:51:16Z,G,29,sold,False,BFI IMAX G 29
2026-05-04T22:51:16Z,G,28,sold,False,BFI IMAX G 28
2026-05-04T22:51:16Z,G,27,sold,False,BFI IMAX G 27
2026-05-04T22:51:16Z,G,26,sold,False,BFI IMAX G 26
2026-05-04T22:51:16Z,G,25,sold,False,BFI IMAX G 25
2026-05-04T22:51:16Z,G,24,sold,False,BFI IMAX G 24
2026-05-04T22:51:16Z,G,23,sold,False,BFI IMAX G 23
2026-05-04T22:51:16Z,G,22,sold,False,BFI IMAX G 22
2026-05-04T22:51:16Z,G,21,sold,False,BFI IMAX G 21
2026-05-04T22:51:16Z,G,20,sold,False,BFI IMAX G 20
2026-05-04T22:51:16Z,G,19,sold,False,BFI IMAX G 19
2026-05-04T22:51:16Z,G,18,sold,False,BFI IMAX G 18
2026-05-04T22:51:16Z,G,17,sold,False,BFI IMAX G 17
2026-05-04T22:51:16Z,G,16,sold,False,BFI IMAX G 16
2026-05-04T22:51:16Z,G,15,sold,False,BFI IMAX G 15
2026-05-04T22:51:16Z,G,14,sold,False,BFI IMAX G 14
2026-05-04T22:51:16Z,G,13,sold,False,BFI IMAX G 13
2026-05-04T22:51:16Z,G,12,sold,False,BFI IMAX G 12
2026-05-04T22:51:16Z,G,11,sold,False,BFI IMAX G 11
2026-05-04T22:51:16Z,G,10,sold,False,BFI IMAX G 10
2026-05-04T22:51:16Z,G,9,sold,False,BFI IMAX G 9
2026-05-04T22:51:16Z,G,8,sold,False,BFI IMAX G 8
2026-05-04T22:51:16Z,G,7,sold,False,BFI IMAX G 7
2026-05-04T22:51:16Z,G,6,sold,False,BFI IMAX G 6
2026-05-04T22:51:16Z,G,5,sold,False,BFI IMAX G 5
2026-05-04T22:51:16Z,G,4,sold,False,BFI IMAX G 4
2026-05-04T22:51:16Z,G,3,sold,False,BFI IMAX G 3
2026-05-04T22:51:16Z,G,2,sold,False,BFI IMAX G 2
2026-05-04T22:51:16Z,G,1,sold,False,BFI IMAX G 1
2026-05-04T22:51:16Z,H,37,sold,False,BFI IMAX H 37
2026-05-04T22:51:16Z,H,36,sold,False,BFI IMAX H 36
2026-05-04T22:51:16Z,H,35,sold,False,BFI IMAX H 35
2026-05-04T22:51:16Z,H,34,sold,False,BFI IMAX H 34
2026-05-04T22:51:16Z,H,33,sold,False,BFI IMAX H 33
2026-05-04T22:51:16Z,H,32,sold,False,BFI IMAX H 32
2026-05-04T22:51:16Z,H,31,sold,False,BFI IMAX H 31
2026-05-04T22:51:16Z,H,30,sold,False,BFI IMAX H 30
2026-05-04T22:51:16Z,H,29,sold,False,BFI IMAX H 29
2026-05-04T22:51:16Z,H,28,sold,False,BFI IMAX H 28
2026-05-04T22:51:16Z,H,27,unavailable,False,BFI IMAX H 27
2026-05-04T22:51:16Z,H,26,unavailable,False,BFI IMAX H 26
2026-05-04T22:51:16Z,H,25,unavailable,False,BFI IMAX H 25
2026-05-04T22:51:16Z,H,24,unavailable,False,BFI IMAX H 24
2026-05-04T22:51:16Z,H,23,unavailable,False,BFI IMAX H 23
2026-05-04T22:51:16Z,H,22,unavailable,False,BFI IMAX H 22
2026-05-04T22:51:16Z,H,21,unavailable,False,BFI IMAX H 21
2026-05-04T22:51:16Z,H,20,unavailable,False,BFI IMAX H 20
2026-05-04T22:51:16Z,H,19,sold,False,BFI IMAX H 19
2026-05-04T22:51:16Z,H,18,sold,False,BFI IMAX H 18
2026-05-04T22:51:16Z,H,17,sold,False,BFI IMAX H 17
2026-05-04T22:51:16Z,H,16,sold,False,BFI IMAX H 16
2026-05-04T22:51:16Z,H,15,sold,False,BFI IMAX H 15
2026-05-04T22:51:16Z,H,14,sold,False,BFI IMAX H 14
2026-05-04T22:51:16Z,H,13,sold,False,BFI IMAX H 13
2026-05-04T22:51:16Z,H,12,sold,False,BFI IMAX H 12
2026-05-04T22:51:16Z,H,11,sold,False,BFI IMAX H 11
2026-05-04T22:51:16Z,H,10,sold,False,BFI IMAX H 10
2026-05-04T22:51:16Z,H,9,sold,False,BFI IMAX H 9
2026-05-04T22:51:16Z,H,8,sold,False,BFI IMAX H 8
2026-05-04T22:51:16Z,H,7,sold,False,BFI IMAX H 7
2026-05-04T22:51:16Z,H,6,sold,False,BFI IMAX H 6
2026-05-04T22:51:16Z,H,5,sold,False,BFI IMAX H 5
2026-05-04T22:51:16Z,H,4,sold,False,BFI IMAX H 4
2026-05-04T22:51:16Z,H,3,sold,False,BFI IMAX H 3
2026-05-04T22:51:16Z,H,2,sold,False,BFI IMAX H 2
2026-05-04T22:51:16Z,H,1,sold,False,BFI IMAX H 1
2026-05-04T22:51:16Z,J,36,sold,False,BFI IMAX J 36
2026-05-04T22:51:16Z,J,35,sold,False,BFI IMAX J 35
2026-05-04T22:51:16Z,J,34,sold,False,BFI IMAX J 34
2026-05-04T22:51:16Z,J,33,sold,False,BFI IMAX J 33
2026-05-04T22:51:16Z,J,32,sold,False,BFI IMAX J 32
2026-05-04T22:51:16Z,J,31,sold,False,BFI IMAX J 31
2026-05-04T22:51:16Z,J,30,sold,False,BFI IMAX J 30
2026-05-04T22:51:16Z,J,29,sold,False,BFI IMAX J 29
2026-05-04T22:51:16Z,J,28,sold,False,BFI IMAX J 28
2026-05-04T22:51:16Z,J,27,sold,False,BFI IMAX J 27
2026-05-04T22:51:16Z,J,26,sold,False,BFI IMAX J 26
2026-05-04T22:51:16Z,J,25,sold,False,BFI IMAX J 25
2026-05-04T22:51:16Z,J,24,sold,False,BFI IMAX J 24
2026-05-04T22:51:16Z,J,23,sold,False,BFI IMAX J 23
2026-05-04T22:51:16Z,J,22,sold,False,BFI IMAX J 22
2026-05-04T22:51:16Z,J,21,sold,False,BFI IMAX J 21
2026-05-04T22:51:16Z,J,20,sold,False,BFI IMAX J 20
2026-05-04T22:51:16Z,J,19,unavailable,False,BFI IMAX J 19
2026-05-04T22:51:16Z,J,18,unavailable,False,BFI IMAX J 18
2026-05-04T22:51:16Z,J,17,unavailable,False,BFI IMAX J 17
2026-05-04T22:51:16Z,J,16,unavailable,False,BFI IMAX J 16
2026-05-04T22:51:16Z,J,15,unavailable,False,BFI IMAX J 15
2026-05-04T22:51:16Z,J,14,unavailable,False,BFI IMAX J 14
2026-05-04T22:51:16Z,J,13,unavailable,False,BFI IMAX J 13
2026-05-04T22:51:16Z,J,12,unavailable,False,BFI IMAX J 12
2026-05-04T22:51:16Z,J,11,unavailable,False,BFI IMAX J 11
2026-05-04T22:51:16Z,J,10,unavailable,False,BFI IMAX J 10
2026-05-04T22:51:16Z,J,9,sold,False,BFI IMAX J 9
2026-05-04T22:51:16Z,J,8,sold,False,BFI IMAX J 8
2026-05-04T22:51:16Z,J,7,sold,False,BFI IMAX J 7
2026-05-04T22:51:16Z,J,6,sold,False,BFI IMAX J 6
2026-05-04T22:51:16Z,J,5,sold,False,BFI IMAX J 5
2026-05-04T22:51:16Z,J,4,sold,False,BFI IMAX J 4
2026-05-04T22:51:16Z,J,3,sold,False,BFI IMAX J 3
2026-05-04T22:51:16Z,J,2,sold,False,BFI IMAX J 2
2026-05-04T22:51:16Z,J,1,sold,False,BFI IMAX J 1
2026-05-04T22:51:16Z,K,36,sold,False,BFI IMAX K 36
2026-05-04T22:51:16Z,K,35,sold,False,BFI IMAX K 35
2026-05-04T22:51:16Z,K,34,sold,False,BFI IMAX K 34
2026-05-04T22:51:16Z,K,33,sold,False,BFI IMAX K 33
2026-05-04T22:51:16Z,K,32,sold,False,BFI IMAX K 32
2026-05-04T22:51:16Z,K,31,sold,False,BFI IMAX K 31
2026-05-04T22:51:16Z,K,30,sold,False,BFI IMAX K 30
2026-05-04T22:51:16Z,K,29,sold,False,BFI IMAX K 29
2026-05-04T22:51:16Z,K,28,sold,False,BFI IMAX K 28
2026-05-04T22:51:16Z,A,13,unavailable,False,BFI IMAX A 13
2026-05-04T22:51:16Z,A,12,unavailable,False,BFI IMAX A 12
2026-05-04T22:51:16Z,K,25,sold,False,BFI IMAX K 25
2026-05-04T22:51:16Z,K,24,sold,False,BFI IMAX K 24
2026-05-04T22:51:16Z,K,23,sold,False,BFI IMAX K 23
2026-05-04T22:51:16Z,K,22,sold,False,BFI IMAX K 22
2026-05-04T22:51:16Z,K,21,sold,False,BFI IMAX K 21
2026-05-04T22:51:16Z,K,20,sold,False,BFI IMAX K 20
2026-05-04T22:51:16Z,K,19,unavailable,False,BFI IMAX K 19
2026-05-04T22:51:16Z,K,18,unavailable,False,BFI IMAX K 18
2026-05-04T22:51:16Z,K,17,unavailable,False,BFI IMAX K 17
2026-05-04T22:51:16Z,K,16,unavailable,False,BFI IMAX K 16
2026-05-04T22:51:16Z,K,15,unavailable,False,BFI IMAX K 15
2026-05-04T22:51:16Z,K,14,unavailable,False,BFI IMAX K 14
2026-05-04T22:51:16Z,K,13,unavailable,False,BFI IMAX K 13
2026-05-04T22:51:16Z,K,12,unavailable,False,BFI IMAX K 12
2026-05-04T22:51:16Z,K,11,unavailable,False,BFI IMAX K 11
2026-05-04T22:51:16Z,K,10,unavailable,False,BFI IMAX K 10
2026-05-04T22:51:16Z,K,9,sold,False,BFI IMAX K 9
2026-05-04T22:51:16Z,K,8,sold,False,BFI IMAX K 8
2026-05-04T22:51:16Z,K,7,sold,False,BFI IMAX K 7
2026-05-04T22:51:16Z,K,6,sold,False,BFI IMAX K 6
2026-05-04T22:51:16Z,K,5,sold,False,BFI IMAX K 5
2026-05-04T22:51:16Z,K,4,sold,False,BFI IMAX K 4
2026-05-04T22:51:16Z,K,3,sold,False,BFI IMAX K 3
2026-05-04T22:51:16Z,K,2,sold,False,BFI IMAX K 2
2026-05-04T22:51:16Z,K,1,sold,False,BFI IMAX K 1
2026-05-04T22:51:16Z,L,33,sold,False,BFI IMAX L 33
2026-05-04T22:51:16Z,L,32,sold,False,BFI IMAX L 32
2026-05-04T22:51:16Z,L,31,sold,False,BFI IMAX L 31
2026-05-04T22:51:16Z,L,30,sold,False,BFI IMAX L 30
2026-05-04T22:51:16Z,L,29,sold,False,BFI IMAX L 29
2026-05-04T22:51:16Z,L,28,sold,False,BFI IMAX L 28
2026-05-04T22:51:16Z,L,27,sold,False,BFI IMAX L 27
2026-05-04T22:51:16Z,L,26,sold,False,BFI IMAX L 26
2026-05-04T22:51:16Z,L,8,sold,False,BFI IMAX L 8
2026-05-04T22:51:16Z,L,7,sold,False,BFI IMAX L 7
2026-05-04T22:51:16Z,L,6,sold,False,BFI IMAX L 6
2026-05-04T22:51:16Z,L,5,sold,False,BFI IMAX L 5
2026-05-04T22:51:16Z,L,4,sold,False,BFI IMAX L 4
2026-05-04T22:51:16Z,L,3,sold,False,BFI IMAX L 3
2026-05-04T22:51:16Z,L,2,sold,False,BFI IMAX L 2
2026-05-04T22:51:16Z,L,1,sold,False,BFI IMAX L 1
2026-05-04T22:51:16Z,M,34,sold,False,BFI IMAX M 34
2026-05-04T22:51:16Z,M,33,sold,False,BFI IMAX M 33
2026-05-04T22:51:16Z,M,32,sold,False,BFI IMAX M 32
2026-05-04T22:51:16Z,M,31,sold,False,BFI IMAX M 31
2026-05-04T22:51:16Z,M,30,sold,False,BFI IMAX M 30
2026-05-04T22:51:16Z,M,29,sold,False,BFI IMAX M 29
2026-05-04T22:51:16Z,M,28,sold,False,BFI IMAX M 28
2026-05-04T22:51:16Z,M,27,sold,False,BFI IMAX M 27
2026-05-04T22:51:16Z,A,11,unavailable,False,BFI IMAX A 11
2026-05-04T22:51:16Z,A,10,unavailable,False,BFI IMAX A 10
2026-05-04T22:51:16Z,M,6,sold,False,BFI IMAX M 6
2026-05-04T22:51:16Z,M,5,sold,False,BFI IMAX M 5
2026-05-04T22:51:16Z,M,4,sold,False,BFI IMAX M 4
2026-05-04T22:51:16Z,M,3,sold,False,BFI IMAX M 3
2026-05-04T22:51:16Z,M,2,sold,False,BFI IMAX M 2
2026-05-04T22:51:16Z,M,1,sold,False,BFI IMAX M 1
2026-05-04T22:51:16Z,N,34,unavailable,False,BFI IMAX N 34
2026-05-04T22:51:16Z,N,33,unavailable,False,BFI IMAX N 33
2026-05-04T22:51:16Z,N,32,unavailable,False,BFI IMAX N 32
2026-05-04T22:51:16Z,N,31,unavailable,False,BFI IMAX N 31
2026-05-04T22:51:16Z,N,30,unavailable,False,BFI IMAX N 30
2026-05-04T22:51:16Z,N,29,unavailable,False,BFI IMAX N 29
2026-05-04T22:51:16Z,N,28,sold,False,BFI IMAX N 28
2026-05-04T22:51:16Z,N,27,sold,False,BFI IMAX N 27
2026-05-04T22:51:16Z,N,8,sold,False,BFI IMAX N 8
2026-05-04T22:51:16Z,N,7,sold,False,BFI IMAX N 7
2026-05-04T22:51:16Z,N,6,sold,False,BFI IMAX N 6
2026-05-04T22:51:16Z,N,5,sold,False,BFI IMAX N 5
2026-05-04T22:51:16Z,N,4,sold,False,BFI IMAX N 4
2026-05-04T22:51:16Z,N,3,sold,False,BFI IMAX N 3
2026-05-04T22:51:16Z,N,2,sold,False,BFI IMAX N 2
2026-05-04T22:51:16Z,N,1,sold,False,BFI IMAX N 1
2026-05-04T22:51:16Z,P,31,sold,False,BFI IMAX P 31
2026-05-04T22:51:16Z,A,9,unavailable,False,BFI IMAX A 9
2026-05-04T22:51:16Z,A,8,unavailable,False,BFI IMAX A 8
2026-05-04T22:51:16Z,P,26,unavailable,False,BFI IMAX P 26
2026-05-04T22:51:16Z,P,6,sold,False,BFI IMAX P 6
2026-05-04T22:51:16Z,A,7,unavailable,False,BFI IMAX A 7
2026-05-04T22:51:16Z,A,6,unavailable,False,BFI IMAX A 6
2026-05-04T22:51:16Z,P,1,sold,False,BFI IMAX P 1
2026-05-04T22:51:16Z,M,11,sold,False,BFI IMAX M 11
2026-05-04T22:51:16Z,M,10,sold,False,BFI IMAX M 10
2026-05-04T22:51:16Z,M,9,sold,False,BFI IMAX M 9
2026-05-04T22:51:16Z,L,9,sold,False,BFI IMAX L 9
2026-05-04T22:51:16Z,L,25,sold,False,BFI IMAX L 25
2026-05-04T22:51:16Z,L,24,sold,False,BFI IMAX L 24
2026-05-04T22:51:16Z,L,23,sold,False,BFI IMAX L 23
2026-05-04T22:51:16Z,L,22,sold,False,BFI IMAX L 22
2026-05-04T22:51:16Z,L,21,sold,False,BFI IMAX L 21
2026-05-04T22:51:16Z,L,20,sold,False,BFI IMAX L 20
2026-05-04T22:51:16Z,L,19,sold,False,BFI IMAX L 19
2026-05-04T22:51:16Z,L,18,sold,False,BFI IMAX L 18
2026-05-04T22:51:16Z,L,17,sold,False,BFI IMAX L 17
2026-05-04T22:51:16Z,L,16,sold,False,BFI IMAX L 16
2026-05-04T22:51:16Z,L,15,sold,False,BFI IMAX L 15
2026-05-04T22:51:16Z,L,14,sold,False,BFI IMAX L 14
2026-05-04T22:51:16Z,L,13,sold,False,BFI IMAX L 13
2026-05-04T22:51:16Z,L,12,sold,False,BFI IMAX L 12
2026-05-04T22:51:16Z,L,11,sold,False,BFI IMAX L 11
2026-05-04T22:51:16Z,N,26,unavailable,False,BFI IMAX N 26
2026-05-04T22:51:16Z,N,25,unavailable,False,BFI IMAX N 25
2026-05-04T22:51:16Z,N,24,unavailable,False,BFI IMAX N 24
2026-05-04T22:51:16Z,N,23,unavailable,False,BFI IMAX N 23
2026-05-04T22:51:16Z,N,22,sold,False,BFI IMAX N 22
2026-05-04T22:51:16Z,N,21,sold,False,BFI IMAX N 21
2026-05-04T22:51:16Z,N,20,sold,False,BFI IMAX N 20
2026-05-04T22:51:16Z,N,19,sold,False,BFI IMAX N 19
2026-05-04T22:51:16Z,N,18,sold,False,BFI IMAX N 18
2026-05-04T22:51:16Z,N,17,sold,False,BFI IMAX N 17
2026-05-04T22:51:16Z,N,16,sold,False,BFI IMAX N 16
2026-05-04T22:51:16Z,N,15,sold,False,BFI IMAX N 15
2026-05-04T22:51:16Z,N,14,sold,False,BFI IMAX N 14
2026-05-04T22:51:16Z,N,13,sold,False,BFI IMAX N 13
2026-05-04T22:51:16Z,N,12,unavailable,False,BFI IMAX N 12
2026-05-04T22:51:16Z,N,11,unavailable,False,BFI IMAX N 11
2026-05-04T22:51:16Z,N,10,unavailable,False,BFI IMAX N 10
2026-05-04T22:51:16Z,N,9,unavailable,False,BFI IMAX N 9
2026-05-04T22:51:16Z,L,10,sold,False,BFI IMAX L 10
2026-05-04T22:51:16Z,M,26,sold,False,BFI IMAX M 26
2026-05-04T22:51:16Z,M,25,sold,False,BFI IMAX M 25
2026-05-04T22:51:16Z,M,24,sold,False,BFI IMAX M 24
2026-05-04T22:51:16Z,M,23,sold,False,BFI IMAX M 23
2026-05-04T22:51:16Z,M,22,sold,False,BFI IMAX M 22
2026-05-04T22:51:16Z,M,21,sold,False,BFI IMAX M 21
2026-05-04T22:51:16Z,M,20,sold,False,BFI IMAX M 20
2026-05-04T22:51:16Z,M,19,sold,False,BFI IMAX M 19
2026-05-04T22:51:16Z,M,18,sold,False,BFI IMAX M 18
2026-05-04T22:51:16Z,M,17,sold,False,BFI IMAX M 17
2026-05-04T22:51:16Z,M,16,sold,False,BFI IMAX M 16
2026-05-04T22:51:16Z,M,15,sold,False,BFI IMAX M 15
2026-05-04T22:51:16Z,M,14,sold,False,BFI IMAX M 14
2026-05-04T22:51:16Z,M,13,sold,False,BFI IMAX M 13
2026-05-04T22:51:16Z,M,12,sold,False,BFI IMAX M 12
2026-05-04T22:51:16Z,P,30,sold,True,BFI IMAX P 30
2026-05-04T22:51:16Z,P,27,sold,True,BFI IMAX P 27
2026-05-04T22:51:16Z,P,2,sold,True,BFI IMAX P 2
2026-05-04T22:51:16Z,P,5,sold,True,BFI IMAX P 5
2026-05-04T22:51:16Z,P,19,sold,False,BFI IMAX P 19
2026-05-04T22:51:16Z,P,18,sold,False,BFI IMAX P 18
2026-05-04T22:51:16Z,P,17,sold,False,BFI IMAX P 17
2026-05-04T22:51:16Z,P,16,sold,False,BFI IMAX P 16
2026-05-04T22:51:16Z,P,15,sold,False,BFI IMAX P 15
2026-05-04T22:51:16Z,P,14,sold,False,BFI IMAX P 14
2026-05-04T22:51:16Z,P,13,sold,False,BFI IMAX P 13
2026-05-04T22:51:16Z,P,12,sold,False,BFI IMAX P 12
2026-05-04T22:51:16Z,P,11,sold,False,BFI IMAX P 11
2026-05-04T22:51:16Z,P,10,sold,False,BFI IMAX P 10
2026-05-04T22:51:16Z,P,9,sold,False,BFI IMAX P 9
2026-05-04T22:51:16Z,P,8,sold,False,BFI IMAX P 8
2026-05-04T22:51:16Z,P,7,sold,False,BFI IMAX P 7
2026-05-04T22:51:16Z,P,25,sold,False,BFI IMAX P 25
2026-05-04T22:51:16Z,P,24,sold,False,BFI IMAX P 24
2026-05-04T22:51:16Z,P,23,sold,False,BFI IMAX P 23
2026-05-04T22:51:16Z,P,22,sold,False,BFI IMAX P 22
2026-05-04T22:51:16Z,P,21,sold,False,BFI IMAX P 21
2026-05-04T22:51:16Z,P,20,sold,False,BFI IMAX P 20
2026-05-04T22:51:16Z,Q,18,sold,False,BFI IMAX Q 18
2026-05-04T22:51:16Z,Q,17,sold,False,BFI IMAX Q 17
2026-05-04T22:51:16Z,Q,16,sold,False,BFI IMAX Q 16
2026-05-04T22:51:16Z,Q,15,sold,False,BFI IMAX Q 15
2026-05-04T22:51:16Z,Q,14,sold,False,BFI IMAX Q 14
2026-05-04T22:51:16Z,Q,13,sold,False,BFI IMAX Q 13
2026-05-04T22:51:16Z,Q,12,sold,False,BFI IMAX Q 12
2026-05-04T22:51:16Z,Q,11,sold,False,BFI IMAX Q 11
2026-05-04T22:51:16Z,Q,10,sold,False,BFI IMAX Q 10
2026-05-04T22:51:16Z,Q,9,sold,False,BFI IMAX Q 9
2026-05-04T22:51:16Z,Q,8,sold,False,BFI IMAX Q 8
2026-05-04T22:51:16Z,Q,7,sold,False,BFI IMAX Q 7
2026-05-04T22:51:16Z,Q,6,sold,False,BFI IMAX Q 6
2026-05-04T22:51:16Z,Q,5,sold,False,BFI IMAX Q 5
2026-05-04T22:51:16Z,Q,4,sold,False,BFI IMAX Q 4
2026-05-04T22:51:16Z,Q,3,sold,False,BFI IMAX Q 3
2026-05-04T22:51:16Z,Q,2,sold,False,BFI IMAX Q 2
2026-05-04T22:51:16Z,Q,1,sold,False,BFI IMAX Q 1
2026-05-04T23:20:45Z,K,27,sold,False,BFI IMAX K 27
2026-05-04T23:20:45Z,K,26,sold,False,BFI IMAX K 26
2026-05-04T23:20:45Z,M,8,sold,False,BFI IMAX M 8
2026-05-04T23:20:45Z,M,7,sold,False,BFI IMAX M 7
2026-05-04T23:20:45Z,P,29,available,True,BFI IMAX P 29
2026-05-04T23:20:45Z,P,28,sold,True,BFI IMAX P 28
2026-05-04T23:20:45Z,P,4,available,True,BFI IMAX P 4
2026-05-04T23:20:45Z,P,3,available,True,BFI IMAX P 3
2026-05-04T23:20:45Z,A,5,unavailable,False,BFI IMAX A 5
2026-05-04T23:20:45Z,A,4,unavailable,False,BFI IMAX A 4
2026-05-04T23:20:45Z,A,3,unavailable,False,BFI IMAX A 3
2026-05-04T23:20:45Z,A,2,unavailable,False,BFI IMAX A 2
2026-05-04T23:20:45Z,A,1,unavailable,False,BFI IMAX A 1
2026-05-04T23:20:45Z,B,36,unavailable,False,BFI IMAX B 36
2026-05-04T23:20:45Z,B,35,unavailable,False,BFI IMAX B 35
2026-05-04T23:20:45Z,B,34,unavailable,False,BFI IMAX B 34
2026-05-04T23:20:45Z,B,33,unavailable,False,BFI IMAX B 33
2026-05-04T23:20:45Z,B,32,unavailable,False,BFI IMAX B 32
2026-05-04T23:20:45Z,B,31,unavailable,False,BFI IMAX B 31
2026-05-04T23:20:45Z,B,30,unavailable,False,BFI IMAX B 30
2026-05-04T23:20:45Z,B,29,unavailable,False,BFI IMAX B 29
2026-05-04T23:20:45Z,B,28,unavailable,False,BFI IMAX B 28
2026-05-04T23:20:45Z,B,27,unavailable,False,BFI IMAX B 27
2026-05-04T23:20:45Z,B,26,unavailable,False,BFI IMAX B 26
2026-05-04T23:20:45Z,B,25,unavailable,False,BFI IMAX B 25
2026-05-04T23:20:45Z,B,24,unavailable,False,BFI IMAX B 24
2026-05-04T23:20:45Z,B,23,unavailable,False,BFI IMAX B 23
2026-05-04T23:20:45Z,B,22,unavailable,False,BFI IMAX B 22
2026-05-04T23:20:45Z,B,21,sold,False,BFI IMAX B 21
2026-05-04T23:20:45Z,B,20,sold,False,BFI IMAX B 20
2026-05-04T23:20:45Z,B,19,sold,False,BFI IMAX B 19
2026-05-04T23:20:45Z,B,18,sold,False,BFI IMAX B 18
2026-05-04T23:20:45Z,B,17,sold,False,BFI IMAX B 17
2026-05-04T23:20:45Z,B,16,sold,False,BFI IMAX B 16
2026-05-04T23:20:45Z,B,15,sold,False,BFI IMAX B 15
2026-05-04T23:20:45Z,B,14,sold,False,BFI IMAX B 14
2026-05-04T23:20:45Z,B,13,unavailable,False,BFI IMAX B 13
2026-05-04T23:20:45Z,B,12,unavailable,False,BFI IMAX B 12
2026-05-04T23:20:45Z,B,11,unavailable,False,BFI IMAX B 11
2026-05-04T23:20:45Z,B,10,unavailable,False,BFI IMAX B 10
2026-05-04T23:20:45Z,B,9,unavailable,False,BFI IMAX B 9
2026-05-04T23:20:45Z,B,8,unavailable,False,BFI IMAX B 8
2026-05-04T23:20:45Z,B,7,unavailable,False,BFI IMAX B 7
2026-05-04T23:20:45Z,B,6,unavailable,False,BFI IMAX B 6
2026-05-04T23:20:45Z,B,5,unavailable,False,BFI IMAX B 5
2026-05-04T23:20:45Z,B,4,unavailable,False,BFI IMAX B 4
2026-05-04T23:20:45Z,B,3,unavailable,False,BFI IMAX B 3
2026-05-04T23:20:45Z,B,2,unavailable,False,BFI IMAX B 2
2026-05-04T23:20:45Z,B,1,unavailable,False,BFI IMAX B 1
2026-05-04T23:20:45Z,C,36,sold,False,BFI IMAX C 36
2026-05-04T23:20:45Z,C,35,sold,False,BFI IMAX C 35
2026-05-04T23:20:45Z,C,34,sold,False,BFI IMAX C 34
2026-05-04T23:20:45Z,C,33,sold,False,BFI IMAX C 33
2026-05-04T23:20:45Z,C,32,sold,False,BFI IMAX C 32
2026-05-04T23:20:45Z,C,31,sold,False,BFI IMAX C 31
2026-05-04T23:20:45Z,C,30,sold,False,BFI IMAX C 30
2026-05-04T23:20:45Z,C,29,sold,False,BFI IMAX C 29
2026-05-04T23:20:45Z,C,28,sold,False,BFI IMAX C 28
2026-05-04T23:20:45Z,C,27,sold,False,BFI IMAX C 27
2026-05-04T23:20:45Z,C,26,sold,False,BFI IMAX C 26
2026-05-04T23:20:45Z,C,25,unavailable,False,BFI IMAX C 25
2026-05-04T23:20:45Z,C,24,unavailable,False,BFI IMAX C 24
2026-05-04T23:20:45Z,C,23,unavailable,False,BFI IMAX C 23
2026-05-04T23:20:45Z,C,22,sold,False,BFI IMAX C 22
2026-05-04T23:20:45Z,C,21,sold,False,BFI IMAX C 21
2026-05-04T23:20:45Z,C,20,sold,False,BFI IMAX C 20
2026-05-04T23:20:45Z,C,19,sold,False,BFI IMAX C 19
2026-05-04T23:20:45Z,C,18,sold,False,BFI IMAX C 18
2026-05-04T23:20:45Z,C,17,sold,False,BFI IMAX C 17
2026-05-04T23:20:45Z,C,16,sold,False,BFI IMAX C 16
2026-05-04T23:20:45Z,C,15,sold,False,BFI IMAX C 15
2026-05-04T23:20:45Z,C,14,sold,False,BFI IMAX C 14
2026-05-04T23:20:45Z,C,13,sold,False,BFI IMAX C 13
2026-05-04T23:20:45Z,C,12,sold,False,BFI IMAX C 12
2026-05-04T23:20:45Z,C,11,sold,False,BFI IMAX C 11
2026-05-04T23:20:45Z,C,10,sold,False,BFI IMAX C 10
2026-05-04T23:20:45Z,C,9,sold,False,BFI IMAX C 9
2026-05-04T23:20:45Z,C,8,sold,False,BFI IMAX C 8
2026-05-04T23:20:45Z,C,7,sold,False,BFI IMAX C 7
2026-05-04T23:20:45Z,C,6,sold,False,BFI IMAX C 6
2026-05-04T23:20:45Z,C,5,sold,False,BFI IMAX C 5
2026-05-04T23:20:45Z,C,4,sold,False,BFI IMAX C 4
2026-05-04T23:20:45Z,C,3,sold,False,BFI IMAX C 3
2026-05-04T23:20:45Z,C,2,sold,False,BFI IMAX C 2
2026-05-04T23:20:45Z,C,1,sold,False,BFI IMAX C 1
2026-05-04T23:20:45Z,D,37,sold,False,BFI IMAX D 37
2026-05-04T23:20:45Z,D,36,sold,False,BFI IMAX D 36
2026-05-04T23:20:45Z,D,35,sold,False,BFI IMAX D 35
2026-05-04T23:20:45Z,D,34,sold,False,BFI IMAX D 34
2026-05-04T23:20:45Z,D,33,sold,False,BFI IMAX D 33
2026-05-04T23:20:45Z,D,32,sold,False,BFI IMAX D 32
2026-05-04T23:20:45Z,D,31,sold,False,BFI IMAX D 31
2026-05-04T23:20:45Z,D,30,sold,False,BFI IMAX D 30
2026-05-04T23:20:45Z,D,29,sold,False,BFI IMAX D 29
2026-05-04T23:20:45Z,D,28,sold,False,BFI IMAX D 28
2026-05-04T23:20:45Z,D,27,sold,False,BFI IMAX D 27
2026-05-04T23:20:45Z,D,26,sold,False,BFI IMAX D 26
2026-05-04T23:20:45Z,D,25,sold,False,BFI IMAX D 25
2026-05-04T23:20:45Z,D,24,sold,False,BFI IMAX D 24
2026-05-04T23:20:45Z,D,23,sold,False,BFI IMAX D 23
2026-05-04T23:20:45Z,D,22,sold,False,BFI IMAX D 22
2026-05-04T23:20:45Z,D,21,sold,False,BFI IMAX D 21
2026-05-04T23:20:45Z,D,20,sold,False,BFI IMAX D 20
2026-05-04T23:20:45Z,D,19,unavailable,False,BFI IMAX D 19
2026-05-04T23:20:45Z,D,18,unavailable,False,BFI IMAX D 18
2026-05-04T23:20:45Z,D,17,sold,False,BFI IMAX D 17
2026-05-04T23:20:45Z,D,16,sold,False,BFI IMAX D 16
2026-05-04T23:20:45Z,D,15,sold,False,BFI IMAX D 15
2026-05-04T23:20:45Z,D,14,sold,False,BFI IMAX D 14
2026-05-04T23:20:45Z,D,13,sold,False,BFI IMAX D 13
2026-05-04T23:20:45Z,D,12,sold,False,BFI IMAX D 12
2026-05-04T23:20:45Z,D,11,sold,False,BFI IMAX D 11
2026-05-04T23:20:45Z,D,10,sold,False,BFI IMAX D 10
2026-05-04T23:20:45Z,D,9,sold,False,BFI IMAX D 9
2026-05-04T23:20:45Z,D,8,sold,False,BFI IMAX D 8
2026-05-04T23:20:45Z,D,7,sold,False,BFI IMAX D 7
2026-05-04T23:20:45Z,D,6,sold,False,BFI IMAX D 6
2026-05-04T23:20:45Z,D,5,sold,False,BFI IMAX D 5
2026-05-04T23:20:45Z,D,4,sold,False,BFI IMAX D 4
2026-05-04T23:20:45Z,D,3,sold,False,BFI IMAX D 3
2026-05-04T23:20:45Z,D,2,sold,False,BFI IMAX D 2
2026-05-04T23:20:45Z,D,1,sold,False,BFI IMAX D 1
2026-05-04T23:20:45Z,E,37,sold,False,BFI IMAX E 37
2026-05-04T23:20:45Z,E,36,sold,False,BFI IMAX E 36
2026-05-04T23:20:45Z,E,35,sold,False,BFI IMAX E 35
2026-05-04T23:20:45Z,E,34,sold,False,BFI IMAX E 34
2026-05-04T23:20:45Z,E,33,sold,False,BFI IMAX E 33
2026-05-04T23:20:45Z,E,32,sold,False,BFI IMAX E 32
2026-05-04T23:20:45Z,E,31,sold,False,BFI IMAX E 31
2026-05-04T23:20:45Z,E,30,sold,False,BFI IMAX E 30
2026-05-04T23:20:45Z,E,29,sold,False,BFI IMAX E 29
2026-05-04T23:20:45Z,E,28,sold,False,BFI IMAX E 28
2026-05-04T23:20:45Z,E,27,sold,False,BFI IMAX E 27
2026-05-04T23:20:45Z,E,26,sold,False,BFI IMAX E 26
2026-05-04T23:20:45Z,E,25,sold,False,BFI IMAX E 25
2026-05-04T23:20:45Z,E,24,sold,False,BFI IMAX E 24
2026-05-04T23:20:45Z,E,23,sold,False,BFI IMAX E 23
2026-05-04T23:20:45Z,E,22,sold,False,BFI IMAX E 22
2026-05-04T23:20:45Z,E,21,sold,False,BFI IMAX E 21
2026-05-04T23:20:45Z,E,20,sold,False,BFI IMAX E 20
2026-05-04T23:20:45Z,E,19,sold,False,BFI IMAX E 19
2026-05-04T23:20:45Z,E,18,sold,False,BFI IMAX E 18
2026-05-04T23:20:45Z,E,17,sold,False,BFI IMAX E 17
2026-05-04T23:20:45Z,E,16,sold,False,BFI IMAX E 16
2026-05-04T23:20:45Z,E,15,sold,False,BFI IMAX E 15
2026-05-04T23:20:45Z,E,14,sold,False,BFI IMAX E 14
2026-05-04T23:20:45Z,E,13,sold,False,BFI IMAX E 13
2026-05-04T23:20:45Z,E,12,sold,False,BFI IMAX E 12
2026-05-04T23:20:45Z,E,11,sold,False,BFI IMAX E 11
2026-05-04T23:20:45Z,E,10,sold,False,BFI IMAX E 10
2026-05-04T23:20:45Z,E,9,sold,False,BFI IMAX E 9
2026-05-04T23:20:45Z,E,8,sold,False,BFI IMAX E 8
2026-05-04T23:20:45Z,E,7,sold,False,BFI IMAX E 7
2026-05-04T23:20:45Z,E,6,sold,False,BFI IMAX E 6
2026-05-04T23:20:45Z,E,5,sold,False,BFI IMAX E 5
2026-05-04T23:20:45Z,E,4,sold,False,BFI IMAX E 4
2026-05-04T23:20:45Z,E,3,sold,False,BFI IMAX E 3
2026-05-04T23:20:45Z,E,2,sold,False,BFI IMAX E 2
2026-05-04T23:20:45Z,E,1,sold,False,BFI IMAX E 1
2026-05-04T23:20:45Z,F,38,sold,False,BFI IMAX F 38
2026-05-04T23:20:45Z,F,37,sold,False,BFI IMAX F 37
2026-05-04T23:20:45Z,F,36,sold,False,BFI IMAX F 36
2026-05-04T23:20:45Z,F,35,sold,False,BFI IMAX F 35
2026-05-04T23:20:45Z,F,34,sold,False,BFI IMAX F 34
2026-05-04T23:20:45Z,F,33,sold,False,BFI IMAX F 33
2026-05-04T23:20:45Z,F,32,sold,False,BFI IMAX F 32
2026-05-04T23:20:45Z,F,31,sold,False,BFI IMAX F 31
2026-05-04T23:20:45Z,F,30,sold,False,BFI IMAX F 30
2026-05-04T23:20:45Z,F,29,sold,False,BFI IMAX F 29
2026-05-04T23:20:45Z,F,28,sold,False,BFI IMAX F 28
2026-05-04T23:20:45Z,F,27,sold,False,BFI IMAX F 27
2026-05-04T23:20:45Z,F,26,sold,False,BFI IMAX F 26
2026-05-04T23:20:45Z,F,25,sold,False,BFI IMAX F 25
2026-05-04T23:20:45Z,F,24,sold,False,BFI IMAX F 24
2026-05-04T23:20:45Z,F,23,sold,False,BFI IMAX F 23
2026-05-04T23:20:45Z,F,22,sold,False,BFI IMAX F 22
2026-05-04T23:20:45Z,F,21,sold,False,BFI IMAX F 21
2026-05-04T23:20:45Z,F,20,sold,False,BFI IMAX F 20
2026-05-04T23:20:45Z,F,19,sold,False,BFI IMAX F 19
2026-05-04T23:20:45Z,F,18,sold,False,BFI IMAX F 18
2026-05-04T23:20:45Z,F,17,sold,False,BFI IMAX F 17
2026-05-04T23:20:45Z,F,16,sold,False,BFI IMAX F 16
2026-05-04T23:20:45Z,F,15,sold,False,BFI IMAX F 15
2026-05-04T23:20:45Z,F,14,sold,False,BFI IMAX F 14
2026-05-04T23:20:45Z,F,13,sold,False,BFI IMAX F 13
2026-05-04T23:20:45Z,F,12,sold,False,BFI IMAX F 12
2026-05-04T23:20:45Z,F,11,sold,False,BFI IMAX F 11
2026-05-04T23:20:45Z,F,10,sold,False,BFI IMAX F 10
2026-05-04T23:20:45Z,F,9,sold,False,BFI IMAX F 9
2026-05-04T23:20:45Z,F,8,sold,False,BFI IMAX F 8
2026-05-04T23:20:45Z,F,7,sold,False,BFI IMAX F 7
2026-05-04T23:20:45Z,F,6,sold,False,BFI IMAX F 6
2026-05-04T23:20:45Z,F,5,sold,False,BFI IMAX F 5
2026-05-04T23:20:45Z,F,4,sold,False,BFI IMAX F 4
2026-05-04T23:20:45Z,F,3,sold,False,BFI IMAX F 3
2026-05-04T23:20:45Z,F,2,sold,False,BFI IMAX F 2
2026-05-04T23:20:45Z,F,1,sold,False,BFI IMAX F 1
2026-05-04T23:20:45Z,G,37,sold,False,BFI IMAX G 37
2026-05-04T23:20:45Z,G,36,sold,False,BFI IMAX G 36
2026-05-04T23:20:45Z,G,35,sold,False,BFI IMAX G 35
2026-05-04T23:20:45Z,G,34,sold,False,BFI IMAX G 34
2026-05-04T23:20:45Z,G,33,sold,False,BFI IMAX G 33
2026-05-04T23:20:45Z,G,32,sold,False,BFI IMAX G 32
2026-05-04T23:20:45Z,G,31,sold,False,BFI IMAX G 31
2026-05-04T23:20:45Z,G,30,sold,False,BFI IMAX G 30
2026-05-04T23:20:45Z,G,29,sold,False,BFI IMAX G 29
2026-05-04T23:20:45Z,G,28,sold,False,BFI IMAX G 28
2026-05-04T23:20:45Z,G,27,sold,False,BFI IMAX G 27
2026-05-04T23:20:45Z,G,26,sold,False,BFI IMAX G 26
2026-05-04T23:20:45Z,G,25,sold,False,BFI IMAX G 25
2026-05-04T23:20:45Z,G,24,sold,False,BFI IMAX G 24
2026-05-04T23:20:45Z,G,23,sold,False,BFI IMAX G 23
2026-05-04T23:20:45Z,G,22,sold,False,BFI IMAX G 22
2026-05-04T23:20:45Z,G,21,sold,False,BFI IMAX G 21
2026-05-04T23:20:45Z,G,20,sold,False,BFI IMAX G 20
2026-05-04T23:20:45Z,G,19,sold,False,BFI IMAX G 19
2026-05-04T23:20:45Z,G,18,sold,False,BFI IMAX G 18
2026-05-04T23:20:45Z,G,17,sold,False,BFI IMAX G 17
2026-05-04T23:20:45Z,G,16,sold,False,BFI IMAX G 16
2026-05-04T23:20:45Z,G,15,sold,False,BFI IMAX G 15
2026-05-04T23:20:45Z,G,14,sold,False,BFI IMAX G 14
2026-05-04T23:20:45Z,G,13,sold,False,BFI IMAX G 13
2026-05-04T23:20:45Z,G,12,sold,False,BFI IMAX G 12
2026-05-04T23:20:45Z,G,11,sold,False,BFI IMAX G 11
2026-05-04T23:20:45Z,G,10,sold,False,BFI IMAX G 10
2026-05-04T23:20:45Z,G,9,sold,False,BFI IMAX G 9
2026-05-04T23:20:45Z,G,8,sold,False,BFI IMAX G 8
2026-05-04T23:20:45Z,G,7,sold,False,BFI IMAX G 7
2026-05-04T23:20:45Z,G,6,sold,False,BFI IMAX G 6
2026-05-04T23:20:45Z,G,5,sold,False,BFI IMAX G 5
2026-05-04T23:20:45Z,G,4,sold,False,BFI IMAX G 4
2026-05-04T23:20:45Z,G,3,sold,False,BFI IMAX G 3
2026-05-04T23:20:45Z,G,2,sold,False,BFI IMAX G 2
2026-05-04T23:20:45Z,G,1,sold,False,BFI IMAX G 1
2026-05-04T23:20:45Z,H,37,sold,False,BFI IMAX H 37
2026-05-04T23:20:45Z,H,36,sold,False,BFI IMAX H 36
2026-05-04T23:20:45Z,H,35,sold,False,BFI IMAX H 35
2026-05-04T23:20:45Z,H,34,sold,False,BFI IMAX H 34
2026-05-04T23:20:45Z,H,33,sold,False,BFI IMAX H 33
2026-05-04T23:20:45Z,H,32,sold,False,BFI IMAX H 32
2026-05-04T23:20:45Z,H,31,sold,False,BFI IMAX H 31
2026-05-04T23:20:45Z,H,30,sold,False,BFI IMAX H 30
2026-05-04T23:20:45Z,H,29,sold,False,BFI IMAX H 29
2026-05-04T23:20:45Z,H,28,sold,False,BFI IMAX H 28
2026-05-04T23:20:45Z,H,27,unavailable,False,BFI IMAX H 27
2026-05-04T23:20:45Z,H,26,unavailable,False,BFI IMAX H 26
2026-05-04T23:20:45Z,H,25,unavailable,False,BFI IMAX H 25
2026-05-04T23:20:45Z,H,24,unavailable,False,BFI IMAX H 24
2026-05-04T23:20:45Z,H,23,unavailable,False,BFI IMAX H 23
2026-05-04T23:20:45Z,H,22,unavailable,False,BFI IMAX H 22
2026-05-04T23:20:45Z,H,21,unavailable,False,BFI IMAX H 21
2026-05-04T23:20:45Z,H,20,unavailable,False,BFI IMAX H 20
2026-05-04T23:20:45Z,H,19,sold,False,BFI IMAX H 19
2026-05-04T23:20:45Z,H,18,sold,False,BFI IMAX H 18
2026-05-04T23:20:45Z,H,17,sold,False,BFI IMAX H 17
2026-05-04T23:20:45Z,H,16,sold,False,BFI IMAX H 16
2026-05-04T23:20:45Z,H,15,sold,False,BFI IMAX H 15
2026-05-04T23:20:45Z,H,14,sold,False,BFI IMAX H 14
2026-05-04T23:20:45Z,H,13,sold,False,BFI IMAX H 13
2026-05-04T23:20:45Z,H,12,sold,False,BFI IMAX H 12
2026-05-04T23:20:45Z,H,11,sold,False,BFI IMAX H 11
2026-05-04T23:20:45Z,H,10,sold,False,BFI IMAX H 10
2026-05-04T23:20:45Z,H,9,sold,False,BFI IMAX H 9
2026-05-04T23:20:45Z,H,8,sold,False,BFI IMAX H 8
2026-05-04T23:20:45Z,H,7,sold,False,BFI IMAX H 7
2026-05-04T23:20:45Z,H,6,sold,False,BFI IMAX H 6
2026-05-04T23:20:45Z,H,5,sold,False,BFI IMAX H 5
2026-05-04T23:20:45Z,H,4,sold,False,BFI IMAX H 4
2026-05-04T23:20:45Z,H,3,sold,False,BFI IMAX H 3
2026-05-04T23:20:45Z,H,2,sold,False,BFI IMAX H 2
2026-05-04T23:20:45Z,H,1,sold,False,BFI IMAX H 1
2026-05-04T23:20:45Z,J,36,sold,False,BFI IMAX J 36
2026-05-04T23:20:45Z,J,35,sold,False,BFI IMAX J 35
2026-05-04T23:20:45Z,J,34,sold,False,BFI IMAX J 34
2026-05-04T23:20:45Z,J,33,sold,False,BFI IMAX J 33
2026-05-04T23:20:45Z,J,32,sold,False,BFI IMAX J 32
2026-05-04T23:20:45Z,J,31,sold,False,BFI IMAX J 31
2026-05-04T23:20:45Z,J,30,sold,False,BFI IMAX J 30
2026-05-04T23:20:45Z,J,29,sold,False,BFI IMAX J 29
2026-05-04T23:20:45Z,J,28,sold,False,BFI IMAX J 28
2026-05-04T23:20:45Z,J,27,sold,False,BFI IMAX J 27
2026-05-04T23:20:45Z,J,26,sold,False,BFI IMAX J 26
2026-05-04T23:20:45Z,J,25,sold,False,BFI IMAX J 25
2026-05-04T23:20:45Z,J,24,sold,False,BFI IMAX J 24
2026-05-04T23:20:45Z,J,23,sold,False,BFI IMAX J 23
2026-05-04T23:20:45Z,J,22,sold,False,BFI IMAX J 22
2026-05-04T23:20:45Z,J,21,sold,False,BFI IMAX J 21
2026-05-04T23:20:45Z,J,20,sold,False,BFI IMAX J 20
2026-05-04T23:20:45Z,J,19,unavailable,False,BFI IMAX J 19
2026-05-04T23:20:45Z,J,18,unavailable,False,BFI IMAX J 18
2026-05-04T23:20:45Z,J,17,unavailable,False,BFI IMAX J 17
2026-05-04T23:20:45Z,J,16,unavailable,False,BFI IMAX J 16
2026-05-04T23:20:45Z,J,15,unavailable,False,BFI IMAX J 15
2026-05-04T23:20:45Z,J,14,unavailable,False,BFI IMAX J 14
2026-05-04T23:20:45Z,J,13,unavailable,False,BFI IMAX J 13
2026-05-04T23:20:45Z,J,12,unavailable,False,BFI IMAX J 12
2026-05-04T23:20:45Z,J,11,unavailable,False,BFI IMAX J 11
2026-05-04T23:20:45Z,J,10,unavailable,False,BFI IMAX J 10
2026-05-04T23:20:45Z,J,9,sold,False,BFI IMAX J 9
2026-05-04T23:20:45Z,J,8,sold,False,BFI IMAX J 8
2026-05-04T23:20:45Z,J,7,sold,False,BFI IMAX J 7
2026-05-04T23:20:45Z,J,6,sold,False,BFI IMAX J 6
2026-05-04T23:20:45Z,J,5,sold,False,BFI IMAX J 5
2026-05-04T23:20:45Z,J,4,sold,False,BFI IMAX J 4
2026-05-04T23:20:45Z,J,3,sold,False,BFI IMAX J 3
2026-05-04T23:20:45Z,J,2,sold,False,BFI IMAX J 2
2026-05-04T23:20:45Z,J,1,sold,False,BFI IMAX J 1
2026-05-04T23:20:45Z,K,36,sold,False,BFI IMAX K 36
2026-05-04T23:20:45Z,K,35,sold,False,BFI IMAX K 35
2026-05-04T23:20:45Z,K,34,sold,False,BFI IMAX K 34
2026-05-04T23:20:45Z,K,33,sold,False,BFI IMAX K 33
2026-05-04T23:20:45Z,K,32,sold,False,BFI IMAX K 32
2026-05-04T23:20:45Z,K,31,sold,False,BFI IMAX K 31
2026-05-04T23:20:45Z,K,30,sold,False,BFI IMAX K 30
2026-05-04T23:20:45Z,K,29,sold,False,BFI IMAX K 29
2026-05-04T23:20:45Z,K,28,sold,False,BFI IMAX K 28
2026-05-04T23:20:45Z,A,13,unavailable,False,BFI IMAX A 13
2026-05-04T23:20:45Z,A,12,unavailable,False,BFI IMAX A 12
2026-05-04T23:20:45Z,K,25,sold,False,BFI IMAX K 25
2026-05-04T23:20:45Z,K,24,sold,False,BFI IMAX K 24
2026-05-04T23:20:45Z,K,23,sold,False,BFI IMAX K 23
2026-05-04T23:20:45Z,K,22,sold,False,BFI IMAX K 22
2026-05-04T23:20:45Z,K,21,sold,False,BFI IMAX K 21
2026-05-04T23:20:45Z,K,20,sold,False,BFI IMAX K 20
2026-05-04T23:20:45Z,K,19,unavailable,False,BFI IMAX K 19
2026-05-04T23:20:45Z,K,18,unavailable,False,BFI IMAX K 18
2026-05-04T23:20:45Z,K,17,unavailable,False,BFI IMAX K 17
2026-05-04T23:20:45Z,K,16,unavailable,False,BFI IMAX K 16
2026-05-04T23:20:45Z,K,15,unavailable,False,BFI IMAX K 15
2026-05-04T23:20:45Z,K,14,unavailable,False,BFI IMAX K 14
2026-05-04T23:20:45Z,K,13,unavailable,False,BFI IMAX K 13
2026-05-04T23:20:45Z,K,12,unavailable,False,BFI IMAX K 12
2026-05-04T23:20:45Z,K,11,unavailable,False,BFI IMAX K 11
2026-05-04T23:20:45Z,K,10,unavailable,False,BFI IMAX K 10
2026-05-04T23:20:45Z,K,9,sold,False,BFI IMAX K 9
2026-05-04T23:20:45Z,K,8,sold,False,BFI IMAX K 8
2026-05-04T23:20:45Z,K,7,sold,False,BFI IMAX K 7
2026-05-04T23:20:45Z,K,6,sold,False,BFI IMAX K 6
2026-05-04T23:20:45Z,K,5,sold,False,BFI IMAX K 5
2026-05-04T23:20:45Z,K,4,sold,False,BFI IMAX K 4
2026-05-04T23:20:45Z,K,3,sold,False,BFI IMAX K 3
2026-05-04T23:20:45Z,K,2,sold,False,BFI IMAX K 2
2026-05-04T23:20:45Z,K,1,sold,False,BFI IMAX K 1
2026-05-04T23:20:45Z,L,33,sold,False,BFI IMAX L 33
2026-05-04T23:20:45Z,L,32,sold,False,BFI IMAX L 32
2026-05-04T23:20:45Z,L,31,sold,False,BFI IMAX L 31
2026-05-04T23:20:45Z,L,30,sold,False,BFI IMAX L 30
2026-05-04T23:20:45Z,L,29,sold,False,BFI IMAX L 29
2026-05-04T23:20:45Z,L,28,sold,False,BFI IMAX L 28
2026-05-04T23:20:45Z,L,27,sold,False,BFI IMAX L 27
2026-05-04T23:20:45Z,L,26,sold,False,BFI IMAX L 26
2026-05-04T23:20:45Z,L,8,sold,False,BFI IMAX L 8
2026-05-04T23:20:45Z,L,7,sold,False,BFI IMAX L 7
2026-05-04T23:20:45Z,L,6,sold,False,BFI IMAX L 6
2026-05-04T23:20:45Z,L,5,sold,False,BFI IMAX L 5
2026-05-04T23:20:45Z,L,4,sold,False,BFI IMAX L 4
2026-05-04T23:20:45Z,L,3,sold,False,BFI IMAX L 3
2026-05-04T23:20:45Z,L,2,sold,False,BFI IMAX L 2
2026-05-04T23:20:45Z,L,1,sold,False,BFI IMAX L 1
2026-05-04T23:20:45Z,M,34,sold,False,BFI IMAX M 34
2026-05-04T23:20:45Z,M,33,sold,False,BFI IMAX M 33
2026-05-04T23:20:45Z,M,32,sold,False,BFI IMAX M 32
2026-05-04T23:20:45Z,M,31,sold,False,BFI IMAX M 31
2026-05-04T23:20:45Z,M,30,sold,False,BFI IMAX M 30
2026-05-04T23:20:45Z,M,29,sold,False,BFI IMAX M 29
2026-05-04T23:20:45Z,M,28,sold,False,BFI IMAX M 28
2026-05-04T23:20:45Z,M,27,sold,False,BFI IMAX M 27
2026-05-04T23:20:45Z,A,11,unavailable,False,BFI IMAX A 11
2026-05-04T23:20:45Z,A,10,unavailable,False,BFI IMAX A 10
2026-05-04T23:20:45Z,M,6,sold,False,BFI IMAX M 6
2026-05-04T23:20:45Z,M,5,sold,False,BFI IMAX M 5
2026-05-04T23:20:45Z,M,4,sold,False,BFI IMAX M 4
2026-05-04T23:20:45Z,M,3,sold,False,BFI IMAX M 3
2026-05-04T23:20:45Z,M,2,sold,False,BFI IMAX M 2
2026-05-04T23:20:45Z,M,1,sold,False,BFI IMAX M 1
2026-05-04T23:20:45Z,N,34,unavailable,False,BFI IMAX N 34
2026-05-04T23:20:45Z,N,33,unavailable,False,BFI IMAX N 33
2026-05-04T23:20:45Z,N,32,unavailable,False,BFI IMAX N 32
2026-05-04T23:20:45Z,N,31,unavailable,False,BFI IMAX N 31
2026-05-04T23:20:45Z,N,30,unavailable,False,BFI IMAX N 30
2026-05-04T23:20:45Z,N,29,unavailable,False,BFI IMAX N 29
2026-05-04T23:20:45Z,N,28,sold,False,BFI IMAX N 28
2026-05-04T23:20:45Z,N,27,sold,False,BFI IMAX N 27
2026-05-04T23:20:45Z,N,8,sold,False,BFI IMAX N 8
2026-05-04T23:20:45Z,N,7,sold,False,BFI IMAX N 7
2026-05-04T23:20:45Z,N,6,sold,False,BFI IMAX N 6
2026-05-04T23:20:45Z,N,5,sold,False,BFI IMAX N 5
2026-05-04T23:20:45Z,N,4,sold,False,BFI IMAX N 4
2026-05-04T23:20:45Z,N,3,sold,False,BFI IMAX N 3
2026-05-04T23:20:45Z,N,2,sold,False,BFI IMAX N 2
2026-05-04T23:20:45Z,N,1,sold,False,BFI IMAX N 1
2026-05-04T23:20:45Z,P,31,sold,False,BFI IMAX P 31
2026-05-04T23:20:45Z,A,9,unavailable,False,BFI IMAX A 9
2026-05-04T23:20:45Z,A,8,unavailable,False,BFI IMAX A 8
2026-05-04T23:20:45Z,P,26,unavailable,False,BFI IMAX P 26
2026-05-04T23:20:45Z,P,6,sold,False,BFI IMAX P 6
2026-05-04T23:20:45Z,A,7,unavailable,False,BFI IMAX A 7
2026-05-04T23:20:45Z,A,6,unavailable,False,BFI IMAX A 6
2026-05-04T23:20:45Z,P,1,sold,False,BFI IMAX P 1
2026-05-04T23:20:45Z,M,11,sold,False,BFI IMAX M 11
2026-05-04T23:20:45Z,M,10,sold,False,BFI IMAX M 10
2026-05-04T23:20:45Z,M,9,sold,False,BFI IMAX M 9
2026-05-04T23:20:45Z,L,9,sold,False,BFI IMAX L 9
2026-05-04T23:20:45Z,L,25,sold,False,BFI IMAX L 25
2026-05-04T23:20:45Z,L,24,sold,False,BFI IMAX L 24
2026-05-04T23:20:45Z,L,23,sold,False,BFI IMAX L 23
2026-05-04T23:20:45Z,L,22,sold,False,BFI IMAX L 22
2026-05-04T23:20:45Z,L,21,sold,False,BFI IMAX L 21
2026-05-04T23:20:45Z,L,20,sold,False,BFI IMAX L 20
2026-05-04T23:20:45Z,L,19,sold,False,BFI IMAX L 19
2026-05-04T23:20:45Z,L,18,sold,False,BFI IMAX L 18
2026-05-04T23:20:45Z,L,17,sold,False,BFI IMAX L 17
2026-05-04T23:20:45Z,L,16,sold,False,BFI IMAX L 16
2026-05-04T23:20:45Z,L,15,sold,False,BFI IMAX L 15
2026-05-04T23:20:45Z,L,14,sold,False,BFI IMAX L 14
2026-05-04T23:20:45Z,L,13,sold,False,BFI IMAX L 13
2026-05-04T23:20:45Z,L,12,sold,False,BFI IMAX L 12
2026-05-04T23:20:45Z,L,11,sold,False,BFI IMAX L 11
2026-05-04T23:20:45Z,N,26,unavailable,False,BFI IMAX N 26
2026-05-04T23:20:45Z,N,25,unavailable,False,BFI IMAX N 25
2026-05-04T23:20:45Z,N,24,unavailable,False,BFI IMAX N 24
2026-05-04T23:20:45Z,N,23,unavailable,False,BFI IMAX N 23
2026-05-04T23:20:45Z,N,22,sold,False,BFI IMAX N 22
2026-05-04T23:20:45Z,N,21,sold,False,BFI IMAX N 21
2026-05-04T23:20:45Z,N,20,sold,False,BFI IMAX N 20
2026-05-04T23:20:45Z,N,19,sold,False,BFI IMAX N 19
2026-05-04T23:20:45Z,N,18,sold,False,BFI IMAX N 18
2026-05-04T23:20:45Z,N,17,sold,False,BFI IMAX N 17
2026-05-04T23:20:45Z,N,16,sold,False,BFI IMAX N 16
2026-05-04T23:20:45Z,N,15,sold,False,BFI IMAX N 15
2026-05-04T23:20:45Z,N,14,sold,False,BFI IMAX N 14
2026-05-04T23:20:45Z,N,13,sold,False,BFI IMAX N 13
2026-05-04T23:20:45Z,N,12,unavailable,False,BFI IMAX N 12
2026-05-04T23:20:45Z,N,11,unavailable,False,BFI IMAX N 11
2026-05-04T23:20:45Z,N,10,unavailable,False,BFI IMAX N 10
2026-05-04T23:20:45Z,N,9,unavailable,False,BFI IMAX N 9
2026-05-04T23:20:45Z,L,10,sold,False,BFI IMAX L 10
2026-05-04T23:20:45Z,M,26,sold,False,BFI IMAX M 26
2026-05-04T23:20:45Z,M,25,sold,False,BFI IMAX M 25
2026-05-04T23:20:45Z,M,24,sold,False,BFI IMAX M 24
2026-05-04T23:20:45Z,M,23,sold,False,BFI IMAX M 23
2026-05-04T23:20:45Z,M,22,sold,False,BFI IMAX M 22
2026-05-04T23:20:45Z,M,21,sold,False,BFI IMAX M 21
2026-05-04T23:20:45Z,M,20,sold,False,BFI IMAX M 20
2026-05-04T23:20:45Z,M,19,sold,False,BFI IMAX M 19
2026-05-04T23:20:45Z,M,18,sold,False,BFI IMAX M 18
2026-05-04T23:20:45Z,M,17,sold,False,BFI IMAX M 17
2026-05-04T23:20:45Z,M,16,sold,False,BFI IMAX M 16
2026-05-04T23:20:45Z,M,15,sold,False,BFI IMAX M 15
2026-05-04T23:20:45Z,M,14,sold,False,BFI IMAX M 14
2026-05-04T23:20:45Z,M,13,sold,False,BFI IMAX M 13
2026-05-04T23:20:45Z,M,12,sold,False,BFI IMAX M 12
2026-05-04T23:20:45Z,P,30,sold,True,BFI IMAX P 30
2026-05-04T23:20:45Z,P,27,sold,True,BFI IMAX P 27
2026-05-04T23:20:45Z,P,2,sold,True,BFI IMAX P 2
2026-05-04T23:20:45Z,P,5,sold,True,BFI IMAX P 5
2026-05-04T23:20:45Z,P,19,sold,False,BFI IMAX P 19
2026-05-04T23:20:45Z,P,18,sold,False,BFI IMAX P 18
2026-05-04T23:20:45Z,P,17,sold,False,BFI IMAX P 17
2026-05-04T23:20:45Z,P,16,sold,False,BFI IMAX P 16
2026-05-04T23:20:45Z,P,15,sold,False,BFI IMAX P 15
2026-05-04T23:20:45Z,P,14,sold,False,BFI IMAX P 14
2026-05-04T23:20:45Z,P,13,sold,False,BFI IMAX P 13
2026-05-04T23:20:45Z,P,12,sold,False,BFI IMAX P 12
2026-05-04T23:20:45Z,P,11,sold,False,BFI IMAX P 11
2026-05-04T23:20:45Z,P,10,sold,False,BFI IMAX P 10
2026-05-04T23:20:45Z,P,9,sold,False,BFI IMAX P 9
2026-05-04T23:20:45Z,P,8,sold,False,BFI IMAX P 8
2026-05-04T23:20:45Z,P,7,sold,False,BFI IMAX P 7
2026-05-04T23:20:45Z,P,25,sold,False,BFI IMAX P 25
2026-05-04T23:20:45Z,P,24,sold,False,BFI IMAX P 24
2026-05-04T23:20:45Z,P,23,sold,False,BFI IMAX P 23
2026-05-04T23:20:45Z,P,22,sold,False,BFI IMAX P 22
2026-05-04T23:20:45Z,P,21,sold,False,BFI IMAX P 21
2026-05-04T23:20:45Z,P,20,sold,False,BFI IMAX P 20
2026-05-04T23:20:45Z,Q,18,sold,False,BFI IMAX Q 18
2026-05-04T23:20:45Z,Q,17,sold,False,BFI IMAX Q 17
2026-05-04T23:20:45Z,Q,16,sold,False,BFI IMAX Q 16
2026-05-04T23:20:45Z,Q,15,sold,False,BFI IMAX Q 15
2026-05-04T23:20:45Z,Q,14,sold,False,BFI IMAX Q 14
2026-05-04T23:20:45Z,Q,13,sold,False,BFI IMAX Q 13
2026-05-04T23:20:45Z,Q,12,sold,False,BFI IMAX Q 12
2026-05-04T23:20:45Z,Q,11,sold,False,BFI IMAX Q 11
2026-05-04T23:20:45Z,Q,10,sold,False,BFI IMAX Q 10
2026-05-04T23:20:45Z,Q,9,sold,False,BFI IMAX Q 9
2026-05-04T23:20:45Z,Q,8,sold,False,BFI IMAX Q 8
2026-05-04T23:20:45Z,Q,7,sold,False,BFI IMAX Q 7
2026-05-04T23:20:45Z,Q,6,sold,False,BFI IMAX Q 6
2026-05-04T23:20:45Z,Q,5,sold,False,BFI IMAX Q 5
2026-05-04T23:20:45Z,Q,4,sold,False,BFI IMAX Q 4
2026-05-04T23:20:45Z,Q,3,sold,False,BFI IMAX Q 3
2026-05-04T23:20:45Z,Q,2,sold,False,BFI IMAX Q 2
2026-05-04T23:20:45Z,Q,1,sold,False,BFI IMAX Q 1
2026-05-04T23:50:43Z,K,27,sold,False,BFI IMAX K 27
2026-05-04T23:50:43Z,K,26,sold,False,BFI IMAX K 26
2026-05-04T23:50:43Z,M,8,sold,False,BFI IMAX M 8
2026-05-04T23:50:43Z,M,7,sold,False,BFI IMAX M 7
2026-05-04T23:50:43Z,P,29,available,True,BFI IMAX P 29
2026-05-04T23:50:43Z,P,28,sold,True,BFI IMAX P 28
2026-05-04T23:50:43Z,P,4,available,True,BFI IMAX P 4
2026-05-04T23:50:43Z,P,3,available,True,BFI IMAX P 3
2026-05-04T23:50:43Z,A,5,unavailable,False,BFI IMAX A 5
2026-05-04T23:50:43Z,A,4,unavailable,False,BFI IMAX A 4
2026-05-04T23:50:43Z,A,3,unavailable,False,BFI IMAX A 3
2026-05-04T23:50:43Z,A,2,unavailable,False,BFI IMAX A 2
2026-05-04T23:50:43Z,A,1,unavailable,False,BFI IMAX A 1
2026-05-04T23:50:43Z,B,36,unavailable,False,BFI IMAX B 36
2026-05-04T23:50:43Z,B,35,unavailable,False,BFI IMAX B 35
2026-05-04T23:50:43Z,B,34,unavailable,False,BFI IMAX B 34
2026-05-04T23:50:43Z,B,33,unavailable,False,BFI IMAX B 33
2026-05-04T23:50:43Z,B,32,unavailable,False,BFI IMAX B 32
2026-05-04T23:50:43Z,B,31,unavailable,False,BFI IMAX B 31
2026-05-04T23:50:43Z,B,30,unavailable,False,BFI IMAX B 30
2026-05-04T23:50:43Z,B,29,unavailable,False,BFI IMAX B 29
2026-05-04T23:50:43Z,B,28,unavailable,False,BFI IMAX B 28
2026-05-04T23:50:43Z,B,27,unavailable,False,BFI IMAX B 27
2026-05-04T23:50:43Z,B,26,unavailable,False,BFI IMAX B 26
2026-05-04T23:50:43Z,B,25,unavailable,False,BFI IMAX B 25
2026-05-04T23:50:43Z,B,24,unavailable,False,BFI IMAX B 24
2026-05-04T23:50:43Z,B,23,unavailable,False,BFI IMAX B 23
2026-05-04T23:50:43Z,B,22,unavailable,False,BFI IMAX B 22
2026-05-04T23:50:43Z,B,21,sold,False,BFI IMAX B 21
2026-05-04T23:50:43Z,B,20,sold,False,BFI IMAX B 20
2026-05-04T23:50:43Z,B,19,sold,False,BFI IMAX B 19
2026-05-04T23:50:43Z,B,18,sold,False,BFI IMAX B 18
2026-05-04T23:50:43Z,B,17,sold,False,BFI IMAX B 17
2026-05-04T23:50:43Z,B,16,sold,False,BFI IMAX B 16
2026-05-04T23:50:43Z,B,15,sold,False,BFI IMAX B 15
2026-05-04T23:50:43Z,B,14,sold,False,BFI IMAX B 14
2026-05-04T23:50:43Z,B,13,unavailable,False,BFI IMAX B 13
2026-05-04T23:50:43Z,B,12,unavailable,False,BFI IMAX B 12
2026-05-04T23:50:43Z,B,11,unavailable,False,BFI IMAX B 11
2026-05-04T23:50:43Z,B,10,unavailable,False,BFI IMAX B 10
2026-05-04T23:50:43Z,B,9,unavailable,False,BFI IMAX B 9
2026-05-04T23:50:43Z,B,8,unavailable,False,BFI IMAX B 8
2026-05-04T23:50:43Z,B,7,unavailable,False,BFI IMAX B 7
2026-05-04T23:50:43Z,B,6,unavailable,False,BFI IMAX B 6
2026-05-04T23:50:43Z,B,5,unavailable,False,BFI IMAX B 5
2026-05-04T23:50:43Z,B,4,unavailable,False,BFI IMAX B 4
2026-05-04T23:50:43Z,B,3,unavailable,False,BFI IMAX B 3
2026-05-04T23:50:43Z,B,2,unavailable,False,BFI IMAX B 2
2026-05-04T23:50:43Z,B,1,unavailable,False,BFI IMAX B 1
2026-05-04T23:50:43Z,C,36,sold,False,BFI IMAX C 36
2026-05-04T23:50:43Z,C,35,sold,False,BFI IMAX C 35
2026-05-04T23:50:43Z,C,34,sold,False,BFI IMAX C 34
2026-05-04T23:50:43Z,C,33,sold,False,BFI IMAX C 33
2026-05-04T23:50:43Z,C,32,sold,False,BFI IMAX C 32
2026-05-04T23:50:43Z,C,31,sold,False,BFI IMAX C 31
2026-05-04T23:50:43Z,C,30,sold,False,BFI IMAX C 30
2026-05-04T23:50:43Z,C,29,sold,False,BFI IMAX C 29
2026-05-04T23:50:43Z,C,28,sold,False,BFI IMAX C 28
2026-05-04T23:50:43Z,C,27,sold,False,BFI IMAX C 27
2026-05-04T23:50:43Z,C,26,sold,False,BFI IMAX C 26
2026-05-04T23:50:43Z,C,25,unavailable,False,BFI IMAX C 25
2026-05-04T23:50:43Z,C,24,unavailable,False,BFI IMAX C 24
2026-05-04T23:50:43Z,C,23,unavailable,False,BFI IMAX C 23
2026-05-04T23:50:43Z,C,22,sold,False,BFI IMAX C 22
2026-05-04T23:50:43Z,C,21,sold,False,BFI IMAX C 21
2026-05-04T23:50:43Z,C,20,sold,False,BFI IMAX C 20
2026-05-04T23:50:43Z,C,19,sold,False,BFI IMAX C 19
2026-05-04T23:50:43Z,C,18,sold,False,BFI IMAX C 18
2026-05-04T23:50:43Z,C,17,sold,False,BFI IMAX C 17
2026-05-04T23:50:43Z,C,16,sold,False,BFI IMAX C 16
2026-05-04T23:50:43Z,C,15,sold,False,BFI IMAX C 15
2026-05-04T23:50:43Z,C,14,sold,False,BFI IMAX C 14
2026-05-04T23:50:43Z,C,13,sold,False,BFI IMAX C 13
2026-05-04T23:50:43Z,C,12,sold,False,BFI IMAX C 12
2026-05-04T23:50:43Z,C,11,sold,False,BFI IMAX C 11
2026-05-04T23:50:43Z,C,10,sold,False,BFI IMAX C 10
2026-05-04T23:50:43Z,C,9,sold,False,BFI IMAX C 9
2026-05-04T23:50:43Z,C,8,sold,False,BFI IMAX C 8
2026-05-04T23:50:43Z,C,7,sold,False,BFI IMAX C 7
2026-05-04T23:50:43Z,C,6,sold,False,BFI IMAX C 6
2026-05-04T23:50:43Z,C,5,sold,False,BFI IMAX C 5
2026-05-04T23:50:43Z,C,4,sold,False,BFI IMAX C 4
2026-05-04T23:50:43Z,C,3,sold,False,BFI IMAX C 3
2026-05-04T23:50:43Z,C,2,sold,False,BFI IMAX C 2
2026-05-04T23:50:43Z,C,1,sold,False,BFI IMAX C 1
2026-05-04T23:50:43Z,D,37,sold,False,BFI IMAX D 37
2026-05-04T23:50:43Z,D,36,sold,False,BFI IMAX D 36
2026-05-04T23:50:43Z,D,35,sold,False,BFI IMAX D 35
2026-05-04T23:50:43Z,D,34,sold,False,BFI IMAX D 34
2026-05-04T23:50:43Z,D,33,sold,False,BFI IMAX D 33
2026-05-04T23:50:43Z,D,32,sold,False,BFI IMAX D 32
2026-05-04T23:50:43Z,D,31,sold,False,BFI IMAX D 31
2026-05-04T23:50:43Z,D,30,sold,False,BFI IMAX D 30
2026-05-04T23:50:43Z,D,29,sold,False,BFI IMAX D 29
2026-05-04T23:50:43Z,D,28,sold,False,BFI IMAX D 28
2026-05-04T23:50:43Z,D,27,sold,False,BFI IMAX D 27
2026-05-04T23:50:43Z,D,26,sold,False,BFI IMAX D 26
2026-05-04T23:50:43Z,D,25,sold,False,BFI IMAX D 25
2026-05-04T23:50:43Z,D,24,sold,False,BFI IMAX D 24
2026-05-04T23:50:43Z,D,23,sold,False,BFI IMAX D 23
2026-05-04T23:50:43Z,D,22,sold,False,BFI IMAX D 22
2026-05-04T23:50:43Z,D,21,sold,False,BFI IMAX D 21
2026-05-04T23:50:43Z,D,20,sold,False,BFI IMAX D 20
2026-05-04T23:50:43Z,D,19,unavailable,False,BFI IMAX D 19
2026-05-04T23:50:43Z,D,18,unavailable,False,BFI IMAX D 18
2026-05-04T23:50:43Z,D,17,sold,False,BFI IMAX D 17
2026-05-04T23:50:43Z,D,16,sold,False,BFI IMAX D 16
2026-05-04T23:50:43Z,D,15,sold,False,BFI IMAX D 15
2026-05-04T23:50:43Z,D,14,sold,False,BFI IMAX D 14
2026-05-04T23:50:43Z,D,13,sold,False,BFI IMAX D 13
2026-05-04T23:50:43Z,D,12,sold,False,BFI IMAX D 12
2026-05-04T23:50:43Z,D,11,sold,False,BFI IMAX D 11
2026-05-04T23:50:43Z,D,10,sold,False,BFI IMAX D 10
2026-05-04T23:50:43Z,D,9,sold,False,BFI IMAX D 9
2026-05-04T23:50:43Z,D,8,sold,False,BFI IMAX D 8
2026-05-04T23:50:43Z,D,7,sold,False,BFI IMAX D 7
2026-05-04T23:50:43Z,D,6,sold,False,BFI IMAX D 6
2026-05-04T23:50:43Z,D,5,sold,False,BFI IMAX D 5
2026-05-04T23:50:43Z,D,4,sold,False,BFI IMAX D 4
2026-05-04T23:50:43Z,D,3,sold,False,BFI IMAX D 3
2026-05-04T23:50:43Z,D,2,sold,False,BFI IMAX D 2
2026-05-04T23:50:43Z,D,1,sold,False,BFI IMAX D 1
2026-05-04T23:50:43Z,E,37,sold,False,BFI IMAX E 37
2026-05-04T23:50:43Z,E,36,sold,False,BFI IMAX E 36
2026-05-04T23:50:43Z,E,35,sold,False,BFI IMAX E 35
2026-05-04T23:50:43Z,E,34,sold,False,BFI IMAX E 34
2026-05-04T23:50:43Z,E,33,sold,False,BFI IMAX E 33
2026-05-04T23:50:43Z,E,32,sold,False,BFI IMAX E 32
2026-05-04T23:50:43Z,E,31,sold,False,BFI IMAX E 31
2026-05-04T23:50:43Z,E,30,sold,False,BFI IMAX E 30
2026-05-04T23:50:43Z,E,29,sold,False,BFI IMAX E 29
2026-05-04T23:50:43Z,E,28,sold,False,BFI IMAX E 28
2026-05-04T23:50:43Z,E,27,sold,False,BFI IMAX E 27
2026-05-04T23:50:43Z,E,26,sold,False,BFI IMAX E 26
2026-05-04T23:50:43Z,E,25,sold,False,BFI IMAX E 25
2026-05-04T23:50:43Z,E,24,sold,False,BFI IMAX E 24
2026-05-04T23:50:43Z,E,23,sold,False,BFI IMAX E 23
2026-05-04T23:50:43Z,E,22,sold,False,BFI IMAX E 22
2026-05-04T23:50:43Z,E,21,sold,False,BFI IMAX E 21
2026-05-04T23:50:43Z,E,20,sold,False,BFI IMAX E 20
2026-05-04T23:50:43Z,E,19,sold,False,BFI IMAX E 19
2026-05-04T23:50:43Z,E,18,sold,False,BFI IMAX E 18
2026-05-04T23:50:43Z,E,17,sold,False,BFI IMAX E 17
2026-05-04T23:50:43Z,E,16,sold,False,BFI IMAX E 16
2026-05-04T23:50:43Z,E,15,sold,False,BFI IMAX E 15
2026-05-04T23:50:43Z,E,14,sold,False,BFI IMAX E 14
2026-05-04T23:50:43Z,E,13,sold,False,BFI IMAX E 13
2026-05-04T23:50:43Z,E,12,sold,False,BFI IMAX E 12
2026-05-04T23:50:43Z,E,11,sold,False,BFI IMAX E 11
2026-05-04T23:50:43Z,E,10,sold,False,BFI IMAX E 10
2026-05-04T23:50:43Z,E,9,sold,False,BFI IMAX E 9
2026-05-04T23:50:43Z,E,8,sold,False,BFI IMAX E 8
2026-05-04T23:50:43Z,E,7,sold,False,BFI IMAX E 7
2026-05-04T23:50:43Z,E,6,sold,False,BFI IMAX E 6
2026-05-04T23:50:43Z,E,5,sold,False,BFI IMAX E 5
2026-05-04T23:50:43Z,E,4,sold,False,BFI IMAX E 4
2026-05-04T23:50:43Z,E,3,sold,False,BFI IMAX E 3
2026-05-04T23:50:43Z,E,2,sold,False,BFI IMAX E 2
2026-05-04T23:50:43Z,E,1,sold,False,BFI IMAX E 1
2026-05-04T23:50:43Z,F,38,sold,False,BFI IMAX F 38
2026-05-04T23:50:43Z,F,37,sold,False,BFI IMAX F 37
2026-05-04T23:50:43Z,F,36,sold,False,BFI IMAX F 36
2026-05-04T23:50:43Z,F,35,sold,False,BFI IMAX F 35
2026-05-04T23:50:43Z,F,34,sold,False,BFI IMAX F 34
2026-05-04T23:50:43Z,F,33,sold,False,BFI IMAX F 33
2026-05-04T23:50:43Z,F,32,sold,False,BFI IMAX F 32
2026-05-04T23:50:43Z,F,31,sold,False,BFI IMAX F 31
2026-05-04T23:50:43Z,F,30,sold,False,BFI IMAX F 30
2026-05-04T23:50:43Z,F,29,sold,False,BFI IMAX F 29
2026-05-04T23:50:43Z,F,28,sold,False,BFI IMAX F 28
2026-05-04T23:50:43Z,F,27,sold,False,BFI IMAX F 27
2026-05-04T23:50:43Z,F,26,sold,False,BFI IMAX F 26
2026-05-04T23:50:43Z,F,25,sold,False,BFI IMAX F 25
2026-05-04T23:50:43Z,F,24,sold,False,BFI IMAX F 24
2026-05-04T23:50:43Z,F,23,sold,False,BFI IMAX F 23
2026-05-04T23:50:43Z,F,22,sold,False,BFI IMAX F 22
2026-05-04T23:50:43Z,F,21,sold,False,BFI IMAX F 21
2026-05-04T23:50:43Z,F,20,sold,False,BFI IMAX F 20
2026-05-04T23:50:43Z,F,19,sold,False,BFI IMAX F 19
2026-05-04T23:50:43Z,F,18,sold,False,BFI IMAX F 18
2026-05-04T23:50:43Z,F,17,sold,False,BFI IMAX F 17
2026-05-04T23:50:43Z,F,16,sold,False,BFI IMAX F 16
2026-05-04T23:50:43Z,F,15,sold,False,BFI IMAX F 15
2026-05-04T23:50:43Z,F,14,sold,False,BFI IMAX F 14
2026-05-04T23:50:43Z,F,13,sold,False,BFI IMAX F 13
2026-05-04T23:50:43Z,F,12,sold,False,BFI IMAX F 12
2026-05-04T23:50:43Z,F,11,sold,False,BFI IMAX F 11
2026-05-04T23:50:43Z,F,10,sold,False,BFI IMAX F 10
2026-05-04T23:50:43Z,F,9,sold,False,BFI IMAX F 9
2026-05-04T23:50:43Z,F,8,sold,False,BFI IMAX F 8
2026-05-04T23:50:43Z,F,7,sold,False,BFI IMAX F 7
2026-05-04T23:50:43Z,F,6,sold,False,BFI IMAX F 6
2026-05-04T23:50:43Z,F,5,sold,False,BFI IMAX F 5
2026-05-04T23:50:43Z,F,4,sold,False,BFI IMAX F 4
2026-05-04T23:50:43Z,F,3,sold,False,BFI IMAX F 3
2026-05-04T23:50:43Z,F,2,sold,False,BFI IMAX F 2
2026-05-04T23:50:43Z,F,1,sold,False,BFI IMAX F 1
2026-05-04T23:50:43Z,G,37,sold,False,BFI IMAX G 37
2026-05-04T23:50:43Z,G,36,sold,False,BFI IMAX G 36
2026-05-04T23:50:43Z,G,35,sold,False,BFI IMAX G 35
2026-05-04T23:50:43Z,G,34,sold,False,BFI IMAX G 34
2026-05-04T23:50:43Z,G,33,sold,False,BFI IMAX G 33
2026-05-04T23:50:43Z,G,32,sold,False,BFI IMAX G 32
2026-05-04T23:50:43Z,G,31,sold,False,BFI IMAX G 31
2026-05-04T23:50:43Z,G,30,sold,False,BFI IMAX G 30
2026-05-04T23:50:43Z,G,29,sold,False,BFI IMAX G 29
2026-05-04T23:50:43Z,G,28,sold,False,BFI IMAX G 28
2026-05-04T23:50:43Z,G,27,sold,False,BFI IMAX G 27
2026-05-04T23:50:43Z,G,26,sold,False,BFI IMAX G 26
2026-05-04T23:50:43Z,G,25,sold,False,BFI IMAX G 25
2026-05-04T23:50:43Z,G,24,sold,False,BFI IMAX G 24
2026-05-04T23:50:43Z,G,23,sold,False,BFI IMAX G 23
2026-05-04T23:50:43Z,G,22,sold,False,BFI IMAX G 22
2026-05-04T23:50:43Z,G,21,sold,False,BFI IMAX G 21
2026-05-04T23:50:43Z,G,20,sold,False,BFI IMAX G 20
2026-05-04T23:50:43Z,G,19,sold,False,BFI IMAX G 19
2026-05-04T23:50:43Z,G,18,sold,False,BFI IMAX G 18
2026-05-04T23:50:43Z,G,17,sold,False,BFI IMAX G 17
2026-05-04T23:50:43Z,G,16,sold,False,BFI IMAX G 16
2026-05-04T23:50:43Z,G,15,sold,False,BFI IMAX G 15
2026-05-04T23:50:43Z,G,14,sold,False,BFI IMAX G 14
2026-05-04T23:50:43Z,G,13,sold,False,BFI IMAX G 13
2026-05-04T23:50:43Z,G,12,sold,False,BFI IMAX G 12
2026-05-04T23:50:43Z,G,11,sold,False,BFI IMAX G 11
2026-05-04T23:50:43Z,G,10,sold,False,BFI IMAX G 10
2026-05-04T23:50:43Z,G,9,sold,False,BFI IMAX G 9
2026-05-04T23:50:43Z,G,8,sold,False,BFI IMAX G 8
2026-05-04T23:50:43Z,G,7,sold,False,BFI IMAX G 7
2026-05-04T23:50:43Z,G,6,sold,False,BFI IMAX G 6
2026-05-04T23:50:43Z,G,5,sold,False,BFI IMAX G 5
2026-05-04T23:50:43Z,G,4,sold,False,BFI IMAX G 4
2026-05-04T23:50:43Z,G,3,sold,False,BFI IMAX G 3
2026-05-04T23:50:43Z,G,2,sold,False,BFI IMAX G 2
2026-05-04T23:50:43Z,G,1,sold,False,BFI IMAX G 1
2026-05-04T23:50:43Z,H,37,sold,False,BFI IMAX H 37
2026-05-04T23:50:43Z,H,36,sold,False,BFI IMAX H 36
2026-05-04T23:50:43Z,H,35,sold,False,BFI IMAX H 35
2026-05-04T23:50:43Z,H,34,sold,False,BFI IMAX H 34
2026-05-04T23:50:43Z,H,33,sold,False,BFI IMAX H 33
2026-05-04T23:50:43Z,H,32,sold,False,BFI IMAX H 32
2026-05-04T23:50:43Z,H,31,sold,False,BFI IMAX H 31
2026-05-04T23:50:43Z,H,30,sold,False,BFI IMAX H 30
2026-05-04T23:50:43Z,H,29,sold,False,BFI IMAX H 29
2026-05-04T23:50:43Z,H,28,sold,False,BFI IMAX H 28
2026-05-04T23:50:43Z,H,27,unavailable,False,BFI IMAX H 27
2026-05-04T23:50:43Z,H,26,unavailable,False,BFI IMAX H 26
2026-05-04T23:50:43Z,H,25,unavailable,False,BFI IMAX H 25
2026-05-04T23:50:43Z,H,24,unavailable,False,BFI IMAX H 24
2026-05-04T23:50:43Z,H,23,unavailable,False,BFI IMAX H 23
2026-05-04T23:50:43Z,H,22,unavailable,False,BFI IMAX H 22
2026-05-04T23:50:43Z,H,21,unavailable,False,BFI IMAX H 21
2026-05-04T23:50:43Z,H,20,unavailable,False,BFI IMAX H 20
2026-05-04T23:50:43Z,H,19,sold,False,BFI IMAX H 19
2026-05-04T23:50:43Z,H,18,sold,False,BFI IMAX H 18
2026-05-04T23:50:43Z,H,17,sold,False,BFI IMAX H 17
2026-05-04T23:50:43Z,H,16,sold,False,BFI IMAX H 16
2026-05-04T23:50:43Z,H,15,sold,False,BFI IMAX H 15
2026-05-04T23:50:43Z,H,14,sold,False,BFI IMAX H 14
2026-05-04T23:50:43Z,H,13,sold,False,BFI IMAX H 13
2026-05-04T23:50:43Z,H,12,sold,False,BFI IMAX H 12
2026-05-04T23:50:43Z,H,11,sold,False,BFI IMAX H 11
2026-05-04T23:50:43Z,H,10,sold,False,BFI IMAX H 10
2026-05-04T23:50:43Z,H,9,sold,False,BFI IMAX H 9
2026-05-04T23:50:43Z,H,8,sold,False,BFI IMAX H 8
2026-05-04T23:50:43Z,H,7,sold,False,BFI IMAX H 7
2026-05-04T23:50:43Z,H,6,sold,False,BFI IMAX H 6
2026-05-04T23:50:43Z,H,5,sold,False,BFI IMAX H 5
2026-05-04T23:50:43Z,H,4,sold,False,BFI IMAX H 4
2026-05-04T23:50:43Z,H,3,sold,False,BFI IMAX H 3
2026-05-04T23:50:43Z,H,2,sold,False,BFI IMAX H 2
2026-05-04T23:50:43Z,H,1,sold,False,BFI IMAX H 1
2026-05-04T23:50:43Z,J,36,sold,False,BFI IMAX J 36
2026-05-04T23:50:43Z,J,35,sold,False,BFI IMAX J 35
2026-05-04T23:50:43Z,J,34,sold,False,BFI IMAX J 34
2026-05-04T23:50:43Z,J,33,sold,False,BFI IMAX J 33
2026-05-04T23:50:43Z,J,32,sold,False,BFI IMAX J 32
2026-05-04T23:50:43Z,J,31,sold,False,BFI IMAX J 31
2026-05-04T23:50:43Z,J,30,sold,False,BFI IMAX J 30
2026-05-04T23:50:43Z,J,29,sold,False,BFI IMAX J 29
2026-05-04T23:50:43Z,J,28,sold,False,BFI IMAX J 28
2026-05-04T23:50:43Z,J,27,sold,False,BFI IMAX J 27
2026-05-04T23:50:43Z,J,26,sold,False,BFI IMAX J 26
2026-05-04T23:50:43Z,J,25,sold,False,BFI IMAX J 25
2026-05-04T23:50:43Z,J,24,sold,False,BFI IMAX J 24
2026-05-04T23:50:43Z,J,23,sold,False,BFI IMAX J 23
2026-05-04T23:50:43Z,J,22,sold,False,BFI IMAX J 22
2026-05-04T23:50:43Z,J,21,sold,False,BFI IMAX J 21
2026-05-04T23:50:43Z,J,20,sold,False,BFI IMAX J 20
2026-05-04T23:50:43Z,J,19,unavailable,False,BFI IMAX J 19
2026-05-04T23:50:43Z,J,18,unavailable,False,BFI IMAX J 18
2026-05-04T23:50:43Z,J,17,unavailable,False,BFI IMAX J 17
2026-05-04T23:50:43Z,J,16,unavailable,False,BFI IMAX J 16
2026-05-04T23:50:43Z,J,15,unavailable,False,BFI IMAX J 15
2026-05-04T23:50:43Z,J,14,unavailable,False,BFI IMAX J 14
2026-05-04T23:50:43Z,J,13,unavailable,False,BFI IMAX J 13
2026-05-04T23:50:43Z,J,12,unavailable,False,BFI IMAX J 12
2026-05-04T23:50:43Z,J,11,unavailable,False,BFI IMAX J 11
2026-05-04T23:50:43Z,J,10,unavailable,False,BFI IMAX J 10
2026-05-04T23:50:43Z,J,9,sold,False,BFI IMAX J 9
2026-05-04T23:50:43Z,J,8,sold,False,BFI IMAX J 8
2026-05-04T23:50:43Z,J,7,sold,False,BFI IMAX J 7
2026-05-04T23:50:43Z,J,6,sold,False,BFI IMAX J 6
2026-05-04T23:50:43Z,J,5,sold,False,BFI IMAX J 5
2026-05-04T23:50:43Z,J,4,sold,False,BFI IMAX J 4
2026-05-04T23:50:43Z,J,3,sold,False,BFI IMAX J 3
2026-05-04T23:50:43Z,J,2,sold,False,BFI IMAX J 2
2026-05-04T23:50:43Z,J,1,sold,False,BFI IMAX J 1
2026-05-04T23:50:43Z,K,36,sold,False,BFI IMAX K 36
2026-05-04T23:50:43Z,K,35,sold,False,BFI IMAX K 35
2026-05-04T23:50:43Z,K,34,sold,False,BFI IMAX K 34
2026-05-04T23:50:43Z,K,33,sold,False,BFI IMAX K 33
2026-05-04T23:50:43Z,K,32,sold,False,BFI IMAX K 32
2026-05-04T23:50:43Z,K,31,sold,False,BFI IMAX K 31
2026-05-04T23:50:43Z,K,30,sold,False,BFI IMAX K 30
2026-05-04T23:50:43Z,K,29,sold,False,BFI IMAX K 29
2026-05-04T23:50:43Z,K,28,sold,False,BFI IMAX K 28
2026-05-04T23:50:43Z,A,13,unavailable,False,BFI IMAX A 13
2026-05-04T23:50:43Z,A,12,unavailable,False,BFI IMAX A 12
2026-05-04T23:50:43Z,K,25,sold,False,BFI IMAX K 25
2026-05-04T23:50:43Z,K,24,sold,False,BFI IMAX K 24
2026-05-04T23:50:43Z,K,23,sold,False,BFI IMAX K 23
2026-05-04T23:50:43Z,K,22,sold,False,BFI IMAX K 22
2026-05-04T23:50:43Z,K,21,sold,False,BFI IMAX K 21
2026-05-04T23:50:43Z,K,20,sold,False,BFI IMAX K 20
2026-05-04T23:50:43Z,K,19,unavailable,False,BFI IMAX K 19
2026-05-04T23:50:43Z,K,18,unavailable,False,BFI IMAX K 18
2026-05-04T23:50:43Z,K,17,unavailable,False,BFI IMAX K 17
2026-05-04T23:50:43Z,K,16,unavailable,False,BFI IMAX K 16
2026-05-04T23:50:43Z,K,15,unavailable,False,BFI IMAX K 15
2026-05-04T23:50:43Z,K,14,unavailable,False,BFI IMAX K 14
2026-05-04T23:50:43Z,K,13,unavailable,False,BFI IMAX K 13
2026-05-04T23:50:43Z,K,12,unavailable,False,BFI IMAX K 12
2026-05-04T23:50:43Z,K,11,unavailable,False,BFI IMAX K 11
2026-05-04T23:50:43Z,K,10,unavailable,False,BFI IMAX K 10
2026-05-04T23:50:43Z,K,9,sold,False,BFI IMAX K 9
2026-05-04T23:50:43Z,K,8,sold,False,BFI IMAX K 8
2026-05-04T23:50:43Z,K,7,sold,False,BFI IMAX K 7
2026-05-04T23:50:43Z,K,6,sold,False,BFI IMAX K 6
2026-05-04T23:50:43Z,K,5,sold,False,BFI IMAX K 5
2026-05-04T23:50:43Z,K,4,sold,False,BFI IMAX K 4
2026-05-04T23:50:43Z,K,3,sold,False,BFI IMAX K 3
2026-05-04T23:50:43Z,K,2,sold,False,BFI IMAX K 2
2026-05-04T23:50:43Z,K,1,sold,False,BFI IMAX K 1
2026-05-04T23:50:43Z,L,33,sold,False,BFI IMAX L 33
2026-05-04T23:50:43Z,L,32,sold,False,BFI IMAX L 32
2026-05-04T23:50:43Z,L,31,sold,False,BFI IMAX L 31
2026-05-04T23:50:43Z,L,30,sold,False,BFI IMAX L 30
2026-05-04T23:50:43Z,L,29,sold,False,BFI IMAX L 29
2026-05-04T23:50:43Z,L,28,sold,False,BFI IMAX L 28
2026-05-04T23:50:43Z,L,27,sold,False,BFI IMAX L 27
2026-05-04T23:50:43Z,L,26,sold,False,BFI IMAX L 26
2026-05-04T23:50:43Z,L,8,sold,False,BFI IMAX L 8
2026-05-04T23:50:43Z,L,7,sold,False,BFI IMAX L 7
2026-05-04T23:50:43Z,L,6,sold,False,BFI IMAX L 6
2026-05-04T23:50:43Z,L,5,sold,False,BFI IMAX L 5
2026-05-04T23:50:43Z,L,4,sold,False,BFI IMAX L 4
2026-05-04T23:50:43Z,L,3,sold,False,BFI IMAX L 3
2026-05-04T23:50:43Z,L,2,sold,False,BFI IMAX L 2
2026-05-04T23:50:43Z,L,1,sold,False,BFI IMAX L 1
2026-05-04T23:50:43Z,M,34,sold,False,BFI IMAX M 34
2026-05-04T23:50:43Z,M,33,sold,False,BFI IMAX M 33
2026-05-04T23:50:43Z,M,32,sold,False,BFI IMAX M 32
2026-05-04T23:50:43Z,M,31,sold,False,BFI IMAX M 31
2026-05-04T23:50:43Z,M,30,sold,False,BFI IMAX M 30
2026-05-04T23:50:43Z,M,29,sold,False,BFI IMAX M 29
2026-05-04T23:50:43Z,M,28,sold,False,BFI IMAX M 28
2026-05-04T23:50:43Z,M,27,sold,False,BFI IMAX M 27
2026-05-04T23:50:43Z,A,11,unavailable,False,BFI IMAX A 11
2026-05-04T23:50:43Z,A,10,unavailable,False,BFI IMAX A 10
2026-05-04T23:50:43Z,M,6,sold,False,BFI IMAX M 6
2026-05-04T23:50:43Z,M,5,sold,False,BFI IMAX M 5
2026-05-04T23:50:43Z,M,4,sold,False,BFI IMAX M 4
2026-05-04T23:50:43Z,M,3,sold,False,BFI IMAX M 3
2026-05-04T23:50:43Z,M,2,sold,False,BFI IMAX M 2
2026-05-04T23:50:43Z,M,1,sold,False,BFI IMAX M 1
2026-05-04T23:50:43Z,N,34,unavailable,False,BFI IMAX N 34
2026-05-04T23:50:43Z,N,33,unavailable,False,BFI IMAX N 33
2026-05-04T23:50:43Z,N,32,unavailable,False,BFI IMAX N 32
2026-05-04T23:50:43Z,N,31,unavailable,False,BFI IMAX N 31
2026-05-04T23:50:43Z,N,30,unavailable,False,BFI IMAX N 30
2026-05-04T23:50:43Z,N,29,unavailable,False,BFI IMAX N 29
2026-05-04T23:50:43Z,N,28,sold,False,BFI IMAX N 28
2026-05-04T23:50:43Z,N,27,sold,False,BFI IMAX N 27
2026-05-04T23:50:43Z,N,8,sold,False,BFI IMAX N 8
2026-05-04T23:50:43Z,N,7,sold,False,BFI IMAX N 7
2026-05-04T23:50:43Z,N,6,sold,False,BFI IMAX N 6
2026-05-04T23:50:43Z,N,5,sold,False,BFI IMAX N 5
2026-05-04T23:50:43Z,N,4,sold,False,BFI IMAX N 4
2026-05-04T23:50:43Z,N,3,sold,False,BFI IMAX N 3
2026-05-04T23:50:43Z,N,2,sold,False,BFI IMAX N 2
2026-05-04T23:50:43Z,N,1,sold,False,BFI IMAX N 1
2026-05-04T23:50:43Z,P,31,sold,False,BFI IMAX P 31
2026-05-04T23:50:43Z,A,9,unavailable,False,BFI IMAX A 9
2026-05-04T23:50:43Z,A,8,unavailable,False,BFI IMAX A 8
2026-05-04T23:50:43Z,P,26,unavailable,False,BFI IMAX P 26
2026-05-04T23:50:43Z,P,6,sold,False,BFI IMAX P 6
2026-05-04T23:50:43Z,A,7,unavailable,False,BFI IMAX A 7
2026-05-04T23:50:43Z,A,6,unavailable,False,BFI IMAX A 6
2026-05-04T23:50:43Z,P,1,sold,False,BFI IMAX P 1
2026-05-04T23:50:43Z,M,11,sold,False,BFI IMAX M 11
2026-05-04T23:50:43Z,M,10,sold,False,BFI IMAX M 10
2026-05-04T23:50:43Z,M,9,sold,False,BFI IMAX M 9
2026-05-04T23:50:43Z,L,9,sold,False,BFI IMAX L 9
2026-05-04T23:50:43Z,L,25,sold,False,BFI IMAX L 25
2026-05-04T23:50:43Z,L,24,sold,False,BFI IMAX L 24
2026-05-04T23:50:43Z,L,23,sold,False,BFI IMAX L 23
2026-05-04T23:50:43Z,L,22,sold,False,BFI IMAX L 22
2026-05-04T23:50:43Z,L,21,sold,False,BFI IMAX L 21
2026-05-04T23:50:43Z,L,20,sold,False,BFI IMAX L 20
2026-05-04T23:50:43Z,L,19,sold,False,BFI IMAX L 19
2026-05-04T23:50:43Z,L,18,sold,False,BFI IMAX L 18
2026-05-04T23:50:43Z,L,17,sold,False,BFI IMAX L 17
2026-05-04T23:50:43Z,L,16,sold,False,BFI IMAX L 16
2026-05-04T23:50:43Z,L,15,sold,False,BFI IMAX L 15
2026-05-04T23:50:43Z,L,14,sold,False,BFI IMAX L 14
2026-05-04T23:50:43Z,L,13,sold,False,BFI IMAX L 13
2026-05-04T23:50:43Z,L,12,sold,False,BFI IMAX L 12
2026-05-04T23:50:43Z,L,11,sold,False,BFI IMAX L 11
2026-05-04T23:50:43Z,N,26,unavailable,False,BFI IMAX N 26
2026-05-04T23:50:43Z,N,25,unavailable,False,BFI IMAX N 25
2026-05-04T23:50:43Z,N,24,unavailable,False,BFI IMAX N 24
2026-05-04T23:50:43Z,N,23,unavailable,False,BFI IMAX N 23
2026-05-04T23:50:43Z,N,22,sold,False,BFI IMAX N 22
2026-05-04T23:50:43Z,N,21,sold,False,BFI IMAX N 21
2026-05-04T23:50:43Z,N,20,sold,False,BFI IMAX N 20
2026-05-04T23:50:43Z,N,19,sold,False,BFI IMAX N 19
2026-05-04T23:50:43Z,N,18,sold,False,BFI IMAX N 18
2026-05-04T23:50:43Z,N,17,sold,False,BFI IMAX N 17
2026-05-04T23:50:43Z,N,16,sold,False,BFI IMAX N 16
2026-05-04T23:50:43Z,N,15,sold,False,BFI IMAX N 15
2026-05-04T23:50:43Z,N,14,sold,False,BFI IMAX N 14
2026-05-04T23:50:43Z,N,13,sold,False,BFI IMAX N 13
2026-05-04T23:50:43Z,N,12,unavailable,False,BFI IMAX N 12
2026-05-04T23:50:43Z,N,11,unavailable,False,BFI IMAX N 11
2026-05-04T23:50:43Z,N,10,unavailable,False,BFI IMAX N 10
2026-05-04T23:50:43Z,N,9,unavailable,False,BFI IMAX N 9
2026-05-04T23:50:43Z,L,10,sold,False,BFI IMAX L 10
2026-05-04T23:50:43Z,M,26,sold,False,BFI IMAX M 26
2026-05-04T23:50:43Z,M,25,sold,False,BFI IMAX M 25
2026-05-04T23:50:43Z,M,24,sold,False,BFI IMAX M 24
2026-05-04T23:50:43Z,M,23,sold,False,BFI IMAX M 23
2026-05-04T23:50:43Z,M,22,sold,False,BFI IMAX M 22
2026-05-04T23:50:43Z,M,21,sold,False,BFI IMAX M 21
2026-05-04T23:50:43Z,M,20,sold,False,BFI IMAX M 20
2026-05-04T23:50:43Z,M,19,sold,False,BFI IMAX M 19
2026-05-04T23:50:43Z,M,18,sold,False,BFI IMAX M 18
2026-05-04T23:50:43Z,M,17,sold,False,BFI IMAX M 17
2026-05-04T23:50:43Z,M,16,sold,False,BFI IMAX M 16
2026-05-04T23:50:43Z,M,15,sold,False,BFI IMAX M 15
2026-05-04T23:50:43Z,M,14,sold,False,BFI IMAX M 14
2026-05-04T23:50:43Z,M,13,sold,False,BFI IMAX M 13
2026-05-04T23:50:43Z,M,12,sold,False,BFI IMAX M 12
2026-05-04T23:50:43Z,P,30,sold,True,BFI IMAX P 30
2026-05-04T23:50:43Z,P,27,sold,True,BFI IMAX P 27
2026-05-04T23:50:43Z,P,2,sold,True,BFI IMAX P 2
2026-05-04T23:50:43Z,P,5,sold,True,BFI IMAX P 5
2026-05-04T23:50:43Z,P,19,sold,False,BFI IMAX P 19
2026-05-04T23:50:43Z,P,18,sold,False,BFI IMAX P 18
2026-05-04T23:50:43Z,P,17,sold,False,BFI IMAX P 17
2026-05-04T23:50:43Z,P,16,sold,False,BFI IMAX P 16
2026-05-04T23:50:43Z,P,15,sold,False,BFI IMAX P 15
2026-05-04T23:50:43Z,P,14,sold,False,BFI IMAX P 14
2026-05-04T23:50:43Z,P,13,sold,False,BFI IMAX P 13
2026-05-04T23:50:43Z,P,12,sold,False,BFI IMAX P 12
2026-05-04T23:50:43Z,P,11,sold,False,BFI IMAX P 11
2026-05-04T23:50:43Z,P,10,sold,False,BFI IMAX P 10
2026-05-04T23:50:43Z,P,9,sold,False,BFI IMAX P 9
2026-05-04T23:50:43Z,P,8,sold,False,BFI IMAX P 8
2026-05-04T23:50:43Z,P,7,sold,False,BFI IMAX P 7
2026-05-04T23:50:43Z,P,25,sold,False,BFI IMAX P 25
2026-05-04T23:50:43Z,P,24,sold,False,BFI IMAX P 24
2026-05-04T23:50:43Z,P,23,sold,False,BFI IMAX P 23
2026-05-04T23:50:43Z,P,22,sold,False,BFI IMAX P 22
2026-05-04T23:50:43Z,P,21,sold,False,BFI IMAX P 21
2026-05-04T23:50:43Z,P,20,sold,False,BFI IMAX P 20
2026-05-04T23:50:43Z,Q,18,sold,False,BFI IMAX Q 18
2026-05-04T23:50:43Z,Q,17,sold,False,BFI IMAX Q 17
2026-05-04T23:50:43Z,Q,16,sold,False,BFI IMAX Q 16
2026-05-04T23:50:43Z,Q,15,sold,False,BFI IMAX Q 15
2026-05-04T23:50:43Z,Q,14,sold,False,BFI IMAX Q 14
2026-05-04T23:50:43Z,Q,13,sold,False,BFI IMAX Q 13
2026-05-04T23:50:43Z,Q,12,sold,False,BFI IMAX Q 12
2026-05-04T23:50:43Z,Q,11,sold,False,BFI IMAX Q 11
2026-05-04T23:50:43Z,Q,10,sold,False,BFI IMAX Q 10
2026-05-04T23:50:43Z,Q,9,sold,False,BFI IMAX Q 9
2026-05-04T23:50:43Z,Q,8,sold,False,BFI IMAX Q 8
2026-05-04T23:50:43Z,Q,7,sold,False,BFI IMAX Q 7
2026-05-04T23:50:43Z,Q,6,sold,False,BFI IMAX Q 6
2026-05-04T23:50:43Z,Q,5,sold,False,BFI IMAX Q 5
2026-05-04T23:50:43Z,Q,4,sold,False,BFI IMAX Q 4
2026-05-04T23:50:43Z,Q,3,sold,False,BFI IMAX Q 3
2026-05-04T23:50:43Z,Q,2,sold,False,BFI IMAX Q 2
2026-05-04T23:50:43Z,Q,1,sold,False,BFI IMAX Q 1
2026-05-05T00:21:36Z,K,27,sold,False,BFI IMAX K 27
2026-05-05T00:21:36Z,K,26,sold,False,BFI IMAX K 26
2026-05-05T00:21:36Z,M,8,sold,False,BFI IMAX M 8
2026-05-05T00:21:36Z,M,7,sold,False,BFI IMAX M 7
2026-05-05T00:21:36Z,P,29,available,True,BFI IMAX P 29
2026-05-05T00:21:36Z,P,28,sold,True,BFI IMAX P 28
2026-05-05T00:21:36Z,P,4,available,True,BFI IMAX P 4
2026-05-05T00:21:36Z,P,3,available,True,BFI IMAX P 3
2026-05-05T00:21:36Z,A,5,unavailable,False,BFI IMAX A 5
2026-05-05T00:21:36Z,A,4,unavailable,False,BFI IMAX A 4
2026-05-05T00:21:36Z,A,3,unavailable,False,BFI IMAX A 3
2026-05-05T00:21:36Z,A,2,unavailable,False,BFI IMAX A 2
2026-05-05T00:21:36Z,A,1,unavailable,False,BFI IMAX A 1
2026-05-05T00:21:36Z,B,36,unavailable,False,BFI IMAX B 36
2026-05-05T00:21:36Z,B,35,unavailable,False,BFI IMAX B 35
2026-05-05T00:21:36Z,B,34,unavailable,False,BFI IMAX B 34
2026-05-05T00:21:36Z,B,33,unavailable,False,BFI IMAX B 33
2026-05-05T00:21:36Z,B,32,unavailable,False,BFI IMAX B 32
2026-05-05T00:21:36Z,B,31,unavailable,False,BFI IMAX B 31
2026-05-05T00:21:36Z,B,30,unavailable,False,BFI IMAX B 30
2026-05-05T00:21:36Z,B,29,unavailable,False,BFI IMAX B 29
2026-05-05T00:21:36Z,B,28,unavailable,False,BFI IMAX B 28
2026-05-05T00:21:36Z,B,27,unavailable,False,BFI IMAX B 27
2026-05-05T00:21:36Z,B,26,unavailable,False,BFI IMAX B 26
2026-05-05T00:21:36Z,B,25,unavailable,False,BFI IMAX B 25
2026-05-05T00:21:36Z,B,24,unavailable,False,BFI IMAX B 24
2026-05-05T00:21:36Z,B,23,unavailable,False,BFI IMAX B 23
2026-05-05T00:21:36Z,B,22,unavailable,False,BFI IMAX B 22
2026-05-05T00:21:36Z,B,21,sold,False,BFI IMAX B 21
2026-05-05T00:21:36Z,B,20,sold,False,BFI IMAX B 20
2026-05-05T00:21:36Z,B,19,sold,False,BFI IMAX B 19
2026-05-05T00:21:36Z,B,18,sold,False,BFI IMAX B 18
2026-05-05T00:21:36Z,B,17,sold,False,BFI IMAX B 17
2026-05-05T00:21:36Z,B,16,sold,False,BFI IMAX B 16
2026-05-05T00:21:36Z,B,15,sold,False,BFI IMAX B 15
2026-05-05T00:21:36Z,B,14,sold,False,BFI IMAX B 14
2026-05-05T00:21:36Z,B,13,unavailable,False,BFI IMAX B 13
2026-05-05T00:21:36Z,B,12,unavailable,False,BFI IMAX B 12
2026-05-05T00:21:36Z,B,11,unavailable,False,BFI IMAX B 11
2026-05-05T00:21:36Z,B,10,unavailable,False,BFI IMAX B 10
2026-05-05T00:21:36Z,B,9,unavailable,False,BFI IMAX B 9
2026-05-05T00:21:36Z,B,8,unavailable,False,BFI IMAX B 8
2026-05-05T00:21:36Z,B,7,unavailable,False,BFI IMAX B 7
2026-05-05T00:21:36Z,B,6,unavailable,False,BFI IMAX B 6
2026-05-05T00:21:36Z,B,5,unavailable,False,BFI IMAX B 5
2026-05-05T00:21:36Z,B,4,unavailable,False,BFI IMAX B 4
2026-05-05T00:21:36Z,B,3,unavailable,False,BFI IMAX B 3
2026-05-05T00:21:36Z,B,2,unavailable,False,BFI IMAX B 2
2026-05-05T00:21:36Z,B,1,unavailable,False,BFI IMAX B 1
2026-05-05T00:21:36Z,C,36,sold,False,BFI IMAX C 36
2026-05-05T00:21:36Z,C,35,sold,False,BFI IMAX C 35
2026-05-05T00:21:36Z,C,34,sold,False,BFI IMAX C 34
2026-05-05T00:21:36Z,C,33,sold,False,BFI IMAX C 33
2026-05-05T00:21:36Z,C,32,sold,False,BFI IMAX C 32
2026-05-05T00:21:36Z,C,31,sold,False,BFI IMAX C 31
2026-05-05T00:21:36Z,C,30,sold,False,BFI IMAX C 30
2026-05-05T00:21:36Z,C,29,sold,False,BFI IMAX C 29
2026-05-05T00:21:36Z,C,28,sold,False,BFI IMAX C 28
2026-05-05T00:21:36Z,C,27,sold,False,BFI IMAX C 27
2026-05-05T00:21:36Z,C,26,sold,False,BFI IMAX C 26
2026-05-05T00:21:36Z,C,25,unavailable,False,BFI IMAX C 25
2026-05-05T00:21:36Z,C,24,unavailable,False,BFI IMAX C 24
2026-05-05T00:21:36Z,C,23,unavailable,False,BFI IMAX C 23
2026-05-05T00:21:36Z,C,22,sold,False,BFI IMAX C 22
2026-05-05T00:21:36Z,C,21,sold,False,BFI IMAX C 21
2026-05-05T00:21:36Z,C,20,sold,False,BFI IMAX C 20
2026-05-05T00:21:36Z,C,19,sold,False,BFI IMAX C 19
2026-05-05T00:21:36Z,C,18,sold,False,BFI IMAX C 18
2026-05-05T00:21:36Z,C,17,sold,False,BFI IMAX C 17
2026-05-05T00:21:36Z,C,16,sold,False,BFI IMAX C 16
2026-05-05T00:21:36Z,C,15,sold,False,BFI IMAX C 15
2026-05-05T00:21:36Z,C,14,sold,False,BFI IMAX C 14
2026-05-05T00:21:36Z,C,13,sold,False,BFI IMAX C 13
2026-05-05T00:21:36Z,C,12,sold,False,BFI IMAX C 12
2026-05-05T00:21:36Z,C,11,sold,False,BFI IMAX C 11
2026-05-05T00:21:36Z,C,10,sold,False,BFI IMAX C 10
2026-05-05T00:21:36Z,C,9,sold,False,BFI IMAX C 9
2026-05-05T00:21:36Z,C,8,sold,False,BFI IMAX C 8
2026-05-05T00:21:36Z,C,7,sold,False,BFI IMAX C 7
2026-05-05T00:21:36Z,C,6,sold,False,BFI IMAX C 6
2026-05-05T00:21:36Z,C,5,sold,False,BFI IMAX C 5
2026-05-05T00:21:36Z,C,4,sold,False,BFI IMAX C 4
2026-05-05T00:21:36Z,C,3,sold,False,BFI IMAX C 3
2026-05-05T00:21:36Z,C,2,sold,False,BFI IMAX C 2
2026-05-05T00:21:36Z,C,1,sold,False,BFI IMAX C 1
2026-05-05T00:21:36Z,D,37,sold,False,BFI IMAX D 37
2026-05-05T00:21:36Z,D,36,sold,False,BFI IMAX D 36
2026-05-05T00:21:36Z,D,35,sold,False,BFI IMAX D 35
2026-05-05T00:21:36Z,D,34,sold,False,BFI IMAX D 34
2026-05-05T00:21:36Z,D,33,sold,False,BFI IMAX D 33
2026-05-05T00:21:36Z,D,32,sold,False,BFI IMAX D 32
2026-05-05T00:21:36Z,D,31,sold,False,BFI IMAX D 31
2026-05-05T00:21:36Z,D,30,sold,False,BFI IMAX D 30
2026-05-05T00:21:36Z,D,29,sold,False,BFI IMAX D 29
2026-05-05T00:21:36Z,D,28,sold,False,BFI IMAX D 28
2026-05-05T00:21:36Z,D,27,sold,False,BFI IMAX D 27
2026-05-05T00:21:36Z,D,26,sold,False,BFI IMAX D 26
2026-05-05T00:21:36Z,D,25,sold,False,BFI IMAX D 25
2026-05-05T00:21:36Z,D,24,sold,False,BFI IMAX D 24
2026-05-05T00:21:36Z,D,23,sold,False,BFI IMAX D 23
2026-05-05T00:21:36Z,D,22,sold,False,BFI IMAX D 22
2026-05-05T00:21:36Z,D,21,sold,False,BFI IMAX D 21
2026-05-05T00:21:36Z,D,20,sold,False,BFI IMAX D 20
2026-05-05T00:21:36Z,D,19,unavailable,False,BFI IMAX D 19
2026-05-05T00:21:36Z,D,18,unavailable,False,BFI IMAX D 18
2026-05-05T00:21:36Z,D,17,sold,False,BFI IMAX D 17
2026-05-05T00:21:36Z,D,16,sold,False,BFI IMAX D 16
2026-05-05T00:21:36Z,D,15,sold,False,BFI IMAX D 15
2026-05-05T00:21:36Z,D,14,sold,False,BFI IMAX D 14
2026-05-05T00:21:36Z,D,13,sold,False,BFI IMAX D 13
2026-05-05T00:21:36Z,D,12,sold,False,BFI IMAX D 12
2026-05-05T00:21:36Z,D,11,sold,False,BFI IMAX D 11
2026-05-05T00:21:36Z,D,10,sold,False,BFI IMAX D 10
2026-05-05T00:21:36Z,D,9,sold,False,BFI IMAX D 9
2026-05-05T00:21:36Z,D,8,sold,False,BFI IMAX D 8
2026-05-05T00:21:36Z,D,7,sold,False,BFI IMAX D 7
2026-05-05T00:21:36Z,D,6,sold,False,BFI IMAX D 6
2026-05-05T00:21:36Z,D,5,sold,False,BFI IMAX D 5
2026-05-05T00:21:36Z,D,4,sold,False,BFI IMAX D 4
2026-05-05T00:21:36Z,D,3,sold,False,BFI IMAX D 3
2026-05-05T00:21:36Z,D,2,sold,False,BFI IMAX D 2
2026-05-05T00:21:36Z,D,1,sold,False,BFI IMAX D 1
2026-05-05T00:21:36Z,E,37,sold,False,BFI IMAX E 37
2026-05-05T00:21:36Z,E,36,sold,False,BFI IMAX E 36
2026-05-05T00:21:36Z,E,35,sold,False,BFI IMAX E 35
2026-05-05T00:21:36Z,E,34,sold,False,BFI IMAX E 34
2026-05-05T00:21:36Z,E,33,sold,False,BFI IMAX E 33
2026-05-05T00:21:36Z,E,32,sold,False,BFI IMAX E 32
2026-05-05T00:21:36Z,E,31,sold,False,BFI IMAX E 31
2026-05-05T00:21:36Z,E,30,sold,False,BFI IMAX E 30
2026-05-05T00:21:36Z,E,29,sold,False,BFI IMAX E 29
2026-05-05T00:21:36Z,E,28,sold,False,BFI IMAX E 28
2026-05-05T00:21:36Z,E,27,sold,False,BFI IMAX E 27
2026-05-05T00:21:36Z,E,26,sold,False,BFI IMAX E 26
2026-05-05T00:21:36Z,E,25,sold,False,BFI IMAX E 25
2026-05-05T00:21:36Z,E,24,sold,False,BFI IMAX E 24
2026-05-05T00:21:36Z,E,23,sold,False,BFI IMAX E 23
2026-05-05T00:21:36Z,E,22,sold,False,BFI IMAX E 22
2026-05-05T00:21:36Z,E,21,sold,False,BFI IMAX E 21
2026-05-05T00:21:36Z,E,20,sold,False,BFI IMAX E 20
2026-05-05T00:21:36Z,E,19,sold,False,BFI IMAX E 19
2026-05-05T00:21:36Z,E,18,sold,False,BFI IMAX E 18
2026-05-05T00:21:36Z,E,17,sold,False,BFI IMAX E 17
2026-05-05T00:21:36Z,E,16,sold,False,BFI IMAX E 16
2026-05-05T00:21:36Z,E,15,sold,False,BFI IMAX E 15
2026-05-05T00:21:36Z,E,14,sold,False,BFI IMAX E 14
2026-05-05T00:21:36Z,E,13,sold,False,BFI IMAX E 13
2026-05-05T00:21:36Z,E,12,sold,False,BFI IMAX E 12
2026-05-05T00:21:36Z,E,11,sold,False,BFI IMAX E 11
2026-05-05T00:21:36Z,E,10,sold,False,BFI IMAX E 10
2026-05-05T00:21:36Z,E,9,sold,False,BFI IMAX E 9
2026-05-05T00:21:36Z,E,8,sold,False,BFI IMAX E 8
2026-05-05T00:21:36Z,E,7,sold,False,BFI IMAX E 7
2026-05-05T00:21:36Z,E,6,sold,False,BFI IMAX E 6
2026-05-05T00:21:36Z,E,5,sold,False,BFI IMAX E 5
2026-05-05T00:21:36Z,E,4,sold,False,BFI IMAX E 4
2026-05-05T00:21:36Z,E,3,sold,False,BFI IMAX E 3
2026-05-05T00:21:36Z,E,2,sold,False,BFI IMAX E 2
2026-05-05T00:21:36Z,E,1,sold,False,BFI IMAX E 1
2026-05-05T00:21:36Z,F,38,sold,False,BFI IMAX F 38
2026-05-05T00:21:36Z,F,37,sold,False,BFI IMAX F 37
2026-05-05T00:21:36Z,F,36,sold,False,BFI IMAX F 36
2026-05-05T00:21:36Z,F,35,sold,False,BFI IMAX F 35
2026-05-05T00:21:36Z,F,34,sold,False,BFI IMAX F 34
2026-05-05T00:21:36Z,F,33,sold,False,BFI IMAX F 33
2026-05-05T00:21:36Z,F,32,sold,False,BFI IMAX F 32
2026-05-05T00:21:36Z,F,31,sold,False,BFI IMAX F 31
2026-05-05T00:21:36Z,F,30,sold,False,BFI IMAX F 30
2026-05-05T00:21:36Z,F,29,sold,False,BFI IMAX F 29
2026-05-05T00:21:36Z,F,28,sold,False,BFI IMAX F 28
2026-05-05T00:21:36Z,F,27,sold,False,BFI IMAX F 27
2026-05-05T00:21:36Z,F,26,sold,False,BFI IMAX F 26
2026-05-05T00:21:36Z,F,25,sold,False,BFI IMAX F 25
2026-05-05T00:21:36Z,F,24,sold,False,BFI IMAX F 24
2026-05-05T00:21:36Z,F,23,sold,False,BFI IMAX F 23
2026-05-05T00:21:36Z,F,22,sold,False,BFI IMAX F 22
2026-05-05T00:21:36Z,F,21,sold,False,BFI IMAX F 21
2026-05-05T00:21:36Z,F,20,sold,False,BFI IMAX F 20
2026-05-05T00:21:36Z,F,19,sold,False,BFI IMAX F 19
2026-05-05T00:21:36Z,F,18,sold,False,BFI IMAX F 18
2026-05-05T00:21:36Z,F,17,sold,False,BFI IMAX F 17
2026-05-05T00:21:36Z,F,16,sold,False,BFI IMAX F 16
2026-05-05T00:21:36Z,F,15,sold,False,BFI IMAX F 15
2026-05-05T00:21:36Z,F,14,sold,False,BFI IMAX F 14
2026-05-05T00:21:36Z,F,13,sold,False,BFI IMAX F 13
2026-05-05T00:21:36Z,F,12,sold,False,BFI IMAX F 12
2026-05-05T00:21:36Z,F,11,sold,False,BFI IMAX F 11
2026-05-05T00:21:36Z,F,10,sold,False,BFI IMAX F 10
2026-05-05T00:21:36Z,F,9,sold,False,BFI IMAX F 9
2026-05-05T00:21:36Z,F,8,sold,False,BFI IMAX F 8
2026-05-05T00:21:36Z,F,7,sold,False,BFI IMAX F 7
2026-05-05T00:21:36Z,F,6,sold,False,BFI IMAX F 6
2026-05-05T00:21:36Z,F,5,sold,False,BFI IMAX F 5
2026-05-05T00:21:36Z,F,4,sold,False,BFI IMAX F 4
2026-05-05T00:21:36Z,F,3,sold,False,BFI IMAX F 3
2026-05-05T00:21:36Z,F,2,sold,False,BFI IMAX F 2
2026-05-05T00:21:36Z,F,1,sold,False,BFI IMAX F 1
2026-05-05T00:21:36Z,G,37,sold,False,BFI IMAX G 37
2026-05-05T00:21:36Z,G,36,sold,False,BFI IMAX G 36
2026-05-05T00:21:36Z,G,35,sold,False,BFI IMAX G 35
2026-05-05T00:21:36Z,G,34,sold,False,BFI IMAX G 34
2026-05-05T00:21:36Z,G,33,sold,False,BFI IMAX G 33
2026-05-05T00:21:36Z,G,32,sold,False,BFI IMAX G 32
2026-05-05T00:21:36Z,G,31,sold,False,BFI IMAX G 31
2026-05-05T00:21:36Z,G,30,sold,False,BFI IMAX G 30
2026-05-05T00:21:36Z,G,29,sold,False,BFI IMAX G 29
2026-05-05T00:21:36Z,G,28,sold,False,BFI IMAX G 28
2026-05-05T00:21:36Z,G,27,sold,False,BFI IMAX G 27
2026-05-05T00:21:36Z,G,26,sold,False,BFI IMAX G 26
2026-05-05T00:21:36Z,G,25,sold,False,BFI IMAX G 25
2026-05-05T00:21:36Z,G,24,sold,False,BFI IMAX G 24
2026-05-05T00:21:36Z,G,23,sold,False,BFI IMAX G 23
2026-05-05T00:21:36Z,G,22,sold,False,BFI IMAX G 22
2026-05-05T00:21:36Z,G,21,sold,False,BFI IMAX G 21
2026-05-05T00:21:36Z,G,20,sold,False,BFI IMAX G 20
2026-05-05T00:21:36Z,G,19,sold,False,BFI IMAX G 19
2026-05-05T00:21:36Z,G,18,sold,False,BFI IMAX G 18
2026-05-05T00:21:36Z,G,17,sold,False,BFI IMAX G 17
2026-05-05T00:21:36Z,G,16,sold,False,BFI IMAX G 16
2026-05-05T00:21:36Z,G,15,sold,False,BFI IMAX G 15
2026-05-05T00:21:36Z,G,14,sold,False,BFI IMAX G 14
2026-05-05T00:21:36Z,G,13,sold,False,BFI IMAX G 13
2026-05-05T00:21:36Z,G,12,sold,False,BFI IMAX G 12
2026-05-05T00:21:36Z,G,11,sold,False,BFI IMAX G 11
2026-05-05T00:21:36Z,G,10,sold,False,BFI IMAX G 10
2026-05-05T00:21:36Z,G,9,sold,False,BFI IMAX G 9
2026-05-05T00:21:36Z,G,8,sold,False,BFI IMAX G 8
2026-05-05T00:21:36Z,G,7,sold,False,BFI IMAX G 7
2026-05-05T00:21:36Z,G,6,sold,False,BFI IMAX G 6
2026-05-05T00:21:36Z,G,5,sold,False,BFI IMAX G 5
2026-05-05T00:21:36Z,G,4,sold,False,BFI IMAX G 4
2026-05-05T00:21:36Z,G,3,sold,False,BFI IMAX G 3
2026-05-05T00:21:36Z,G,2,sold,False,BFI IMAX G 2
2026-05-05T00:21:36Z,G,1,sold,False,BFI IMAX G 1
2026-05-05T00:21:36Z,H,37,sold,False,BFI IMAX H 37
2026-05-05T00:21:36Z,H,36,sold,False,BFI IMAX H 36
2026-05-05T00:21:36Z,H,35,sold,False,BFI IMAX H 35
2026-05-05T00:21:36Z,H,34,sold,False,BFI IMAX H 34
2026-05-05T00:21:36Z,H,33,sold,False,BFI IMAX H 33
2026-05-05T00:21:36Z,H,32,sold,False,BFI IMAX H 32
2026-05-05T00:21:36Z,H,31,sold,False,BFI IMAX H 31
2026-05-05T00:21:36Z,H,30,sold,False,BFI IMAX H 30
2026-05-05T00:21:36Z,H,29,sold,False,BFI IMAX H 29
2026-05-05T00:21:36Z,H,28,sold,False,BFI IMAX H 28
2026-05-05T00:21:36Z,H,27,unavailable,False,BFI IMAX H 27
2026-05-05T00:21:36Z,H,26,unavailable,False,BFI IMAX H 26
2026-05-05T00:21:36Z,H,25,unavailable,False,BFI IMAX H 25
2026-05-05T00:21:36Z,H,24,unavailable,False,BFI IMAX H 24
2026-05-05T00:21:36Z,H,23,unavailable,False,BFI IMAX H 23
2026-05-05T00:21:36Z,H,22,unavailable,False,BFI IMAX H 22
2026-05-05T00:21:36Z,H,21,unavailable,False,BFI IMAX H 21
2026-05-05T00:21:36Z,H,20,unavailable,False,BFI IMAX H 20
2026-05-05T00:21:36Z,H,19,sold,False,BFI IMAX H 19
2026-05-05T00:21:36Z,H,18,sold,False,BFI IMAX H 18
2026-05-05T00:21:36Z,H,17,sold,False,BFI IMAX H 17
2026-05-05T00:21:36Z,H,16,sold,False,BFI IMAX H 16
2026-05-05T00:21:36Z,H,15,sold,False,BFI IMAX H 15
2026-05-05T00:21:36Z,H,14,sold,False,BFI IMAX H 14
2026-05-05T00:21:36Z,H,13,sold,False,BFI IMAX H 13
2026-05-05T00:21:36Z,H,12,sold,False,BFI IMAX H 12
2026-05-05T00:21:36Z,H,11,sold,False,BFI IMAX H 11
2026-05-05T00:21:36Z,H,10,sold,False,BFI IMAX H 10
2026-05-05T00:21:36Z,H,9,sold,False,BFI IMAX H 9
2026-05-05T00:21:36Z,H,8,sold,False,BFI IMAX H 8
2026-05-05T00:21:36Z,H,7,sold,False,BFI IMAX H 7
2026-05-05T00:21:36Z,H,6,sold,False,BFI IMAX H 6
2026-05-05T00:21:36Z,H,5,sold,False,BFI IMAX H 5
2026-05-05T00:21:36Z,H,4,sold,False,BFI IMAX H 4
2026-05-05T00:21:36Z,H,3,sold,False,BFI IMAX H 3
2026-05-05T00:21:36Z,H,2,sold,False,BFI IMAX H 2
2026-05-05T00:21:36Z,H,1,sold,False,BFI IMAX H 1
2026-05-05T00:21:36Z,J,36,sold,False,BFI IMAX J 36
2026-05-05T00:21:36Z,J,35,sold,False,BFI IMAX J 35
2026-05-05T00:21:36Z,J,34,sold,False,BFI IMAX J 34
2026-05-05T00:21:36Z,J,33,sold,False,BFI IMAX J 33
2026-05-05T00:21:36Z,J,32,sold,False,BFI IMAX J 32
2026-05-05T00:21:36Z,J,31,sold,False,BFI IMAX J 31
2026-05-05T00:21:36Z,J,30,sold,False,BFI IMAX J 30
2026-05-05T00:21:36Z,J,29,sold,False,BFI IMAX J 29
2026-05-05T00:21:36Z,J,28,sold,False,BFI IMAX J 28
2026-05-05T00:21:36Z,J,27,sold,False,BFI IMAX J 27
2026-05-05T00:21:36Z,J,26,sold,False,BFI IMAX J 26
2026-05-05T00:21:36Z,J,25,sold,False,BFI IMAX J 25
2026-05-05T00:21:36Z,J,24,sold,False,BFI IMAX J 24
2026-05-05T00:21:36Z,J,23,sold,False,BFI IMAX J 23
2026-05-05T00:21:36Z,J,22,sold,False,BFI IMAX J 22
2026-05-05T00:21:36Z,J,21,sold,False,BFI IMAX J 21
2026-05-05T00:21:36Z,J,20,sold,False,BFI IMAX J 20
2026-05-05T00:21:36Z,J,19,unavailable,False,BFI IMAX J 19
2026-05-05T00:21:36Z,J,18,unavailable,False,BFI IMAX J 18
2026-05-05T00:21:36Z,J,17,unavailable,False,BFI IMAX J 17
2026-05-05T00:21:36Z,J,16,unavailable,False,BFI IMAX J 16
2026-05-05T00:21:36Z,J,15,unavailable,False,BFI IMAX J 15
2026-05-05T00:21:36Z,J,14,unavailable,False,BFI IMAX J 14
2026-05-05T00:21:36Z,J,13,unavailable,False,BFI IMAX J 13
2026-05-05T00:21:36Z,J,12,unavailable,False,BFI IMAX J 12
2026-05-05T00:21:36Z,J,11,unavailable,False,BFI IMAX J 11
2026-05-05T00:21:36Z,J,10,unavailable,False,BFI IMAX J 10
2026-05-05T00:21:36Z,J,9,sold,False,BFI IMAX J 9
2026-05-05T00:21:36Z,J,8,sold,False,BFI IMAX J 8
2026-05-05T00:21:36Z,J,7,sold,False,BFI IMAX J 7
2026-05-05T00:21:36Z,J,6,sold,False,BFI IMAX J 6
2026-05-05T00:21:36Z,J,5,sold,False,BFI IMAX J 5
2026-05-05T00:21:36Z,J,4,sold,False,BFI IMAX J 4
2026-05-05T00:21:36Z,J,3,sold,False,BFI IMAX J 3
2026-05-05T00:21:36Z,J,2,sold,False,BFI IMAX J 2
2026-05-05T00:21:36Z,J,1,sold,False,BFI IMAX J 1
2026-05-05T00:21:36Z,K,36,sold,False,BFI IMAX K 36
2026-05-05T00:21:36Z,K,35,sold,False,BFI IMAX K 35
2026-05-05T00:21:36Z,K,34,sold,False,BFI IMAX K 34
2026-05-05T00:21:36Z,K,33,sold,False,BFI IMAX K 33
2026-05-05T00:21:36Z,K,32,sold,False,BFI IMAX K 32
2026-05-05T00:21:36Z,K,31,sold,False,BFI IMAX K 31
2026-05-05T00:21:36Z,K,30,sold,False,BFI IMAX K 30
2026-05-05T00:21:36Z,K,29,sold,False,BFI IMAX K 29
2026-05-05T00:21:36Z,K,28,sold,False,BFI IMAX K 28
2026-05-05T00:21:36Z,A,13,unavailable,False,BFI IMAX A 13
2026-05-05T00:21:36Z,A,12,unavailable,False,BFI IMAX A 12
2026-05-05T00:21:36Z,K,25,sold,False,BFI IMAX K 25
2026-05-05T00:21:36Z,K,24,sold,False,BFI IMAX K 24
2026-05-05T00:21:36Z,K,23,sold,False,BFI IMAX K 23
2026-05-05T00:21:36Z,K,22,sold,False,BFI IMAX K 22
2026-05-05T00:21:36Z,K,21,sold,False,BFI IMAX K 21
2026-05-05T00:21:36Z,K,20,sold,False,BFI IMAX K 20
2026-05-05T00:21:36Z,K,19,unavailable,False,BFI IMAX K 19
2026-05-05T00:21:36Z,K,18,unavailable,False,BFI IMAX K 18
2026-05-05T00:21:36Z,K,17,unavailable,False,BFI IMAX K 17
2026-05-05T00:21:36Z,K,16,unavailable,False,BFI IMAX K 16
2026-05-05T00:21:36Z,K,15,unavailable,False,BFI IMAX K 15
2026-05-05T00:21:36Z,K,14,unavailable,False,BFI IMAX K 14
2026-05-05T00:21:36Z,K,13,unavailable,False,BFI IMAX K 13
2026-05-05T00:21:36Z,K,12,unavailable,False,BFI IMAX K 12
2026-05-05T00:21:36Z,K,11,unavailable,False,BFI IMAX K 11
2026-05-05T00:21:36Z,K,10,unavailable,False,BFI IMAX K 10
2026-05-05T00:21:36Z,K,9,sold,False,BFI IMAX K 9
2026-05-05T00:21:36Z,K,8,sold,False,BFI IMAX K 8
2026-05-05T00:21:36Z,K,7,sold,False,BFI IMAX K 7
2026-05-05T00:21:36Z,K,6,sold,False,BFI IMAX K 6
2026-05-05T00:21:36Z,K,5,sold,False,BFI IMAX K 5
2026-05-05T00:21:36Z,K,4,sold,False,BFI IMAX K 4
2026-05-05T00:21:36Z,K,3,sold,False,BFI IMAX K 3
2026-05-05T00:21:36Z,K,2,sold,False,BFI IMAX K 2
2026-05-05T00:21:36Z,K,1,sold,False,BFI IMAX K 1
2026-05-05T00:21:36Z,L,33,sold,False,BFI IMAX L 33
2026-05-05T00:21:36Z,L,32,sold,False,BFI IMAX L 32
2026-05-05T00:21:36Z,L,31,sold,False,BFI IMAX L 31
2026-05-05T00:21:36Z,L,30,sold,False,BFI IMAX L 30
2026-05-05T00:21:36Z,L,29,sold,False,BFI IMAX L 29
2026-05-05T00:21:36Z,L,28,sold,False,BFI IMAX L 28
2026-05-05T00:21:36Z,L,27,sold,False,BFI IMAX L 27
2026-05-05T00:21:36Z,L,26,sold,False,BFI IMAX L 26
2026-05-05T00:21:36Z,L,8,sold,False,BFI IMAX L 8
2026-05-05T00:21:36Z,L,7,sold,False,BFI IMAX L 7
2026-05-05T00:21:36Z,L,6,sold,False,BFI IMAX L 6
2026-05-05T00:21:36Z,L,5,sold,False,BFI IMAX L 5
2026-05-05T00:21:36Z,L,4,sold,False,BFI IMAX L 4
2026-05-05T00:21:36Z,L,3,sold,False,BFI IMAX L 3
2026-05-05T00:21:36Z,L,2,sold,False,BFI IMAX L 2
2026-05-05T00:21:36Z,L,1,sold,False,BFI IMAX L 1
2026-05-05T00:21:36Z,M,34,sold,False,BFI IMAX M 34
2026-05-05T00:21:36Z,M,33,sold,False,BFI IMAX M 33
2026-05-05T00:21:36Z,M,32,sold,False,BFI IMAX M 32
2026-05-05T00:21:36Z,M,31,sold,False,BFI IMAX M 31
2026-05-05T00:21:36Z,M,30,sold,False,BFI IMAX M 30
2026-05-05T00:21:36Z,M,29,sold,False,BFI IMAX M 29
2026-05-05T00:21:36Z,M,28,sold,False,BFI IMAX M 28
2026-05-05T00:21:36Z,M,27,sold,False,BFI IMAX M 27
2026-05-05T00:21:36Z,A,11,unavailable,False,BFI IMAX A 11
2026-05-05T00:21:36Z,A,10,unavailable,False,BFI IMAX A 10
2026-05-05T00:21:36Z,M,6,sold,False,BFI IMAX M 6
2026-05-05T00:21:36Z,M,5,sold,False,BFI IMAX M 5
2026-05-05T00:21:36Z,M,4,sold,False,BFI IMAX M 4
2026-05-05T00:21:36Z,M,3,sold,False,BFI IMAX M 3
2026-05-05T00:21:36Z,M,2,sold,False,BFI IMAX M 2
2026-05-05T00:21:36Z,M,1,sold,False,BFI IMAX M 1
2026-05-05T00:21:36Z,N,34,unavailable,False,BFI IMAX N 34
2026-05-05T00:21:36Z,N,33,unavailable,False,BFI IMAX N 33
2026-05-05T00:21:36Z,N,32,unavailable,False,BFI IMAX N 32
2026-05-05T00:21:36Z,N,31,unavailable,False,BFI IMAX N 31
2026-05-05T00:21:36Z,N,30,unavailable,False,BFI IMAX N 30
2026-05-05T00:21:36Z,N,29,unavailable,False,BFI IMAX N 29
2026-05-05T00:21:36Z,N,28,sold,False,BFI IMAX N 28
2026-05-05T00:21:36Z,N,27,sold,False,BFI IMAX N 27
2026-05-05T00:21:36Z,N,8,sold,False,BFI IMAX N 8
2026-05-05T00:21:36Z,N,7,sold,False,BFI IMAX N 7
2026-05-05T00:21:36Z,N,6,sold,False,BFI IMAX N 6
2026-05-05T00:21:36Z,N,5,sold,False,BFI IMAX N 5
2026-05-05T00:21:36Z,N,4,sold,False,BFI IMAX N 4
2026-05-05T00:21:36Z,N,3,sold,False,BFI IMAX N 3
2026-05-05T00:21:36Z,N,2,sold,False,BFI IMAX N 2
2026-05-05T00:21:36Z,N,1,sold,False,BFI IMAX N 1
2026-05-05T00:21:36Z,P,31,sold,False,BFI IMAX P 31
2026-05-05T00:21:36Z,A,9,unavailable,False,BFI IMAX A 9
2026-05-05T00:21:36Z,A,8,unavailable,False,BFI IMAX A 8
2026-05-05T00:21:36Z,P,26,unavailable,False,BFI IMAX P 26
2026-05-05T00:21:36Z,P,6,sold,False,BFI IMAX P 6
2026-05-05T00:21:36Z,A,7,unavailable,False,BFI IMAX A 7
2026-05-05T00:21:36Z,A,6,unavailable,False,BFI IMAX A 6
2026-05-05T00:21:36Z,P,1,sold,False,BFI IMAX P 1
2026-05-05T00:21:36Z,M,11,sold,False,BFI IMAX M 11
2026-05-05T00:21:36Z,M,10,sold,False,BFI IMAX M 10
2026-05-05T00:21:36Z,M,9,sold,False,BFI IMAX M 9
2026-05-05T00:21:36Z,L,9,sold,False,BFI IMAX L 9
2026-05-05T00:21:36Z,L,25,sold,False,BFI IMAX L 25
2026-05-05T00:21:36Z,L,24,sold,False,BFI IMAX L 24
2026-05-05T00:21:36Z,L,23,sold,False,BFI IMAX L 23
2026-05-05T00:21:36Z,L,22,sold,False,BFI IMAX L 22
2026-05-05T00:21:36Z,L,21,sold,False,BFI IMAX L 21
2026-05-05T00:21:36Z,L,20,sold,False,BFI IMAX L 20
2026-05-05T00:21:36Z,L,19,sold,False,BFI IMAX L 19
2026-05-05T00:21:36Z,L,18,sold,False,BFI IMAX L 18
2026-05-05T00:21:36Z,L,17,sold,False,BFI IMAX L 17
2026-05-05T00:21:36Z,L,16,sold,False,BFI IMAX L 16
2026-05-05T00:21:36Z,L,15,sold,False,BFI IMAX L 15
2026-05-05T00:21:36Z,L,14,sold,False,BFI IMAX L 14
2026-05-05T00:21:36Z,L,13,sold,False,BFI IMAX L 13
2026-05-05T00:21:36Z,L,12,sold,False,BFI IMAX L 12
2026-05-05T00:21:36Z,L,11,sold,False,BFI IMAX L 11
2026-05-05T00:21:36Z,N,26,unavailable,False,BFI IMAX N 26
2026-05-05T00:21:36Z,N,25,unavailable,False,BFI IMAX N 25
2026-05-05T00:21:36Z,N,24,unavailable,False,BFI IMAX N 24
2026-05-05T00:21:36Z,N,23,unavailable,False,BFI IMAX N 23
2026-05-05T00:21:36Z,N,22,sold,False,BFI IMAX N 22
2026-05-05T00:21:36Z,N,21,sold,False,BFI IMAX N 21
2026-05-05T00:21:36Z,N,20,sold,False,BFI IMAX N 20
2026-05-05T00:21:36Z,N,19,sold,False,BFI IMAX N 19
2026-05-05T00:21:36Z,N,18,sold,False,BFI IMAX N 18
2026-05-05T00:21:36Z,N,17,sold,False,BFI IMAX N 17
2026-05-05T00:21:36Z,N,16,sold,False,BFI IMAX N 16
2026-05-05T00:21:36Z,N,15,sold,False,BFI IMAX N 15
2026-05-05T00:21:36Z,N,14,sold,False,BFI IMAX N 14
2026-05-05T00:21:36Z,N,13,sold,False,BFI IMAX N 13
2026-05-05T00:21:36Z,N,12,unavailable,False,BFI IMAX N 12
2026-05-05T00:21:36Z,N,11,unavailable,False,BFI IMAX N 11
2026-05-05T00:21:36Z,N,10,unavailable,False,BFI IMAX N 10
2026-05-05T00:21:36Z,N,9,unavailable,False,BFI IMAX N 9
2026-05-05T00:21:36Z,L,10,sold,False,BFI IMAX L 10
2026-05-05T00:21:36Z,M,26,sold,False,BFI IMAX M 26
2026-05-05T00:21:36Z,M,25,sold,False,BFI IMAX M 25
2026-05-05T00:21:36Z,M,24,sold,False,BFI IMAX M 24
2026-05-05T00:21:36Z,M,23,sold,False,BFI IMAX M 23
2026-05-05T00:21:36Z,M,22,sold,False,BFI IMAX M 22
2026-05-05T00:21:36Z,M,21,sold,False,BFI IMAX M 21
2026-05-05T00:21:36Z,M,20,sold,False,BFI IMAX M 20
2026-05-05T00:21:36Z,M,19,sold,False,BFI IMAX M 19
2026-05-05T00:21:36Z,M,18,sold,False,BFI IMAX M 18
2026-05-05T00:21:36Z,M,17,sold,False,BFI IMAX M 17
2026-05-05T00:21:36Z,M,16,sold,False,BFI IMAX M 16
2026-05-05T00:21:36Z,M,15,sold,False,BFI IMAX M 15
2026-05-05T00:21:36Z,M,14,sold,False,BFI IMAX M 14
2026-05-05T00:21:36Z,M,13,sold,False,BFI IMAX M 13
2026-05-05T00:21:36Z,M,12,sold,False,BFI IMAX M 12
2026-05-05T00:21:36Z,P,30,sold,True,BFI IMAX P 30
2026-05-05T00:21:36Z,P,27,sold,True,BFI IMAX P 27
2026-05-05T00:21:36Z,P,2,sold,True,BFI IMAX P 2
2026-05-05T00:21:36Z,P,5,sold,True,BFI IMAX P 5
2026-05-05T00:21:36Z,P,19,sold,False,BFI IMAX P 19
2026-05-05T00:21:36Z,P,18,sold,False,BFI IMAX P 18
2026-05-05T00:21:36Z,P,17,sold,False,BFI IMAX P 17
2026-05-05T00:21:36Z,P,16,sold,False,BFI IMAX P 16
2026-05-05T00:21:36Z,P,15,sold,False,BFI IMAX P 15
2026-05-05T00:21:36Z,P,14,sold,False,BFI IMAX P 14
2026-05-05T00:21:36Z,P,13,sold,False,BFI IMAX P 13
2026-05-05T00:21:36Z,P,12,sold,False,BFI IMAX P 12
2026-05-05T00:21:36Z,P,11,sold,False,BFI IMAX P 11
2026-05-05T00:21:36Z,P,10,sold,False,BFI IMAX P 10
2026-05-05T00:21:36Z,P,9,sold,False,BFI IMAX P 9
2026-05-05T00:21:36Z,P,8,sold,False,BFI IMAX P 8
2026-05-05T00:21:36Z,P,7,sold,False,BFI IMAX P 7
2026-05-05T00:21:36Z,P,25,sold,False,BFI IMAX P 25
2026-05-05T00:21:36Z,P,24,sold,False,BFI IMAX P 24
2026-05-05T00:21:36Z,P,23,sold,False,BFI IMAX P 23
2026-05-05T00:21:36Z,P,22,sold,False,BFI IMAX P 22
2026-05-05T00:21:36Z,P,21,sold,False,BFI IMAX P 21
2026-05-05T00:21:36Z,P,20,sold,False,BFI IMAX P 20
2026-05-05T00:21:36Z,Q,18,sold,False,BFI IMAX Q 18
2026-05-05T00:21:36Z,Q,17,sold,False,BFI IMAX Q 17
2026-05-05T00:21:36Z,Q,16,sold,False,BFI IMAX Q 16
2026-05-05T00:21:36Z,Q,15,sold,False,BFI IMAX Q 15
2026-05-05T00:21:36Z,Q,14,sold,False,BFI IMAX Q 14
2026-05-05T00:21:36Z,Q,13,sold,False,BFI IMAX Q 13
2026-05-05T00:21:36Z,Q,12,sold,False,BFI IMAX Q 12
2026-05-05T00:21:36Z,Q,11,sold,False,BFI IMAX Q 11
2026-05-05T00:21:36Z,Q,10,sold,False,BFI IMAX Q 10
2026-05-05T00:21:36Z,Q,9,sold,False,BFI IMAX Q 9
2026-05-05T00:21:36Z,Q,8,sold,False,BFI IMAX Q 8
2026-05-05T00:21:36Z,Q,7,sold,False,BFI IMAX Q 7
2026-05-05T00:21:36Z,Q,6,sold,False,BFI IMAX Q 6
2026-05-05T00:21:36Z,Q,5,sold,False,BFI IMAX Q 5
2026-05-05T00:21:36Z,Q,4,sold,False,BFI IMAX Q 4
2026-05-05T00:21:36Z,Q,3,sold,False,BFI IMAX Q 3
2026-05-05T00:21:36Z,Q,2,sold,False,BFI IMAX Q 2
2026-05-05T00:21:36Z,Q,1,sold,False,BFI IMAX Q 1
2026-05-05T01:13:08Z,K,27,sold,False,BFI IMAX K 27
2026-05-05T01:13:08Z,K,26,sold,False,BFI IMAX K 26
2026-05-05T01:13:08Z,M,8,sold,False,BFI IMAX M 8
2026-05-05T01:13:08Z,M,7,sold,False,BFI IMAX M 7
2026-05-05T01:13:08Z,P,29,available,True,BFI IMAX P 29
2026-05-05T01:13:08Z,P,28,sold,True,BFI IMAX P 28
2026-05-05T01:13:08Z,P,4,available,True,BFI IMAX P 4
2026-05-05T01:13:08Z,P,3,available,True,BFI IMAX P 3
2026-05-05T01:13:08Z,A,5,unavailable,False,BFI IMAX A 5
2026-05-05T01:13:08Z,A,4,unavailable,False,BFI IMAX A 4
2026-05-05T01:13:08Z,A,3,unavailable,False,BFI IMAX A 3
2026-05-05T01:13:08Z,A,2,unavailable,False,BFI IMAX A 2
2026-05-05T01:13:08Z,A,1,unavailable,False,BFI IMAX A 1
2026-05-05T01:13:08Z,B,36,unavailable,False,BFI IMAX B 36
2026-05-05T01:13:08Z,B,35,unavailable,False,BFI IMAX B 35
2026-05-05T01:13:08Z,B,34,unavailable,False,BFI IMAX B 34
2026-05-05T01:13:08Z,B,33,unavailable,False,BFI IMAX B 33
2026-05-05T01:13:08Z,B,32,unavailable,False,BFI IMAX B 32
2026-05-05T01:13:08Z,B,31,unavailable,False,BFI IMAX B 31
2026-05-05T01:13:08Z,B,30,unavailable,False,BFI IMAX B 30
2026-05-05T01:13:08Z,B,29,unavailable,False,BFI IMAX B 29
2026-05-05T01:13:08Z,B,28,unavailable,False,BFI IMAX B 28
2026-05-05T01:13:08Z,B,27,unavailable,False,BFI IMAX B 27
2026-05-05T01:13:08Z,B,26,unavailable,False,BFI IMAX B 26
2026-05-05T01:13:08Z,B,25,unavailable,False,BFI IMAX B 25
2026-05-05T01:13:08Z,B,24,unavailable,False,BFI IMAX B 24
2026-05-05T01:13:08Z,B,23,unavailable,False,BFI IMAX B 23
2026-05-05T01:13:08Z,B,22,unavailable,False,BFI IMAX B 22
2026-05-05T01:13:08Z,B,21,sold,False,BFI IMAX B 21
2026-05-05T01:13:08Z,B,20,sold,False,BFI IMAX B 20
2026-05-05T01:13:08Z,B,19,sold,False,BFI IMAX B 19
2026-05-05T01:13:08Z,B,18,sold,False,BFI IMAX B 18
2026-05-05T01:13:08Z,B,17,sold,False,BFI IMAX B 17
2026-05-05T01:13:08Z,B,16,sold,False,BFI IMAX B 16
2026-05-05T01:13:08Z,B,15,sold,False,BFI IMAX B 15
2026-05-05T01:13:08Z,B,14,sold,False,BFI IMAX B 14
2026-05-05T01:13:08Z,B,13,unavailable,False,BFI IMAX B 13
2026-05-05T01:13:08Z,B,12,unavailable,False,BFI IMAX B 12
2026-05-05T01:13:08Z,B,11,unavailable,False,BFI IMAX B 11
2026-05-05T01:13:08Z,B,10,unavailable,False,BFI IMAX B 10
2026-05-05T01:13:08Z,B,9,unavailable,False,BFI IMAX B 9
2026-05-05T01:13:08Z,B,8,unavailable,False,BFI IMAX B 8
2026-05-05T01:13:08Z,B,7,unavailable,False,BFI IMAX B 7
2026-05-05T01:13:08Z,B,6,unavailable,False,BFI IMAX B 6
2026-05-05T01:13:08Z,B,5,unavailable,False,BFI IMAX B 5
2026-05-05T01:13:08Z,B,4,unavailable,False,BFI IMAX B 4
2026-05-05T01:13:08Z,B,3,unavailable,False,BFI IMAX B 3
2026-05-05T01:13:08Z,B,2,unavailable,False,BFI IMAX B 2
2026-05-05T01:13:08Z,B,1,unavailable,False,BFI IMAX B 1
2026-05-05T01:13:08Z,C,36,sold,False,BFI IMAX C 36
2026-05-05T01:13:08Z,C,35,sold,False,BFI IMAX C 35
2026-05-05T01:13:08Z,C,34,sold,False,BFI IMAX C 34
2026-05-05T01:13:08Z,C,33,sold,False,BFI IMAX C 33
2026-05-05T01:13:08Z,C,32,sold,False,BFI IMAX C 32
2026-05-05T01:13:08Z,C,31,sold,False,BFI IMAX C 31
2026-05-05T01:13:08Z,C,30,sold,False,BFI IMAX C 30
2026-05-05T01:13:08Z,C,29,sold,False,BFI IMAX C 29
2026-05-05T01:13:08Z,C,28,sold,False,BFI IMAX C 28
2026-05-05T01:13:08Z,C,27,sold,False,BFI IMAX C 27
2026-05-05T01:13:08Z,C,26,sold,False,BFI IMAX C 26
2026-05-05T01:13:08Z,C,25,unavailable,False,BFI IMAX C 25
2026-05-05T01:13:08Z,C,24,unavailable,False,BFI IMAX C 24
2026-05-05T01:13:08Z,C,23,unavailable,False,BFI IMAX C 23
2026-05-05T01:13:08Z,C,22,sold,False,BFI IMAX C 22
2026-05-05T01:13:08Z,C,21,sold,False,BFI IMAX C 21
2026-05-05T01:13:08Z,C,20,sold,False,BFI IMAX C 20
2026-05-05T01:13:08Z,C,19,sold,False,BFI IMAX C 19
2026-05-05T01:13:08Z,C,18,sold,False,BFI IMAX C 18
2026-05-05T01:13:08Z,C,17,sold,False,BFI IMAX C 17
2026-05-05T01:13:08Z,C,16,sold,False,BFI IMAX C 16
2026-05-05T01:13:08Z,C,15,sold,False,BFI IMAX C 15
2026-05-05T01:13:08Z,C,14,sold,False,BFI IMAX C 14
2026-05-05T01:13:08Z,C,13,sold,False,BFI IMAX C 13
2026-05-05T01:13:08Z,C,12,sold,False,BFI IMAX C 12
2026-05-05T01:13:08Z,C,11,sold,False,BFI IMAX C 11
2026-05-05T01:13:08Z,C,10,sold,False,BFI IMAX C 10
2026-05-05T01:13:08Z,C,9,sold,False,BFI IMAX C 9
2026-05-05T01:13:08Z,C,8,sold,False,BFI IMAX C 8
2026-05-05T01:13:08Z,C,7,sold,False,BFI IMAX C 7
2026-05-05T01:13:08Z,C,6,sold,False,BFI IMAX C 6
2026-05-05T01:13:08Z,C,5,sold,False,BFI IMAX C 5
2026-05-05T01:13:08Z,C,4,sold,False,BFI IMAX C 4
2026-05-05T01:13:08Z,C,3,sold,False,BFI IMAX C 3
2026-05-05T01:13:08Z,C,2,sold,False,BFI IMAX C 2
2026-05-05T01:13:08Z,C,1,sold,False,BFI IMAX C 1
2026-05-05T01:13:08Z,D,37,sold,False,BFI IMAX D 37
2026-05-05T01:13:08Z,D,36,sold,False,BFI IMAX D 36
2026-05-05T01:13:08Z,D,35,sold,False,BFI IMAX D 35
2026-05-05T01:13:08Z,D,34,sold,False,BFI IMAX D 34
2026-05-05T01:13:08Z,D,33,sold,False,BFI IMAX D 33
2026-05-05T01:13:08Z,D,32,sold,False,BFI IMAX D 32
2026-05-05T01:13:08Z,D,31,sold,False,BFI IMAX D 31
2026-05-05T01:13:08Z,D,30,sold,False,BFI IMAX D 30
2026-05-05T01:13:08Z,D,29,sold,False,BFI IMAX D 29
2026-05-05T01:13:08Z,D,28,sold,False,BFI IMAX D 28
2026-05-05T01:13:08Z,D,27,sold,False,BFI IMAX D 27
2026-05-05T01:13:08Z,D,26,sold,False,BFI IMAX D 26
2026-05-05T01:13:08Z,D,25,sold,False,BFI IMAX D 25
2026-05-05T01:13:08Z,D,24,sold,False,BFI IMAX D 24
2026-05-05T01:13:08Z,D,23,sold,False,BFI IMAX D 23
2026-05-05T01:13:08Z,D,22,sold,False,BFI IMAX D 22
2026-05-05T01:13:08Z,D,21,sold,False,BFI IMAX D 21
2026-05-05T01:13:08Z,D,20,sold,False,BFI IMAX D 20
2026-05-05T01:13:08Z,D,19,unavailable,False,BFI IMAX D 19
2026-05-05T01:13:08Z,D,18,unavailable,False,BFI IMAX D 18
2026-05-05T01:13:08Z,D,17,sold,False,BFI IMAX D 17
2026-05-05T01:13:08Z,D,16,sold,False,BFI IMAX D 16
2026-05-05T01:13:08Z,D,15,sold,False,BFI IMAX D 15
2026-05-05T01:13:08Z,D,14,sold,False,BFI IMAX D 14
2026-05-05T01:13:08Z,D,13,sold,False,BFI IMAX D 13
2026-05-05T01:13:08Z,D,12,sold,False,BFI IMAX D 12
2026-05-05T01:13:08Z,D,11,sold,False,BFI IMAX D 11
2026-05-05T01:13:08Z,D,10,sold,False,BFI IMAX D 10
2026-05-05T01:13:08Z,D,9,sold,False,BFI IMAX D 9
2026-05-05T01:13:08Z,D,8,sold,False,BFI IMAX D 8
2026-05-05T01:13:08Z,D,7,sold,False,BFI IMAX D 7
2026-05-05T01:13:08Z,D,6,sold,False,BFI IMAX D 6
2026-05-05T01:13:08Z,D,5,sold,False,BFI IMAX D 5
2026-05-05T01:13:08Z,D,4,sold,False,BFI IMAX D 4
2026-05-05T01:13:08Z,D,3,sold,False,BFI IMAX D 3
2026-05-05T01:13:08Z,D,2,sold,False,BFI IMAX D 2
2026-05-05T01:13:08Z,D,1,sold,False,BFI IMAX D 1
2026-05-05T01:13:08Z,E,37,sold,False,BFI IMAX E 37
2026-05-05T01:13:08Z,E,36,sold,False,BFI IMAX E 36
2026-05-05T01:13:08Z,E,35,sold,False,BFI IMAX E 35
2026-05-05T01:13:08Z,E,34,sold,False,BFI IMAX E 34
2026-05-05T01:13:08Z,E,33,sold,False,BFI IMAX E 33
2026-05-05T01:13:08Z,E,32,sold,False,BFI IMAX E 32
2026-05-05T01:13:08Z,E,31,sold,False,BFI IMAX E 31
2026-05-05T01:13:08Z,E,30,sold,False,BFI IMAX E 30
2026-05-05T01:13:08Z,E,29,sold,False,BFI IMAX E 29
2026-05-05T01:13:08Z,E,28,sold,False,BFI IMAX E 28
2026-05-05T01:13:08Z,E,27,sold,False,BFI IMAX E 27
2026-05-05T01:13:08Z,E,26,sold,False,BFI IMAX E 26
2026-05-05T01:13:08Z,E,25,sold,False,BFI IMAX E 25
2026-05-05T01:13:08Z,E,24,sold,False,BFI IMAX E 24
2026-05-05T01:13:08Z,E,23,sold,False,BFI IMAX E 23
2026-05-05T01:13:08Z,E,22,sold,False,BFI IMAX E 22
2026-05-05T01:13:08Z,E,21,sold,False,BFI IMAX E 21
2026-05-05T01:13:08Z,E,20,sold,False,BFI IMAX E 20
2026-05-05T01:13:08Z,E,19,sold,False,BFI IMAX E 19
2026-05-05T01:13:08Z,E,18,sold,False,BFI IMAX E 18
2026-05-05T01:13:08Z,E,17,sold,False,BFI IMAX E 17
2026-05-05T01:13:08Z,E,16,sold,False,BFI IMAX E 16
2026-05-05T01:13:08Z,E,15,sold,False,BFI IMAX E 15
2026-05-05T01:13:08Z,E,14,sold,False,BFI IMAX E 14
2026-05-05T01:13:08Z,E,13,sold,False,BFI IMAX E 13
2026-05-05T01:13:08Z,E,12,sold,False,BFI IMAX E 12
2026-05-05T01:13:08Z,E,11,sold,False,BFI IMAX E 11
2026-05-05T01:13:08Z,E,10,sold,False,BFI IMAX E 10
2026-05-05T01:13:08Z,E,9,sold,False,BFI IMAX E 9
2026-05-05T01:13:08Z,E,8,sold,False,BFI IMAX E 8
2026-05-05T01:13:08Z,E,7,sold,False,BFI IMAX E 7
2026-05-05T01:13:08Z,E,6,sold,False,BFI IMAX E 6
2026-05-05T01:13:08Z,E,5,sold,False,BFI IMAX E 5
2026-05-05T01:13:08Z,E,4,sold,False,BFI IMAX E 4
2026-05-05T01:13:08Z,E,3,sold,False,BFI IMAX E 3
2026-05-05T01:13:08Z,E,2,sold,False,BFI IMAX E 2
2026-05-05T01:13:08Z,E,1,sold,False,BFI IMAX E 1
2026-05-05T01:13:08Z,F,38,sold,False,BFI IMAX F 38
2026-05-05T01:13:08Z,F,37,sold,False,BFI IMAX F 37
2026-05-05T01:13:08Z,F,36,sold,False,BFI IMAX F 36
2026-05-05T01:13:08Z,F,35,sold,False,BFI IMAX F 35
2026-05-05T01:13:08Z,F,34,sold,False,BFI IMAX F 34
2026-05-05T01:13:08Z,F,33,sold,False,BFI IMAX F 33
2026-05-05T01:13:08Z,F,32,sold,False,BFI IMAX F 32
2026-05-05T01:13:08Z,F,31,sold,False,BFI IMAX F 31
2026-05-05T01:13:08Z,F,30,sold,False,BFI IMAX F 30
2026-05-05T01:13:08Z,F,29,sold,False,BFI IMAX F 29
2026-05-05T01:13:08Z,F,28,sold,False,BFI IMAX F 28
2026-05-05T01:13:08Z,F,27,sold,False,BFI IMAX F 27
2026-05-05T01:13:08Z,F,26,sold,False,BFI IMAX F 26
2026-05-05T01:13:08Z,F,25,sold,False,BFI IMAX F 25
2026-05-05T01:13:08Z,F,24,sold,False,BFI IMAX F 24
2026-05-05T01:13:08Z,F,23,sold,False,BFI IMAX F 23
2026-05-05T01:13:08Z,F,22,sold,False,BFI IMAX F 22
2026-05-05T01:13:08Z,F,21,sold,False,BFI IMAX F 21
2026-05-05T01:13:08Z,F,20,sold,False,BFI IMAX F 20
2026-05-05T01:13:08Z,F,19,sold,False,BFI IMAX F 19
2026-05-05T01:13:08Z,F,18,sold,False,BFI IMAX F 18
2026-05-05T01:13:08Z,F,17,sold,False,BFI IMAX F 17
2026-05-05T01:13:08Z,F,16,sold,False,BFI IMAX F 16
2026-05-05T01:13:08Z,F,15,sold,False,BFI IMAX F 15
2026-05-05T01:13:08Z,F,14,sold,False,BFI IMAX F 14
2026-05-05T01:13:08Z,F,13,sold,False,BFI IMAX F 13
2026-05-05T01:13:08Z,F,12,sold,False,BFI IMAX F 12
2026-05-05T01:13:08Z,F,11,sold,False,BFI IMAX F 11
2026-05-05T01:13:08Z,F,10,sold,False,BFI IMAX F 10
2026-05-05T01:13:08Z,F,9,sold,False,BFI IMAX F 9
2026-05-05T01:13:08Z,F,8,sold,False,BFI IMAX F 8
2026-05-05T01:13:08Z,F,7,sold,False,BFI IMAX F 7
2026-05-05T01:13:08Z,F,6,sold,False,BFI IMAX F 6
2026-05-05T01:13:08Z,F,5,sold,False,BFI IMAX F 5
2026-05-05T01:13:08Z,F,4,sold,False,BFI IMAX F 4
2026-05-05T01:13:08Z,F,3,sold,False,BFI IMAX F 3
2026-05-05T01:13:08Z,F,2,sold,False,BFI IMAX F 2
2026-05-05T01:13:08Z,F,1,sold,False,BFI IMAX F 1
2026-05-05T01:13:08Z,G,37,sold,False,BFI IMAX G 37
2026-05-05T01:13:08Z,G,36,sold,False,BFI IMAX G 36
2026-05-05T01:13:08Z,G,35,sold,False,BFI IMAX G 35
2026-05-05T01:13:08Z,G,34,sold,False,BFI IMAX G 34
2026-05-05T01:13:08Z,G,33,sold,False,BFI IMAX G 33
2026-05-05T01:13:08Z,G,32,sold,False,BFI IMAX G 32
2026-05-05T01:13:08Z,G,31,sold,False,BFI IMAX G 31
2026-05-05T01:13:08Z,G,30,sold,False,BFI IMAX G 30
2026-05-05T01:13:08Z,G,29,sold,False,BFI IMAX G 29
2026-05-05T01:13:08Z,G,28,sold,False,BFI IMAX G 28
2026-05-05T01:13:08Z,G,27,sold,False,BFI IMAX G 27
2026-05-05T01:13:08Z,G,26,sold,False,BFI IMAX G 26
2026-05-05T01:13:08Z,G,25,sold,False,BFI IMAX G 25
2026-05-05T01:13:08Z,G,24,sold,False,BFI IMAX G 24
2026-05-05T01:13:08Z,G,23,sold,False,BFI IMAX G 23
2026-05-05T01:13:08Z,G,22,sold,False,BFI IMAX G 22
2026-05-05T01:13:08Z,G,21,sold,False,BFI IMAX G 21
2026-05-05T01:13:08Z,G,20,sold,False,BFI IMAX G 20
2026-05-05T01:13:08Z,G,19,sold,False,BFI IMAX G 19
2026-05-05T01:13:08Z,G,18,sold,False,BFI IMAX G 18
2026-05-05T01:13:08Z,G,17,sold,False,BFI IMAX G 17
2026-05-05T01:13:08Z,G,16,sold,False,BFI IMAX G 16
2026-05-05T01:13:08Z,G,15,sold,False,BFI IMAX G 15
2026-05-05T01:13:08Z,G,14,sold,False,BFI IMAX G 14
2026-05-05T01:13:08Z,G,13,sold,False,BFI IMAX G 13
2026-05-05T01:13:08Z,G,12,sold,False,BFI IMAX G 12
2026-05-05T01:13:08Z,G,11,sold,False,BFI IMAX G 11
2026-05-05T01:13:08Z,G,10,sold,False,BFI IMAX G 10
2026-05-05T01:13:08Z,G,9,sold,False,BFI IMAX G 9
2026-05-05T01:13:08Z,G,8,sold,False,BFI IMAX G 8
2026-05-05T01:13:08Z,G,7,sold,False,BFI IMAX G 7
2026-05-05T01:13:08Z,G,6,sold,False,BFI IMAX G 6
2026-05-05T01:13:08Z,G,5,sold,False,BFI IMAX G 5
2026-05-05T01:13:08Z,G,4,sold,False,BFI IMAX G 4
2026-05-05T01:13:08Z,G,3,sold,False,BFI IMAX G 3
2026-05-05T01:13:08Z,G,2,sold,False,BFI IMAX G 2
2026-05-05T01:13:08Z,G,1,sold,False,BFI IMAX G 1
2026-05-05T01:13:08Z,H,37,sold,False,BFI IMAX H 37
2026-05-05T01:13:08Z,H,36,sold,False,BFI IMAX H 36
2026-05-05T01:13:08Z,H,35,sold,False,BFI IMAX H 35
2026-05-05T01:13:08Z,H,34,sold,False,BFI IMAX H 34
2026-05-05T01:13:08Z,H,33,sold,False,BFI IMAX H 33
2026-05-05T01:13:08Z,H,32,sold,False,BFI IMAX H 32
2026-05-05T01:13:08Z,H,31,sold,False,BFI IMAX H 31
2026-05-05T01:13:08Z,H,30,sold,False,BFI IMAX H 30
2026-05-05T01:13:08Z,H,29,sold,False,BFI IMAX H 29
2026-05-05T01:13:08Z,H,28,sold,False,BFI IMAX H 28
2026-05-05T01:13:08Z,H,27,unavailable,False,BFI IMAX H 27
2026-05-05T01:13:08Z,H,26,unavailable,False,BFI IMAX H 26
2026-05-05T01:13:08Z,H,25,unavailable,False,BFI IMAX H 25
2026-05-05T01:13:08Z,H,24,unavailable,False,BFI IMAX H 24
2026-05-05T01:13:08Z,H,23,unavailable,False,BFI IMAX H 23
2026-05-05T01:13:08Z,H,22,unavailable,False,BFI IMAX H 22
2026-05-05T01:13:08Z,H,21,unavailable,False,BFI IMAX H 21
2026-05-05T01:13:08Z,H,20,unavailable,False,BFI IMAX H 20
2026-05-05T01:13:08Z,H,19,sold,False,BFI IMAX H 19
2026-05-05T01:13:08Z,H,18,sold,False,BFI IMAX H 18
2026-05-05T01:13:08Z,H,17,sold,False,BFI IMAX H 17
2026-05-05T01:13:08Z,H,16,sold,False,BFI IMAX H 16
2026-05-05T01:13:08Z,H,15,sold,False,BFI IMAX H 15
2026-05-05T01:13:08Z,H,14,sold,False,BFI IMAX H 14
2026-05-05T01:13:08Z,H,13,sold,False,BFI IMAX H 13
2026-05-05T01:13:08Z,H,12,sold,False,BFI IMAX H 12
2026-05-05T01:13:08Z,H,11,sold,False,BFI IMAX H 11
2026-05-05T01:13:08Z,H,10,sold,False,BFI IMAX H 10
2026-05-05T01:13:08Z,H,9,sold,False,BFI IMAX H 9
2026-05-05T01:13:08Z,H,8,sold,False,BFI IMAX H 8
2026-05-05T01:13:08Z,H,7,sold,False,BFI IMAX H 7
2026-05-05T01:13:08Z,H,6,sold,False,BFI IMAX H 6
2026-05-05T01:13:08Z,H,5,sold,False,BFI IMAX H 5
2026-05-05T01:13:08Z,H,4,sold,False,BFI IMAX H 4
2026-05-05T01:13:08Z,H,3,sold,False,BFI IMAX H 3
2026-05-05T01:13:08Z,H,2,sold,False,BFI IMAX H 2
2026-05-05T01:13:08Z,H,1,sold,False,BFI IMAX H 1
2026-05-05T01:13:08Z,J,36,sold,False,BFI IMAX J 36
2026-05-05T01:13:08Z,J,35,sold,False,BFI IMAX J 35
2026-05-05T01:13:08Z,J,34,sold,False,BFI IMAX J 34
2026-05-05T01:13:08Z,J,33,sold,False,BFI IMAX J 33
2026-05-05T01:13:08Z,J,32,sold,False,BFI IMAX J 32
2026-05-05T01:13:08Z,J,31,sold,False,BFI IMAX J 31
2026-05-05T01:13:08Z,J,30,sold,False,BFI IMAX J 30
2026-05-05T01:13:08Z,J,29,sold,False,BFI IMAX J 29
2026-05-05T01:13:08Z,J,28,sold,False,BFI IMAX J 28
2026-05-05T01:13:08Z,J,27,sold,False,BFI IMAX J 27
2026-05-05T01:13:08Z,J,26,sold,False,BFI IMAX J 26
2026-05-05T01:13:08Z,J,25,sold,False,BFI IMAX J 25
2026-05-05T01:13:08Z,J,24,sold,False,BFI IMAX J 24
2026-05-05T01:13:08Z,J,23,sold,False,BFI IMAX J 23
2026-05-05T01:13:08Z,J,22,sold,False,BFI IMAX J 22
2026-05-05T01:13:08Z,J,21,sold,False,BFI IMAX J 21
2026-05-05T01:13:08Z,J,20,sold,False,BFI IMAX J 20
2026-05-05T01:13:08Z,J,19,unavailable,False,BFI IMAX J 19
2026-05-05T01:13:08Z,J,18,unavailable,False,BFI IMAX J 18
2026-05-05T01:13:08Z,J,17,unavailable,False,BFI IMAX J 17
2026-05-05T01:13:08Z,J,16,unavailable,False,BFI IMAX J 16
2026-05-05T01:13:08Z,J,15,unavailable,False,BFI IMAX J 15
2026-05-05T01:13:08Z,J,14,unavailable,False,BFI IMAX J 14
2026-05-05T01:13:08Z,J,13,unavailable,False,BFI IMAX J 13
2026-05-05T01:13:08Z,J,12,unavailable,False,BFI IMAX J 12
2026-05-05T01:13:08Z,J,11,unavailable,False,BFI IMAX J 11
2026-05-05T01:13:08Z,J,10,unavailable,False,BFI IMAX J 10
2026-05-05T01:13:08Z,J,9,sold,False,BFI IMAX J 9
2026-05-05T01:13:08Z,J,8,sold,False,BFI IMAX J 8
2026-05-05T01:13:08Z,J,7,sold,False,BFI IMAX J 7
2026-05-05T01:13:08Z,J,6,sold,False,BFI IMAX J 6
2026-05-05T01:13:08Z,J,5,sold,False,BFI IMAX J 5
2026-05-05T01:13:08Z,J,4,sold,False,BFI IMAX J 4
2026-05-05T01:13:08Z,J,3,sold,False,BFI IMAX J 3
2026-05-05T01:13:08Z,J,2,sold,False,BFI IMAX J 2
2026-05-05T01:13:08Z,J,1,sold,False,BFI IMAX J 1
2026-05-05T01:13:08Z,K,36,sold,False,BFI IMAX K 36
2026-05-05T01:13:08Z,K,35,sold,False,BFI IMAX K 35
2026-05-05T01:13:08Z,K,34,sold,False,BFI IMAX K 34
2026-05-05T01:13:08Z,K,33,sold,False,BFI IMAX K 33
2026-05-05T01:13:08Z,K,32,sold,False,BFI IMAX K 32
2026-05-05T01:13:08Z,K,31,sold,False,BFI IMAX K 31
2026-05-05T01:13:08Z,K,30,sold,False,BFI IMAX K 30
2026-05-05T01:13:08Z,K,29,sold,False,BFI IMAX K 29
2026-05-05T01:13:08Z,K,28,sold,False,BFI IMAX K 28
2026-05-05T01:13:08Z,A,13,unavailable,False,BFI IMAX A 13
2026-05-05T01:13:08Z,A,12,unavailable,False,BFI IMAX A 12
2026-05-05T01:13:08Z,K,25,sold,False,BFI IMAX K 25
2026-05-05T01:13:08Z,K,24,sold,False,BFI IMAX K 24
2026-05-05T01:13:08Z,K,23,sold,False,BFI IMAX K 23
2026-05-05T01:13:08Z,K,22,sold,False,BFI IMAX K 22
2026-05-05T01:13:08Z,K,21,sold,False,BFI IMAX K 21
2026-05-05T01:13:08Z,K,20,sold,False,BFI IMAX K 20
2026-05-05T01:13:08Z,K,19,unavailable,False,BFI IMAX K 19
2026-05-05T01:13:08Z,K,18,unavailable,False,BFI IMAX K 18
2026-05-05T01:13:08Z,K,17,unavailable,False,BFI IMAX K 17
2026-05-05T01:13:08Z,K,16,unavailable,False,BFI IMAX K 16
2026-05-05T01:13:08Z,K,15,unavailable,False,BFI IMAX K 15
2026-05-05T01:13:08Z,K,14,unavailable,False,BFI IMAX K 14
2026-05-05T01:13:08Z,K,13,unavailable,False,BFI IMAX K 13
2026-05-05T01:13:08Z,K,12,unavailable,False,BFI IMAX K 12
2026-05-05T01:13:08Z,K,11,unavailable,False,BFI IMAX K 11
2026-05-05T01:13:08Z,K,10,unavailable,False,BFI IMAX K 10
2026-05-05T01:13:08Z,K,9,sold,False,BFI IMAX K 9
2026-05-05T01:13:08Z,K,8,sold,False,BFI IMAX K 8
2026-05-05T01:13:08Z,K,7,sold,False,BFI IMAX K 7
2026-05-05T01:13:08Z,K,6,sold,False,BFI IMAX K 6
2026-05-05T01:13:08Z,K,5,sold,False,BFI IMAX K 5
2026-05-05T01:13:08Z,K,4,sold,False,BFI IMAX K 4
2026-05-05T01:13:08Z,K,3,sold,False,BFI IMAX K 3
2026-05-05T01:13:08Z,K,2,sold,False,BFI IMAX K 2
2026-05-05T01:13:08Z,K,1,sold,False,BFI IMAX K 1
2026-05-05T01:13:08Z,L,33,sold,False,BFI IMAX L 33
2026-05-05T01:13:08Z,L,32,sold,False,BFI IMAX L 32
2026-05-05T01:13:08Z,L,31,sold,False,BFI IMAX L 31
2026-05-05T01:13:08Z,L,30,sold,False,BFI IMAX L 30
2026-05-05T01:13:08Z,L,29,sold,False,BFI IMAX L 29
2026-05-05T01:13:08Z,L,28,sold,False,BFI IMAX L 28
2026-05-05T01:13:08Z,L,27,sold,False,BFI IMAX L 27
2026-05-05T01:13:08Z,L,26,sold,False,BFI IMAX L 26
2026-05-05T01:13:08Z,L,8,sold,False,BFI IMAX L 8
2026-05-05T01:13:08Z,L,7,sold,False,BFI IMAX L 7
2026-05-05T01:13:08Z,L,6,sold,False,BFI IMAX L 6
2026-05-05T01:13:08Z,L,5,sold,False,BFI IMAX L 5
2026-05-05T01:13:08Z,L,4,sold,False,BFI IMAX L 4
2026-05-05T01:13:08Z,L,3,sold,False,BFI IMAX L 3
2026-05-05T01:13:08Z,L,2,sold,False,BFI IMAX L 2
2026-05-05T01:13:08Z,L,1,sold,False,BFI IMAX L 1
2026-05-05T01:13:08Z,M,34,sold,False,BFI IMAX M 34
2026-05-05T01:13:08Z,M,33,sold,False,BFI IMAX M 33
2026-05-05T01:13:08Z,M,32,sold,False,BFI IMAX M 32
2026-05-05T01:13:08Z,M,31,sold,False,BFI IMAX M 31
2026-05-05T01:13:08Z,M,30,sold,False,BFI IMAX M 30
2026-05-05T01:13:08Z,M,29,sold,False,BFI IMAX M 29
2026-05-05T01:13:08Z,M,28,sold,False,BFI IMAX M 28
2026-05-05T01:13:08Z,M,27,sold,False,BFI IMAX M 27
2026-05-05T01:13:08Z,A,11,unavailable,False,BFI IMAX A 11
2026-05-05T01:13:08Z,A,10,unavailable,False,BFI IMAX A 10
2026-05-05T01:13:08Z,M,6,sold,False,BFI IMAX M 6
2026-05-05T01:13:08Z,M,5,sold,False,BFI IMAX M 5
2026-05-05T01:13:08Z,M,4,sold,False,BFI IMAX M 4
2026-05-05T01:13:08Z,M,3,sold,False,BFI IMAX M 3
2026-05-05T01:13:08Z,M,2,sold,False,BFI IMAX M 2
2026-05-05T01:13:08Z,M,1,sold,False,BFI IMAX M 1
2026-05-05T01:13:08Z,N,34,unavailable,False,BFI IMAX N 34
2026-05-05T01:13:08Z,N,33,unavailable,False,BFI IMAX N 33
2026-05-05T01:13:08Z,N,32,unavailable,False,BFI IMAX N 32
2026-05-05T01:13:08Z,N,31,unavailable,False,BFI IMAX N 31
2026-05-05T01:13:08Z,N,30,unavailable,False,BFI IMAX N 30
2026-05-05T01:13:08Z,N,29,unavailable,False,BFI IMAX N 29
2026-05-05T01:13:08Z,N,28,sold,False,BFI IMAX N 28
2026-05-05T01:13:08Z,N,27,sold,False,BFI IMAX N 27
2026-05-05T01:13:08Z,N,8,sold,False,BFI IMAX N 8
2026-05-05T01:13:08Z,N,7,sold,False,BFI IMAX N 7
2026-05-05T01:13:08Z,N,6,sold,False,BFI IMAX N 6
2026-05-05T01:13:08Z,N,5,sold,False,BFI IMAX N 5
2026-05-05T01:13:08Z,N,4,sold,False,BFI IMAX N 4
2026-05-05T01:13:08Z,N,3,sold,False,BFI IMAX N 3
2026-05-05T01:13:08Z,N,2,sold,False,BFI IMAX N 2
2026-05-05T01:13:08Z,N,1,sold,False,BFI IMAX N 1
2026-05-05T01:13:08Z,P,31,sold,False,BFI IMAX P 31
2026-05-05T01:13:08Z,A,9,unavailable,False,BFI IMAX A 9
2026-05-05T01:13:08Z,A,8,unavailable,False,BFI IMAX A 8
2026-05-05T01:13:08Z,P,26,unavailable,False,BFI IMAX P 26
2026-05-05T01:13:08Z,P,6,sold,False,BFI IMAX P 6
2026-05-05T01:13:08Z,A,7,unavailable,False,BFI IMAX A 7
2026-05-05T01:13:08Z,A,6,unavailable,False,BFI IMAX A 6
2026-05-05T01:13:08Z,P,1,sold,False,BFI IMAX P 1
2026-05-05T01:13:08Z,M,11,sold,False,BFI IMAX M 11
2026-05-05T01:13:08Z,M,10,sold,False,BFI IMAX M 10
2026-05-05T01:13:08Z,M,9,sold,False,BFI IMAX M 9
2026-05-05T01:13:08Z,L,9,sold,False,BFI IMAX L 9
2026-05-05T01:13:08Z,L,25,sold,False,BFI IMAX L 25
2026-05-05T01:13:08Z,L,24,sold,False,BFI IMAX L 24
2026-05-05T01:13:08Z,L,23,sold,False,BFI IMAX L 23
2026-05-05T01:13:08Z,L,22,sold,False,BFI IMAX L 22
2026-05-05T01:13:08Z,L,21,sold,False,BFI IMAX L 21
2026-05-05T01:13:08Z,L,20,sold,False,BFI IMAX L 20
2026-05-05T01:13:08Z,L,19,sold,False,BFI IMAX L 19
2026-05-05T01:13:08Z,L,18,sold,False,BFI IMAX L 18
2026-05-05T01:13:08Z,L,17,sold,False,BFI IMAX L 17
2026-05-05T01:13:08Z,L,16,sold,False,BFI IMAX L 16
2026-05-05T01:13:08Z,L,15,sold,False,BFI IMAX L 15
2026-05-05T01:13:08Z,L,14,sold,False,BFI IMAX L 14
2026-05-05T01:13:08Z,L,13,sold,False,BFI IMAX L 13
2026-05-05T01:13:08Z,L,12,sold,False,BFI IMAX L 12
2026-05-05T01:13:08Z,L,11,sold,False,BFI IMAX L 11
2026-05-05T01:13:08Z,N,26,unavailable,False,BFI IMAX N 26
2026-05-05T01:13:08Z,N,25,unavailable,False,BFI IMAX N 25
2026-05-05T01:13:08Z,N,24,unavailable,False,BFI IMAX N 24
2026-05-05T01:13:08Z,N,23,unavailable,False,BFI IMAX N 23
2026-05-05T01:13:08Z,N,22,sold,False,BFI IMAX N 22
2026-05-05T01:13:08Z,N,21,sold,False,BFI IMAX N 21
2026-05-05T01:13:08Z,N,20,sold,False,BFI IMAX N 20
2026-05-05T01:13:08Z,N,19,sold,False,BFI IMAX N 19
2026-05-05T01:13:08Z,N,18,sold,False,BFI IMAX N 18
2026-05-05T01:13:08Z,N,17,sold,False,BFI IMAX N 17
2026-05-05T01:13:08Z,N,16,sold,False,BFI IMAX N 16
2026-05-05T01:13:08Z,N,15,sold,False,BFI IMAX N 15
2026-05-05T01:13:08Z,N,14,sold,False,BFI IMAX N 14
2026-05-05T01:13:08Z,N,13,sold,False,BFI IMAX N 13
2026-05-05T01:13:08Z,N,12,unavailable,False,BFI IMAX N 12
2026-05-05T01:13:08Z,N,11,unavailable,False,BFI IMAX N 11
2026-05-05T01:13:08Z,N,10,unavailable,False,BFI IMAX N 10
2026-05-05T01:13:08Z,N,9,unavailable,False,BFI IMAX N 9
2026-05-05T01:13:08Z,L,10,sold,False,BFI IMAX L 10
2026-05-05T01:13:08Z,M,26,sold,False,BFI IMAX M 26
2026-05-05T01:13:08Z,M,25,sold,False,BFI IMAX M 25
2026-05-05T01:13:08Z,M,24,sold,False,BFI IMAX M 24
2026-05-05T01:13:08Z,M,23,sold,False,BFI IMAX M 23
2026-05-05T01:13:08Z,M,22,sold,False,BFI IMAX M 22
2026-05-05T01:13:08Z,M,21,sold,False,BFI IMAX M 21
2026-05-05T01:13:08Z,M,20,sold,False,BFI IMAX M 20
2026-05-05T01:13:08Z,M,19,sold,False,BFI IMAX M 19
2026-05-05T01:13:08Z,M,18,sold,False,BFI IMAX M 18
2026-05-05T01:13:08Z,M,17,sold,False,BFI IMAX M 17
2026-05-05T01:13:08Z,M,16,sold,False,BFI IMAX M 16
2026-05-05T01:13:08Z,M,15,sold,False,BFI IMAX M 15
2026-05-05T01:13:08Z,M,14,sold,False,BFI IMAX M 14
2026-05-05T01:13:08Z,M,13,sold,False,BFI IMAX M 13
2026-05-05T01:13:08Z,M,12,sold,False,BFI IMAX M 12
2026-05-05T01:13:08Z,P,30,sold,True,BFI IMAX P 30
2026-05-05T01:13:08Z,P,27,sold,True,BFI IMAX P 27
2026-05-05T01:13:08Z,P,2,sold,True,BFI IMAX P 2
2026-05-05T01:13:08Z,P,5,sold,True,BFI IMAX P 5
2026-05-05T01:13:08Z,P,19,sold,False,BFI IMAX P 19
2026-05-05T01:13:08Z,P,18,sold,False,BFI IMAX P 18
2026-05-05T01:13:08Z,P,17,sold,False,BFI IMAX P 17
2026-05-05T01:13:08Z,P,16,sold,False,BFI IMAX P 16
2026-05-05T01:13:08Z,P,15,sold,False,BFI IMAX P 15
2026-05-05T01:13:08Z,P,14,sold,False,BFI IMAX P 14
2026-05-05T01:13:08Z,P,13,sold,False,BFI IMAX P 13
2026-05-05T01:13:08Z,P,12,sold,False,BFI IMAX P 12
2026-05-05T01:13:08Z,P,11,sold,False,BFI IMAX P 11
2026-05-05T01:13:08Z,P,10,sold,False,BFI IMAX P 10
2026-05-05T01:13:08Z,P,9,sold,False,BFI IMAX P 9
2026-05-05T01:13:08Z,P,8,sold,False,BFI IMAX P 8
2026-05-05T01:13:08Z,P,7,sold,False,BFI IMAX P 7
2026-05-05T01:13:08Z,P,25,sold,False,BFI IMAX P 25
2026-05-05T01:13:08Z,P,24,sold,False,BFI IMAX P 24
2026-05-05T01:13:08Z,P,23,sold,False,BFI IMAX P 23
2026-05-05T01:13:08Z,P,22,sold,False,BFI IMAX P 22
2026-05-05T01:13:08Z,P,21,sold,False,BFI IMAX P 21
2026-05-05T01:13:08Z,P,20,sold,False,BFI IMAX P 20
2026-05-05T01:13:08Z,Q,18,sold,False,BFI IMAX Q 18
2026-05-05T01:13:08Z,Q,17,sold,False,BFI IMAX Q 17
2026-05-05T01:13:08Z,Q,16,sold,False,BFI IMAX Q 16
2026-05-05T01:13:08Z,Q,15,sold,False,BFI IMAX Q 15
2026-05-05T01:13:08Z,Q,14,sold,False,BFI IMAX Q 14
2026-05-05T01:13:08Z,Q,13,sold,False,BFI IMAX Q 13
2026-05-05T01:13:08Z,Q,12,sold,False,BFI IMAX Q 12
2026-05-05T01:13:08Z,Q,11,sold,False,BFI IMAX Q 11
2026-05-05T01:13:08Z,Q,10,sold,False,BFI IMAX Q 10
2026-05-05T01:13:08Z,Q,9,sold,False,BFI IMAX Q 9
2026-05-05T01:13:08Z,Q,8,sold,False,BFI IMAX Q 8
2026-05-05T01:13:08Z,Q,7,sold,False,BFI IMAX Q 7
2026-05-05T01:13:08Z,Q,6,sold,False,BFI IMAX Q 6
2026-05-05T01:13:08Z,Q,5,sold,False,BFI IMAX Q 5
2026-05-05T01:13:08Z,Q,4,sold,False,BFI IMAX Q 4
2026-05-05T01:13:08Z,Q,3,sold,False,BFI IMAX Q 3
2026-05-05T01:13:08Z,Q,2,sold,False,BFI IMAX Q 2
2026-05-05T01:13:08Z,Q,1,sold,False,BFI IMAX Q 1
2026-05-05T02:20:46Z,K,27,sold,False,BFI IMAX K 27
2026-05-05T02:20:46Z,K,26,sold,False,BFI IMAX K 26
2026-05-05T02:20:46Z,M,8,sold,False,BFI IMAX M 8
2026-05-05T02:20:46Z,M,7,sold,False,BFI IMAX M 7
2026-05-05T02:20:46Z,P,29,available,True,BFI IMAX P 29
2026-05-05T02:20:46Z,P,28,sold,True,BFI IMAX P 28
2026-05-05T02:20:46Z,P,4,available,True,BFI IMAX P 4
2026-05-05T02:20:46Z,P,3,available,True,BFI IMAX P 3
2026-05-05T02:20:46Z,A,5,unavailable,False,BFI IMAX A 5
2026-05-05T02:20:46Z,A,4,unavailable,False,BFI IMAX A 4
2026-05-05T02:20:46Z,A,3,unavailable,False,BFI IMAX A 3
2026-05-05T02:20:46Z,A,2,unavailable,False,BFI IMAX A 2
2026-05-05T02:20:46Z,A,1,unavailable,False,BFI IMAX A 1
2026-05-05T02:20:46Z,B,36,unavailable,False,BFI IMAX B 36
2026-05-05T02:20:46Z,B,35,unavailable,False,BFI IMAX B 35
2026-05-05T02:20:46Z,B,34,unavailable,False,BFI IMAX B 34
2026-05-05T02:20:46Z,B,33,unavailable,False,BFI IMAX B 33
2026-05-05T02:20:46Z,B,32,unavailable,False,BFI IMAX B 32
2026-05-05T02:20:46Z,B,31,unavailable,False,BFI IMAX B 31
2026-05-05T02:20:46Z,B,30,unavailable,False,BFI IMAX B 30
2026-05-05T02:20:46Z,B,29,unavailable,False,BFI IMAX B 29
2026-05-05T02:20:46Z,B,28,unavailable,False,BFI IMAX B 28
2026-05-05T02:20:46Z,B,27,unavailable,False,BFI IMAX B 27
2026-05-05T02:20:46Z,B,26,unavailable,False,BFI IMAX B 26
2026-05-05T02:20:46Z,B,25,unavailable,False,BFI IMAX B 25
2026-05-05T02:20:46Z,B,24,unavailable,False,BFI IMAX B 24
2026-05-05T02:20:46Z,B,23,unavailable,False,BFI IMAX B 23
2026-05-05T02:20:46Z,B,22,unavailable,False,BFI IMAX B 22
2026-05-05T02:20:46Z,B,21,sold,False,BFI IMAX B 21
2026-05-05T02:20:46Z,B,20,sold,False,BFI IMAX B 20
2026-05-05T02:20:46Z,B,19,sold,False,BFI IMAX B 19
2026-05-05T02:20:46Z,B,18,sold,False,BFI IMAX B 18
2026-05-05T02:20:46Z,B,17,sold,False,BFI IMAX B 17
2026-05-05T02:20:46Z,B,16,sold,False,BFI IMAX B 16
2026-05-05T02:20:46Z,B,15,sold,False,BFI IMAX B 15
2026-05-05T02:20:46Z,B,14,sold,False,BFI IMAX B 14
2026-05-05T02:20:46Z,B,13,unavailable,False,BFI IMAX B 13
2026-05-05T02:20:46Z,B,12,unavailable,False,BFI IMAX B 12
2026-05-05T02:20:46Z,B,11,unavailable,False,BFI IMAX B 11
2026-05-05T02:20:46Z,B,10,unavailable,False,BFI IMAX B 10
2026-05-05T02:20:46Z,B,9,unavailable,False,BFI IMAX B 9
2026-05-05T02:20:46Z,B,8,unavailable,False,BFI IMAX B 8
2026-05-05T02:20:46Z,B,7,unavailable,False,BFI IMAX B 7
2026-05-05T02:20:46Z,B,6,unavailable,False,BFI IMAX B 6
2026-05-05T02:20:46Z,B,5,unavailable,False,BFI IMAX B 5
2026-05-05T02:20:46Z,B,4,unavailable,False,BFI IMAX B 4
2026-05-05T02:20:46Z,B,3,unavailable,False,BFI IMAX B 3
2026-05-05T02:20:46Z,B,2,unavailable,False,BFI IMAX B 2
2026-05-05T02:20:46Z,B,1,unavailable,False,BFI IMAX B 1
2026-05-05T02:20:46Z,C,36,sold,False,BFI IMAX C 36
2026-05-05T02:20:46Z,C,35,sold,False,BFI IMAX C 35
2026-05-05T02:20:46Z,C,34,sold,False,BFI IMAX C 34
2026-05-05T02:20:46Z,C,33,sold,False,BFI IMAX C 33
2026-05-05T02:20:46Z,C,32,sold,False,BFI IMAX C 32
2026-05-05T02:20:46Z,C,31,sold,False,BFI IMAX C 31
2026-05-05T02:20:46Z,C,30,sold,False,BFI IMAX C 30
2026-05-05T02:20:46Z,C,29,sold,False,BFI IMAX C 29
2026-05-05T02:20:46Z,C,28,sold,False,BFI IMAX C 28
2026-05-05T02:20:46Z,C,27,sold,False,BFI IMAX C 27
2026-05-05T02:20:46Z,C,26,sold,False,BFI IMAX C 26
2026-05-05T02:20:46Z,C,25,unavailable,False,BFI IMAX C 25
2026-05-05T02:20:46Z,C,24,unavailable,False,BFI IMAX C 24
2026-05-05T02:20:46Z,C,23,unavailable,False,BFI IMAX C 23
2026-05-05T02:20:46Z,C,22,sold,False,BFI IMAX C 22
2026-05-05T02:20:46Z,C,21,sold,False,BFI IMAX C 21
2026-05-05T02:20:46Z,C,20,sold,False,BFI IMAX C 20
2026-05-05T02:20:46Z,C,19,sold,False,BFI IMAX C 19
2026-05-05T02:20:46Z,C,18,sold,False,BFI IMAX C 18
2026-05-05T02:20:46Z,C,17,sold,False,BFI IMAX C 17
2026-05-05T02:20:46Z,C,16,sold,False,BFI IMAX C 16
2026-05-05T02:20:46Z,C,15,sold,False,BFI IMAX C 15
2026-05-05T02:20:46Z,C,14,sold,False,BFI IMAX C 14
2026-05-05T02:20:46Z,C,13,sold,False,BFI IMAX C 13
2026-05-05T02:20:46Z,C,12,sold,False,BFI IMAX C 12
2026-05-05T02:20:46Z,C,11,sold,False,BFI IMAX C 11
2026-05-05T02:20:46Z,C,10,sold,False,BFI IMAX C 10
2026-05-05T02:20:46Z,C,9,sold,False,BFI IMAX C 9
2026-05-05T02:20:46Z,C,8,sold,False,BFI IMAX C 8
2026-05-05T02:20:46Z,C,7,sold,False,BFI IMAX C 7
2026-05-05T02:20:46Z,C,6,sold,False,BFI IMAX C 6
2026-05-05T02:20:46Z,C,5,sold,False,BFI IMAX C 5
2026-05-05T02:20:46Z,C,4,sold,False,BFI IMAX C 4
2026-05-05T02:20:46Z,C,3,sold,False,BFI IMAX C 3
2026-05-05T02:20:46Z,C,2,sold,False,BFI IMAX C 2
2026-05-05T02:20:46Z,C,1,sold,False,BFI IMAX C 1
2026-05-05T02:20:46Z,D,37,sold,False,BFI IMAX D 37
2026-05-05T02:20:46Z,D,36,sold,False,BFI IMAX D 36
2026-05-05T02:20:46Z,D,35,sold,False,BFI IMAX D 35
2026-05-05T02:20:46Z,D,34,sold,False,BFI IMAX D 34
2026-05-05T02:20:46Z,D,33,sold,False,BFI IMAX D 33
2026-05-05T02:20:46Z,D,32,sold,False,BFI IMAX D 32
2026-05-05T02:20:46Z,D,31,sold,False,BFI IMAX D 31
2026-05-05T02:20:46Z,D,30,sold,False,BFI IMAX D 30
2026-05-05T02:20:46Z,D,29,sold,False,BFI IMAX D 29
2026-05-05T02:20:46Z,D,28,sold,False,BFI IMAX D 28
2026-05-05T02:20:46Z,D,27,sold,False,BFI IMAX D 27
2026-05-05T02:20:46Z,D,26,sold,False,BFI IMAX D 26
2026-05-05T02:20:46Z,D,25,sold,False,BFI IMAX D 25
2026-05-05T02:20:46Z,D,24,sold,False,BFI IMAX D 24
2026-05-05T02:20:46Z,D,23,sold,False,BFI IMAX D 23
2026-05-05T02:20:46Z,D,22,sold,False,BFI IMAX D 22
2026-05-05T02:20:46Z,D,21,sold,False,BFI IMAX D 21
2026-05-05T02:20:46Z,D,20,sold,False,BFI IMAX D 20
2026-05-05T02:20:46Z,D,19,unavailable,False,BFI IMAX D 19
2026-05-05T02:20:46Z,D,18,unavailable,False,BFI IMAX D 18
2026-05-05T02:20:46Z,D,17,sold,False,BFI IMAX D 17
2026-05-05T02:20:46Z,D,16,sold,False,BFI IMAX D 16
2026-05-05T02:20:46Z,D,15,sold,False,BFI IMAX D 15
2026-05-05T02:20:46Z,D,14,sold,False,BFI IMAX D 14
2026-05-05T02:20:46Z,D,13,sold,False,BFI IMAX D 13
2026-05-05T02:20:46Z,D,12,sold,False,BFI IMAX D 12
2026-05-05T02:20:46Z,D,11,sold,False,BFI IMAX D 11
2026-05-05T02:20:46Z,D,10,sold,False,BFI IMAX D 10
2026-05-05T02:20:46Z,D,9,sold,False,BFI IMAX D 9
2026-05-05T02:20:46Z,D,8,sold,False,BFI IMAX D 8
2026-05-05T02:20:46Z,D,7,sold,False,BFI IMAX D 7
2026-05-05T02:20:46Z,D,6,sold,False,BFI IMAX D 6
2026-05-05T02:20:46Z,D,5,sold,False,BFI IMAX D 5
2026-05-05T02:20:46Z,D,4,sold,False,BFI IMAX D 4
2026-05-05T02:20:46Z,D,3,sold,False,BFI IMAX D 3
2026-05-05T02:20:46Z,D,2,sold,False,BFI IMAX D 2
2026-05-05T02:20:46Z,D,1,sold,False,BFI IMAX D 1
2026-05-05T02:20:46Z,E,37,sold,False,BFI IMAX E 37
2026-05-05T02:20:46Z,E,36,sold,False,BFI IMAX E 36
2026-05-05T02:20:46Z,E,35,sold,False,BFI IMAX E 35
2026-05-05T02:20:46Z,E,34,sold,False,BFI IMAX E 34
2026-05-05T02:20:46Z,E,33,sold,False,BFI IMAX E 33
2026-05-05T02:20:46Z,E,32,sold,False,BFI IMAX E 32
2026-05-05T02:20:46Z,E,31,sold,False,BFI IMAX E 31
2026-05-05T02:20:46Z,E,30,sold,False,BFI IMAX E 30
2026-05-05T02:20:46Z,E,29,sold,False,BFI IMAX E 29
2026-05-05T02:20:46Z,E,28,sold,False,BFI IMAX E 28
2026-05-05T02:20:46Z,E,27,sold,False,BFI IMAX E 27
2026-05-05T02:20:46Z,E,26,sold,False,BFI IMAX E 26
2026-05-05T02:20:46Z,E,25,sold,False,BFI IMAX E 25
2026-05-05T02:20:46Z,E,24,sold,False,BFI IMAX E 24
2026-05-05T02:20:46Z,E,23,sold,False,BFI IMAX E 23
2026-05-05T02:20:46Z,E,22,sold,False,BFI IMAX E 22
2026-05-05T02:20:46Z,E,21,sold,False,BFI IMAX E 21
2026-05-05T02:20:46Z,E,20,sold,False,BFI IMAX E 20
2026-05-05T02:20:46Z,E,19,sold,False,BFI IMAX E 19
2026-05-05T02:20:46Z,E,18,sold,False,BFI IMAX E 18
2026-05-05T02:20:46Z,E,17,sold,False,BFI IMAX E 17
2026-05-05T02:20:46Z,E,16,sold,False,BFI IMAX E 16
2026-05-05T02:20:46Z,E,15,sold,False,BFI IMAX E 15
2026-05-05T02:20:46Z,E,14,sold,False,BFI IMAX E 14
2026-05-05T02:20:46Z,E,13,sold,False,BFI IMAX E 13
2026-05-05T02:20:46Z,E,12,sold,False,BFI IMAX E 12
2026-05-05T02:20:46Z,E,11,sold,False,BFI IMAX E 11
2026-05-05T02:20:46Z,E,10,sold,False,BFI IMAX E 10
2026-05-05T02:20:46Z,E,9,sold,False,BFI IMAX E 9
2026-05-05T02:20:46Z,E,8,sold,False,BFI IMAX E 8
2026-05-05T02:20:46Z,E,7,sold,False,BFI IMAX E 7
2026-05-05T02:20:46Z,E,6,sold,False,BFI IMAX E 6
2026-05-05T02:20:46Z,E,5,sold,False,BFI IMAX E 5
2026-05-05T02:20:46Z,E,4,sold,False,BFI IMAX E 4
2026-05-05T02:20:46Z,E,3,sold,False,BFI IMAX E 3
2026-05-05T02:20:46Z,E,2,sold,False,BFI IMAX E 2
2026-05-05T02:20:46Z,E,1,sold,False,BFI IMAX E 1
2026-05-05T02:20:46Z,F,38,sold,False,BFI IMAX F 38
2026-05-05T02:20:46Z,F,37,sold,False,BFI IMAX F 37
2026-05-05T02:20:46Z,F,36,sold,False,BFI IMAX F 36
2026-05-05T02:20:46Z,F,35,sold,False,BFI IMAX F 35
2026-05-05T02:20:46Z,F,34,sold,False,BFI IMAX F 34
2026-05-05T02:20:46Z,F,33,sold,False,BFI IMAX F 33
2026-05-05T02:20:46Z,F,32,sold,False,BFI IMAX F 32
2026-05-05T02:20:46Z,F,31,sold,False,BFI IMAX F 31
2026-05-05T02:20:46Z,F,30,sold,False,BFI IMAX F 30
2026-05-05T02:20:46Z,F,29,sold,False,BFI IMAX F 29
2026-05-05T02:20:46Z,F,28,sold,False,BFI IMAX F 28
2026-05-05T02:20:46Z,F,27,sold,False,BFI IMAX F 27
2026-05-05T02:20:46Z,F,26,sold,False,BFI IMAX F 26
2026-05-05T02:20:46Z,F,25,sold,False,BFI IMAX F 25
2026-05-05T02:20:46Z,F,24,sold,False,BFI IMAX F 24
2026-05-05T02:20:46Z,F,23,sold,False,BFI IMAX F 23
2026-05-05T02:20:46Z,F,22,sold,False,BFI IMAX F 22
2026-05-05T02:20:46Z,F,21,sold,False,BFI IMAX F 21
2026-05-05T02:20:46Z,F,20,sold,False,BFI IMAX F 20
2026-05-05T02:20:46Z,F,19,sold,False,BFI IMAX F 19
2026-05-05T02:20:46Z,F,18,sold,False,BFI IMAX F 18
2026-05-05T02:20:46Z,F,17,sold,False,BFI IMAX F 17
2026-05-05T02:20:46Z,F,16,sold,False,BFI IMAX F 16
2026-05-05T02:20:46Z,F,15,sold,False,BFI IMAX F 15
2026-05-05T02:20:46Z,F,14,sold,False,BFI IMAX F 14
2026-05-05T02:20:46Z,F,13,sold,False,BFI IMAX F 13
2026-05-05T02:20:46Z,F,12,sold,False,BFI IMAX F 12
2026-05-05T02:20:46Z,F,11,sold,False,BFI IMAX F 11
2026-05-05T02:20:46Z,F,10,sold,False,BFI IMAX F 10
2026-05-05T02:20:46Z,F,9,sold,False,BFI IMAX F 9
2026-05-05T02:20:46Z,F,8,sold,False,BFI IMAX F 8
2026-05-05T02:20:46Z,F,7,sold,False,BFI IMAX F 7
2026-05-05T02:20:46Z,F,6,sold,False,BFI IMAX F 6
2026-05-05T02:20:46Z,F,5,sold,False,BFI IMAX F 5
2026-05-05T02:20:46Z,F,4,sold,False,BFI IMAX F 4
2026-05-05T02:20:46Z,F,3,sold,False,BFI IMAX F 3
2026-05-05T02:20:46Z,F,2,sold,False,BFI IMAX F 2
2026-05-05T02:20:46Z,F,1,sold,False,BFI IMAX F 1
2026-05-05T02:20:46Z,G,37,sold,False,BFI IMAX G 37
2026-05-05T02:20:46Z,G,36,sold,False,BFI IMAX G 36
2026-05-05T02:20:46Z,G,35,sold,False,BFI IMAX G 35
2026-05-05T02:20:46Z,G,34,sold,False,BFI IMAX G 34
2026-05-05T02:20:46Z,G,33,sold,False,BFI IMAX G 33
2026-05-05T02:20:46Z,G,32,sold,False,BFI IMAX G 32
2026-05-05T02:20:46Z,G,31,sold,False,BFI IMAX G 31
2026-05-05T02:20:46Z,G,30,sold,False,BFI IMAX G 30
2026-05-05T02:20:46Z,G,29,sold,False,BFI IMAX G 29
2026-05-05T02:20:46Z,G,28,sold,False,BFI IMAX G 28
2026-05-05T02:20:46Z,G,27,sold,False,BFI IMAX G 27
2026-05-05T02:20:46Z,G,26,sold,False,BFI IMAX G 26
2026-05-05T02:20:46Z,G,25,sold,False,BFI IMAX G 25
2026-05-05T02:20:46Z,G,24,sold,False,BFI IMAX G 24
2026-05-05T02:20:46Z,G,23,sold,False,BFI IMAX G 23
2026-05-05T02:20:46Z,G,22,sold,False,BFI IMAX G 22
2026-05-05T02:20:46Z,G,21,sold,False,BFI IMAX G 21
2026-05-05T02:20:46Z,G,20,sold,False,BFI IMAX G 20
2026-05-05T02:20:46Z,G,19,sold,False,BFI IMAX G 19
2026-05-05T02:20:46Z,G,18,sold,False,BFI IMAX G 18
2026-05-05T02:20:46Z,G,17,sold,False,BFI IMAX G 17
2026-05-05T02:20:46Z,G,16,sold,False,BFI IMAX G 16
2026-05-05T02:20:46Z,G,15,sold,False,BFI IMAX G 15
2026-05-05T02:20:46Z,G,14,sold,False,BFI IMAX G 14
2026-05-05T02:20:46Z,G,13,sold,False,BFI IMAX G 13
2026-05-05T02:20:46Z,G,12,sold,False,BFI IMAX G 12
2026-05-05T02:20:46Z,G,11,sold,False,BFI IMAX G 11
2026-05-05T02:20:46Z,G,10,sold,False,BFI IMAX G 10
2026-05-05T02:20:46Z,G,9,sold,False,BFI IMAX G 9
2026-05-05T02:20:46Z,G,8,sold,False,BFI IMAX G 8
2026-05-05T02:20:46Z,G,7,sold,False,BFI IMAX G 7
2026-05-05T02:20:46Z,G,6,sold,False,BFI IMAX G 6
2026-05-05T02:20:46Z,G,5,sold,False,BFI IMAX G 5
2026-05-05T02:20:46Z,G,4,sold,False,BFI IMAX G 4
2026-05-05T02:20:46Z,G,3,sold,False,BFI IMAX G 3
2026-05-05T02:20:46Z,G,2,sold,False,BFI IMAX G 2
2026-05-05T02:20:46Z,G,1,sold,False,BFI IMAX G 1
2026-05-05T02:20:46Z,H,37,sold,False,BFI IMAX H 37
2026-05-05T02:20:46Z,H,36,sold,False,BFI IMAX H 36
2026-05-05T02:20:46Z,H,35,sold,False,BFI IMAX H 35
2026-05-05T02:20:46Z,H,34,sold,False,BFI IMAX H 34
2026-05-05T02:20:46Z,H,33,sold,False,BFI IMAX H 33
2026-05-05T02:20:46Z,H,32,sold,False,BFI IMAX H 32
2026-05-05T02:20:46Z,H,31,sold,False,BFI IMAX H 31
2026-05-05T02:20:46Z,H,30,sold,False,BFI IMAX H 30
2026-05-05T02:20:46Z,H,29,sold,False,BFI IMAX H 29
2026-05-05T02:20:46Z,H,28,sold,False,BFI IMAX H 28
2026-05-05T02:20:46Z,H,27,unavailable,False,BFI IMAX H 27
2026-05-05T02:20:46Z,H,26,unavailable,False,BFI IMAX H 26
2026-05-05T02:20:46Z,H,25,unavailable,False,BFI IMAX H 25
2026-05-05T02:20:46Z,H,24,unavailable,False,BFI IMAX H 24
2026-05-05T02:20:46Z,H,23,unavailable,False,BFI IMAX H 23
2026-05-05T02:20:46Z,H,22,unavailable,False,BFI IMAX H 22
2026-05-05T02:20:46Z,H,21,unavailable,False,BFI IMAX H 21
2026-05-05T02:20:46Z,H,20,unavailable,False,BFI IMAX H 20
2026-05-05T02:20:46Z,H,19,sold,False,BFI IMAX H 19
2026-05-05T02:20:46Z,H,18,sold,False,BFI IMAX H 18
2026-05-05T02:20:46Z,H,17,sold,False,BFI IMAX H 17
2026-05-05T02:20:46Z,H,16,sold,False,BFI IMAX H 16
2026-05-05T02:20:46Z,H,15,sold,False,BFI IMAX H 15
2026-05-05T02:20:46Z,H,14,sold,False,BFI IMAX H 14
2026-05-05T02:20:46Z,H,13,sold,False,BFI IMAX H 13
2026-05-05T02:20:46Z,H,12,sold,False,BFI IMAX H 12
2026-05-05T02:20:46Z,H,11,sold,False,BFI IMAX H 11
2026-05-05T02:20:46Z,H,10,sold,False,BFI IMAX H 10
2026-05-05T02:20:46Z,H,9,sold,False,BFI IMAX H 9
2026-05-05T02:20:46Z,H,8,sold,False,BFI IMAX H 8
2026-05-05T02:20:46Z,H,7,sold,False,BFI IMAX H 7
2026-05-05T02:20:46Z,H,6,sold,False,BFI IMAX H 6
2026-05-05T02:20:46Z,H,5,sold,False,BFI IMAX H 5
2026-05-05T02:20:46Z,H,4,sold,False,BFI IMAX H 4
2026-05-05T02:20:46Z,H,3,sold,False,BFI IMAX H 3
2026-05-05T02:20:46Z,H,2,sold,False,BFI IMAX H 2
2026-05-05T02:20:46Z,H,1,sold,False,BFI IMAX H 1
2026-05-05T02:20:46Z,J,36,sold,False,BFI IMAX J 36
2026-05-05T02:20:46Z,J,35,sold,False,BFI IMAX J 35
2026-05-05T02:20:46Z,J,34,sold,False,BFI IMAX J 34
2026-05-05T02:20:46Z,J,33,sold,False,BFI IMAX J 33
2026-05-05T02:20:46Z,J,32,sold,False,BFI IMAX J 32
2026-05-05T02:20:46Z,J,31,sold,False,BFI IMAX J 31
2026-05-05T02:20:46Z,J,30,sold,False,BFI IMAX J 30
2026-05-05T02:20:46Z,J,29,sold,False,BFI IMAX J 29
2026-05-05T02:20:46Z,J,28,sold,False,BFI IMAX J 28
2026-05-05T02:20:46Z,J,27,sold,False,BFI IMAX J 27
2026-05-05T02:20:46Z,J,26,sold,False,BFI IMAX J 26
2026-05-05T02:20:46Z,J,25,sold,False,BFI IMAX J 25
2026-05-05T02:20:46Z,J,24,sold,False,BFI IMAX J 24
2026-05-05T02:20:46Z,J,23,sold,False,BFI IMAX J 23
2026-05-05T02:20:46Z,J,22,sold,False,BFI IMAX J 22
2026-05-05T02:20:46Z,J,21,sold,False,BFI IMAX J 21
2026-05-05T02:20:46Z,J,20,sold,False,BFI IMAX J 20
2026-05-05T02:20:46Z,J,19,unavailable,False,BFI IMAX J 19
2026-05-05T02:20:46Z,J,18,unavailable,False,BFI IMAX J 18
2026-05-05T02:20:46Z,J,17,unavailable,False,BFI IMAX J 17
2026-05-05T02:20:46Z,J,16,unavailable,False,BFI IMAX J 16
2026-05-05T02:20:46Z,J,15,unavailable,False,BFI IMAX J 15
2026-05-05T02:20:46Z,J,14,unavailable,False,BFI IMAX J 14
2026-05-05T02:20:46Z,J,13,unavailable,False,BFI IMAX J 13
2026-05-05T02:20:46Z,J,12,unavailable,False,BFI IMAX J 12
2026-05-05T02:20:46Z,J,11,unavailable,False,BFI IMAX J 11
2026-05-05T02:20:46Z,J,10,unavailable,False,BFI IMAX J 10
2026-05-05T02:20:46Z,J,9,sold,False,BFI IMAX J 9
2026-05-05T02:20:46Z,J,8,sold,False,BFI IMAX J 8
2026-05-05T02:20:46Z,J,7,sold,False,BFI IMAX J 7
2026-05-05T02:20:46Z,J,6,sold,False,BFI IMAX J 6
2026-05-05T02:20:46Z,J,5,sold,False,BFI IMAX J 5
2026-05-05T02:20:46Z,J,4,sold,False,BFI IMAX J 4
2026-05-05T02:20:46Z,J,3,sold,False,BFI IMAX J 3
2026-05-05T02:20:46Z,J,2,sold,False,BFI IMAX J 2
2026-05-05T02:20:46Z,J,1,sold,False,BFI IMAX J 1
2026-05-05T02:20:46Z,K,36,sold,False,BFI IMAX K 36
2026-05-05T02:20:46Z,K,35,sold,False,BFI IMAX K 35
2026-05-05T02:20:46Z,K,34,sold,False,BFI IMAX K 34
2026-05-05T02:20:46Z,K,33,sold,False,BFI IMAX K 33
2026-05-05T02:20:46Z,K,32,sold,False,BFI IMAX K 32
2026-05-05T02:20:46Z,K,31,sold,False,BFI IMAX K 31
2026-05-05T02:20:46Z,K,30,sold,False,BFI IMAX K 30
2026-05-05T02:20:46Z,K,29,sold,False,BFI IMAX K 29
2026-05-05T02:20:46Z,K,28,sold,False,BFI IMAX K 28
2026-05-05T02:20:46Z,A,13,unavailable,False,BFI IMAX A 13
2026-05-05T02:20:46Z,A,12,unavailable,False,BFI IMAX A 12
2026-05-05T02:20:46Z,K,25,sold,False,BFI IMAX K 25
2026-05-05T02:20:46Z,K,24,sold,False,BFI IMAX K 24
2026-05-05T02:20:46Z,K,23,sold,False,BFI IMAX K 23
2026-05-05T02:20:46Z,K,22,sold,False,BFI IMAX K 22
2026-05-05T02:20:46Z,K,21,sold,False,BFI IMAX K 21
2026-05-05T02:20:46Z,K,20,sold,False,BFI IMAX K 20
2026-05-05T02:20:46Z,K,19,unavailable,False,BFI IMAX K 19
2026-05-05T02:20:46Z,K,18,unavailable,False,BFI IMAX K 18
2026-05-05T02:20:46Z,K,17,unavailable,False,BFI IMAX K 17
2026-05-05T02:20:46Z,K,16,unavailable,False,BFI IMAX K 16
2026-05-05T02:20:46Z,K,15,unavailable,False,BFI IMAX K 15
2026-05-05T02:20:46Z,K,14,unavailable,False,BFI IMAX K 14
2026-05-05T02:20:46Z,K,13,unavailable,False,BFI IMAX K 13
2026-05-05T02:20:46Z,K,12,unavailable,False,BFI IMAX K 12
2026-05-05T02:20:46Z,K,11,unavailable,False,BFI IMAX K 11
2026-05-05T02:20:46Z,K,10,unavailable,False,BFI IMAX K 10
2026-05-05T02:20:46Z,K,9,sold,False,BFI IMAX K 9
2026-05-05T02:20:46Z,K,8,sold,False,BFI IMAX K 8
2026-05-05T02:20:46Z,K,7,sold,False,BFI IMAX K 7
2026-05-05T02:20:46Z,K,6,sold,False,BFI IMAX K 6
2026-05-05T02:20:46Z,K,5,sold,False,BFI IMAX K 5
2026-05-05T02:20:46Z,K,4,sold,False,BFI IMAX K 4
2026-05-05T02:20:46Z,K,3,sold,False,BFI IMAX K 3
2026-05-05T02:20:46Z,K,2,sold,False,BFI IMAX K 2
2026-05-05T02:20:46Z,K,1,sold,False,BFI IMAX K 1
2026-05-05T02:20:46Z,L,33,sold,False,BFI IMAX L 33
2026-05-05T02:20:46Z,L,32,sold,False,BFI IMAX L 32
2026-05-05T02:20:46Z,L,31,sold,False,BFI IMAX L 31
2026-05-05T02:20:46Z,L,30,sold,False,BFI IMAX L 30
2026-05-05T02:20:46Z,L,29,sold,False,BFI IMAX L 29
2026-05-05T02:20:46Z,L,28,sold,False,BFI IMAX L 28
2026-05-05T02:20:46Z,L,27,sold,False,BFI IMAX L 27
2026-05-05T02:20:46Z,L,26,sold,False,BFI IMAX L 26
2026-05-05T02:20:46Z,L,8,sold,False,BFI IMAX L 8
2026-05-05T02:20:46Z,L,7,sold,False,BFI IMAX L 7
2026-05-05T02:20:46Z,L,6,sold,False,BFI IMAX L 6
2026-05-05T02:20:46Z,L,5,sold,False,BFI IMAX L 5
2026-05-05T02:20:46Z,L,4,sold,False,BFI IMAX L 4
2026-05-05T02:20:46Z,L,3,sold,False,BFI IMAX L 3
2026-05-05T02:20:46Z,L,2,sold,False,BFI IMAX L 2
2026-05-05T02:20:46Z,L,1,sold,False,BFI IMAX L 1
2026-05-05T02:20:46Z,M,34,sold,False,BFI IMAX M 34
2026-05-05T02:20:46Z,M,33,sold,False,BFI IMAX M 33
2026-05-05T02:20:46Z,M,32,sold,False,BFI IMAX M 32
2026-05-05T02:20:46Z,M,31,sold,False,BFI IMAX M 31
2026-05-05T02:20:46Z,M,30,sold,False,BFI IMAX M 30
2026-05-05T02:20:46Z,M,29,sold,False,BFI IMAX M 29
2026-05-05T02:20:46Z,M,28,sold,False,BFI IMAX M 28
2026-05-05T02:20:46Z,M,27,sold,False,BFI IMAX M 27
2026-05-05T02:20:46Z,A,11,unavailable,False,BFI IMAX A 11
2026-05-05T02:20:46Z,A,10,unavailable,False,BFI IMAX A 10
2026-05-05T02:20:46Z,M,6,sold,False,BFI IMAX M 6
2026-05-05T02:20:46Z,M,5,sold,False,BFI IMAX M 5
2026-05-05T02:20:46Z,M,4,sold,False,BFI IMAX M 4
2026-05-05T02:20:46Z,M,3,sold,False,BFI IMAX M 3
2026-05-05T02:20:46Z,M,2,sold,False,BFI IMAX M 2
2026-05-05T02:20:46Z,M,1,sold,False,BFI IMAX M 1
2026-05-05T02:20:46Z,N,34,unavailable,False,BFI IMAX N 34
2026-05-05T02:20:46Z,N,33,unavailable,False,BFI IMAX N 33
2026-05-05T02:20:46Z,N,32,unavailable,False,BFI IMAX N 32
2026-05-05T02:20:46Z,N,31,unavailable,False,BFI IMAX N 31
2026-05-05T02:20:46Z,N,30,unavailable,False,BFI IMAX N 30
2026-05-05T02:20:46Z,N,29,unavailable,False,BFI IMAX N 29
2026-05-05T02:20:46Z,N,28,sold,False,BFI IMAX N 28
2026-05-05T02:20:46Z,N,27,sold,False,BFI IMAX N 27
2026-05-05T02:20:46Z,N,8,sold,False,BFI IMAX N 8
2026-05-05T02:20:46Z,N,7,sold,False,BFI IMAX N 7
2026-05-05T02:20:46Z,N,6,sold,False,BFI IMAX N 6
2026-05-05T02:20:46Z,N,5,sold,False,BFI IMAX N 5
2026-05-05T02:20:46Z,N,4,sold,False,BFI IMAX N 4
2026-05-05T02:20:46Z,N,3,sold,False,BFI IMAX N 3
2026-05-05T02:20:46Z,N,2,sold,False,BFI IMAX N 2
2026-05-05T02:20:46Z,N,1,sold,False,BFI IMAX N 1
2026-05-05T02:20:46Z,P,31,sold,False,BFI IMAX P 31
2026-05-05T02:20:46Z,A,9,unavailable,False,BFI IMAX A 9
2026-05-05T02:20:46Z,A,8,unavailable,False,BFI IMAX A 8
2026-05-05T02:20:46Z,P,26,unavailable,False,BFI IMAX P 26
2026-05-05T02:20:46Z,P,6,sold,False,BFI IMAX P 6
2026-05-05T02:20:46Z,A,7,unavailable,False,BFI IMAX A 7
2026-05-05T02:20:46Z,A,6,unavailable,False,BFI IMAX A 6
2026-05-05T02:20:46Z,P,1,sold,False,BFI IMAX P 1
2026-05-05T02:20:46Z,M,11,sold,False,BFI IMAX M 11
2026-05-05T02:20:46Z,M,10,sold,False,BFI IMAX M 10
2026-05-05T02:20:46Z,M,9,sold,False,BFI IMAX M 9
2026-05-05T02:20:46Z,L,9,sold,False,BFI IMAX L 9
2026-05-05T02:20:46Z,L,25,sold,False,BFI IMAX L 25
2026-05-05T02:20:46Z,L,24,sold,False,BFI IMAX L 24
2026-05-05T02:20:46Z,L,23,sold,False,BFI IMAX L 23
2026-05-05T02:20:46Z,L,22,sold,False,BFI IMAX L 22
2026-05-05T02:20:46Z,L,21,sold,False,BFI IMAX L 21
2026-05-05T02:20:46Z,L,20,sold,False,BFI IMAX L 20
2026-05-05T02:20:46Z,L,19,sold,False,BFI IMAX L 19
2026-05-05T02:20:46Z,L,18,sold,False,BFI IMAX L 18
2026-05-05T02:20:46Z,L,17,sold,False,BFI IMAX L 17
2026-05-05T02:20:46Z,L,16,sold,False,BFI IMAX L 16
2026-05-05T02:20:46Z,L,15,sold,False,BFI IMAX L 15
2026-05-05T02:20:46Z,L,14,sold,False,BFI IMAX L 14
2026-05-05T02:20:46Z,L,13,sold,False,BFI IMAX L 13
2026-05-05T02:20:46Z,L,12,sold,False,BFI IMAX L 12
2026-05-05T02:20:46Z,L,11,sold,False,BFI IMAX L 11
2026-05-05T02:20:46Z,N,26,unavailable,False,BFI IMAX N 26
2026-05-05T02:20:46Z,N,25,unavailable,False,BFI IMAX N 25
2026-05-05T02:20:46Z,N,24,unavailable,False,BFI IMAX N 24
2026-05-05T02:20:46Z,N,23,unavailable,False,BFI IMAX N 23
2026-05-05T02:20:46Z,N,22,sold,False,BFI IMAX N 22
2026-05-05T02:20:46Z,N,21,sold,False,BFI IMAX N 21
2026-05-05T02:20:46Z,N,20,sold,False,BFI IMAX N 20
2026-05-05T02:20:46Z,N,19,sold,False,BFI IMAX N 19
2026-05-05T02:20:46Z,N,18,sold,False,BFI IMAX N 18
2026-05-05T02:20:46Z,N,17,sold,False,BFI IMAX N 17
2026-05-05T02:20:46Z,N,16,sold,False,BFI IMAX N 16
2026-05-05T02:20:46Z,N,15,sold,False,BFI IMAX N 15
2026-05-05T02:20:46Z,N,14,sold,False,BFI IMAX N 14
2026-05-05T02:20:46Z,N,13,sold,False,BFI IMAX N 13
2026-05-05T02:20:46Z,N,12,unavailable,False,BFI IMAX N 12
2026-05-05T02:20:46Z,N,11,unavailable,False,BFI IMAX N 11
2026-05-05T02:20:46Z,N,10,unavailable,False,BFI IMAX N 10
2026-05-05T02:20:46Z,N,9,unavailable,False,BFI IMAX N 9
2026-05-05T02:20:46Z,L,10,sold,False,BFI IMAX L 10
2026-05-05T02:20:46Z,M,26,sold,False,BFI IMAX M 26
2026-05-05T02:20:46Z,M,25,sold,False,BFI IMAX M 25
2026-05-05T02:20:46Z,M,24,sold,False,BFI IMAX M 24
2026-05-05T02:20:46Z,M,23,sold,False,BFI IMAX M 23
2026-05-05T02:20:46Z,M,22,sold,False,BFI IMAX M 22
2026-05-05T02:20:46Z,M,21,sold,False,BFI IMAX M 21
2026-05-05T02:20:46Z,M,20,sold,False,BFI IMAX M 20
2026-05-05T02:20:46Z,M,19,sold,False,BFI IMAX M 19
2026-05-05T02:20:46Z,M,18,sold,False,BFI IMAX M 18
2026-05-05T02:20:46Z,M,17,sold,False,BFI IMAX M 17
2026-05-05T02:20:46Z,M,16,sold,False,BFI IMAX M 16
2026-05-05T02:20:46Z,M,15,sold,False,BFI IMAX M 15
2026-05-05T02:20:46Z,M,14,sold,False,BFI IMAX M 14
2026-05-05T02:20:46Z,M,13,sold,False,BFI IMAX M 13
2026-05-05T02:20:46Z,M,12,sold,False,BFI IMAX M 12
2026-05-05T02:20:46Z,P,30,sold,True,BFI IMAX P 30
2026-05-05T02:20:46Z,P,27,sold,True,BFI IMAX P 27
2026-05-05T02:20:46Z,P,2,sold,True,BFI IMAX P 2
2026-05-05T02:20:46Z,P,5,sold,True,BFI IMAX P 5
2026-05-05T02:20:46Z,P,19,sold,False,BFI IMAX P 19
2026-05-05T02:20:46Z,P,18,sold,False,BFI IMAX P 18
2026-05-05T02:20:46Z,P,17,sold,False,BFI IMAX P 17
2026-05-05T02:20:46Z,P,16,sold,False,BFI IMAX P 16
2026-05-05T02:20:46Z,P,15,sold,False,BFI IMAX P 15
2026-05-05T02:20:46Z,P,14,sold,False,BFI IMAX P 14
2026-05-05T02:20:46Z,P,13,sold,False,BFI IMAX P 13
2026-05-05T02:20:46Z,P,12,sold,False,BFI IMAX P 12
2026-05-05T02:20:46Z,P,11,sold,False,BFI IMAX P 11
2026-05-05T02:20:46Z,P,10,sold,False,BFI IMAX P 10
2026-05-05T02:20:46Z,P,9,sold,False,BFI IMAX P 9
2026-05-05T02:20:46Z,P,8,sold,False,BFI IMAX P 8
2026-05-05T02:20:46Z,P,7,sold,False,BFI IMAX P 7
2026-05-05T02:20:46Z,P,25,sold,False,BFI IMAX P 25
2026-05-05T02:20:46Z,P,24,sold,False,BFI IMAX P 24
2026-05-05T02:20:46Z,P,23,sold,False,BFI IMAX P 23
2026-05-05T02:20:46Z,P,22,sold,False,BFI IMAX P 22
2026-05-05T02:20:46Z,P,21,sold,False,BFI IMAX P 21
2026-05-05T02:20:46Z,P,20,sold,False,BFI IMAX P 20
2026-05-05T02:20:46Z,Q,18,sold,False,BFI IMAX Q 18
2026-05-05T02:20:46Z,Q,17,sold,False,BFI IMAX Q 17
2026-05-05T02:20:46Z,Q,16,sold,False,BFI IMAX Q 16
2026-05-05T02:20:46Z,Q,15,sold,False,BFI IMAX Q 15
2026-05-05T02:20:46Z,Q,14,sold,False,BFI IMAX Q 14
2026-05-05T02:20:46Z,Q,13,sold,False,BFI IMAX Q 13
2026-05-05T02:20:46Z,Q,12,sold,False,BFI IMAX Q 12
2026-05-05T02:20:46Z,Q,11,sold,False,BFI IMAX Q 11
2026-05-05T02:20:46Z,Q,10,sold,False,BFI IMAX Q 10
2026-05-05T02:20:46Z,Q,9,sold,False,BFI IMAX Q 9
2026-05-05T02:20:46Z,Q,8,sold,False,BFI IMAX Q 8
2026-05-05T02:20:46Z,Q,7,sold,False,BFI IMAX Q 7
2026-05-05T02:20:46Z,Q,6,sold,False,BFI IMAX Q 6
2026-05-05T02:20:46Z,Q,5,sold,False,BFI IMAX Q 5
2026-05-05T02:20:46Z,Q,4,sold,False,BFI IMAX Q 4
2026-05-05T02:20:46Z,Q,3,sold,False,BFI IMAX Q 3
2026-05-05T02:20:46Z,Q,2,sold,False,BFI IMAX Q 2
2026-05-05T02:20:46Z,Q,1,sold,False,BFI IMAX Q 1
