scraped_at,row,seat,status,is_wheelchair,description
2026-05-24T10:37:14Z,K,27,unavailable,False,BFI IMAX K 27
2026-05-24T10:37:14Z,K,26,unavailable,False,BFI IMAX K 26
2026-05-24T10:37:14Z,N,8,unavailable,False,BFI IMAX N 8
2026-05-24T10:37:14Z,N,7,unavailable,False,BFI IMAX N 7
2026-05-24T10:37:14Z,P,29,unavailable,True,BFI IMAX P 29
2026-05-24T10:37:14Z,P,28,unavailable,True,BFI IMAX P 28
2026-05-24T10:37:14Z,P,4,unavailable,True,BFI IMAX P 4
2026-05-24T10:37:14Z,P,3,unavailable,True,BFI IMAX P 3
2026-05-24T10:37:14Z,A,5,available,False,BFI IMAX A 5
2026-05-24T10:37:14Z,A,4,available,False,BFI IMAX A 4
2026-05-24T10:37:14Z,A,3,available,False,BFI IMAX A 3
2026-05-24T10:37:14Z,A,2,available,False,BFI IMAX A 2
2026-05-24T10:37:14Z,A,1,available,False,BFI IMAX A 1
2026-05-24T10:37:14Z,B,36,available,False,BFI IMAX B 36
2026-05-24T10:37:14Z,B,35,available,False,BFI IMAX B 35
2026-05-24T10:37:14Z,B,34,available,False,BFI IMAX B 34
2026-05-24T10:37:14Z,B,33,available,False,BFI IMAX B 33
2026-05-24T10:37:14Z,B,32,available,False,BFI IMAX B 32
2026-05-24T10:37:14Z,B,31,available,False,BFI IMAX B 31
2026-05-24T10:37:14Z,B,30,available,False,BFI IMAX B 30
2026-05-24T10:37:14Z,B,29,available,False,BFI IMAX B 29
2026-05-24T10:37:14Z,B,28,available,False,BFI IMAX B 28
2026-05-24T10:37:14Z,B,27,available,False,BFI IMAX B 27
2026-05-24T10:37:14Z,B,26,available,False,BFI IMAX B 26
2026-05-24T10:37:14Z,B,25,available,False,BFI IMAX B 25
2026-05-24T10:37:14Z,B,24,available,False,BFI IMAX B 24
2026-05-24T10:37:14Z,B,23,available,False,BFI IMAX B 23
2026-05-24T10:37:14Z,B,22,available,False,BFI IMAX B 22
2026-05-24T10:37:14Z,B,21,sold,False,BFI IMAX B 21
2026-05-24T10:37:14Z,B,20,sold,False,BFI IMAX B 20
2026-05-24T10:37:14Z,B,19,sold,False,BFI IMAX B 19
2026-05-24T10:37:14Z,B,18,sold,False,BFI IMAX B 18
2026-05-24T10:37:14Z,B,17,available,False,BFI IMAX B 17
2026-05-24T10:37:14Z,B,16,sold,False,BFI IMAX B 16
2026-05-24T10:37:14Z,B,15,available,False,BFI IMAX B 15
2026-05-24T10:37:14Z,B,14,available,False,BFI IMAX B 14
2026-05-24T10:37:14Z,B,13,available,False,BFI IMAX B 13
2026-05-24T10:37:14Z,B,12,available,False,BFI IMAX B 12
2026-05-24T10:37:14Z,B,11,available,False,BFI IMAX B 11
2026-05-24T10:37:14Z,B,10,available,False,BFI IMAX B 10
2026-05-24T10:37:14Z,B,9,available,False,BFI IMAX B 9
2026-05-24T10:37:14Z,B,8,available,False,BFI IMAX B 8
2026-05-24T10:37:14Z,B,7,available,False,BFI IMAX B 7
2026-05-24T10:37:14Z,B,6,available,False,BFI IMAX B 6
2026-05-24T10:37:14Z,B,5,available,False,BFI IMAX B 5
2026-05-24T10:37:14Z,B,4,available,False,BFI IMAX B 4
2026-05-24T10:37:14Z,B,3,available,False,BFI IMAX B 3
2026-05-24T10:37:14Z,B,2,available,False,BFI IMAX B 2
2026-05-24T10:37:14Z,B,1,available,False,BFI IMAX B 1
2026-05-24T10:37:14Z,C,36,available,False,BFI IMAX C 36
2026-05-24T10:37:14Z,C,35,available,False,BFI IMAX C 35
2026-05-24T10:37:14Z,C,34,available,False,BFI IMAX C 34
2026-05-24T10:37:14Z,C,33,available,False,BFI IMAX C 33
2026-05-24T10:37:14Z,C,32,available,False,BFI IMAX C 32
2026-05-24T10:37:14Z,C,31,available,False,BFI IMAX C 31
2026-05-24T10:37:14Z,C,30,available,False,BFI IMAX C 30
2026-05-24T10:37:14Z,C,29,available,False,BFI IMAX C 29
2026-05-24T10:37:14Z,C,28,available,False,BFI IMAX C 28
2026-05-24T10:37:14Z,C,27,available,False,BFI IMAX C 27
2026-05-24T10:37:14Z,C,26,available,False,BFI IMAX C 26
2026-05-24T10:37:14Z,C,25,sold,False,BFI IMAX C 25
2026-05-24T10:37:14Z,C,24,sold,False,BFI IMAX C 24
2026-05-24T10:37:14Z,C,23,sold,False,BFI IMAX C 23
2026-05-24T10:37:14Z,C,22,sold,False,BFI IMAX C 22
2026-05-24T10:37:14Z,C,21,sold,False,BFI IMAX C 21
2026-05-24T10:37:14Z,C,20,sold,False,BFI IMAX C 20
2026-05-24T10:37:14Z,C,19,sold,False,BFI IMAX C 19
2026-05-24T10:37:14Z,C,18,sold,False,BFI IMAX C 18
2026-05-24T10:37:14Z,C,17,sold,False,BFI IMAX C 17
2026-05-24T10:37:14Z,C,16,sold,False,BFI IMAX C 16
2026-05-24T10:37:14Z,C,15,sold,False,BFI IMAX C 15
2026-05-24T10:37:14Z,C,14,sold,False,BFI IMAX C 14
2026-05-24T10:37:14Z,C,13,sold,False,BFI IMAX C 13
2026-05-24T10:37:14Z,C,12,sold,False,BFI IMAX C 12
2026-05-24T10:37:14Z,C,11,sold,False,BFI IMAX C 11
2026-05-24T10:37:14Z,C,10,sold,False,BFI IMAX C 10
2026-05-24T10:37:14Z,C,9,available,False,BFI IMAX C 9
2026-05-24T10:37:14Z,C,8,available,False,BFI IMAX C 8
2026-05-24T10:37:14Z,C,7,available,False,BFI IMAX C 7
2026-05-24T10:37:14Z,C,6,available,False,BFI IMAX C 6
2026-05-24T10:37:14Z,C,5,available,False,BFI IMAX C 5
2026-05-24T10:37:14Z,C,4,available,False,BFI IMAX C 4
2026-05-24T10:37:14Z,C,3,available,False,BFI IMAX C 3
2026-05-24T10:37:14Z,C,2,available,False,BFI IMAX C 2
2026-05-24T10:37:14Z,C,1,available,False,BFI IMAX C 1
2026-05-24T10:37:14Z,D,37,available,False,BFI IMAX D 37
2026-05-24T10:37:14Z,D,36,available,False,BFI IMAX D 36
2026-05-24T10:37:14Z,D,35,available,False,BFI IMAX D 35
2026-05-24T10:37:14Z,D,34,available,False,BFI IMAX D 34
2026-05-24T10:37:14Z,D,33,available,False,BFI IMAX D 33
2026-05-24T10:37:14Z,D,32,available,False,BFI IMAX D 32
2026-05-24T10:37:14Z,D,31,available,False,BFI IMAX D 31
2026-05-24T10:37:14Z,D,30,available,False,BFI IMAX D 30
2026-05-24T10:37:14Z,D,29,available,False,BFI IMAX D 29
2026-05-24T10:37:14Z,D,28,available,False,BFI IMAX D 28
2026-05-24T10:37:14Z,D,27,available,False,BFI IMAX D 27
2026-05-24T10:37:14Z,D,26,sold,False,BFI IMAX D 26
2026-05-24T10:37:14Z,D,25,sold,False,BFI IMAX D 25
2026-05-24T10:37:14Z,D,24,sold,False,BFI IMAX D 24
2026-05-24T10:37:14Z,D,23,sold,False,BFI IMAX D 23
2026-05-24T10:37:14Z,D,22,sold,False,BFI IMAX D 22
2026-05-24T10:37:14Z,D,21,sold,False,BFI IMAX D 21
2026-05-24T10:37:14Z,D,20,sold,False,BFI IMAX D 20
2026-05-24T10:37:14Z,D,19,sold,False,BFI IMAX D 19
2026-05-24T10:37:14Z,D,18,sold,False,BFI IMAX D 18
2026-05-24T10:37:14Z,D,17,sold,False,BFI IMAX D 17
2026-05-24T10:37:14Z,D,16,sold,False,BFI IMAX D 16
2026-05-24T10:37:14Z,D,15,sold,False,BFI IMAX D 15
2026-05-24T10:37:14Z,D,14,sold,False,BFI IMAX D 14
2026-05-24T10:37:14Z,D,13,sold,False,BFI IMAX D 13
2026-05-24T10:37:14Z,D,12,sold,False,BFI IMAX D 12
2026-05-24T10:37:14Z,D,11,sold,False,BFI IMAX D 11
2026-05-24T10:37:14Z,D,10,sold,False,BFI IMAX D 10
2026-05-24T10:37:14Z,D,9,available,False,BFI IMAX D 9
2026-05-24T10:37:14Z,D,8,available,False,BFI IMAX D 8
2026-05-24T10:37:14Z,D,7,available,False,BFI IMAX D 7
2026-05-24T10:37:14Z,D,6,available,False,BFI IMAX D 6
2026-05-24T10:37:14Z,D,5,available,False,BFI IMAX D 5
2026-05-24T10:37:14Z,D,4,available,False,BFI IMAX D 4
2026-05-24T10:37:14Z,D,3,available,False,BFI IMAX D 3
2026-05-24T10:37:14Z,D,2,available,False,BFI IMAX D 2
2026-05-24T10:37:14Z,D,1,available,False,BFI IMAX D 1
2026-05-24T10:37:14Z,E,37,available,False,BFI IMAX E 37
2026-05-24T10:37:14Z,E,36,available,False,BFI IMAX E 36
2026-05-24T10:37:14Z,E,35,available,False,BFI IMAX E 35
2026-05-24T10:37:14Z,E,34,available,False,BFI IMAX E 34
2026-05-24T10:37:14Z,E,33,available,False,BFI IMAX E 33
2026-05-24T10:37:14Z,E,32,available,False,BFI IMAX E 32
2026-05-24T10:37:14Z,E,31,sold,False,BFI IMAX E 31
2026-05-24T10:37:14Z,E,30,sold,False,BFI IMAX E 30
2026-05-24T10:37:14Z,E,29,sold,False,BFI IMAX E 29
2026-05-24T10:37:14Z,E,28,sold,False,BFI IMAX E 28
2026-05-24T10:37:14Z,E,27,sold,False,BFI IMAX E 27
2026-05-24T10:37:14Z,E,26,sold,False,BFI IMAX E 26
2026-05-24T10:37:14Z,E,25,sold,False,BFI IMAX E 25
2026-05-24T10:37:14Z,E,24,sold,False,BFI IMAX E 24
2026-05-24T10:37:14Z,E,23,sold,False,BFI IMAX E 23
2026-05-24T10:37:14Z,E,22,sold,False,BFI IMAX E 22
2026-05-24T10:37:14Z,E,21,sold,False,BFI IMAX E 21
2026-05-24T10:37:14Z,E,20,sold,False,BFI IMAX E 20
2026-05-24T10:37:14Z,E,19,sold,False,BFI IMAX E 19
2026-05-24T10:37:14Z,E,18,sold,False,BFI IMAX E 18
2026-05-24T10:37:14Z,E,17,sold,False,BFI IMAX E 17
2026-05-24T10:37:14Z,E,16,sold,False,BFI IMAX E 16
2026-05-24T10:37:14Z,E,15,sold,False,BFI IMAX E 15
2026-05-24T10:37:14Z,E,14,sold,False,BFI IMAX E 14
2026-05-24T10:37:14Z,E,13,sold,False,BFI IMAX E 13
2026-05-24T10:37:14Z,E,12,sold,False,BFI IMAX E 12
2026-05-24T10:37:14Z,E,11,sold,False,BFI IMAX E 11
2026-05-24T10:37:14Z,E,10,sold,False,BFI IMAX E 10
2026-05-24T10:37:14Z,E,9,sold,False,BFI IMAX E 9
2026-05-24T10:37:14Z,E,8,sold,False,BFI IMAX E 8
2026-05-24T10:37:14Z,E,7,sold,False,BFI IMAX E 7
2026-05-24T10:37:14Z,E,6,sold,False,BFI IMAX E 6
2026-05-24T10:37:14Z,E,5,sold,False,BFI IMAX E 5
2026-05-24T10:37:14Z,E,4,available,False,BFI IMAX E 4
2026-05-24T10:37:14Z,E,3,available,False,BFI IMAX E 3
2026-05-24T10:37:14Z,E,2,available,False,BFI IMAX E 2
2026-05-24T10:37:14Z,E,1,available,False,BFI IMAX E 1
2026-05-24T10:37:14Z,F,38,available,False,BFI IMAX F 38
2026-05-24T10:37:14Z,F,37,sold,False,BFI IMAX F 37
2026-05-24T10:37:14Z,F,36,sold,False,BFI IMAX F 36
2026-05-24T10:37:14Z,F,35,sold,False,BFI IMAX F 35
2026-05-24T10:37:14Z,F,34,sold,False,BFI IMAX F 34
2026-05-24T10:37:14Z,F,33,sold,False,BFI IMAX F 33
2026-05-24T10:37:14Z,F,32,sold,False,BFI IMAX F 32
2026-05-24T10:37:14Z,F,31,sold,False,BFI IMAX F 31
2026-05-24T10:37:14Z,F,30,sold,False,BFI IMAX F 30
2026-05-24T10:37:14Z,F,29,sold,False,BFI IMAX F 29
2026-05-24T10:37:14Z,F,28,sold,False,BFI IMAX F 28
2026-05-24T10:37:14Z,F,27,sold,False,BFI IMAX F 27
2026-05-24T10:37:14Z,F,26,sold,False,BFI IMAX F 26
2026-05-24T10:37:14Z,F,25,sold,False,BFI IMAX F 25
2026-05-24T10:37:14Z,F,24,sold,False,BFI IMAX F 24
2026-05-24T10:37:14Z,F,23,sold,False,BFI IMAX F 23
2026-05-24T10:37:14Z,F,22,sold,False,BFI IMAX F 22
2026-05-24T10:37:14Z,F,21,sold,False,BFI IMAX F 21
2026-05-24T10:37:14Z,F,20,sold,False,BFI IMAX F 20
2026-05-24T10:37:14Z,F,19,sold,False,BFI IMAX F 19
2026-05-24T10:37:14Z,F,18,sold,False,BFI IMAX F 18
2026-05-24T10:37:14Z,F,17,sold,False,BFI IMAX F 17
2026-05-24T10:37:14Z,F,16,sold,False,BFI IMAX F 16
2026-05-24T10:37:14Z,F,15,sold,False,BFI IMAX F 15
2026-05-24T10:37:14Z,F,14,sold,False,BFI IMAX F 14
2026-05-24T10:37:14Z,F,13,sold,False,BFI IMAX F 13
2026-05-24T10:37:14Z,F,12,sold,False,BFI IMAX F 12
2026-05-24T10:37:14Z,F,11,sold,False,BFI IMAX F 11
2026-05-24T10:37:14Z,F,10,sold,False,BFI IMAX F 10
2026-05-24T10:37:14Z,F,9,sold,False,BFI IMAX F 9
2026-05-24T10:37:14Z,F,8,sold,False,BFI IMAX F 8
2026-05-24T10:37:14Z,F,7,sold,False,BFI IMAX F 7
2026-05-24T10:37:14Z,F,6,sold,False,BFI IMAX F 6
2026-05-24T10:37:14Z,F,5,sold,False,BFI IMAX F 5
2026-05-24T10:37:14Z,F,4,sold,False,BFI IMAX F 4
2026-05-24T10:37:14Z,F,3,sold,False,BFI IMAX F 3
2026-05-24T10:37:14Z,F,2,sold,False,BFI IMAX F 2
2026-05-24T10:37:14Z,F,1,sold,False,BFI IMAX F 1
2026-05-24T10:37:14Z,G,37,sold,False,BFI IMAX G 37
2026-05-24T10:37:14Z,G,36,sold,False,BFI IMAX G 36
2026-05-24T10:37:14Z,G,35,sold,False,BFI IMAX G 35
2026-05-24T10:37:14Z,G,34,sold,False,BFI IMAX G 34
2026-05-24T10:37:14Z,G,33,sold,False,BFI IMAX G 33
2026-05-24T10:37:14Z,G,32,sold,False,BFI IMAX G 32
2026-05-24T10:37:14Z,G,31,sold,False,BFI IMAX G 31
2026-05-24T10:37:14Z,G,30,sold,False,BFI IMAX G 30
2026-05-24T10:37:14Z,G,29,sold,False,BFI IMAX G 29
2026-05-24T10:37:14Z,G,28,sold,False,BFI IMAX G 28
2026-05-24T10:37:14Z,G,27,sold,False,BFI IMAX G 27
2026-05-24T10:37:14Z,G,26,sold,False,BFI IMAX G 26
2026-05-24T10:37:14Z,G,25,sold,False,BFI IMAX G 25
2026-05-24T10:37:14Z,G,24,sold,False,BFI IMAX G 24
2026-05-24T10:37:14Z,G,23,sold,False,BFI IMAX G 23
2026-05-24T10:37:14Z,G,22,sold,False,BFI IMAX G 22
2026-05-24T10:37:14Z,G,21,sold,False,BFI IMAX G 21
2026-05-24T10:37:14Z,G,20,sold,False,BFI IMAX G 20
2026-05-24T10:37:14Z,G,19,sold,False,BFI IMAX G 19
2026-05-24T10:37:14Z,G,18,sold,False,BFI IMAX G 18
2026-05-24T10:37:14Z,G,17,sold,False,BFI IMAX G 17
2026-05-24T10:37:14Z,G,16,sold,False,BFI IMAX G 16
2026-05-24T10:37:14Z,G,15,sold,False,BFI IMAX G 15
2026-05-24T10:37:14Z,G,14,sold,False,BFI IMAX G 14
2026-05-24T10:37:14Z,G,13,sold,False,BFI IMAX G 13
2026-05-24T10:37:14Z,G,12,sold,False,BFI IMAX G 12
2026-05-24T10:37:14Z,G,11,sold,False,BFI IMAX G 11
2026-05-24T10:37:14Z,G,10,sold,False,BFI IMAX G 10
2026-05-24T10:37:14Z,G,9,sold,False,BFI IMAX G 9
2026-05-24T10:37:14Z,G,8,sold,False,BFI IMAX G 8
2026-05-24T10:37:14Z,G,7,sold,False,BFI IMAX G 7
2026-05-24T10:37:14Z,G,6,sold,False,BFI IMAX G 6
2026-05-24T10:37:14Z,G,5,sold,False,BFI IMAX G 5
2026-05-24T10:37:14Z,G,4,sold,False,BFI IMAX G 4
2026-05-24T10:37:14Z,G,3,sold,False,BFI IMAX G 3
2026-05-24T10:37:14Z,G,2,sold,False,BFI IMAX G 2
2026-05-24T10:37:14Z,G,1,sold,False,BFI IMAX G 1
2026-05-24T10:37:14Z,H,37,sold,False,BFI IMAX H 37
2026-05-24T10:37:14Z,H,36,sold,False,BFI IMAX H 36
2026-05-24T10:37:14Z,H,35,sold,False,BFI IMAX H 35
2026-05-24T10:37:14Z,H,34,sold,False,BFI IMAX H 34
2026-05-24T10:37:14Z,H,33,sold,False,BFI IMAX H 33
2026-05-24T10:37:14Z,H,32,sold,False,BFI IMAX H 32
2026-05-24T10:37:14Z,H,31,sold,False,BFI IMAX H 31
2026-05-24T10:37:14Z,H,30,sold,False,BFI IMAX H 30
2026-05-24T10:37:14Z,H,29,sold,False,BFI IMAX H 29
2026-05-24T10:37:14Z,H,28,sold,False,BFI IMAX H 28
2026-05-24T10:37:14Z,H,27,sold,False,BFI IMAX H 27
2026-05-24T10:37:14Z,H,26,sold,False,BFI IMAX H 26
2026-05-24T10:37:14Z,H,25,sold,False,BFI IMAX H 25
2026-05-24T10:37:14Z,H,24,sold,False,BFI IMAX H 24
2026-05-24T10:37:14Z,H,23,sold,False,BFI IMAX H 23
2026-05-24T10:37:14Z,H,22,sold,False,BFI IMAX H 22
2026-05-24T10:37:14Z,H,21,sold,False,BFI IMAX H 21
2026-05-24T10:37:14Z,H,20,sold,False,BFI IMAX H 20
2026-05-24T10:37:14Z,H,19,sold,False,BFI IMAX H 19
2026-05-24T10:37:14Z,H,18,sold,False,BFI IMAX H 18
2026-05-24T10:37:14Z,H,17,sold,False,BFI IMAX H 17
2026-05-24T10:37:14Z,H,16,sold,False,BFI IMAX H 16
2026-05-24T10:37:14Z,H,15,sold,False,BFI IMAX H 15
2026-05-24T10:37:14Z,H,14,sold,False,BFI IMAX H 14
2026-05-24T10:37:14Z,H,13,sold,False,BFI IMAX H 13
2026-05-24T10:37:14Z,H,12,sold,False,BFI IMAX H 12
2026-05-24T10:37:14Z,H,11,sold,False,BFI IMAX H 11
2026-05-24T10:37:14Z,H,10,sold,False,BFI IMAX H 10
2026-05-24T10:37:14Z,H,9,sold,False,BFI IMAX H 9
2026-05-24T10:37:14Z,H,8,sold,False,BFI IMAX H 8
2026-05-24T10:37:14Z,H,7,sold,False,BFI IMAX H 7
2026-05-24T10:37:14Z,H,6,sold,False,BFI IMAX H 6
2026-05-24T10:37:14Z,H,5,sold,False,BFI IMAX H 5
2026-05-24T10:37:14Z,H,4,sold,False,BFI IMAX H 4
2026-05-24T10:37:14Z,H,3,sold,False,BFI IMAX H 3
2026-05-24T10:37:14Z,H,2,sold,False,BFI IMAX H 2
2026-05-24T10:37:14Z,H,1,sold,False,BFI IMAX H 1
2026-05-24T10:37:14Z,J,36,sold,False,BFI IMAX J 36
2026-05-24T10:37:14Z,J,35,sold,False,BFI IMAX J 35
2026-05-24T10:37:14Z,J,34,sold,False,BFI IMAX J 34
2026-05-24T10:37:14Z,J,33,sold,False,BFI IMAX J 33
2026-05-24T10:37:14Z,J,32,sold,False,BFI IMAX J 32
2026-05-24T10:37:14Z,J,31,sold,False,BFI IMAX J 31
2026-05-24T10:37:14Z,J,30,sold,False,BFI IMAX J 30
2026-05-24T10:37:14Z,J,29,sold,False,BFI IMAX J 29
2026-05-24T10:37:14Z,J,28,sold,False,BFI IMAX J 28
2026-05-24T10:37:14Z,J,27,sold,False,BFI IMAX J 27
2026-05-24T10:37:14Z,J,26,sold,False,BFI IMAX J 26
2026-05-24T10:37:14Z,J,25,sold,False,BFI IMAX J 25
2026-05-24T10:37:14Z,J,24,sold,False,BFI IMAX J 24
2026-05-24T10:37:14Z,J,23,sold,False,BFI IMAX J 23
2026-05-24T10:37:14Z,J,22,sold,False,BFI IMAX J 22
2026-05-24T10:37:14Z,J,21,sold,False,BFI IMAX J 21
2026-05-24T10:37:14Z,J,20,sold,False,BFI IMAX J 20
2026-05-24T10:37:14Z,J,19,sold,False,BFI IMAX J 19
2026-05-24T10:37:14Z,J,18,sold,False,BFI IMAX J 18
2026-05-24T10:37:14Z,J,17,sold,False,BFI IMAX J 17
2026-05-24T10:37:14Z,J,16,sold,False,BFI IMAX J 16
2026-05-24T10:37:14Z,J,15,sold,False,BFI IMAX J 15
2026-05-24T10:37:14Z,J,14,sold,False,BFI IMAX J 14
2026-05-24T10:37:14Z,J,13,sold,False,BFI IMAX J 13
2026-05-24T10:37:14Z,J,12,sold,False,BFI IMAX J 12
2026-05-24T10:37:14Z,J,11,sold,False,BFI IMAX J 11
2026-05-24T10:37:14Z,J,10,sold,False,BFI IMAX J 10
2026-05-24T10:37:14Z,J,9,sold,False,BFI IMAX J 9
2026-05-24T10:37:14Z,J,8,sold,False,BFI IMAX J 8
2026-05-24T10:37:14Z,J,7,sold,False,BFI IMAX J 7
2026-05-24T10:37:14Z,J,6,sold,False,BFI IMAX J 6
2026-05-24T10:37:14Z,J,5,sold,False,BFI IMAX J 5
2026-05-24T10:37:14Z,J,4,sold,False,BFI IMAX J 4
2026-05-24T10:37:14Z,J,3,sold,False,BFI IMAX J 3
2026-05-24T10:37:14Z,J,2,sold,False,BFI IMAX J 2
2026-05-24T10:37:14Z,J,1,sold,False,BFI IMAX J 1
2026-05-24T10:37:14Z,K,36,sold,False,BFI IMAX K 36
2026-05-24T10:37:14Z,K,35,sold,False,BFI IMAX K 35
2026-05-24T10:37:14Z,K,34,sold,False,BFI IMAX K 34
2026-05-24T10:37:14Z,K,33,sold,False,BFI IMAX K 33
2026-05-24T10:37:14Z,K,32,sold,False,BFI IMAX K 32
2026-05-24T10:37:14Z,K,31,sold,False,BFI IMAX K 31
2026-05-24T10:37:14Z,K,30,sold,False,BFI IMAX K 30
2026-05-24T10:37:14Z,K,29,sold,False,BFI IMAX K 29
2026-05-24T10:37:14Z,K,28,sold,False,BFI IMAX K 28
2026-05-24T10:37:14Z,A,13,available,False,BFI IMAX A 13
2026-05-24T10:37:14Z,A,12,available,False,BFI IMAX A 12
2026-05-24T10:37:14Z,K,25,sold,False,BFI IMAX K 25
2026-05-24T10:37:14Z,K,24,sold,False,BFI IMAX K 24
2026-05-24T10:37:14Z,K,23,sold,False,BFI IMAX K 23
2026-05-24T10:37:14Z,K,22,sold,False,BFI IMAX K 22
2026-05-24T10:37:14Z,K,21,sold,False,BFI IMAX K 21
2026-05-24T10:37:14Z,K,20,sold,False,BFI IMAX K 20
2026-05-24T10:37:14Z,K,19,sold,False,BFI IMAX K 19
2026-05-24T10:37:14Z,K,18,sold,False,BFI IMAX K 18
2026-05-24T10:37:14Z,K,17,sold,False,BFI IMAX K 17
2026-05-24T10:37:14Z,K,16,sold,False,BFI IMAX K 16
2026-05-24T10:37:14Z,K,15,sold,False,BFI IMAX K 15
2026-05-24T10:37:14Z,K,14,sold,False,BFI IMAX K 14
2026-05-24T10:37:14Z,K,13,sold,False,BFI IMAX K 13
2026-05-24T10:37:14Z,K,12,sold,False,BFI IMAX K 12
2026-05-24T10:37:14Z,K,11,sold,False,BFI IMAX K 11
2026-05-24T10:37:14Z,K,10,sold,False,BFI IMAX K 10
2026-05-24T10:37:14Z,K,9,sold,False,BFI IMAX K 9
2026-05-24T10:37:14Z,K,8,sold,False,BFI IMAX K 8
2026-05-24T10:37:14Z,K,7,sold,False,BFI IMAX K 7
2026-05-24T10:37:14Z,K,6,sold,False,BFI IMAX K 6
2026-05-24T10:37:14Z,K,5,sold,False,BFI IMAX K 5
2026-05-24T10:37:14Z,K,4,sold,False,BFI IMAX K 4
2026-05-24T10:37:14Z,K,3,sold,False,BFI IMAX K 3
2026-05-24T10:37:14Z,K,2,sold,False,BFI IMAX K 2
2026-05-24T10:37:14Z,K,1,sold,False,BFI IMAX K 1
2026-05-24T10:37:14Z,L,33,sold,False,BFI IMAX L 33
2026-05-24T10:37:14Z,L,32,sold,False,BFI IMAX L 32
2026-05-24T10:37:14Z,L,31,sold,False,BFI IMAX L 31
2026-05-24T10:37:14Z,L,30,sold,False,BFI IMAX L 30
2026-05-24T10:37:14Z,L,29,sold,False,BFI IMAX L 29
2026-05-24T10:37:14Z,L,28,sold,False,BFI IMAX L 28
2026-05-24T10:37:14Z,L,27,sold,False,BFI IMAX L 27
2026-05-24T10:37:14Z,L,26,sold,False,BFI IMAX L 26
2026-05-24T10:37:14Z,L,8,sold,False,BFI IMAX L 8
2026-05-24T10:37:14Z,L,7,sold,False,BFI IMAX L 7
2026-05-24T10:37:14Z,L,6,sold,False,BFI IMAX L 6
2026-05-24T10:37:14Z,L,5,sold,False,BFI IMAX L 5
2026-05-24T10:37:14Z,L,4,sold,False,BFI IMAX L 4
2026-05-24T10:37:14Z,L,3,sold,False,BFI IMAX L 3
2026-05-24T10:37:14Z,L,2,sold,False,BFI IMAX L 2
2026-05-24T10:37:14Z,L,1,sold,False,BFI IMAX L 1
2026-05-24T10:37:14Z,M,34,sold,False,BFI IMAX M 34
2026-05-24T10:37:14Z,M,33,sold,False,BFI IMAX M 33
2026-05-24T10:37:14Z,M,32,sold,False,BFI IMAX M 32
2026-05-24T10:37:14Z,M,31,sold,False,BFI IMAX M 31
2026-05-24T10:37:14Z,M,30,sold,False,BFI IMAX M 30
2026-05-24T10:37:14Z,M,29,sold,False,BFI IMAX M 29
2026-05-24T10:37:14Z,M,28,sold,False,BFI IMAX M 28
2026-05-24T10:37:14Z,M,27,sold,False,BFI IMAX M 27
2026-05-24T10:37:14Z,M,8,sold,False,BFI IMAX M 8
2026-05-24T10:37:14Z,M,7,sold,False,BFI IMAX M 7
2026-05-24T10:37:14Z,M,6,sold,False,BFI IMAX M 6
2026-05-24T10:37:14Z,M,5,sold,False,BFI IMAX M 5
2026-05-24T10:37:14Z,M,4,sold,False,BFI IMAX M 4
2026-05-24T10:37:14Z,M,3,sold,False,BFI IMAX M 3
2026-05-24T10:37:14Z,M,2,sold,False,BFI IMAX M 2
2026-05-24T10:37:14Z,M,1,sold,False,BFI IMAX M 1
2026-05-24T10:37:14Z,N,34,unavailable,False,BFI IMAX N 34
2026-05-24T10:37:14Z,N,33,unavailable,False,BFI IMAX N 33
2026-05-24T10:37:14Z,N,32,unavailable,False,BFI IMAX N 32
2026-05-24T10:37:14Z,N,31,unavailable,False,BFI IMAX N 31
2026-05-24T10:37:14Z,N,30,unavailable,False,BFI IMAX N 30
2026-05-24T10:37:14Z,N,29,unavailable,False,BFI IMAX N 29
2026-05-24T10:37:14Z,N,28,unavailable,False,BFI IMAX N 28
2026-05-24T10:37:14Z,N,27,unavailable,False,BFI IMAX N 27
2026-05-24T10:37:14Z,A,11,available,False,BFI IMAX A 11
2026-05-24T10:37:14Z,A,10,available,False,BFI IMAX A 10
2026-05-24T10:37:14Z,N,6,sold,False,BFI IMAX N 6
2026-05-24T10:37:14Z,N,5,sold,False,BFI IMAX N 5
2026-05-24T10:37:14Z,N,4,sold,False,BFI IMAX N 4
2026-05-24T10:37:14Z,N,3,sold,False,BFI IMAX N 3
2026-05-24T10:37:14Z,N,2,sold,False,BFI IMAX N 2
2026-05-24T10:37:14Z,N,1,sold,False,BFI IMAX N 1
2026-05-24T10:37:14Z,P,31,unavailable,False,BFI IMAX P 31
2026-05-24T10:37:14Z,A,9,available,False,BFI IMAX A 9
2026-05-24T10:37:14Z,A,8,available,False,BFI IMAX A 8
2026-05-24T10:37:14Z,P,26,unavailable,False,BFI IMAX P 26
2026-05-24T10:37:14Z,P,6,sold,False,BFI IMAX P 6
2026-05-24T10:37:14Z,A,7,available,False,BFI IMAX A 7
2026-05-24T10:37:14Z,A,6,available,False,BFI IMAX A 6
2026-05-24T10:37:14Z,P,1,unavailable,False,BFI IMAX P 1
2026-05-24T10:37:14Z,M,11,sold,False,BFI IMAX M 11
2026-05-24T10:37:14Z,M,10,sold,False,BFI IMAX M 10
2026-05-24T10:37:14Z,M,9,sold,False,BFI IMAX M 9
2026-05-24T10:37:14Z,L,9,sold,False,BFI IMAX L 9
2026-05-24T10:37:14Z,L,25,sold,False,BFI IMAX L 25
2026-05-24T10:37:14Z,L,24,sold,False,BFI IMAX L 24
2026-05-24T10:37:14Z,L,23,sold,False,BFI IMAX L 23
2026-05-24T10:37:14Z,L,22,sold,False,BFI IMAX L 22
2026-05-24T10:37:14Z,L,21,sold,False,BFI IMAX L 21
2026-05-24T10:37:14Z,L,20,sold,False,BFI IMAX L 20
2026-05-24T10:37:14Z,L,19,sold,False,BFI IMAX L 19
2026-05-24T10:37:14Z,L,18,sold,False,BFI IMAX L 18
2026-05-24T10:37:14Z,L,17,sold,False,BFI IMAX L 17
2026-05-24T10:37:14Z,L,16,sold,False,BFI IMAX L 16
2026-05-24T10:37:14Z,L,15,sold,False,BFI IMAX L 15
2026-05-24T10:37:14Z,L,14,sold,False,BFI IMAX L 14
2026-05-24T10:37:14Z,L,13,sold,False,BFI IMAX L 13
2026-05-24T10:37:14Z,L,12,sold,False,BFI IMAX L 12
2026-05-24T10:37:14Z,L,11,sold,False,BFI IMAX L 11
2026-05-24T10:37:14Z,N,26,unavailable,False,BFI IMAX N 26
2026-05-24T10:37:14Z,N,25,unavailable,False,BFI IMAX N 25
2026-05-24T10:37:14Z,N,24,unavailable,False,BFI IMAX N 24
2026-05-24T10:37:14Z,N,23,unavailable,False,BFI IMAX N 23
2026-05-24T10:37:14Z,N,22,sold,False,BFI IMAX N 22
2026-05-24T10:37:14Z,N,21,sold,False,BFI IMAX N 21
2026-05-24T10:37:14Z,N,20,sold,False,BFI IMAX N 20
2026-05-24T10:37:14Z,N,19,sold,False,BFI IMAX N 19
2026-05-24T10:37:14Z,N,18,sold,False,BFI IMAX N 18
2026-05-24T10:37:14Z,N,17,sold,False,BFI IMAX N 17
2026-05-24T10:37:14Z,N,16,sold,False,BFI IMAX N 16
2026-05-24T10:37:14Z,N,15,sold,False,BFI IMAX N 15
2026-05-24T10:37:14Z,N,14,sold,False,BFI IMAX N 14
2026-05-24T10:37:14Z,N,13,sold,False,BFI IMAX N 13
2026-05-24T10:37:14Z,N,12,unavailable,False,BFI IMAX N 12
2026-05-24T10:37:14Z,N,11,unavailable,False,BFI IMAX N 11
2026-05-24T10:37:14Z,N,10,unavailable,False,BFI IMAX N 10
2026-05-24T10:37:14Z,N,9,unavailable,False,BFI IMAX N 9
2026-05-24T10:37:14Z,L,10,sold,False,BFI IMAX L 10
2026-05-24T10:37:14Z,M,26,sold,False,BFI IMAX M 26
2026-05-24T10:37:14Z,M,25,sold,False,BFI IMAX M 25
2026-05-24T10:37:14Z,M,24,sold,False,BFI IMAX M 24
2026-05-24T10:37:14Z,M,23,sold,False,BFI IMAX M 23
2026-05-24T10:37:14Z,M,22,sold,False,BFI IMAX M 22
2026-05-24T10:37:14Z,M,21,sold,False,BFI IMAX M 21
2026-05-24T10:37:14Z,M,20,sold,False,BFI IMAX M 20
2026-05-24T10:37:14Z,M,19,sold,False,BFI IMAX M 19
2026-05-24T10:37:14Z,M,18,sold,False,BFI IMAX M 18
2026-05-24T10:37:14Z,M,17,sold,False,BFI IMAX M 17
2026-05-24T10:37:14Z,M,16,sold,False,BFI IMAX M 16
2026-05-24T10:37:14Z,M,15,sold,False,BFI IMAX M 15
2026-05-24T10:37:14Z,M,14,sold,False,BFI IMAX M 14
2026-05-24T10:37:14Z,M,13,sold,False,BFI IMAX M 13
2026-05-24T10:37:14Z,M,12,sold,False,BFI IMAX M 12
2026-05-24T10:37:14Z,P,30,unavailable,True,BFI IMAX P 30
2026-05-24T10:37:14Z,P,27,unavailable,True,BFI IMAX P 27
2026-05-24T10:37:14Z,P,2,unavailable,True,BFI IMAX P 2
2026-05-24T10:37:14Z,P,5,sold,True,BFI IMAX P 5
2026-05-24T10:37:14Z,P,19,sold,False,BFI IMAX P 19
2026-05-24T10:37:14Z,P,18,sold,False,BFI IMAX P 18
2026-05-24T10:37:14Z,P,17,sold,False,BFI IMAX P 17
2026-05-24T10:37:14Z,P,16,sold,False,BFI IMAX P 16
2026-05-24T10:37:14Z,P,15,sold,False,BFI IMAX P 15
2026-05-24T10:37:14Z,P,14,sold,False,BFI IMAX P 14
2026-05-24T10:37:14Z,P,13,sold,False,BFI IMAX P 13
2026-05-24T10:37:14Z,P,12,sold,False,BFI IMAX P 12
2026-05-24T10:37:14Z,P,11,sold,False,BFI IMAX P 11
2026-05-24T10:37:14Z,P,10,sold,False,BFI IMAX P 10
2026-05-24T10:37:14Z,P,9,sold,False,BFI IMAX P 9
2026-05-24T10:37:14Z,P,8,sold,False,BFI IMAX P 8
2026-05-24T10:37:14Z,P,7,sold,False,BFI IMAX P 7
2026-05-24T10:37:14Z,P,25,sold,False,BFI IMAX P 25
2026-05-24T10:37:14Z,P,24,sold,False,BFI IMAX P 24
2026-05-24T10:37:14Z,P,23,sold,False,BFI IMAX P 23
2026-05-24T10:37:14Z,P,22,sold,False,BFI IMAX P 22
2026-05-24T10:37:14Z,P,21,sold,False,BFI IMAX P 21
2026-05-24T10:37:14Z,P,20,sold,False,BFI IMAX P 20
2026-05-24T10:37:14Z,Q,18,sold,False,BFI IMAX Q 18
2026-05-24T10:37:14Z,Q,17,sold,False,BFI IMAX Q 17
2026-05-24T10:37:14Z,Q,16,sold,False,BFI IMAX Q 16
2026-05-24T10:37:14Z,Q,15,sold,False,BFI IMAX Q 15
2026-05-24T10:37:14Z,Q,14,sold,False,BFI IMAX Q 14
2026-05-24T10:37:14Z,Q,13,sold,False,BFI IMAX Q 13
2026-05-24T10:37:14Z,Q,12,sold,False,BFI IMAX Q 12
2026-05-24T10:37:14Z,Q,11,sold,False,BFI IMAX Q 11
2026-05-24T10:37:14Z,Q,10,sold,False,BFI IMAX Q 10
2026-05-24T10:37:14Z,Q,9,sold,False,BFI IMAX Q 9
2026-05-24T10:37:14Z,Q,8,sold,False,BFI IMAX Q 8
2026-05-24T10:37:14Z,Q,7,sold,False,BFI IMAX Q 7
2026-05-24T10:37:14Z,Q,6,sold,False,BFI IMAX Q 6
2026-05-24T10:37:14Z,Q,5,sold,False,BFI IMAX Q 5
2026-05-24T10:37:14Z,Q,4,sold,False,BFI IMAX Q 4
2026-05-24T10:37:14Z,Q,3,sold,False,BFI IMAX Q 3
2026-05-24T10:37:14Z,Q,2,sold,False,BFI IMAX Q 2
2026-05-24T10:37:14Z,Q,1,sold,False,BFI IMAX Q 1
2026-05-24T11:07:47Z,K,27,unavailable,False,BFI IMAX K 27
2026-05-24T11:07:47Z,K,26,unavailable,False,BFI IMAX K 26
2026-05-24T11:07:47Z,N,8,unavailable,False,BFI IMAX N 8
2026-05-24T11:07:47Z,N,7,unavailable,False,BFI IMAX N 7
2026-05-24T11:07:47Z,P,29,unavailable,True,BFI IMAX P 29
2026-05-24T11:07:47Z,P,28,unavailable,True,BFI IMAX P 28
2026-05-24T11:07:47Z,P,4,unavailable,True,BFI IMAX P 4
2026-05-24T11:07:47Z,P,3,unavailable,True,BFI IMAX P 3
2026-05-24T11:07:47Z,A,5,available,False,BFI IMAX A 5
2026-05-24T11:07:47Z,A,4,available,False,BFI IMAX A 4
2026-05-24T11:07:47Z,A,3,available,False,BFI IMAX A 3
2026-05-24T11:07:47Z,A,2,available,False,BFI IMAX A 2
2026-05-24T11:07:47Z,A,1,available,False,BFI IMAX A 1
2026-05-24T11:07:47Z,B,36,available,False,BFI IMAX B 36
2026-05-24T11:07:47Z,B,35,available,False,BFI IMAX B 35
2026-05-24T11:07:47Z,B,34,available,False,BFI IMAX B 34
2026-05-24T11:07:47Z,B,33,available,False,BFI IMAX B 33
2026-05-24T11:07:47Z,B,32,available,False,BFI IMAX B 32
2026-05-24T11:07:47Z,B,31,available,False,BFI IMAX B 31
2026-05-24T11:07:47Z,B,30,available,False,BFI IMAX B 30
2026-05-24T11:07:47Z,B,29,available,False,BFI IMAX B 29
2026-05-24T11:07:47Z,B,28,available,False,BFI IMAX B 28
2026-05-24T11:07:47Z,B,27,available,False,BFI IMAX B 27
2026-05-24T11:07:47Z,B,26,available,False,BFI IMAX B 26
2026-05-24T11:07:47Z,B,25,available,False,BFI IMAX B 25
2026-05-24T11:07:47Z,B,24,available,False,BFI IMAX B 24
2026-05-24T11:07:47Z,B,23,available,False,BFI IMAX B 23
2026-05-24T11:07:47Z,B,22,available,False,BFI IMAX B 22
2026-05-24T11:07:47Z,B,21,sold,False,BFI IMAX B 21
2026-05-24T11:07:47Z,B,20,sold,False,BFI IMAX B 20
2026-05-24T11:07:47Z,B,19,sold,False,BFI IMAX B 19
2026-05-24T11:07:47Z,B,18,sold,False,BFI IMAX B 18
2026-05-24T11:07:47Z,B,17,available,False,BFI IMAX B 17
2026-05-24T11:07:47Z,B,16,sold,False,BFI IMAX B 16
2026-05-24T11:07:47Z,B,15,available,False,BFI IMAX B 15
2026-05-24T11:07:47Z,B,14,available,False,BFI IMAX B 14
2026-05-24T11:07:47Z,B,13,available,False,BFI IMAX B 13
2026-05-24T11:07:47Z,B,12,available,False,BFI IMAX B 12
2026-05-24T11:07:47Z,B,11,available,False,BFI IMAX B 11
2026-05-24T11:07:47Z,B,10,available,False,BFI IMAX B 10
2026-05-24T11:07:47Z,B,9,available,False,BFI IMAX B 9
2026-05-24T11:07:47Z,B,8,available,False,BFI IMAX B 8
2026-05-24T11:07:47Z,B,7,available,False,BFI IMAX B 7
2026-05-24T11:07:47Z,B,6,available,False,BFI IMAX B 6
2026-05-24T11:07:47Z,B,5,available,False,BFI IMAX B 5
2026-05-24T11:07:47Z,B,4,available,False,BFI IMAX B 4
2026-05-24T11:07:47Z,B,3,available,False,BFI IMAX B 3
2026-05-24T11:07:47Z,B,2,available,False,BFI IMAX B 2
2026-05-24T11:07:47Z,B,1,available,False,BFI IMAX B 1
2026-05-24T11:07:47Z,C,36,available,False,BFI IMAX C 36
2026-05-24T11:07:47Z,C,35,available,False,BFI IMAX C 35
2026-05-24T11:07:47Z,C,34,available,False,BFI IMAX C 34
2026-05-24T11:07:47Z,C,33,available,False,BFI IMAX C 33
2026-05-24T11:07:47Z,C,32,available,False,BFI IMAX C 32
2026-05-24T11:07:47Z,C,31,available,False,BFI IMAX C 31
2026-05-24T11:07:47Z,C,30,available,False,BFI IMAX C 30
2026-05-24T11:07:47Z,C,29,available,False,BFI IMAX C 29
2026-05-24T11:07:47Z,C,28,available,False,BFI IMAX C 28
2026-05-24T11:07:47Z,C,27,available,False,BFI IMAX C 27
2026-05-24T11:07:47Z,C,26,available,False,BFI IMAX C 26
2026-05-24T11:07:47Z,C,25,sold,False,BFI IMAX C 25
2026-05-24T11:07:47Z,C,24,sold,False,BFI IMAX C 24
2026-05-24T11:07:47Z,C,23,sold,False,BFI IMAX C 23
2026-05-24T11:07:47Z,C,22,sold,False,BFI IMAX C 22
2026-05-24T11:07:47Z,C,21,sold,False,BFI IMAX C 21
2026-05-24T11:07:47Z,C,20,sold,False,BFI IMAX C 20
2026-05-24T11:07:47Z,C,19,sold,False,BFI IMAX C 19
2026-05-24T11:07:47Z,C,18,sold,False,BFI IMAX C 18
2026-05-24T11:07:47Z,C,17,sold,False,BFI IMAX C 17
2026-05-24T11:07:47Z,C,16,sold,False,BFI IMAX C 16
2026-05-24T11:07:47Z,C,15,sold,False,BFI IMAX C 15
2026-05-24T11:07:47Z,C,14,sold,False,BFI IMAX C 14
2026-05-24T11:07:47Z,C,13,sold,False,BFI IMAX C 13
2026-05-24T11:07:47Z,C,12,sold,False,BFI IMAX C 12
2026-05-24T11:07:47Z,C,11,sold,False,BFI IMAX C 11
2026-05-24T11:07:47Z,C,10,sold,False,BFI IMAX C 10
2026-05-24T11:07:47Z,C,9,available,False,BFI IMAX C 9
2026-05-24T11:07:47Z,C,8,available,False,BFI IMAX C 8
2026-05-24T11:07:47Z,C,7,available,False,BFI IMAX C 7
2026-05-24T11:07:47Z,C,6,available,False,BFI IMAX C 6
2026-05-24T11:07:47Z,C,5,available,False,BFI IMAX C 5
2026-05-24T11:07:47Z,C,4,available,False,BFI IMAX C 4
2026-05-24T11:07:47Z,C,3,available,False,BFI IMAX C 3
2026-05-24T11:07:47Z,C,2,available,False,BFI IMAX C 2
2026-05-24T11:07:47Z,C,1,available,False,BFI IMAX C 1
2026-05-24T11:07:47Z,D,37,available,False,BFI IMAX D 37
2026-05-24T11:07:47Z,D,36,available,False,BFI IMAX D 36
2026-05-24T11:07:47Z,D,35,available,False,BFI IMAX D 35
2026-05-24T11:07:47Z,D,34,available,False,BFI IMAX D 34
2026-05-24T11:07:47Z,D,33,available,False,BFI IMAX D 33
2026-05-24T11:07:47Z,D,32,available,False,BFI IMAX D 32
2026-05-24T11:07:47Z,D,31,available,False,BFI IMAX D 31
2026-05-24T11:07:47Z,D,30,available,False,BFI IMAX D 30
2026-05-24T11:07:47Z,D,29,available,False,BFI IMAX D 29
2026-05-24T11:07:47Z,D,28,available,False,BFI IMAX D 28
2026-05-24T11:07:47Z,D,27,available,False,BFI IMAX D 27
2026-05-24T11:07:47Z,D,26,sold,False,BFI IMAX D 26
2026-05-24T11:07:47Z,D,25,sold,False,BFI IMAX D 25
2026-05-24T11:07:47Z,D,24,sold,False,BFI IMAX D 24
2026-05-24T11:07:47Z,D,23,sold,False,BFI IMAX D 23
2026-05-24T11:07:47Z,D,22,sold,False,BFI IMAX D 22
2026-05-24T11:07:47Z,D,21,sold,False,BFI IMAX D 21
2026-05-24T11:07:47Z,D,20,sold,False,BFI IMAX D 20
2026-05-24T11:07:47Z,D,19,sold,False,BFI IMAX D 19
2026-05-24T11:07:47Z,D,18,sold,False,BFI IMAX D 18
2026-05-24T11:07:47Z,D,17,sold,False,BFI IMAX D 17
2026-05-24T11:07:47Z,D,16,sold,False,BFI IMAX D 16
2026-05-24T11:07:47Z,D,15,sold,False,BFI IMAX D 15
2026-05-24T11:07:47Z,D,14,sold,False,BFI IMAX D 14
2026-05-24T11:07:47Z,D,13,sold,False,BFI IMAX D 13
2026-05-24T11:07:47Z,D,12,sold,False,BFI IMAX D 12
2026-05-24T11:07:47Z,D,11,sold,False,BFI IMAX D 11
2026-05-24T11:07:47Z,D,10,sold,False,BFI IMAX D 10
2026-05-24T11:07:47Z,D,9,available,False,BFI IMAX D 9
2026-05-24T11:07:47Z,D,8,available,False,BFI IMAX D 8
2026-05-24T11:07:47Z,D,7,available,False,BFI IMAX D 7
2026-05-24T11:07:47Z,D,6,available,False,BFI IMAX D 6
2026-05-24T11:07:47Z,D,5,available,False,BFI IMAX D 5
2026-05-24T11:07:47Z,D,4,available,False,BFI IMAX D 4
2026-05-24T11:07:47Z,D,3,available,False,BFI IMAX D 3
2026-05-24T11:07:47Z,D,2,available,False,BFI IMAX D 2
2026-05-24T11:07:47Z,D,1,available,False,BFI IMAX D 1
2026-05-24T11:07:47Z,E,37,available,False,BFI IMAX E 37
2026-05-24T11:07:47Z,E,36,available,False,BFI IMAX E 36
2026-05-24T11:07:47Z,E,35,available,False,BFI IMAX E 35
2026-05-24T11:07:47Z,E,34,available,False,BFI IMAX E 34
2026-05-24T11:07:47Z,E,33,available,False,BFI IMAX E 33
2026-05-24T11:07:47Z,E,32,available,False,BFI IMAX E 32
2026-05-24T11:07:47Z,E,31,sold,False,BFI IMAX E 31
2026-05-24T11:07:47Z,E,30,sold,False,BFI IMAX E 30
2026-05-24T11:07:47Z,E,29,sold,False,BFI IMAX E 29
2026-05-24T11:07:47Z,E,28,sold,False,BFI IMAX E 28
2026-05-24T11:07:47Z,E,27,sold,False,BFI IMAX E 27
2026-05-24T11:07:47Z,E,26,sold,False,BFI IMAX E 26
2026-05-24T11:07:47Z,E,25,sold,False,BFI IMAX E 25
2026-05-24T11:07:47Z,E,24,sold,False,BFI IMAX E 24
2026-05-24T11:07:47Z,E,23,sold,False,BFI IMAX E 23
2026-05-24T11:07:47Z,E,22,sold,False,BFI IMAX E 22
2026-05-24T11:07:47Z,E,21,sold,False,BFI IMAX E 21
2026-05-24T11:07:47Z,E,20,sold,False,BFI IMAX E 20
2026-05-24T11:07:47Z,E,19,sold,False,BFI IMAX E 19
2026-05-24T11:07:47Z,E,18,sold,False,BFI IMAX E 18
2026-05-24T11:07:47Z,E,17,sold,False,BFI IMAX E 17
2026-05-24T11:07:47Z,E,16,sold,False,BFI IMAX E 16
2026-05-24T11:07:47Z,E,15,sold,False,BFI IMAX E 15
2026-05-24T11:07:47Z,E,14,sold,False,BFI IMAX E 14
2026-05-24T11:07:47Z,E,13,sold,False,BFI IMAX E 13
2026-05-24T11:07:47Z,E,12,sold,False,BFI IMAX E 12
2026-05-24T11:07:47Z,E,11,sold,False,BFI IMAX E 11
2026-05-24T11:07:47Z,E,10,sold,False,BFI IMAX E 10
2026-05-24T11:07:47Z,E,9,sold,False,BFI IMAX E 9
2026-05-24T11:07:47Z,E,8,sold,False,BFI IMAX E 8
2026-05-24T11:07:47Z,E,7,sold,False,BFI IMAX E 7
2026-05-24T11:07:47Z,E,6,sold,False,BFI IMAX E 6
2026-05-24T11:07:47Z,E,5,sold,False,BFI IMAX E 5
2026-05-24T11:07:47Z,E,4,available,False,BFI IMAX E 4
2026-05-24T11:07:47Z,E,3,available,False,BFI IMAX E 3
2026-05-24T11:07:47Z,E,2,available,False,BFI IMAX E 2
2026-05-24T11:07:47Z,E,1,available,False,BFI IMAX E 1
2026-05-24T11:07:47Z,F,38,available,False,BFI IMAX F 38
2026-05-24T11:07:47Z,F,37,sold,False,BFI IMAX F 37
2026-05-24T11:07:47Z,F,36,sold,False,BFI IMAX F 36
2026-05-24T11:07:47Z,F,35,sold,False,BFI IMAX F 35
2026-05-24T11:07:47Z,F,34,sold,False,BFI IMAX F 34
2026-05-24T11:07:47Z,F,33,sold,False,BFI IMAX F 33
2026-05-24T11:07:47Z,F,32,sold,False,BFI IMAX F 32
2026-05-24T11:07:47Z,F,31,sold,False,BFI IMAX F 31
2026-05-24T11:07:47Z,F,30,sold,False,BFI IMAX F 30
2026-05-24T11:07:47Z,F,29,sold,False,BFI IMAX F 29
2026-05-24T11:07:47Z,F,28,sold,False,BFI IMAX F 28
2026-05-24T11:07:47Z,F,27,sold,False,BFI IMAX F 27
2026-05-24T11:07:47Z,F,26,sold,False,BFI IMAX F 26
2026-05-24T11:07:47Z,F,25,sold,False,BFI IMAX F 25
2026-05-24T11:07:47Z,F,24,sold,False,BFI IMAX F 24
2026-05-24T11:07:47Z,F,23,sold,False,BFI IMAX F 23
2026-05-24T11:07:47Z,F,22,sold,False,BFI IMAX F 22
2026-05-24T11:07:47Z,F,21,sold,False,BFI IMAX F 21
2026-05-24T11:07:47Z,F,20,sold,False,BFI IMAX F 20
2026-05-24T11:07:47Z,F,19,sold,False,BFI IMAX F 19
2026-05-24T11:07:47Z,F,18,sold,False,BFI IMAX F 18
2026-05-24T11:07:47Z,F,17,sold,False,BFI IMAX F 17
2026-05-24T11:07:47Z,F,16,sold,False,BFI IMAX F 16
2026-05-24T11:07:47Z,F,15,sold,False,BFI IMAX F 15
2026-05-24T11:07:47Z,F,14,sold,False,BFI IMAX F 14
2026-05-24T11:07:47Z,F,13,sold,False,BFI IMAX F 13
2026-05-24T11:07:47Z,F,12,sold,False,BFI IMAX F 12
2026-05-24T11:07:47Z,F,11,sold,False,BFI IMAX F 11
2026-05-24T11:07:47Z,F,10,sold,False,BFI IMAX F 10
2026-05-24T11:07:47Z,F,9,sold,False,BFI IMAX F 9
2026-05-24T11:07:47Z,F,8,sold,False,BFI IMAX F 8
2026-05-24T11:07:47Z,F,7,sold,False,BFI IMAX F 7
2026-05-24T11:07:47Z,F,6,sold,False,BFI IMAX F 6
2026-05-24T11:07:47Z,F,5,sold,False,BFI IMAX F 5
2026-05-24T11:07:47Z,F,4,sold,False,BFI IMAX F 4
2026-05-24T11:07:47Z,F,3,sold,False,BFI IMAX F 3
2026-05-24T11:07:47Z,F,2,sold,False,BFI IMAX F 2
2026-05-24T11:07:47Z,F,1,sold,False,BFI IMAX F 1
2026-05-24T11:07:47Z,G,37,sold,False,BFI IMAX G 37
2026-05-24T11:07:47Z,G,36,sold,False,BFI IMAX G 36
2026-05-24T11:07:47Z,G,35,sold,False,BFI IMAX G 35
2026-05-24T11:07:47Z,G,34,sold,False,BFI IMAX G 34
2026-05-24T11:07:47Z,G,33,sold,False,BFI IMAX G 33
2026-05-24T11:07:47Z,G,32,sold,False,BFI IMAX G 32
2026-05-24T11:07:47Z,G,31,sold,False,BFI IMAX G 31
2026-05-24T11:07:47Z,G,30,sold,False,BFI IMAX G 30
2026-05-24T11:07:47Z,G,29,sold,False,BFI IMAX G 29
2026-05-24T11:07:47Z,G,28,sold,False,BFI IMAX G 28
2026-05-24T11:07:47Z,G,27,sold,False,BFI IMAX G 27
2026-05-24T11:07:47Z,G,26,sold,False,BFI IMAX G 26
2026-05-24T11:07:47Z,G,25,sold,False,BFI IMAX G 25
2026-05-24T11:07:47Z,G,24,sold,False,BFI IMAX G 24
2026-05-24T11:07:47Z,G,23,sold,False,BFI IMAX G 23
2026-05-24T11:07:47Z,G,22,sold,False,BFI IMAX G 22
2026-05-24T11:07:47Z,G,21,sold,False,BFI IMAX G 21
2026-05-24T11:07:47Z,G,20,sold,False,BFI IMAX G 20
2026-05-24T11:07:47Z,G,19,sold,False,BFI IMAX G 19
2026-05-24T11:07:47Z,G,18,sold,False,BFI IMAX G 18
2026-05-24T11:07:47Z,G,17,sold,False,BFI IMAX G 17
2026-05-24T11:07:47Z,G,16,sold,False,BFI IMAX G 16
2026-05-24T11:07:47Z,G,15,sold,False,BFI IMAX G 15
2026-05-24T11:07:47Z,G,14,sold,False,BFI IMAX G 14
2026-05-24T11:07:47Z,G,13,sold,False,BFI IMAX G 13
2026-05-24T11:07:47Z,G,12,sold,False,BFI IMAX G 12
2026-05-24T11:07:47Z,G,11,sold,False,BFI IMAX G 11
2026-05-24T11:07:47Z,G,10,sold,False,BFI IMAX G 10
2026-05-24T11:07:47Z,G,9,sold,False,BFI IMAX G 9
2026-05-24T11:07:47Z,G,8,sold,False,BFI IMAX G 8
2026-05-24T11:07:47Z,G,7,sold,False,BFI IMAX G 7
2026-05-24T11:07:47Z,G,6,sold,False,BFI IMAX G 6
2026-05-24T11:07:47Z,G,5,sold,False,BFI IMAX G 5
2026-05-24T11:07:47Z,G,4,sold,False,BFI IMAX G 4
2026-05-24T11:07:47Z,G,3,sold,False,BFI IMAX G 3
2026-05-24T11:07:47Z,G,2,sold,False,BFI IMAX G 2
2026-05-24T11:07:47Z,G,1,sold,False,BFI IMAX G 1
2026-05-24T11:07:47Z,H,37,sold,False,BFI IMAX H 37
2026-05-24T11:07:47Z,H,36,sold,False,BFI IMAX H 36
2026-05-24T11:07:47Z,H,35,sold,False,BFI IMAX H 35
2026-05-24T11:07:47Z,H,34,sold,False,BFI IMAX H 34
2026-05-24T11:07:47Z,H,33,sold,False,BFI IMAX H 33
2026-05-24T11:07:47Z,H,32,sold,False,BFI IMAX H 32
2026-05-24T11:07:47Z,H,31,sold,False,BFI IMAX H 31
2026-05-24T11:07:47Z,H,30,sold,False,BFI IMAX H 30
2026-05-24T11:07:47Z,H,29,sold,False,BFI IMAX H 29
2026-05-24T11:07:47Z,H,28,sold,False,BFI IMAX H 28
2026-05-24T11:07:47Z,H,27,sold,False,BFI IMAX H 27
2026-05-24T11:07:47Z,H,26,sold,False,BFI IMAX H 26
2026-05-24T11:07:47Z,H,25,sold,False,BFI IMAX H 25
2026-05-24T11:07:47Z,H,24,sold,False,BFI IMAX H 24
2026-05-24T11:07:47Z,H,23,sold,False,BFI IMAX H 23
2026-05-24T11:07:47Z,H,22,sold,False,BFI IMAX H 22
2026-05-24T11:07:47Z,H,21,sold,False,BFI IMAX H 21
2026-05-24T11:07:47Z,H,20,sold,False,BFI IMAX H 20
2026-05-24T11:07:47Z,H,19,sold,False,BFI IMAX H 19
2026-05-24T11:07:47Z,H,18,sold,False,BFI IMAX H 18
2026-05-24T11:07:47Z,H,17,sold,False,BFI IMAX H 17
2026-05-24T11:07:47Z,H,16,sold,False,BFI IMAX H 16
2026-05-24T11:07:47Z,H,15,sold,False,BFI IMAX H 15
2026-05-24T11:07:47Z,H,14,sold,False,BFI IMAX H 14
2026-05-24T11:07:47Z,H,13,sold,False,BFI IMAX H 13
2026-05-24T11:07:47Z,H,12,sold,False,BFI IMAX H 12
2026-05-24T11:07:47Z,H,11,sold,False,BFI IMAX H 11
2026-05-24T11:07:47Z,H,10,sold,False,BFI IMAX H 10
2026-05-24T11:07:47Z,H,9,sold,False,BFI IMAX H 9
2026-05-24T11:07:47Z,H,8,sold,False,BFI IMAX H 8
2026-05-24T11:07:47Z,H,7,sold,False,BFI IMAX H 7
2026-05-24T11:07:47Z,H,6,sold,False,BFI IMAX H 6
2026-05-24T11:07:47Z,H,5,sold,False,BFI IMAX H 5
2026-05-24T11:07:47Z,H,4,sold,False,BFI IMAX H 4
2026-05-24T11:07:47Z,H,3,sold,False,BFI IMAX H 3
2026-05-24T11:07:47Z,H,2,sold,False,BFI IMAX H 2
2026-05-24T11:07:47Z,H,1,sold,False,BFI IMAX H 1
2026-05-24T11:07:47Z,J,36,sold,False,BFI IMAX J 36
2026-05-24T11:07:47Z,J,35,sold,False,BFI IMAX J 35
2026-05-24T11:07:47Z,J,34,sold,False,BFI IMAX J 34
2026-05-24T11:07:47Z,J,33,sold,False,BFI IMAX J 33
2026-05-24T11:07:47Z,J,32,sold,False,BFI IMAX J 32
2026-05-24T11:07:47Z,J,31,sold,False,BFI IMAX J 31
2026-05-24T11:07:47Z,J,30,sold,False,BFI IMAX J 30
2026-05-24T11:07:47Z,J,29,sold,False,BFI IMAX J 29
2026-05-24T11:07:47Z,J,28,sold,False,BFI IMAX J 28
2026-05-24T11:07:47Z,J,27,sold,False,BFI IMAX J 27
2026-05-24T11:07:47Z,J,26,sold,False,BFI IMAX J 26
2026-05-24T11:07:47Z,J,25,sold,False,BFI IMAX J 25
2026-05-24T11:07:47Z,J,24,sold,False,BFI IMAX J 24
2026-05-24T11:07:47Z,J,23,sold,False,BFI IMAX J 23
2026-05-24T11:07:47Z,J,22,sold,False,BFI IMAX J 22
2026-05-24T11:07:47Z,J,21,sold,False,BFI IMAX J 21
2026-05-24T11:07:47Z,J,20,sold,False,BFI IMAX J 20
2026-05-24T11:07:47Z,J,19,sold,False,BFI IMAX J 19
2026-05-24T11:07:47Z,J,18,sold,False,BFI IMAX J 18
2026-05-24T11:07:47Z,J,17,sold,False,BFI IMAX J 17
2026-05-24T11:07:47Z,J,16,sold,False,BFI IMAX J 16
2026-05-24T11:07:47Z,J,15,sold,False,BFI IMAX J 15
2026-05-24T11:07:47Z,J,14,sold,False,BFI IMAX J 14
2026-05-24T11:07:47Z,J,13,sold,False,BFI IMAX J 13
2026-05-24T11:07:47Z,J,12,sold,False,BFI IMAX J 12
2026-05-24T11:07:47Z,J,11,sold,False,BFI IMAX J 11
2026-05-24T11:07:47Z,J,10,sold,False,BFI IMAX J 10
2026-05-24T11:07:47Z,J,9,sold,False,BFI IMAX J 9
2026-05-24T11:07:47Z,J,8,sold,False,BFI IMAX J 8
2026-05-24T11:07:47Z,J,7,sold,False,BFI IMAX J 7
2026-05-24T11:07:47Z,J,6,sold,False,BFI IMAX J 6
2026-05-24T11:07:47Z,J,5,sold,False,BFI IMAX J 5
2026-05-24T11:07:47Z,J,4,sold,False,BFI IMAX J 4
2026-05-24T11:07:47Z,J,3,sold,False,BFI IMAX J 3
2026-05-24T11:07:47Z,J,2,sold,False,BFI IMAX J 2
2026-05-24T11:07:47Z,J,1,sold,False,BFI IMAX J 1
2026-05-24T11:07:47Z,K,36,sold,False,BFI IMAX K 36
2026-05-24T11:07:47Z,K,35,sold,False,BFI IMAX K 35
2026-05-24T11:07:47Z,K,34,sold,False,BFI IMAX K 34
2026-05-24T11:07:47Z,K,33,sold,False,BFI IMAX K 33
2026-05-24T11:07:47Z,K,32,sold,False,BFI IMAX K 32
2026-05-24T11:07:47Z,K,31,sold,False,BFI IMAX K 31
2026-05-24T11:07:47Z,K,30,sold,False,BFI IMAX K 30
2026-05-24T11:07:47Z,K,29,sold,False,BFI IMAX K 29
2026-05-24T11:07:47Z,K,28,sold,False,BFI IMAX K 28
2026-05-24T11:07:47Z,A,13,available,False,BFI IMAX A 13
2026-05-24T11:07:47Z,A,12,available,False,BFI IMAX A 12
2026-05-24T11:07:47Z,K,25,sold,False,BFI IMAX K 25
2026-05-24T11:07:47Z,K,24,sold,False,BFI IMAX K 24
2026-05-24T11:07:47Z,K,23,sold,False,BFI IMAX K 23
2026-05-24T11:07:47Z,K,22,sold,False,BFI IMAX K 22
2026-05-24T11:07:47Z,K,21,sold,False,BFI IMAX K 21
2026-05-24T11:07:47Z,K,20,sold,False,BFI IMAX K 20
2026-05-24T11:07:47Z,K,19,sold,False,BFI IMAX K 19
2026-05-24T11:07:47Z,K,18,sold,False,BFI IMAX K 18
2026-05-24T11:07:47Z,K,17,sold,False,BFI IMAX K 17
2026-05-24T11:07:47Z,K,16,sold,False,BFI IMAX K 16
2026-05-24T11:07:47Z,K,15,sold,False,BFI IMAX K 15
2026-05-24T11:07:47Z,K,14,sold,False,BFI IMAX K 14
2026-05-24T11:07:47Z,K,13,sold,False,BFI IMAX K 13
2026-05-24T11:07:47Z,K,12,sold,False,BFI IMAX K 12
2026-05-24T11:07:47Z,K,11,sold,False,BFI IMAX K 11
2026-05-24T11:07:47Z,K,10,sold,False,BFI IMAX K 10
2026-05-24T11:07:47Z,K,9,sold,False,BFI IMAX K 9
2026-05-24T11:07:47Z,K,8,sold,False,BFI IMAX K 8
2026-05-24T11:07:47Z,K,7,sold,False,BFI IMAX K 7
2026-05-24T11:07:47Z,K,6,sold,False,BFI IMAX K 6
2026-05-24T11:07:47Z,K,5,sold,False,BFI IMAX K 5
2026-05-24T11:07:47Z,K,4,sold,False,BFI IMAX K 4
2026-05-24T11:07:47Z,K,3,sold,False,BFI IMAX K 3
2026-05-24T11:07:47Z,K,2,sold,False,BFI IMAX K 2
2026-05-24T11:07:47Z,K,1,sold,False,BFI IMAX K 1
2026-05-24T11:07:47Z,L,33,sold,False,BFI IMAX L 33
2026-05-24T11:07:47Z,L,32,sold,False,BFI IMAX L 32
2026-05-24T11:07:47Z,L,31,sold,False,BFI IMAX L 31
2026-05-24T11:07:47Z,L,30,sold,False,BFI IMAX L 30
2026-05-24T11:07:47Z,L,29,sold,False,BFI IMAX L 29
2026-05-24T11:07:47Z,L,28,sold,False,BFI IMAX L 28
2026-05-24T11:07:47Z,L,27,sold,False,BFI IMAX L 27
2026-05-24T11:07:47Z,L,26,sold,False,BFI IMAX L 26
2026-05-24T11:07:47Z,L,8,sold,False,BFI IMAX L 8
2026-05-24T11:07:47Z,L,7,sold,False,BFI IMAX L 7
2026-05-24T11:07:47Z,L,6,sold,False,BFI IMAX L 6
2026-05-24T11:07:47Z,L,5,sold,False,BFI IMAX L 5
2026-05-24T11:07:47Z,L,4,sold,False,BFI IMAX L 4
2026-05-24T11:07:47Z,L,3,sold,False,BFI IMAX L 3
2026-05-24T11:07:47Z,L,2,sold,False,BFI IMAX L 2
2026-05-24T11:07:47Z,L,1,sold,False,BFI IMAX L 1
2026-05-24T11:07:47Z,M,34,sold,False,BFI IMAX M 34
2026-05-24T11:07:47Z,M,33,sold,False,BFI IMAX M 33
2026-05-24T11:07:47Z,M,32,sold,False,BFI IMAX M 32
2026-05-24T11:07:47Z,M,31,sold,False,BFI IMAX M 31
2026-05-24T11:07:47Z,M,30,sold,False,BFI IMAX M 30
2026-05-24T11:07:47Z,M,29,sold,False,BFI IMAX M 29
2026-05-24T11:07:47Z,M,28,sold,False,BFI IMAX M 28
2026-05-24T11:07:47Z,M,27,sold,False,BFI IMAX M 27
2026-05-24T11:07:47Z,M,8,sold,False,BFI IMAX M 8
2026-05-24T11:07:47Z,M,7,sold,False,BFI IMAX M 7
2026-05-24T11:07:47Z,M,6,sold,False,BFI IMAX M 6
2026-05-24T11:07:47Z,M,5,sold,False,BFI IMAX M 5
2026-05-24T11:07:47Z,M,4,sold,False,BFI IMAX M 4
2026-05-24T11:07:47Z,M,3,sold,False,BFI IMAX M 3
2026-05-24T11:07:47Z,M,2,sold,False,BFI IMAX M 2
2026-05-24T11:07:47Z,M,1,sold,False,BFI IMAX M 1
2026-05-24T11:07:47Z,N,34,unavailable,False,BFI IMAX N 34
2026-05-24T11:07:47Z,N,33,unavailable,False,BFI IMAX N 33
2026-05-24T11:07:47Z,N,32,unavailable,False,BFI IMAX N 32
2026-05-24T11:07:47Z,N,31,unavailable,False,BFI IMAX N 31
2026-05-24T11:07:47Z,N,30,unavailable,False,BFI IMAX N 30
2026-05-24T11:07:47Z,N,29,unavailable,False,BFI IMAX N 29
2026-05-24T11:07:47Z,N,28,unavailable,False,BFI IMAX N 28
2026-05-24T11:07:47Z,N,27,unavailable,False,BFI IMAX N 27
2026-05-24T11:07:47Z,A,11,available,False,BFI IMAX A 11
2026-05-24T11:07:47Z,A,10,available,False,BFI IMAX A 10
2026-05-24T11:07:47Z,N,6,sold,False,BFI IMAX N 6
2026-05-24T11:07:47Z,N,5,sold,False,BFI IMAX N 5
2026-05-24T11:07:47Z,N,4,sold,False,BFI IMAX N 4
2026-05-24T11:07:47Z,N,3,sold,False,BFI IMAX N 3
2026-05-24T11:07:47Z,N,2,sold,False,BFI IMAX N 2
2026-05-24T11:07:47Z,N,1,sold,False,BFI IMAX N 1
2026-05-24T11:07:47Z,P,31,unavailable,False,BFI IMAX P 31
2026-05-24T11:07:47Z,A,9,available,False,BFI IMAX A 9
2026-05-24T11:07:47Z,A,8,available,False,BFI IMAX A 8
2026-05-24T11:07:47Z,P,26,unavailable,False,BFI IMAX P 26
2026-05-24T11:07:47Z,P,6,sold,False,BFI IMAX P 6
2026-05-24T11:07:47Z,A,7,available,False,BFI IMAX A 7
2026-05-24T11:07:47Z,A,6,available,False,BFI IMAX A 6
2026-05-24T11:07:47Z,P,1,unavailable,False,BFI IMAX P 1
2026-05-24T11:07:47Z,M,11,sold,False,BFI IMAX M 11
2026-05-24T11:07:47Z,M,10,sold,False,BFI IMAX M 10
2026-05-24T11:07:47Z,M,9,sold,False,BFI IMAX M 9
2026-05-24T11:07:47Z,L,9,sold,False,BFI IMAX L 9
2026-05-24T11:07:47Z,L,25,sold,False,BFI IMAX L 25
2026-05-24T11:07:47Z,L,24,sold,False,BFI IMAX L 24
2026-05-24T11:07:47Z,L,23,sold,False,BFI IMAX L 23
2026-05-24T11:07:47Z,L,22,sold,False,BFI IMAX L 22
2026-05-24T11:07:47Z,L,21,sold,False,BFI IMAX L 21
2026-05-24T11:07:47Z,L,20,sold,False,BFI IMAX L 20
2026-05-24T11:07:47Z,L,19,sold,False,BFI IMAX L 19
2026-05-24T11:07:47Z,L,18,sold,False,BFI IMAX L 18
2026-05-24T11:07:47Z,L,17,sold,False,BFI IMAX L 17
2026-05-24T11:07:47Z,L,16,sold,False,BFI IMAX L 16
2026-05-24T11:07:47Z,L,15,sold,False,BFI IMAX L 15
2026-05-24T11:07:47Z,L,14,sold,False,BFI IMAX L 14
2026-05-24T11:07:47Z,L,13,sold,False,BFI IMAX L 13
2026-05-24T11:07:47Z,L,12,sold,False,BFI IMAX L 12
2026-05-24T11:07:47Z,L,11,sold,False,BFI IMAX L 11
2026-05-24T11:07:47Z,N,26,unavailable,False,BFI IMAX N 26
2026-05-24T11:07:47Z,N,25,unavailable,False,BFI IMAX N 25
2026-05-24T11:07:47Z,N,24,unavailable,False,BFI IMAX N 24
2026-05-24T11:07:47Z,N,23,unavailable,False,BFI IMAX N 23
2026-05-24T11:07:47Z,N,22,sold,False,BFI IMAX N 22
2026-05-24T11:07:47Z,N,21,sold,False,BFI IMAX N 21
2026-05-24T11:07:47Z,N,20,sold,False,BFI IMAX N 20
2026-05-24T11:07:47Z,N,19,sold,False,BFI IMAX N 19
2026-05-24T11:07:47Z,N,18,sold,False,BFI IMAX N 18
2026-05-24T11:07:47Z,N,17,sold,False,BFI IMAX N 17
2026-05-24T11:07:47Z,N,16,sold,False,BFI IMAX N 16
2026-05-24T11:07:47Z,N,15,sold,False,BFI IMAX N 15
2026-05-24T11:07:47Z,N,14,sold,False,BFI IMAX N 14
2026-05-24T11:07:47Z,N,13,sold,False,BFI IMAX N 13
2026-05-24T11:07:47Z,N,12,unavailable,False,BFI IMAX N 12
2026-05-24T11:07:47Z,N,11,unavailable,False,BFI IMAX N 11
2026-05-24T11:07:47Z,N,10,unavailable,False,BFI IMAX N 10
2026-05-24T11:07:47Z,N,9,unavailable,False,BFI IMAX N 9
2026-05-24T11:07:47Z,L,10,sold,False,BFI IMAX L 10
2026-05-24T11:07:47Z,M,26,sold,False,BFI IMAX M 26
2026-05-24T11:07:47Z,M,25,sold,False,BFI IMAX M 25
2026-05-24T11:07:47Z,M,24,sold,False,BFI IMAX M 24
2026-05-24T11:07:47Z,M,23,sold,False,BFI IMAX M 23
2026-05-24T11:07:47Z,M,22,sold,False,BFI IMAX M 22
2026-05-24T11:07:47Z,M,21,sold,False,BFI IMAX M 21
2026-05-24T11:07:47Z,M,20,sold,False,BFI IMAX M 20
2026-05-24T11:07:47Z,M,19,sold,False,BFI IMAX M 19
2026-05-24T11:07:47Z,M,18,sold,False,BFI IMAX M 18
2026-05-24T11:07:47Z,M,17,sold,False,BFI IMAX M 17
2026-05-24T11:07:47Z,M,16,sold,False,BFI IMAX M 16
2026-05-24T11:07:47Z,M,15,sold,False,BFI IMAX M 15
2026-05-24T11:07:47Z,M,14,sold,False,BFI IMAX M 14
2026-05-24T11:07:47Z,M,13,sold,False,BFI IMAX M 13
2026-05-24T11:07:47Z,M,12,sold,False,BFI IMAX M 12
2026-05-24T11:07:47Z,P,30,unavailable,True,BFI IMAX P 30
2026-05-24T11:07:47Z,P,27,unavailable,True,BFI IMAX P 27
2026-05-24T11:07:47Z,P,2,unavailable,True,BFI IMAX P 2
2026-05-24T11:07:47Z,P,5,sold,True,BFI IMAX P 5
2026-05-24T11:07:47Z,P,19,sold,False,BFI IMAX P 19
2026-05-24T11:07:47Z,P,18,sold,False,BFI IMAX P 18
2026-05-24T11:07:47Z,P,17,sold,False,BFI IMAX P 17
2026-05-24T11:07:47Z,P,16,sold,False,BFI IMAX P 16
2026-05-24T11:07:47Z,P,15,sold,False,BFI IMAX P 15
2026-05-24T11:07:47Z,P,14,sold,False,BFI IMAX P 14
2026-05-24T11:07:47Z,P,13,sold,False,BFI IMAX P 13
2026-05-24T11:07:47Z,P,12,sold,False,BFI IMAX P 12
2026-05-24T11:07:47Z,P,11,sold,False,BFI IMAX P 11
2026-05-24T11:07:47Z,P,10,sold,False,BFI IMAX P 10
2026-05-24T11:07:47Z,P,9,sold,False,BFI IMAX P 9
2026-05-24T11:07:47Z,P,8,sold,False,BFI IMAX P 8
2026-05-24T11:07:47Z,P,7,sold,False,BFI IMAX P 7
2026-05-24T11:07:47Z,P,25,sold,False,BFI IMAX P 25
2026-05-24T11:07:47Z,P,24,sold,False,BFI IMAX P 24
2026-05-24T11:07:47Z,P,23,sold,False,BFI IMAX P 23
2026-05-24T11:07:47Z,P,22,sold,False,BFI IMAX P 22
2026-05-24T11:07:47Z,P,21,sold,False,BFI IMAX P 21
2026-05-24T11:07:47Z,P,20,sold,False,BFI IMAX P 20
2026-05-24T11:07:47Z,Q,18,sold,False,BFI IMAX Q 18
2026-05-24T11:07:47Z,Q,17,sold,False,BFI IMAX Q 17
2026-05-24T11:07:47Z,Q,16,sold,False,BFI IMAX Q 16
2026-05-24T11:07:47Z,Q,15,sold,False,BFI IMAX Q 15
2026-05-24T11:07:47Z,Q,14,sold,False,BFI IMAX Q 14
2026-05-24T11:07:47Z,Q,13,sold,False,BFI IMAX Q 13
2026-05-24T11:07:47Z,Q,12,sold,False,BFI IMAX Q 12
2026-05-24T11:07:47Z,Q,11,sold,False,BFI IMAX Q 11
2026-05-24T11:07:47Z,Q,10,sold,False,BFI IMAX Q 10
2026-05-24T11:07:47Z,Q,9,sold,False,BFI IMAX Q 9
2026-05-24T11:07:47Z,Q,8,sold,False,BFI IMAX Q 8
2026-05-24T11:07:47Z,Q,7,sold,False,BFI IMAX Q 7
2026-05-24T11:07:47Z,Q,6,sold,False,BFI IMAX Q 6
2026-05-24T11:07:47Z,Q,5,sold,False,BFI IMAX Q 5
2026-05-24T11:07:47Z,Q,4,sold,False,BFI IMAX Q 4
2026-05-24T11:07:47Z,Q,3,sold,False,BFI IMAX Q 3
2026-05-24T11:07:47Z,Q,2,sold,False,BFI IMAX Q 2
2026-05-24T11:07:47Z,Q,1,sold,False,BFI IMAX Q 1
2026-05-24T11:42:02Z,K,27,unavailable,False,BFI IMAX K 27
2026-05-24T11:42:02Z,K,26,unavailable,False,BFI IMAX K 26
2026-05-24T11:42:02Z,N,8,unavailable,False,BFI IMAX N 8
2026-05-24T11:42:02Z,N,7,unavailable,False,BFI IMAX N 7
2026-05-24T11:42:02Z,P,29,unavailable,True,BFI IMAX P 29
2026-05-24T11:42:02Z,P,28,unavailable,True,BFI IMAX P 28
2026-05-24T11:42:02Z,P,4,unavailable,True,BFI IMAX P 4
2026-05-24T11:42:02Z,P,3,unavailable,True,BFI IMAX P 3
2026-05-24T11:42:02Z,A,5,available,False,BFI IMAX A 5
2026-05-24T11:42:02Z,A,4,available,False,BFI IMAX A 4
2026-05-24T11:42:02Z,A,3,available,False,BFI IMAX A 3
2026-05-24T11:42:02Z,A,2,available,False,BFI IMAX A 2
2026-05-24T11:42:02Z,A,1,available,False,BFI IMAX A 1
2026-05-24T11:42:02Z,B,36,available,False,BFI IMAX B 36
2026-05-24T11:42:02Z,B,35,available,False,BFI IMAX B 35
2026-05-24T11:42:02Z,B,34,available,False,BFI IMAX B 34
2026-05-24T11:42:02Z,B,33,available,False,BFI IMAX B 33
2026-05-24T11:42:02Z,B,32,available,False,BFI IMAX B 32
2026-05-24T11:42:02Z,B,31,available,False,BFI IMAX B 31
2026-05-24T11:42:02Z,B,30,available,False,BFI IMAX B 30
2026-05-24T11:42:02Z,B,29,available,False,BFI IMAX B 29
2026-05-24T11:42:02Z,B,28,available,False,BFI IMAX B 28
2026-05-24T11:42:02Z,B,27,available,False,BFI IMAX B 27
2026-05-24T11:42:02Z,B,26,available,False,BFI IMAX B 26
2026-05-24T11:42:02Z,B,25,available,False,BFI IMAX B 25
2026-05-24T11:42:02Z,B,24,available,False,BFI IMAX B 24
2026-05-24T11:42:02Z,B,23,available,False,BFI IMAX B 23
2026-05-24T11:42:02Z,B,22,available,False,BFI IMAX B 22
2026-05-24T11:42:02Z,B,21,sold,False,BFI IMAX B 21
2026-05-24T11:42:02Z,B,20,sold,False,BFI IMAX B 20
2026-05-24T11:42:02Z,B,19,sold,False,BFI IMAX B 19
2026-05-24T11:42:02Z,B,18,sold,False,BFI IMAX B 18
2026-05-24T11:42:02Z,B,17,available,False,BFI IMAX B 17
2026-05-24T11:42:02Z,B,16,sold,False,BFI IMAX B 16
2026-05-24T11:42:02Z,B,15,available,False,BFI IMAX B 15
2026-05-24T11:42:02Z,B,14,available,False,BFI IMAX B 14
2026-05-24T11:42:02Z,B,13,available,False,BFI IMAX B 13
2026-05-24T11:42:02Z,B,12,available,False,BFI IMAX B 12
2026-05-24T11:42:02Z,B,11,available,False,BFI IMAX B 11
2026-05-24T11:42:02Z,B,10,available,False,BFI IMAX B 10
2026-05-24T11:42:02Z,B,9,available,False,BFI IMAX B 9
2026-05-24T11:42:02Z,B,8,available,False,BFI IMAX B 8
2026-05-24T11:42:02Z,B,7,available,False,BFI IMAX B 7
2026-05-24T11:42:02Z,B,6,available,False,BFI IMAX B 6
2026-05-24T11:42:02Z,B,5,available,False,BFI IMAX B 5
2026-05-24T11:42:02Z,B,4,available,False,BFI IMAX B 4
2026-05-24T11:42:02Z,B,3,available,False,BFI IMAX B 3
2026-05-24T11:42:02Z,B,2,available,False,BFI IMAX B 2
2026-05-24T11:42:02Z,B,1,available,False,BFI IMAX B 1
2026-05-24T11:42:02Z,C,36,available,False,BFI IMAX C 36
2026-05-24T11:42:02Z,C,35,available,False,BFI IMAX C 35
2026-05-24T11:42:02Z,C,34,available,False,BFI IMAX C 34
2026-05-24T11:42:02Z,C,33,available,False,BFI IMAX C 33
2026-05-24T11:42:02Z,C,32,available,False,BFI IMAX C 32
2026-05-24T11:42:02Z,C,31,available,False,BFI IMAX C 31
2026-05-24T11:42:02Z,C,30,available,False,BFI IMAX C 30
2026-05-24T11:42:02Z,C,29,available,False,BFI IMAX C 29
2026-05-24T11:42:02Z,C,28,available,False,BFI IMAX C 28
2026-05-24T11:42:02Z,C,27,available,False,BFI IMAX C 27
2026-05-24T11:42:02Z,C,26,available,False,BFI IMAX C 26
2026-05-24T11:42:02Z,C,25,sold,False,BFI IMAX C 25
2026-05-24T11:42:02Z,C,24,sold,False,BFI IMAX C 24
2026-05-24T11:42:02Z,C,23,sold,False,BFI IMAX C 23
2026-05-24T11:42:02Z,C,22,sold,False,BFI IMAX C 22
2026-05-24T11:42:02Z,C,21,sold,False,BFI IMAX C 21
2026-05-24T11:42:02Z,C,20,sold,False,BFI IMAX C 20
2026-05-24T11:42:02Z,C,19,sold,False,BFI IMAX C 19
2026-05-24T11:42:02Z,C,18,sold,False,BFI IMAX C 18
2026-05-24T11:42:02Z,C,17,sold,False,BFI IMAX C 17
2026-05-24T11:42:02Z,C,16,sold,False,BFI IMAX C 16
2026-05-24T11:42:02Z,C,15,sold,False,BFI IMAX C 15
2026-05-24T11:42:02Z,C,14,sold,False,BFI IMAX C 14
2026-05-24T11:42:02Z,C,13,sold,False,BFI IMAX C 13
2026-05-24T11:42:02Z,C,12,sold,False,BFI IMAX C 12
2026-05-24T11:42:02Z,C,11,sold,False,BFI IMAX C 11
2026-05-24T11:42:02Z,C,10,sold,False,BFI IMAX C 10
2026-05-24T11:42:02Z,C,9,available,False,BFI IMAX C 9
2026-05-24T11:42:02Z,C,8,available,False,BFI IMAX C 8
2026-05-24T11:42:02Z,C,7,available,False,BFI IMAX C 7
2026-05-24T11:42:02Z,C,6,available,False,BFI IMAX C 6
2026-05-24T11:42:02Z,C,5,available,False,BFI IMAX C 5
2026-05-24T11:42:02Z,C,4,available,False,BFI IMAX C 4
2026-05-24T11:42:02Z,C,3,available,False,BFI IMAX C 3
2026-05-24T11:42:02Z,C,2,available,False,BFI IMAX C 2
2026-05-24T11:42:02Z,C,1,available,False,BFI IMAX C 1
2026-05-24T11:42:02Z,D,37,available,False,BFI IMAX D 37
2026-05-24T11:42:02Z,D,36,available,False,BFI IMAX D 36
2026-05-24T11:42:02Z,D,35,available,False,BFI IMAX D 35
2026-05-24T11:42:02Z,D,34,available,False,BFI IMAX D 34
2026-05-24T11:42:02Z,D,33,available,False,BFI IMAX D 33
2026-05-24T11:42:02Z,D,32,available,False,BFI IMAX D 32
2026-05-24T11:42:02Z,D,31,available,False,BFI IMAX D 31
2026-05-24T11:42:02Z,D,30,available,False,BFI IMAX D 30
2026-05-24T11:42:02Z,D,29,available,False,BFI IMAX D 29
2026-05-24T11:42:02Z,D,28,available,False,BFI IMAX D 28
2026-05-24T11:42:02Z,D,27,available,False,BFI IMAX D 27
2026-05-24T11:42:02Z,D,26,sold,False,BFI IMAX D 26
2026-05-24T11:42:02Z,D,25,sold,False,BFI IMAX D 25
2026-05-24T11:42:02Z,D,24,sold,False,BFI IMAX D 24
2026-05-24T11:42:02Z,D,23,sold,False,BFI IMAX D 23
2026-05-24T11:42:02Z,D,22,sold,False,BFI IMAX D 22
2026-05-24T11:42:02Z,D,21,sold,False,BFI IMAX D 21
2026-05-24T11:42:02Z,D,20,sold,False,BFI IMAX D 20
2026-05-24T11:42:02Z,D,19,sold,False,BFI IMAX D 19
2026-05-24T11:42:02Z,D,18,sold,False,BFI IMAX D 18
2026-05-24T11:42:02Z,D,17,sold,False,BFI IMAX D 17
2026-05-24T11:42:02Z,D,16,sold,False,BFI IMAX D 16
2026-05-24T11:42:02Z,D,15,sold,False,BFI IMAX D 15
2026-05-24T11:42:02Z,D,14,sold,False,BFI IMAX D 14
2026-05-24T11:42:02Z,D,13,sold,False,BFI IMAX D 13
2026-05-24T11:42:02Z,D,12,sold,False,BFI IMAX D 12
2026-05-24T11:42:02Z,D,11,sold,False,BFI IMAX D 11
2026-05-24T11:42:02Z,D,10,sold,False,BFI IMAX D 10
2026-05-24T11:42:02Z,D,9,available,False,BFI IMAX D 9
2026-05-24T11:42:02Z,D,8,available,False,BFI IMAX D 8
2026-05-24T11:42:02Z,D,7,available,False,BFI IMAX D 7
2026-05-24T11:42:02Z,D,6,available,False,BFI IMAX D 6
2026-05-24T11:42:02Z,D,5,available,False,BFI IMAX D 5
2026-05-24T11:42:02Z,D,4,available,False,BFI IMAX D 4
2026-05-24T11:42:02Z,D,3,available,False,BFI IMAX D 3
2026-05-24T11:42:02Z,D,2,available,False,BFI IMAX D 2
2026-05-24T11:42:02Z,D,1,available,False,BFI IMAX D 1
2026-05-24T11:42:02Z,E,37,available,False,BFI IMAX E 37
2026-05-24T11:42:02Z,E,36,available,False,BFI IMAX E 36
2026-05-24T11:42:02Z,E,35,available,False,BFI IMAX E 35
2026-05-24T11:42:02Z,E,34,available,False,BFI IMAX E 34
2026-05-24T11:42:02Z,E,33,available,False,BFI IMAX E 33
2026-05-24T11:42:02Z,E,32,available,False,BFI IMAX E 32
2026-05-24T11:42:02Z,E,31,sold,False,BFI IMAX E 31
2026-05-24T11:42:02Z,E,30,sold,False,BFI IMAX E 30
2026-05-24T11:42:02Z,E,29,sold,False,BFI IMAX E 29
2026-05-24T11:42:02Z,E,28,sold,False,BFI IMAX E 28
2026-05-24T11:42:02Z,E,27,sold,False,BFI IMAX E 27
2026-05-24T11:42:02Z,E,26,sold,False,BFI IMAX E 26
2026-05-24T11:42:02Z,E,25,sold,False,BFI IMAX E 25
2026-05-24T11:42:02Z,E,24,sold,False,BFI IMAX E 24
2026-05-24T11:42:02Z,E,23,sold,False,BFI IMAX E 23
2026-05-24T11:42:02Z,E,22,sold,False,BFI IMAX E 22
2026-05-24T11:42:02Z,E,21,sold,False,BFI IMAX E 21
2026-05-24T11:42:02Z,E,20,sold,False,BFI IMAX E 20
2026-05-24T11:42:02Z,E,19,sold,False,BFI IMAX E 19
2026-05-24T11:42:02Z,E,18,sold,False,BFI IMAX E 18
2026-05-24T11:42:02Z,E,17,sold,False,BFI IMAX E 17
2026-05-24T11:42:02Z,E,16,sold,False,BFI IMAX E 16
2026-05-24T11:42:02Z,E,15,sold,False,BFI IMAX E 15
2026-05-24T11:42:02Z,E,14,sold,False,BFI IMAX E 14
2026-05-24T11:42:02Z,E,13,sold,False,BFI IMAX E 13
2026-05-24T11:42:02Z,E,12,sold,False,BFI IMAX E 12
2026-05-24T11:42:02Z,E,11,sold,False,BFI IMAX E 11
2026-05-24T11:42:02Z,E,10,sold,False,BFI IMAX E 10
2026-05-24T11:42:02Z,E,9,sold,False,BFI IMAX E 9
2026-05-24T11:42:02Z,E,8,sold,False,BFI IMAX E 8
2026-05-24T11:42:02Z,E,7,sold,False,BFI IMAX E 7
2026-05-24T11:42:02Z,E,6,sold,False,BFI IMAX E 6
2026-05-24T11:42:02Z,E,5,sold,False,BFI IMAX E 5
2026-05-24T11:42:02Z,E,4,available,False,BFI IMAX E 4
2026-05-24T11:42:02Z,E,3,available,False,BFI IMAX E 3
2026-05-24T11:42:02Z,E,2,available,False,BFI IMAX E 2
2026-05-24T11:42:02Z,E,1,available,False,BFI IMAX E 1
2026-05-24T11:42:02Z,F,38,available,False,BFI IMAX F 38
2026-05-24T11:42:02Z,F,37,sold,False,BFI IMAX F 37
2026-05-24T11:42:02Z,F,36,sold,False,BFI IMAX F 36
2026-05-24T11:42:02Z,F,35,sold,False,BFI IMAX F 35
2026-05-24T11:42:02Z,F,34,sold,False,BFI IMAX F 34
2026-05-24T11:42:02Z,F,33,sold,False,BFI IMAX F 33
2026-05-24T11:42:02Z,F,32,sold,False,BFI IMAX F 32
2026-05-24T11:42:02Z,F,31,sold,False,BFI IMAX F 31
2026-05-24T11:42:02Z,F,30,sold,False,BFI IMAX F 30
2026-05-24T11:42:02Z,F,29,sold,False,BFI IMAX F 29
2026-05-24T11:42:02Z,F,28,sold,False,BFI IMAX F 28
2026-05-24T11:42:02Z,F,27,sold,False,BFI IMAX F 27
2026-05-24T11:42:02Z,F,26,sold,False,BFI IMAX F 26
2026-05-24T11:42:02Z,F,25,sold,False,BFI IMAX F 25
2026-05-24T11:42:02Z,F,24,sold,False,BFI IMAX F 24
2026-05-24T11:42:02Z,F,23,sold,False,BFI IMAX F 23
2026-05-24T11:42:02Z,F,22,sold,False,BFI IMAX F 22
2026-05-24T11:42:02Z,F,21,sold,False,BFI IMAX F 21
2026-05-24T11:42:02Z,F,20,sold,False,BFI IMAX F 20
2026-05-24T11:42:02Z,F,19,sold,False,BFI IMAX F 19
2026-05-24T11:42:02Z,F,18,sold,False,BFI IMAX F 18
2026-05-24T11:42:02Z,F,17,sold,False,BFI IMAX F 17
2026-05-24T11:42:02Z,F,16,sold,False,BFI IMAX F 16
2026-05-24T11:42:02Z,F,15,sold,False,BFI IMAX F 15
2026-05-24T11:42:02Z,F,14,sold,False,BFI IMAX F 14
2026-05-24T11:42:02Z,F,13,sold,False,BFI IMAX F 13
2026-05-24T11:42:02Z,F,12,sold,False,BFI IMAX F 12
2026-05-24T11:42:02Z,F,11,sold,False,BFI IMAX F 11
2026-05-24T11:42:02Z,F,10,sold,False,BFI IMAX F 10
2026-05-24T11:42:02Z,F,9,sold,False,BFI IMAX F 9
2026-05-24T11:42:02Z,F,8,sold,False,BFI IMAX F 8
2026-05-24T11:42:02Z,F,7,sold,False,BFI IMAX F 7
2026-05-24T11:42:02Z,F,6,sold,False,BFI IMAX F 6
2026-05-24T11:42:02Z,F,5,sold,False,BFI IMAX F 5
2026-05-24T11:42:02Z,F,4,sold,False,BFI IMAX F 4
2026-05-24T11:42:02Z,F,3,sold,False,BFI IMAX F 3
2026-05-24T11:42:02Z,F,2,sold,False,BFI IMAX F 2
2026-05-24T11:42:02Z,F,1,sold,False,BFI IMAX F 1
2026-05-24T11:42:02Z,G,37,sold,False,BFI IMAX G 37
2026-05-24T11:42:02Z,G,36,sold,False,BFI IMAX G 36
2026-05-24T11:42:02Z,G,35,sold,False,BFI IMAX G 35
2026-05-24T11:42:02Z,G,34,sold,False,BFI IMAX G 34
2026-05-24T11:42:02Z,G,33,sold,False,BFI IMAX G 33
2026-05-24T11:42:02Z,G,32,sold,False,BFI IMAX G 32
2026-05-24T11:42:02Z,G,31,sold,False,BFI IMAX G 31
2026-05-24T11:42:02Z,G,30,sold,False,BFI IMAX G 30
2026-05-24T11:42:02Z,G,29,sold,False,BFI IMAX G 29
2026-05-24T11:42:02Z,G,28,sold,False,BFI IMAX G 28
2026-05-24T11:42:02Z,G,27,sold,False,BFI IMAX G 27
2026-05-24T11:42:02Z,G,26,sold,False,BFI IMAX G 26
2026-05-24T11:42:02Z,G,25,sold,False,BFI IMAX G 25
2026-05-24T11:42:02Z,G,24,sold,False,BFI IMAX G 24
2026-05-24T11:42:02Z,G,23,sold,False,BFI IMAX G 23
2026-05-24T11:42:02Z,G,22,sold,False,BFI IMAX G 22
2026-05-24T11:42:02Z,G,21,sold,False,BFI IMAX G 21
2026-05-24T11:42:02Z,G,20,sold,False,BFI IMAX G 20
2026-05-24T11:42:02Z,G,19,sold,False,BFI IMAX G 19
2026-05-24T11:42:02Z,G,18,sold,False,BFI IMAX G 18
2026-05-24T11:42:02Z,G,17,sold,False,BFI IMAX G 17
2026-05-24T11:42:02Z,G,16,sold,False,BFI IMAX G 16
2026-05-24T11:42:02Z,G,15,sold,False,BFI IMAX G 15
2026-05-24T11:42:02Z,G,14,sold,False,BFI IMAX G 14
2026-05-24T11:42:02Z,G,13,sold,False,BFI IMAX G 13
2026-05-24T11:42:02Z,G,12,sold,False,BFI IMAX G 12
2026-05-24T11:42:02Z,G,11,sold,False,BFI IMAX G 11
2026-05-24T11:42:02Z,G,10,sold,False,BFI IMAX G 10
2026-05-24T11:42:02Z,G,9,sold,False,BFI IMAX G 9
2026-05-24T11:42:02Z,G,8,sold,False,BFI IMAX G 8
2026-05-24T11:42:02Z,G,7,sold,False,BFI IMAX G 7
2026-05-24T11:42:02Z,G,6,sold,False,BFI IMAX G 6
2026-05-24T11:42:02Z,G,5,sold,False,BFI IMAX G 5
2026-05-24T11:42:02Z,G,4,sold,False,BFI IMAX G 4
2026-05-24T11:42:02Z,G,3,sold,False,BFI IMAX G 3
2026-05-24T11:42:02Z,G,2,sold,False,BFI IMAX G 2
2026-05-24T11:42:02Z,G,1,sold,False,BFI IMAX G 1
2026-05-24T11:42:02Z,H,37,sold,False,BFI IMAX H 37
2026-05-24T11:42:02Z,H,36,sold,False,BFI IMAX H 36
2026-05-24T11:42:02Z,H,35,sold,False,BFI IMAX H 35
2026-05-24T11:42:02Z,H,34,sold,False,BFI IMAX H 34
2026-05-24T11:42:02Z,H,33,sold,False,BFI IMAX H 33
2026-05-24T11:42:02Z,H,32,sold,False,BFI IMAX H 32
2026-05-24T11:42:02Z,H,31,sold,False,BFI IMAX H 31
2026-05-24T11:42:02Z,H,30,sold,False,BFI IMAX H 30
2026-05-24T11:42:02Z,H,29,sold,False,BFI IMAX H 29
2026-05-24T11:42:02Z,H,28,sold,False,BFI IMAX H 28
2026-05-24T11:42:02Z,H,27,sold,False,BFI IMAX H 27
2026-05-24T11:42:02Z,H,26,sold,False,BFI IMAX H 26
2026-05-24T11:42:02Z,H,25,sold,False,BFI IMAX H 25
2026-05-24T11:42:02Z,H,24,sold,False,BFI IMAX H 24
2026-05-24T11:42:02Z,H,23,sold,False,BFI IMAX H 23
2026-05-24T11:42:02Z,H,22,sold,False,BFI IMAX H 22
2026-05-24T11:42:02Z,H,21,sold,False,BFI IMAX H 21
2026-05-24T11:42:02Z,H,20,sold,False,BFI IMAX H 20
2026-05-24T11:42:02Z,H,19,sold,False,BFI IMAX H 19
2026-05-24T11:42:02Z,H,18,sold,False,BFI IMAX H 18
2026-05-24T11:42:02Z,H,17,sold,False,BFI IMAX H 17
2026-05-24T11:42:02Z,H,16,sold,False,BFI IMAX H 16
2026-05-24T11:42:02Z,H,15,sold,False,BFI IMAX H 15
2026-05-24T11:42:02Z,H,14,sold,False,BFI IMAX H 14
2026-05-24T11:42:02Z,H,13,sold,False,BFI IMAX H 13
2026-05-24T11:42:02Z,H,12,sold,False,BFI IMAX H 12
2026-05-24T11:42:02Z,H,11,sold,False,BFI IMAX H 11
2026-05-24T11:42:02Z,H,10,sold,False,BFI IMAX H 10
2026-05-24T11:42:02Z,H,9,sold,False,BFI IMAX H 9
2026-05-24T11:42:02Z,H,8,sold,False,BFI IMAX H 8
2026-05-24T11:42:02Z,H,7,sold,False,BFI IMAX H 7
2026-05-24T11:42:02Z,H,6,sold,False,BFI IMAX H 6
2026-05-24T11:42:02Z,H,5,sold,False,BFI IMAX H 5
2026-05-24T11:42:02Z,H,4,sold,False,BFI IMAX H 4
2026-05-24T11:42:02Z,H,3,sold,False,BFI IMAX H 3
2026-05-24T11:42:02Z,H,2,sold,False,BFI IMAX H 2
2026-05-24T11:42:02Z,H,1,sold,False,BFI IMAX H 1
2026-05-24T11:42:02Z,J,36,sold,False,BFI IMAX J 36
2026-05-24T11:42:02Z,J,35,sold,False,BFI IMAX J 35
2026-05-24T11:42:02Z,J,34,sold,False,BFI IMAX J 34
2026-05-24T11:42:02Z,J,33,sold,False,BFI IMAX J 33
2026-05-24T11:42:02Z,J,32,sold,False,BFI IMAX J 32
2026-05-24T11:42:02Z,J,31,sold,False,BFI IMAX J 31
2026-05-24T11:42:02Z,J,30,sold,False,BFI IMAX J 30
2026-05-24T11:42:02Z,J,29,sold,False,BFI IMAX J 29
2026-05-24T11:42:02Z,J,28,sold,False,BFI IMAX J 28
2026-05-24T11:42:02Z,J,27,sold,False,BFI IMAX J 27
2026-05-24T11:42:02Z,J,26,sold,False,BFI IMAX J 26
2026-05-24T11:42:02Z,J,25,sold,False,BFI IMAX J 25
2026-05-24T11:42:02Z,J,24,sold,False,BFI IMAX J 24
2026-05-24T11:42:02Z,J,23,sold,False,BFI IMAX J 23
2026-05-24T11:42:02Z,J,22,sold,False,BFI IMAX J 22
2026-05-24T11:42:02Z,J,21,sold,False,BFI IMAX J 21
2026-05-24T11:42:02Z,J,20,sold,False,BFI IMAX J 20
2026-05-24T11:42:02Z,J,19,sold,False,BFI IMAX J 19
2026-05-24T11:42:02Z,J,18,sold,False,BFI IMAX J 18
2026-05-24T11:42:02Z,J,17,sold,False,BFI IMAX J 17
2026-05-24T11:42:02Z,J,16,sold,False,BFI IMAX J 16
2026-05-24T11:42:02Z,J,15,sold,False,BFI IMAX J 15
2026-05-24T11:42:02Z,J,14,sold,False,BFI IMAX J 14
2026-05-24T11:42:02Z,J,13,sold,False,BFI IMAX J 13
2026-05-24T11:42:02Z,J,12,sold,False,BFI IMAX J 12
2026-05-24T11:42:02Z,J,11,sold,False,BFI IMAX J 11
2026-05-24T11:42:02Z,J,10,sold,False,BFI IMAX J 10
2026-05-24T11:42:02Z,J,9,sold,False,BFI IMAX J 9
2026-05-24T11:42:02Z,J,8,sold,False,BFI IMAX J 8
2026-05-24T11:42:02Z,J,7,sold,False,BFI IMAX J 7
2026-05-24T11:42:02Z,J,6,sold,False,BFI IMAX J 6
2026-05-24T11:42:02Z,J,5,sold,False,BFI IMAX J 5
2026-05-24T11:42:02Z,J,4,sold,False,BFI IMAX J 4
2026-05-24T11:42:02Z,J,3,sold,False,BFI IMAX J 3
2026-05-24T11:42:02Z,J,2,sold,False,BFI IMAX J 2
2026-05-24T11:42:02Z,J,1,sold,False,BFI IMAX J 1
2026-05-24T11:42:02Z,K,36,sold,False,BFI IMAX K 36
2026-05-24T11:42:02Z,K,35,sold,False,BFI IMAX K 35
2026-05-24T11:42:02Z,K,34,sold,False,BFI IMAX K 34
2026-05-24T11:42:02Z,K,33,sold,False,BFI IMAX K 33
2026-05-24T11:42:02Z,K,32,sold,False,BFI IMAX K 32
2026-05-24T11:42:02Z,K,31,sold,False,BFI IMAX K 31
2026-05-24T11:42:02Z,K,30,sold,False,BFI IMAX K 30
2026-05-24T11:42:02Z,K,29,sold,False,BFI IMAX K 29
2026-05-24T11:42:02Z,K,28,sold,False,BFI IMAX K 28
2026-05-24T11:42:02Z,A,13,available,False,BFI IMAX A 13
2026-05-24T11:42:02Z,A,12,available,False,BFI IMAX A 12
2026-05-24T11:42:02Z,K,25,sold,False,BFI IMAX K 25
2026-05-24T11:42:02Z,K,24,sold,False,BFI IMAX K 24
2026-05-24T11:42:02Z,K,23,sold,False,BFI IMAX K 23
2026-05-24T11:42:02Z,K,22,sold,False,BFI IMAX K 22
2026-05-24T11:42:02Z,K,21,sold,False,BFI IMAX K 21
2026-05-24T11:42:02Z,K,20,sold,False,BFI IMAX K 20
2026-05-24T11:42:02Z,K,19,sold,False,BFI IMAX K 19
2026-05-24T11:42:02Z,K,18,sold,False,BFI IMAX K 18
2026-05-24T11:42:02Z,K,17,sold,False,BFI IMAX K 17
2026-05-24T11:42:02Z,K,16,sold,False,BFI IMAX K 16
2026-05-24T11:42:02Z,K,15,sold,False,BFI IMAX K 15
2026-05-24T11:42:02Z,K,14,sold,False,BFI IMAX K 14
2026-05-24T11:42:02Z,K,13,sold,False,BFI IMAX K 13
2026-05-24T11:42:02Z,K,12,sold,False,BFI IMAX K 12
2026-05-24T11:42:02Z,K,11,sold,False,BFI IMAX K 11
2026-05-24T11:42:02Z,K,10,sold,False,BFI IMAX K 10
2026-05-24T11:42:02Z,K,9,sold,False,BFI IMAX K 9
2026-05-24T11:42:02Z,K,8,sold,False,BFI IMAX K 8
2026-05-24T11:42:02Z,K,7,sold,False,BFI IMAX K 7
2026-05-24T11:42:02Z,K,6,sold,False,BFI IMAX K 6
2026-05-24T11:42:02Z,K,5,sold,False,BFI IMAX K 5
2026-05-24T11:42:02Z,K,4,sold,False,BFI IMAX K 4
2026-05-24T11:42:02Z,K,3,sold,False,BFI IMAX K 3
2026-05-24T11:42:02Z,K,2,sold,False,BFI IMAX K 2
2026-05-24T11:42:02Z,K,1,sold,False,BFI IMAX K 1
2026-05-24T11:42:02Z,L,33,sold,False,BFI IMAX L 33
2026-05-24T11:42:02Z,L,32,sold,False,BFI IMAX L 32
2026-05-24T11:42:02Z,L,31,sold,False,BFI IMAX L 31
2026-05-24T11:42:02Z,L,30,sold,False,BFI IMAX L 30
2026-05-24T11:42:02Z,L,29,sold,False,BFI IMAX L 29
2026-05-24T11:42:02Z,L,28,sold,False,BFI IMAX L 28
2026-05-24T11:42:02Z,L,27,sold,False,BFI IMAX L 27
2026-05-24T11:42:02Z,L,26,sold,False,BFI IMAX L 26
2026-05-24T11:42:02Z,L,8,sold,False,BFI IMAX L 8
2026-05-24T11:42:02Z,L,7,sold,False,BFI IMAX L 7
2026-05-24T11:42:02Z,L,6,sold,False,BFI IMAX L 6
2026-05-24T11:42:02Z,L,5,sold,False,BFI IMAX L 5
2026-05-24T11:42:02Z,L,4,sold,False,BFI IMAX L 4
2026-05-24T11:42:02Z,L,3,sold,False,BFI IMAX L 3
2026-05-24T11:42:02Z,L,2,sold,False,BFI IMAX L 2
2026-05-24T11:42:02Z,L,1,sold,False,BFI IMAX L 1
2026-05-24T11:42:02Z,M,34,sold,False,BFI IMAX M 34
2026-05-24T11:42:02Z,M,33,sold,False,BFI IMAX M 33
2026-05-24T11:42:02Z,M,32,sold,False,BFI IMAX M 32
2026-05-24T11:42:02Z,M,31,sold,False,BFI IMAX M 31
2026-05-24T11:42:02Z,M,30,sold,False,BFI IMAX M 30
2026-05-24T11:42:02Z,M,29,sold,False,BFI IMAX M 29
2026-05-24T11:42:02Z,M,28,sold,False,BFI IMAX M 28
2026-05-24T11:42:02Z,M,27,sold,False,BFI IMAX M 27
2026-05-24T11:42:02Z,M,8,sold,False,BFI IMAX M 8
2026-05-24T11:42:02Z,M,7,sold,False,BFI IMAX M 7
2026-05-24T11:42:02Z,M,6,sold,False,BFI IMAX M 6
2026-05-24T11:42:02Z,M,5,sold,False,BFI IMAX M 5
2026-05-24T11:42:02Z,M,4,sold,False,BFI IMAX M 4
2026-05-24T11:42:02Z,M,3,sold,False,BFI IMAX M 3
2026-05-24T11:42:02Z,M,2,sold,False,BFI IMAX M 2
2026-05-24T11:42:02Z,M,1,sold,False,BFI IMAX M 1
2026-05-24T11:42:02Z,N,34,unavailable,False,BFI IMAX N 34
2026-05-24T11:42:02Z,N,33,unavailable,False,BFI IMAX N 33
2026-05-24T11:42:02Z,N,32,unavailable,False,BFI IMAX N 32
2026-05-24T11:42:02Z,N,31,unavailable,False,BFI IMAX N 31
2026-05-24T11:42:02Z,N,30,unavailable,False,BFI IMAX N 30
2026-05-24T11:42:02Z,N,29,unavailable,False,BFI IMAX N 29
2026-05-24T11:42:02Z,N,28,unavailable,False,BFI IMAX N 28
2026-05-24T11:42:02Z,N,27,unavailable,False,BFI IMAX N 27
2026-05-24T11:42:02Z,A,11,available,False,BFI IMAX A 11
2026-05-24T11:42:02Z,A,10,available,False,BFI IMAX A 10
2026-05-24T11:42:02Z,N,6,sold,False,BFI IMAX N 6
2026-05-24T11:42:02Z,N,5,sold,False,BFI IMAX N 5
2026-05-24T11:42:02Z,N,4,sold,False,BFI IMAX N 4
2026-05-24T11:42:02Z,N,3,sold,False,BFI IMAX N 3
2026-05-24T11:42:02Z,N,2,sold,False,BFI IMAX N 2
2026-05-24T11:42:02Z,N,1,sold,False,BFI IMAX N 1
2026-05-24T11:42:02Z,P,31,unavailable,False,BFI IMAX P 31
2026-05-24T11:42:02Z,A,9,available,False,BFI IMAX A 9
2026-05-24T11:42:02Z,A,8,available,False,BFI IMAX A 8
2026-05-24T11:42:02Z,P,26,unavailable,False,BFI IMAX P 26
2026-05-24T11:42:02Z,P,6,sold,False,BFI IMAX P 6
2026-05-24T11:42:02Z,A,7,available,False,BFI IMAX A 7
2026-05-24T11:42:02Z,A,6,available,False,BFI IMAX A 6
2026-05-24T11:42:02Z,P,1,unavailable,False,BFI IMAX P 1
2026-05-24T11:42:02Z,M,11,sold,False,BFI IMAX M 11
2026-05-24T11:42:02Z,M,10,sold,False,BFI IMAX M 10
2026-05-24T11:42:02Z,M,9,sold,False,BFI IMAX M 9
2026-05-24T11:42:02Z,L,9,sold,False,BFI IMAX L 9
2026-05-24T11:42:02Z,L,25,sold,False,BFI IMAX L 25
2026-05-24T11:42:02Z,L,24,sold,False,BFI IMAX L 24
2026-05-24T11:42:02Z,L,23,sold,False,BFI IMAX L 23
2026-05-24T11:42:02Z,L,22,sold,False,BFI IMAX L 22
2026-05-24T11:42:02Z,L,21,sold,False,BFI IMAX L 21
2026-05-24T11:42:02Z,L,20,sold,False,BFI IMAX L 20
2026-05-24T11:42:02Z,L,19,sold,False,BFI IMAX L 19
2026-05-24T11:42:02Z,L,18,sold,False,BFI IMAX L 18
2026-05-24T11:42:02Z,L,17,sold,False,BFI IMAX L 17
2026-05-24T11:42:02Z,L,16,sold,False,BFI IMAX L 16
2026-05-24T11:42:02Z,L,15,sold,False,BFI IMAX L 15
2026-05-24T11:42:02Z,L,14,sold,False,BFI IMAX L 14
2026-05-24T11:42:02Z,L,13,sold,False,BFI IMAX L 13
2026-05-24T11:42:02Z,L,12,sold,False,BFI IMAX L 12
2026-05-24T11:42:02Z,L,11,sold,False,BFI IMAX L 11
2026-05-24T11:42:02Z,N,26,unavailable,False,BFI IMAX N 26
2026-05-24T11:42:02Z,N,25,unavailable,False,BFI IMAX N 25
2026-05-24T11:42:02Z,N,24,unavailable,False,BFI IMAX N 24
2026-05-24T11:42:02Z,N,23,unavailable,False,BFI IMAX N 23
2026-05-24T11:42:02Z,N,22,sold,False,BFI IMAX N 22
2026-05-24T11:42:02Z,N,21,sold,False,BFI IMAX N 21
2026-05-24T11:42:02Z,N,20,sold,False,BFI IMAX N 20
2026-05-24T11:42:02Z,N,19,sold,False,BFI IMAX N 19
2026-05-24T11:42:02Z,N,18,sold,False,BFI IMAX N 18
2026-05-24T11:42:02Z,N,17,sold,False,BFI IMAX N 17
2026-05-24T11:42:02Z,N,16,sold,False,BFI IMAX N 16
2026-05-24T11:42:02Z,N,15,sold,False,BFI IMAX N 15
2026-05-24T11:42:02Z,N,14,sold,False,BFI IMAX N 14
2026-05-24T11:42:02Z,N,13,sold,False,BFI IMAX N 13
2026-05-24T11:42:02Z,N,12,unavailable,False,BFI IMAX N 12
2026-05-24T11:42:02Z,N,11,unavailable,False,BFI IMAX N 11
2026-05-24T11:42:02Z,N,10,unavailable,False,BFI IMAX N 10
2026-05-24T11:42:02Z,N,9,unavailable,False,BFI IMAX N 9
2026-05-24T11:42:02Z,L,10,sold,False,BFI IMAX L 10
2026-05-24T11:42:02Z,M,26,sold,False,BFI IMAX M 26
2026-05-24T11:42:02Z,M,25,sold,False,BFI IMAX M 25
2026-05-24T11:42:02Z,M,24,sold,False,BFI IMAX M 24
2026-05-24T11:42:02Z,M,23,sold,False,BFI IMAX M 23
2026-05-24T11:42:02Z,M,22,sold,False,BFI IMAX M 22
2026-05-24T11:42:02Z,M,21,sold,False,BFI IMAX M 21
2026-05-24T11:42:02Z,M,20,sold,False,BFI IMAX M 20
2026-05-24T11:42:02Z,M,19,sold,False,BFI IMAX M 19
2026-05-24T11:42:02Z,M,18,sold,False,BFI IMAX M 18
2026-05-24T11:42:02Z,M,17,sold,False,BFI IMAX M 17
2026-05-24T11:42:02Z,M,16,sold,False,BFI IMAX M 16
2026-05-24T11:42:02Z,M,15,sold,False,BFI IMAX M 15
2026-05-24T11:42:02Z,M,14,sold,False,BFI IMAX M 14
2026-05-24T11:42:02Z,M,13,sold,False,BFI IMAX M 13
2026-05-24T11:42:02Z,M,12,sold,False,BFI IMAX M 12
2026-05-24T11:42:02Z,P,30,unavailable,True,BFI IMAX P 30
2026-05-24T11:42:02Z,P,27,unavailable,True,BFI IMAX P 27
2026-05-24T11:42:02Z,P,2,unavailable,True,BFI IMAX P 2
2026-05-24T11:42:02Z,P,5,sold,True,BFI IMAX P 5
2026-05-24T11:42:02Z,P,19,sold,False,BFI IMAX P 19
2026-05-24T11:42:02Z,P,18,sold,False,BFI IMAX P 18
2026-05-24T11:42:02Z,P,17,sold,False,BFI IMAX P 17
2026-05-24T11:42:02Z,P,16,sold,False,BFI IMAX P 16
2026-05-24T11:42:02Z,P,15,sold,False,BFI IMAX P 15
2026-05-24T11:42:02Z,P,14,sold,False,BFI IMAX P 14
2026-05-24T11:42:02Z,P,13,sold,False,BFI IMAX P 13
2026-05-24T11:42:02Z,P,12,sold,False,BFI IMAX P 12
2026-05-24T11:42:02Z,P,11,sold,False,BFI IMAX P 11
2026-05-24T11:42:02Z,P,10,sold,False,BFI IMAX P 10
2026-05-24T11:42:02Z,P,9,sold,False,BFI IMAX P 9
2026-05-24T11:42:02Z,P,8,sold,False,BFI IMAX P 8
2026-05-24T11:42:02Z,P,7,sold,False,BFI IMAX P 7
2026-05-24T11:42:02Z,P,25,sold,False,BFI IMAX P 25
2026-05-24T11:42:02Z,P,24,sold,False,BFI IMAX P 24
2026-05-24T11:42:02Z,P,23,sold,False,BFI IMAX P 23
2026-05-24T11:42:02Z,P,22,sold,False,BFI IMAX P 22
2026-05-24T11:42:02Z,P,21,sold,False,BFI IMAX P 21
2026-05-24T11:42:02Z,P,20,sold,False,BFI IMAX P 20
2026-05-24T11:42:02Z,Q,18,sold,False,BFI IMAX Q 18
2026-05-24T11:42:02Z,Q,17,sold,False,BFI IMAX Q 17
2026-05-24T11:42:02Z,Q,16,sold,False,BFI IMAX Q 16
2026-05-24T11:42:02Z,Q,15,sold,False,BFI IMAX Q 15
2026-05-24T11:42:02Z,Q,14,sold,False,BFI IMAX Q 14
2026-05-24T11:42:02Z,Q,13,sold,False,BFI IMAX Q 13
2026-05-24T11:42:02Z,Q,12,sold,False,BFI IMAX Q 12
2026-05-24T11:42:02Z,Q,11,sold,False,BFI IMAX Q 11
2026-05-24T11:42:02Z,Q,10,sold,False,BFI IMAX Q 10
2026-05-24T11:42:02Z,Q,9,sold,False,BFI IMAX Q 9
2026-05-24T11:42:02Z,Q,8,sold,False,BFI IMAX Q 8
2026-05-24T11:42:02Z,Q,7,sold,False,BFI IMAX Q 7
2026-05-24T11:42:02Z,Q,6,sold,False,BFI IMAX Q 6
2026-05-24T11:42:02Z,Q,5,sold,False,BFI IMAX Q 5
2026-05-24T11:42:02Z,Q,4,sold,False,BFI IMAX Q 4
2026-05-24T11:42:02Z,Q,3,sold,False,BFI IMAX Q 3
2026-05-24T11:42:02Z,Q,2,sold,False,BFI IMAX Q 2
2026-05-24T11:42:02Z,Q,1,sold,False,BFI IMAX Q 1
2026-05-24T12:24:10Z,K,27,unavailable,False,BFI IMAX K 27
2026-05-24T12:24:10Z,K,26,unavailable,False,BFI IMAX K 26
2026-05-24T12:24:10Z,N,8,unavailable,False,BFI IMAX N 8
2026-05-24T12:24:10Z,N,7,unavailable,False,BFI IMAX N 7
2026-05-24T12:24:10Z,P,29,unavailable,True,BFI IMAX P 29
2026-05-24T12:24:10Z,P,28,unavailable,True,BFI IMAX P 28
2026-05-24T12:24:10Z,P,4,unavailable,True,BFI IMAX P 4
2026-05-24T12:24:10Z,P,3,unavailable,True,BFI IMAX P 3
2026-05-24T12:24:10Z,A,5,available,False,BFI IMAX A 5
2026-05-24T12:24:10Z,A,4,available,False,BFI IMAX A 4
2026-05-24T12:24:10Z,A,3,available,False,BFI IMAX A 3
2026-05-24T12:24:10Z,A,2,available,False,BFI IMAX A 2
2026-05-24T12:24:10Z,A,1,available,False,BFI IMAX A 1
2026-05-24T12:24:10Z,B,36,available,False,BFI IMAX B 36
2026-05-24T12:24:10Z,B,35,available,False,BFI IMAX B 35
2026-05-24T12:24:10Z,B,34,available,False,BFI IMAX B 34
2026-05-24T12:24:10Z,B,33,available,False,BFI IMAX B 33
2026-05-24T12:24:10Z,B,32,available,False,BFI IMAX B 32
2026-05-24T12:24:10Z,B,31,available,False,BFI IMAX B 31
2026-05-24T12:24:10Z,B,30,available,False,BFI IMAX B 30
2026-05-24T12:24:10Z,B,29,available,False,BFI IMAX B 29
2026-05-24T12:24:10Z,B,28,available,False,BFI IMAX B 28
2026-05-24T12:24:10Z,B,27,available,False,BFI IMAX B 27
2026-05-24T12:24:10Z,B,26,available,False,BFI IMAX B 26
2026-05-24T12:24:10Z,B,25,available,False,BFI IMAX B 25
2026-05-24T12:24:10Z,B,24,available,False,BFI IMAX B 24
2026-05-24T12:24:10Z,B,23,available,False,BFI IMAX B 23
2026-05-24T12:24:10Z,B,22,available,False,BFI IMAX B 22
2026-05-24T12:24:10Z,B,21,sold,False,BFI IMAX B 21
2026-05-24T12:24:10Z,B,20,sold,False,BFI IMAX B 20
2026-05-24T12:24:10Z,B,19,sold,False,BFI IMAX B 19
2026-05-24T12:24:10Z,B,18,sold,False,BFI IMAX B 18
2026-05-24T12:24:10Z,B,17,available,False,BFI IMAX B 17
2026-05-24T12:24:10Z,B,16,sold,False,BFI IMAX B 16
2026-05-24T12:24:10Z,B,15,available,False,BFI IMAX B 15
2026-05-24T12:24:10Z,B,14,available,False,BFI IMAX B 14
2026-05-24T12:24:10Z,B,13,available,False,BFI IMAX B 13
2026-05-24T12:24:10Z,B,12,available,False,BFI IMAX B 12
2026-05-24T12:24:10Z,B,11,available,False,BFI IMAX B 11
2026-05-24T12:24:10Z,B,10,available,False,BFI IMAX B 10
2026-05-24T12:24:10Z,B,9,available,False,BFI IMAX B 9
2026-05-24T12:24:10Z,B,8,available,False,BFI IMAX B 8
2026-05-24T12:24:10Z,B,7,available,False,BFI IMAX B 7
2026-05-24T12:24:10Z,B,6,available,False,BFI IMAX B 6
2026-05-24T12:24:10Z,B,5,available,False,BFI IMAX B 5
2026-05-24T12:24:10Z,B,4,available,False,BFI IMAX B 4
2026-05-24T12:24:10Z,B,3,available,False,BFI IMAX B 3
2026-05-24T12:24:10Z,B,2,available,False,BFI IMAX B 2
2026-05-24T12:24:10Z,B,1,available,False,BFI IMAX B 1
2026-05-24T12:24:10Z,C,36,available,False,BFI IMAX C 36
2026-05-24T12:24:10Z,C,35,available,False,BFI IMAX C 35
2026-05-24T12:24:10Z,C,34,available,False,BFI IMAX C 34
2026-05-24T12:24:10Z,C,33,available,False,BFI IMAX C 33
2026-05-24T12:24:10Z,C,32,available,False,BFI IMAX C 32
2026-05-24T12:24:10Z,C,31,available,False,BFI IMAX C 31
2026-05-24T12:24:10Z,C,30,available,False,BFI IMAX C 30
2026-05-24T12:24:10Z,C,29,available,False,BFI IMAX C 29
2026-05-24T12:24:10Z,C,28,available,False,BFI IMAX C 28
2026-05-24T12:24:10Z,C,27,available,False,BFI IMAX C 27
2026-05-24T12:24:10Z,C,26,available,False,BFI IMAX C 26
2026-05-24T12:24:10Z,C,25,sold,False,BFI IMAX C 25
2026-05-24T12:24:10Z,C,24,sold,False,BFI IMAX C 24
2026-05-24T12:24:10Z,C,23,sold,False,BFI IMAX C 23
2026-05-24T12:24:10Z,C,22,sold,False,BFI IMAX C 22
2026-05-24T12:24:10Z,C,21,sold,False,BFI IMAX C 21
2026-05-24T12:24:10Z,C,20,sold,False,BFI IMAX C 20
2026-05-24T12:24:10Z,C,19,sold,False,BFI IMAX C 19
2026-05-24T12:24:10Z,C,18,sold,False,BFI IMAX C 18
2026-05-24T12:24:10Z,C,17,sold,False,BFI IMAX C 17
2026-05-24T12:24:10Z,C,16,sold,False,BFI IMAX C 16
2026-05-24T12:24:10Z,C,15,sold,False,BFI IMAX C 15
2026-05-24T12:24:10Z,C,14,sold,False,BFI IMAX C 14
2026-05-24T12:24:10Z,C,13,sold,False,BFI IMAX C 13
2026-05-24T12:24:10Z,C,12,sold,False,BFI IMAX C 12
2026-05-24T12:24:10Z,C,11,sold,False,BFI IMAX C 11
2026-05-24T12:24:10Z,C,10,sold,False,BFI IMAX C 10
2026-05-24T12:24:10Z,C,9,available,False,BFI IMAX C 9
2026-05-24T12:24:10Z,C,8,available,False,BFI IMAX C 8
2026-05-24T12:24:10Z,C,7,available,False,BFI IMAX C 7
2026-05-24T12:24:10Z,C,6,available,False,BFI IMAX C 6
2026-05-24T12:24:10Z,C,5,available,False,BFI IMAX C 5
2026-05-24T12:24:10Z,C,4,available,False,BFI IMAX C 4
2026-05-24T12:24:10Z,C,3,available,False,BFI IMAX C 3
2026-05-24T12:24:10Z,C,2,available,False,BFI IMAX C 2
2026-05-24T12:24:10Z,C,1,available,False,BFI IMAX C 1
2026-05-24T12:24:10Z,D,37,available,False,BFI IMAX D 37
2026-05-24T12:24:10Z,D,36,available,False,BFI IMAX D 36
2026-05-24T12:24:10Z,D,35,available,False,BFI IMAX D 35
2026-05-24T12:24:10Z,D,34,available,False,BFI IMAX D 34
2026-05-24T12:24:10Z,D,33,available,False,BFI IMAX D 33
2026-05-24T12:24:10Z,D,32,available,False,BFI IMAX D 32
2026-05-24T12:24:10Z,D,31,available,False,BFI IMAX D 31
2026-05-24T12:24:10Z,D,30,available,False,BFI IMAX D 30
2026-05-24T12:24:10Z,D,29,available,False,BFI IMAX D 29
2026-05-24T12:24:10Z,D,28,available,False,BFI IMAX D 28
2026-05-24T12:24:10Z,D,27,available,False,BFI IMAX D 27
2026-05-24T12:24:10Z,D,26,sold,False,BFI IMAX D 26
2026-05-24T12:24:10Z,D,25,sold,False,BFI IMAX D 25
2026-05-24T12:24:10Z,D,24,sold,False,BFI IMAX D 24
2026-05-24T12:24:10Z,D,23,sold,False,BFI IMAX D 23
2026-05-24T12:24:10Z,D,22,sold,False,BFI IMAX D 22
2026-05-24T12:24:10Z,D,21,sold,False,BFI IMAX D 21
2026-05-24T12:24:10Z,D,20,sold,False,BFI IMAX D 20
2026-05-24T12:24:10Z,D,19,sold,False,BFI IMAX D 19
2026-05-24T12:24:10Z,D,18,sold,False,BFI IMAX D 18
2026-05-24T12:24:10Z,D,17,sold,False,BFI IMAX D 17
2026-05-24T12:24:10Z,D,16,sold,False,BFI IMAX D 16
2026-05-24T12:24:10Z,D,15,sold,False,BFI IMAX D 15
2026-05-24T12:24:10Z,D,14,sold,False,BFI IMAX D 14
2026-05-24T12:24:10Z,D,13,sold,False,BFI IMAX D 13
2026-05-24T12:24:10Z,D,12,sold,False,BFI IMAX D 12
2026-05-24T12:24:10Z,D,11,sold,False,BFI IMAX D 11
2026-05-24T12:24:10Z,D,10,sold,False,BFI IMAX D 10
2026-05-24T12:24:10Z,D,9,available,False,BFI IMAX D 9
2026-05-24T12:24:10Z,D,8,available,False,BFI IMAX D 8
2026-05-24T12:24:10Z,D,7,available,False,BFI IMAX D 7
2026-05-24T12:24:10Z,D,6,available,False,BFI IMAX D 6
2026-05-24T12:24:10Z,D,5,available,False,BFI IMAX D 5
2026-05-24T12:24:10Z,D,4,available,False,BFI IMAX D 4
2026-05-24T12:24:10Z,D,3,available,False,BFI IMAX D 3
2026-05-24T12:24:10Z,D,2,available,False,BFI IMAX D 2
2026-05-24T12:24:10Z,D,1,available,False,BFI IMAX D 1
2026-05-24T12:24:10Z,E,37,available,False,BFI IMAX E 37
2026-05-24T12:24:10Z,E,36,available,False,BFI IMAX E 36
2026-05-24T12:24:10Z,E,35,available,False,BFI IMAX E 35
2026-05-24T12:24:10Z,E,34,available,False,BFI IMAX E 34
2026-05-24T12:24:10Z,E,33,available,False,BFI IMAX E 33
2026-05-24T12:24:10Z,E,32,available,False,BFI IMAX E 32
2026-05-24T12:24:10Z,E,31,sold,False,BFI IMAX E 31
2026-05-24T12:24:10Z,E,30,sold,False,BFI IMAX E 30
2026-05-24T12:24:10Z,E,29,sold,False,BFI IMAX E 29
2026-05-24T12:24:10Z,E,28,sold,False,BFI IMAX E 28
2026-05-24T12:24:10Z,E,27,sold,False,BFI IMAX E 27
2026-05-24T12:24:10Z,E,26,sold,False,BFI IMAX E 26
2026-05-24T12:24:10Z,E,25,sold,False,BFI IMAX E 25
2026-05-24T12:24:10Z,E,24,sold,False,BFI IMAX E 24
2026-05-24T12:24:10Z,E,23,sold,False,BFI IMAX E 23
2026-05-24T12:24:10Z,E,22,sold,False,BFI IMAX E 22
2026-05-24T12:24:10Z,E,21,sold,False,BFI IMAX E 21
2026-05-24T12:24:10Z,E,20,sold,False,BFI IMAX E 20
2026-05-24T12:24:10Z,E,19,sold,False,BFI IMAX E 19
2026-05-24T12:24:10Z,E,18,sold,False,BFI IMAX E 18
2026-05-24T12:24:10Z,E,17,sold,False,BFI IMAX E 17
2026-05-24T12:24:10Z,E,16,sold,False,BFI IMAX E 16
2026-05-24T12:24:10Z,E,15,sold,False,BFI IMAX E 15
2026-05-24T12:24:10Z,E,14,sold,False,BFI IMAX E 14
2026-05-24T12:24:10Z,E,13,sold,False,BFI IMAX E 13
2026-05-24T12:24:10Z,E,12,sold,False,BFI IMAX E 12
2026-05-24T12:24:10Z,E,11,sold,False,BFI IMAX E 11
2026-05-24T12:24:10Z,E,10,sold,False,BFI IMAX E 10
2026-05-24T12:24:10Z,E,9,sold,False,BFI IMAX E 9
2026-05-24T12:24:10Z,E,8,sold,False,BFI IMAX E 8
2026-05-24T12:24:10Z,E,7,sold,False,BFI IMAX E 7
2026-05-24T12:24:10Z,E,6,sold,False,BFI IMAX E 6
2026-05-24T12:24:10Z,E,5,sold,False,BFI IMAX E 5
2026-05-24T12:24:10Z,E,4,available,False,BFI IMAX E 4
2026-05-24T12:24:10Z,E,3,available,False,BFI IMAX E 3
2026-05-24T12:24:10Z,E,2,available,False,BFI IMAX E 2
2026-05-24T12:24:10Z,E,1,available,False,BFI IMAX E 1
2026-05-24T12:24:10Z,F,38,available,False,BFI IMAX F 38
2026-05-24T12:24:10Z,F,37,sold,False,BFI IMAX F 37
2026-05-24T12:24:10Z,F,36,sold,False,BFI IMAX F 36
2026-05-24T12:24:10Z,F,35,sold,False,BFI IMAX F 35
2026-05-24T12:24:10Z,F,34,sold,False,BFI IMAX F 34
2026-05-24T12:24:10Z,F,33,sold,False,BFI IMAX F 33
2026-05-24T12:24:10Z,F,32,sold,False,BFI IMAX F 32
2026-05-24T12:24:10Z,F,31,sold,False,BFI IMAX F 31
2026-05-24T12:24:10Z,F,30,sold,False,BFI IMAX F 30
2026-05-24T12:24:10Z,F,29,sold,False,BFI IMAX F 29
2026-05-24T12:24:10Z,F,28,sold,False,BFI IMAX F 28
2026-05-24T12:24:10Z,F,27,sold,False,BFI IMAX F 27
2026-05-24T12:24:10Z,F,26,sold,False,BFI IMAX F 26
2026-05-24T12:24:10Z,F,25,sold,False,BFI IMAX F 25
2026-05-24T12:24:10Z,F,24,sold,False,BFI IMAX F 24
2026-05-24T12:24:10Z,F,23,sold,False,BFI IMAX F 23
2026-05-24T12:24:10Z,F,22,sold,False,BFI IMAX F 22
2026-05-24T12:24:10Z,F,21,sold,False,BFI IMAX F 21
2026-05-24T12:24:10Z,F,20,sold,False,BFI IMAX F 20
2026-05-24T12:24:10Z,F,19,sold,False,BFI IMAX F 19
2026-05-24T12:24:10Z,F,18,sold,False,BFI IMAX F 18
2026-05-24T12:24:10Z,F,17,sold,False,BFI IMAX F 17
2026-05-24T12:24:10Z,F,16,sold,False,BFI IMAX F 16
2026-05-24T12:24:10Z,F,15,sold,False,BFI IMAX F 15
2026-05-24T12:24:10Z,F,14,sold,False,BFI IMAX F 14
2026-05-24T12:24:10Z,F,13,sold,False,BFI IMAX F 13
2026-05-24T12:24:10Z,F,12,sold,False,BFI IMAX F 12
2026-05-24T12:24:10Z,F,11,sold,False,BFI IMAX F 11
2026-05-24T12:24:10Z,F,10,sold,False,BFI IMAX F 10
2026-05-24T12:24:10Z,F,9,sold,False,BFI IMAX F 9
2026-05-24T12:24:10Z,F,8,sold,False,BFI IMAX F 8
2026-05-24T12:24:10Z,F,7,sold,False,BFI IMAX F 7
2026-05-24T12:24:10Z,F,6,sold,False,BFI IMAX F 6
2026-05-24T12:24:10Z,F,5,sold,False,BFI IMAX F 5
2026-05-24T12:24:10Z,F,4,sold,False,BFI IMAX F 4
2026-05-24T12:24:10Z,F,3,sold,False,BFI IMAX F 3
2026-05-24T12:24:10Z,F,2,sold,False,BFI IMAX F 2
2026-05-24T12:24:10Z,F,1,sold,False,BFI IMAX F 1
2026-05-24T12:24:10Z,G,37,sold,False,BFI IMAX G 37
2026-05-24T12:24:10Z,G,36,sold,False,BFI IMAX G 36
2026-05-24T12:24:10Z,G,35,sold,False,BFI IMAX G 35
2026-05-24T12:24:10Z,G,34,sold,False,BFI IMAX G 34
2026-05-24T12:24:10Z,G,33,sold,False,BFI IMAX G 33
2026-05-24T12:24:10Z,G,32,sold,False,BFI IMAX G 32
2026-05-24T12:24:10Z,G,31,sold,False,BFI IMAX G 31
2026-05-24T12:24:10Z,G,30,sold,False,BFI IMAX G 30
2026-05-24T12:24:10Z,G,29,sold,False,BFI IMAX G 29
2026-05-24T12:24:10Z,G,28,sold,False,BFI IMAX G 28
2026-05-24T12:24:10Z,G,27,sold,False,BFI IMAX G 27
2026-05-24T12:24:10Z,G,26,sold,False,BFI IMAX G 26
2026-05-24T12:24:10Z,G,25,sold,False,BFI IMAX G 25
2026-05-24T12:24:10Z,G,24,sold,False,BFI IMAX G 24
2026-05-24T12:24:10Z,G,23,sold,False,BFI IMAX G 23
2026-05-24T12:24:10Z,G,22,sold,False,BFI IMAX G 22
2026-05-24T12:24:10Z,G,21,sold,False,BFI IMAX G 21
2026-05-24T12:24:10Z,G,20,sold,False,BFI IMAX G 20
2026-05-24T12:24:10Z,G,19,sold,False,BFI IMAX G 19
2026-05-24T12:24:10Z,G,18,sold,False,BFI IMAX G 18
2026-05-24T12:24:10Z,G,17,sold,False,BFI IMAX G 17
2026-05-24T12:24:10Z,G,16,sold,False,BFI IMAX G 16
2026-05-24T12:24:10Z,G,15,sold,False,BFI IMAX G 15
2026-05-24T12:24:10Z,G,14,sold,False,BFI IMAX G 14
2026-05-24T12:24:10Z,G,13,sold,False,BFI IMAX G 13
2026-05-24T12:24:10Z,G,12,sold,False,BFI IMAX G 12
2026-05-24T12:24:10Z,G,11,sold,False,BFI IMAX G 11
2026-05-24T12:24:10Z,G,10,sold,False,BFI IMAX G 10
2026-05-24T12:24:10Z,G,9,sold,False,BFI IMAX G 9
2026-05-24T12:24:10Z,G,8,sold,False,BFI IMAX G 8
2026-05-24T12:24:10Z,G,7,sold,False,BFI IMAX G 7
2026-05-24T12:24:10Z,G,6,sold,False,BFI IMAX G 6
2026-05-24T12:24:10Z,G,5,sold,False,BFI IMAX G 5
2026-05-24T12:24:10Z,G,4,sold,False,BFI IMAX G 4
2026-05-24T12:24:10Z,G,3,sold,False,BFI IMAX G 3
2026-05-24T12:24:10Z,G,2,sold,False,BFI IMAX G 2
2026-05-24T12:24:10Z,G,1,sold,False,BFI IMAX G 1
2026-05-24T12:24:10Z,H,37,sold,False,BFI IMAX H 37
2026-05-24T12:24:10Z,H,36,sold,False,BFI IMAX H 36
2026-05-24T12:24:10Z,H,35,sold,False,BFI IMAX H 35
2026-05-24T12:24:10Z,H,34,sold,False,BFI IMAX H 34
2026-05-24T12:24:10Z,H,33,sold,False,BFI IMAX H 33
2026-05-24T12:24:10Z,H,32,sold,False,BFI IMAX H 32
2026-05-24T12:24:10Z,H,31,sold,False,BFI IMAX H 31
2026-05-24T12:24:10Z,H,30,sold,False,BFI IMAX H 30
2026-05-24T12:24:10Z,H,29,sold,False,BFI IMAX H 29
2026-05-24T12:24:10Z,H,28,sold,False,BFI IMAX H 28
2026-05-24T12:24:10Z,H,27,sold,False,BFI IMAX H 27
2026-05-24T12:24:10Z,H,26,sold,False,BFI IMAX H 26
2026-05-24T12:24:10Z,H,25,sold,False,BFI IMAX H 25
2026-05-24T12:24:10Z,H,24,sold,False,BFI IMAX H 24
2026-05-24T12:24:10Z,H,23,sold,False,BFI IMAX H 23
2026-05-24T12:24:10Z,H,22,sold,False,BFI IMAX H 22
2026-05-24T12:24:10Z,H,21,sold,False,BFI IMAX H 21
2026-05-24T12:24:10Z,H,20,sold,False,BFI IMAX H 20
2026-05-24T12:24:10Z,H,19,sold,False,BFI IMAX H 19
2026-05-24T12:24:10Z,H,18,sold,False,BFI IMAX H 18
2026-05-24T12:24:10Z,H,17,sold,False,BFI IMAX H 17
2026-05-24T12:24:10Z,H,16,sold,False,BFI IMAX H 16
2026-05-24T12:24:10Z,H,15,sold,False,BFI IMAX H 15
2026-05-24T12:24:10Z,H,14,sold,False,BFI IMAX H 14
2026-05-24T12:24:10Z,H,13,sold,False,BFI IMAX H 13
2026-05-24T12:24:10Z,H,12,sold,False,BFI IMAX H 12
2026-05-24T12:24:10Z,H,11,sold,False,BFI IMAX H 11
2026-05-24T12:24:10Z,H,10,sold,False,BFI IMAX H 10
2026-05-24T12:24:10Z,H,9,sold,False,BFI IMAX H 9
2026-05-24T12:24:10Z,H,8,sold,False,BFI IMAX H 8
2026-05-24T12:24:10Z,H,7,sold,False,BFI IMAX H 7
2026-05-24T12:24:10Z,H,6,sold,False,BFI IMAX H 6
2026-05-24T12:24:10Z,H,5,sold,False,BFI IMAX H 5
2026-05-24T12:24:10Z,H,4,sold,False,BFI IMAX H 4
2026-05-24T12:24:10Z,H,3,sold,False,BFI IMAX H 3
2026-05-24T12:24:10Z,H,2,sold,False,BFI IMAX H 2
2026-05-24T12:24:10Z,H,1,sold,False,BFI IMAX H 1
2026-05-24T12:24:10Z,J,36,sold,False,BFI IMAX J 36
2026-05-24T12:24:10Z,J,35,sold,False,BFI IMAX J 35
2026-05-24T12:24:10Z,J,34,sold,False,BFI IMAX J 34
2026-05-24T12:24:10Z,J,33,sold,False,BFI IMAX J 33
2026-05-24T12:24:10Z,J,32,sold,False,BFI IMAX J 32
2026-05-24T12:24:10Z,J,31,sold,False,BFI IMAX J 31
2026-05-24T12:24:10Z,J,30,sold,False,BFI IMAX J 30
2026-05-24T12:24:10Z,J,29,sold,False,BFI IMAX J 29
2026-05-24T12:24:10Z,J,28,sold,False,BFI IMAX J 28
2026-05-24T12:24:10Z,J,27,sold,False,BFI IMAX J 27
2026-05-24T12:24:10Z,J,26,sold,False,BFI IMAX J 26
2026-05-24T12:24:10Z,J,25,sold,False,BFI IMAX J 25
2026-05-24T12:24:10Z,J,24,sold,False,BFI IMAX J 24
2026-05-24T12:24:10Z,J,23,sold,False,BFI IMAX J 23
2026-05-24T12:24:10Z,J,22,sold,False,BFI IMAX J 22
2026-05-24T12:24:10Z,J,21,sold,False,BFI IMAX J 21
2026-05-24T12:24:10Z,J,20,sold,False,BFI IMAX J 20
2026-05-24T12:24:10Z,J,19,sold,False,BFI IMAX J 19
2026-05-24T12:24:10Z,J,18,sold,False,BFI IMAX J 18
2026-05-24T12:24:10Z,J,17,sold,False,BFI IMAX J 17
2026-05-24T12:24:10Z,J,16,sold,False,BFI IMAX J 16
2026-05-24T12:24:10Z,J,15,sold,False,BFI IMAX J 15
2026-05-24T12:24:10Z,J,14,sold,False,BFI IMAX J 14
2026-05-24T12:24:10Z,J,13,sold,False,BFI IMAX J 13
2026-05-24T12:24:10Z,J,12,sold,False,BFI IMAX J 12
2026-05-24T12:24:10Z,J,11,sold,False,BFI IMAX J 11
2026-05-24T12:24:10Z,J,10,sold,False,BFI IMAX J 10
2026-05-24T12:24:10Z,J,9,sold,False,BFI IMAX J 9
2026-05-24T12:24:10Z,J,8,sold,False,BFI IMAX J 8
2026-05-24T12:24:10Z,J,7,sold,False,BFI IMAX J 7
2026-05-24T12:24:10Z,J,6,sold,False,BFI IMAX J 6
2026-05-24T12:24:10Z,J,5,sold,False,BFI IMAX J 5
2026-05-24T12:24:10Z,J,4,sold,False,BFI IMAX J 4
2026-05-24T12:24:10Z,J,3,sold,False,BFI IMAX J 3
2026-05-24T12:24:10Z,J,2,sold,False,BFI IMAX J 2
2026-05-24T12:24:10Z,J,1,sold,False,BFI IMAX J 1
2026-05-24T12:24:10Z,K,36,sold,False,BFI IMAX K 36
2026-05-24T12:24:10Z,K,35,sold,False,BFI IMAX K 35
2026-05-24T12:24:10Z,K,34,sold,False,BFI IMAX K 34
2026-05-24T12:24:10Z,K,33,sold,False,BFI IMAX K 33
2026-05-24T12:24:10Z,K,32,sold,False,BFI IMAX K 32
2026-05-24T12:24:10Z,K,31,sold,False,BFI IMAX K 31
2026-05-24T12:24:10Z,K,30,sold,False,BFI IMAX K 30
2026-05-24T12:24:10Z,K,29,sold,False,BFI IMAX K 29
2026-05-24T12:24:10Z,K,28,sold,False,BFI IMAX K 28
2026-05-24T12:24:10Z,A,13,available,False,BFI IMAX A 13
2026-05-24T12:24:10Z,A,12,available,False,BFI IMAX A 12
2026-05-24T12:24:10Z,K,25,sold,False,BFI IMAX K 25
2026-05-24T12:24:10Z,K,24,sold,False,BFI IMAX K 24
2026-05-24T12:24:10Z,K,23,sold,False,BFI IMAX K 23
2026-05-24T12:24:10Z,K,22,sold,False,BFI IMAX K 22
2026-05-24T12:24:10Z,K,21,sold,False,BFI IMAX K 21
2026-05-24T12:24:10Z,K,20,sold,False,BFI IMAX K 20
2026-05-24T12:24:10Z,K,19,sold,False,BFI IMAX K 19
2026-05-24T12:24:10Z,K,18,sold,False,BFI IMAX K 18
2026-05-24T12:24:10Z,K,17,sold,False,BFI IMAX K 17
2026-05-24T12:24:10Z,K,16,sold,False,BFI IMAX K 16
2026-05-24T12:24:10Z,K,15,sold,False,BFI IMAX K 15
2026-05-24T12:24:10Z,K,14,sold,False,BFI IMAX K 14
2026-05-24T12:24:10Z,K,13,sold,False,BFI IMAX K 13
2026-05-24T12:24:10Z,K,12,sold,False,BFI IMAX K 12
2026-05-24T12:24:10Z,K,11,sold,False,BFI IMAX K 11
2026-05-24T12:24:10Z,K,10,sold,False,BFI IMAX K 10
2026-05-24T12:24:10Z,K,9,sold,False,BFI IMAX K 9
2026-05-24T12:24:10Z,K,8,sold,False,BFI IMAX K 8
2026-05-24T12:24:10Z,K,7,sold,False,BFI IMAX K 7
2026-05-24T12:24:10Z,K,6,sold,False,BFI IMAX K 6
2026-05-24T12:24:10Z,K,5,sold,False,BFI IMAX K 5
2026-05-24T12:24:10Z,K,4,sold,False,BFI IMAX K 4
2026-05-24T12:24:10Z,K,3,sold,False,BFI IMAX K 3
2026-05-24T12:24:10Z,K,2,sold,False,BFI IMAX K 2
2026-05-24T12:24:10Z,K,1,sold,False,BFI IMAX K 1
2026-05-24T12:24:10Z,L,33,sold,False,BFI IMAX L 33
2026-05-24T12:24:10Z,L,32,sold,False,BFI IMAX L 32
2026-05-24T12:24:10Z,L,31,sold,False,BFI IMAX L 31
2026-05-24T12:24:10Z,L,30,sold,False,BFI IMAX L 30
2026-05-24T12:24:10Z,L,29,sold,False,BFI IMAX L 29
2026-05-24T12:24:10Z,L,28,sold,False,BFI IMAX L 28
2026-05-24T12:24:10Z,L,27,sold,False,BFI IMAX L 27
2026-05-24T12:24:10Z,L,26,sold,False,BFI IMAX L 26
2026-05-24T12:24:10Z,L,8,sold,False,BFI IMAX L 8
2026-05-24T12:24:10Z,L,7,sold,False,BFI IMAX L 7
2026-05-24T12:24:10Z,L,6,sold,False,BFI IMAX L 6
2026-05-24T12:24:10Z,L,5,sold,False,BFI IMAX L 5
2026-05-24T12:24:10Z,L,4,sold,False,BFI IMAX L 4
2026-05-24T12:24:10Z,L,3,sold,False,BFI IMAX L 3
2026-05-24T12:24:10Z,L,2,sold,False,BFI IMAX L 2
2026-05-24T12:24:10Z,L,1,sold,False,BFI IMAX L 1
2026-05-24T12:24:10Z,M,34,sold,False,BFI IMAX M 34
2026-05-24T12:24:10Z,M,33,sold,False,BFI IMAX M 33
2026-05-24T12:24:10Z,M,32,sold,False,BFI IMAX M 32
2026-05-24T12:24:10Z,M,31,sold,False,BFI IMAX M 31
2026-05-24T12:24:10Z,M,30,sold,False,BFI IMAX M 30
2026-05-24T12:24:10Z,M,29,sold,False,BFI IMAX M 29
2026-05-24T12:24:10Z,M,28,sold,False,BFI IMAX M 28
2026-05-24T12:24:10Z,M,27,sold,False,BFI IMAX M 27
2026-05-24T12:24:10Z,M,8,sold,False,BFI IMAX M 8
2026-05-24T12:24:10Z,M,7,sold,False,BFI IMAX M 7
2026-05-24T12:24:10Z,M,6,sold,False,BFI IMAX M 6
2026-05-24T12:24:10Z,M,5,sold,False,BFI IMAX M 5
2026-05-24T12:24:10Z,M,4,sold,False,BFI IMAX M 4
2026-05-24T12:24:10Z,M,3,sold,False,BFI IMAX M 3
2026-05-24T12:24:10Z,M,2,sold,False,BFI IMAX M 2
2026-05-24T12:24:10Z,M,1,sold,False,BFI IMAX M 1
2026-05-24T12:24:10Z,N,34,unavailable,False,BFI IMAX N 34
2026-05-24T12:24:10Z,N,33,unavailable,False,BFI IMAX N 33
2026-05-24T12:24:10Z,N,32,unavailable,False,BFI IMAX N 32
2026-05-24T12:24:10Z,N,31,unavailable,False,BFI IMAX N 31
2026-05-24T12:24:10Z,N,30,unavailable,False,BFI IMAX N 30
2026-05-24T12:24:10Z,N,29,unavailable,False,BFI IMAX N 29
2026-05-24T12:24:10Z,N,28,unavailable,False,BFI IMAX N 28
2026-05-24T12:24:10Z,N,27,unavailable,False,BFI IMAX N 27
2026-05-24T12:24:10Z,A,11,available,False,BFI IMAX A 11
2026-05-24T12:24:10Z,A,10,available,False,BFI IMAX A 10
2026-05-24T12:24:10Z,N,6,sold,False,BFI IMAX N 6
2026-05-24T12:24:10Z,N,5,sold,False,BFI IMAX N 5
2026-05-24T12:24:10Z,N,4,sold,False,BFI IMAX N 4
2026-05-24T12:24:10Z,N,3,sold,False,BFI IMAX N 3
2026-05-24T12:24:10Z,N,2,sold,False,BFI IMAX N 2
2026-05-24T12:24:10Z,N,1,sold,False,BFI IMAX N 1
2026-05-24T12:24:10Z,P,31,unavailable,False,BFI IMAX P 31
2026-05-24T12:24:10Z,A,9,available,False,BFI IMAX A 9
2026-05-24T12:24:10Z,A,8,available,False,BFI IMAX A 8
2026-05-24T12:24:10Z,P,26,unavailable,False,BFI IMAX P 26
2026-05-24T12:24:10Z,P,6,sold,False,BFI IMAX P 6
2026-05-24T12:24:10Z,A,7,available,False,BFI IMAX A 7
2026-05-24T12:24:10Z,A,6,available,False,BFI IMAX A 6
2026-05-24T12:24:10Z,P,1,unavailable,False,BFI IMAX P 1
2026-05-24T12:24:10Z,M,11,sold,False,BFI IMAX M 11
2026-05-24T12:24:10Z,M,10,sold,False,BFI IMAX M 10
2026-05-24T12:24:10Z,M,9,sold,False,BFI IMAX M 9
2026-05-24T12:24:10Z,L,9,sold,False,BFI IMAX L 9
2026-05-24T12:24:10Z,L,25,sold,False,BFI IMAX L 25
2026-05-24T12:24:10Z,L,24,sold,False,BFI IMAX L 24
2026-05-24T12:24:10Z,L,23,sold,False,BFI IMAX L 23
2026-05-24T12:24:10Z,L,22,sold,False,BFI IMAX L 22
2026-05-24T12:24:10Z,L,21,sold,False,BFI IMAX L 21
2026-05-24T12:24:10Z,L,20,sold,False,BFI IMAX L 20
2026-05-24T12:24:10Z,L,19,sold,False,BFI IMAX L 19
2026-05-24T12:24:10Z,L,18,sold,False,BFI IMAX L 18
2026-05-24T12:24:10Z,L,17,sold,False,BFI IMAX L 17
2026-05-24T12:24:10Z,L,16,sold,False,BFI IMAX L 16
2026-05-24T12:24:10Z,L,15,sold,False,BFI IMAX L 15
2026-05-24T12:24:10Z,L,14,sold,False,BFI IMAX L 14
2026-05-24T12:24:10Z,L,13,sold,False,BFI IMAX L 13
2026-05-24T12:24:10Z,L,12,sold,False,BFI IMAX L 12
2026-05-24T12:24:10Z,L,11,sold,False,BFI IMAX L 11
2026-05-24T12:24:10Z,N,26,unavailable,False,BFI IMAX N 26
2026-05-24T12:24:10Z,N,25,unavailable,False,BFI IMAX N 25
2026-05-24T12:24:10Z,N,24,unavailable,False,BFI IMAX N 24
2026-05-24T12:24:10Z,N,23,unavailable,False,BFI IMAX N 23
2026-05-24T12:24:10Z,N,22,sold,False,BFI IMAX N 22
2026-05-24T12:24:10Z,N,21,sold,False,BFI IMAX N 21
2026-05-24T12:24:10Z,N,20,sold,False,BFI IMAX N 20
2026-05-24T12:24:10Z,N,19,sold,False,BFI IMAX N 19
2026-05-24T12:24:10Z,N,18,sold,False,BFI IMAX N 18
2026-05-24T12:24:10Z,N,17,sold,False,BFI IMAX N 17
2026-05-24T12:24:10Z,N,16,sold,False,BFI IMAX N 16
2026-05-24T12:24:10Z,N,15,sold,False,BFI IMAX N 15
2026-05-24T12:24:10Z,N,14,sold,False,BFI IMAX N 14
2026-05-24T12:24:10Z,N,13,sold,False,BFI IMAX N 13
2026-05-24T12:24:10Z,N,12,unavailable,False,BFI IMAX N 12
2026-05-24T12:24:10Z,N,11,unavailable,False,BFI IMAX N 11
2026-05-24T12:24:10Z,N,10,unavailable,False,BFI IMAX N 10
2026-05-24T12:24:10Z,N,9,unavailable,False,BFI IMAX N 9
2026-05-24T12:24:10Z,L,10,sold,False,BFI IMAX L 10
2026-05-24T12:24:10Z,M,26,sold,False,BFI IMAX M 26
2026-05-24T12:24:10Z,M,25,sold,False,BFI IMAX M 25
2026-05-24T12:24:10Z,M,24,sold,False,BFI IMAX M 24
2026-05-24T12:24:10Z,M,23,sold,False,BFI IMAX M 23
2026-05-24T12:24:10Z,M,22,sold,False,BFI IMAX M 22
2026-05-24T12:24:10Z,M,21,sold,False,BFI IMAX M 21
2026-05-24T12:24:10Z,M,20,sold,False,BFI IMAX M 20
2026-05-24T12:24:10Z,M,19,sold,False,BFI IMAX M 19
2026-05-24T12:24:10Z,M,18,sold,False,BFI IMAX M 18
2026-05-24T12:24:10Z,M,17,sold,False,BFI IMAX M 17
2026-05-24T12:24:10Z,M,16,sold,False,BFI IMAX M 16
2026-05-24T12:24:10Z,M,15,sold,False,BFI IMAX M 15
2026-05-24T12:24:10Z,M,14,sold,False,BFI IMAX M 14
2026-05-24T12:24:10Z,M,13,sold,False,BFI IMAX M 13
2026-05-24T12:24:10Z,M,12,sold,False,BFI IMAX M 12
2026-05-24T12:24:10Z,P,30,unavailable,True,BFI IMAX P 30
2026-05-24T12:24:10Z,P,27,unavailable,True,BFI IMAX P 27
2026-05-24T12:24:10Z,P,2,unavailable,True,BFI IMAX P 2
2026-05-24T12:24:10Z,P,5,sold,True,BFI IMAX P 5
2026-05-24T12:24:10Z,P,19,sold,False,BFI IMAX P 19
2026-05-24T12:24:10Z,P,18,sold,False,BFI IMAX P 18
2026-05-24T12:24:10Z,P,17,sold,False,BFI IMAX P 17
2026-05-24T12:24:10Z,P,16,sold,False,BFI IMAX P 16
2026-05-24T12:24:10Z,P,15,sold,False,BFI IMAX P 15
2026-05-24T12:24:10Z,P,14,sold,False,BFI IMAX P 14
2026-05-24T12:24:10Z,P,13,sold,False,BFI IMAX P 13
2026-05-24T12:24:10Z,P,12,sold,False,BFI IMAX P 12
2026-05-24T12:24:10Z,P,11,sold,False,BFI IMAX P 11
2026-05-24T12:24:10Z,P,10,sold,False,BFI IMAX P 10
2026-05-24T12:24:10Z,P,9,sold,False,BFI IMAX P 9
2026-05-24T12:24:10Z,P,8,sold,False,BFI IMAX P 8
2026-05-24T12:24:10Z,P,7,sold,False,BFI IMAX P 7
2026-05-24T12:24:10Z,P,25,sold,False,BFI IMAX P 25
2026-05-24T12:24:10Z,P,24,sold,False,BFI IMAX P 24
2026-05-24T12:24:10Z,P,23,sold,False,BFI IMAX P 23
2026-05-24T12:24:10Z,P,22,sold,False,BFI IMAX P 22
2026-05-24T12:24:10Z,P,21,sold,False,BFI IMAX P 21
2026-05-24T12:24:10Z,P,20,sold,False,BFI IMAX P 20
2026-05-24T12:24:10Z,Q,18,sold,False,BFI IMAX Q 18
2026-05-24T12:24:10Z,Q,17,sold,False,BFI IMAX Q 17
2026-05-24T12:24:10Z,Q,16,sold,False,BFI IMAX Q 16
2026-05-24T12:24:10Z,Q,15,sold,False,BFI IMAX Q 15
2026-05-24T12:24:10Z,Q,14,sold,False,BFI IMAX Q 14
2026-05-24T12:24:10Z,Q,13,sold,False,BFI IMAX Q 13
2026-05-24T12:24:10Z,Q,12,sold,False,BFI IMAX Q 12
2026-05-24T12:24:10Z,Q,11,sold,False,BFI IMAX Q 11
2026-05-24T12:24:10Z,Q,10,sold,False,BFI IMAX Q 10
2026-05-24T12:24:10Z,Q,9,sold,False,BFI IMAX Q 9
2026-05-24T12:24:10Z,Q,8,sold,False,BFI IMAX Q 8
2026-05-24T12:24:10Z,Q,7,sold,False,BFI IMAX Q 7
2026-05-24T12:24:10Z,Q,6,sold,False,BFI IMAX Q 6
2026-05-24T12:24:10Z,Q,5,sold,False,BFI IMAX Q 5
2026-05-24T12:24:10Z,Q,4,sold,False,BFI IMAX Q 4
2026-05-24T12:24:10Z,Q,3,sold,False,BFI IMAX Q 3
2026-05-24T12:24:10Z,Q,2,sold,False,BFI IMAX Q 2
2026-05-24T12:24:10Z,Q,1,sold,False,BFI IMAX Q 1
2026-05-24T12:56:24Z,K,27,unavailable,False,BFI IMAX K 27
2026-05-24T12:56:24Z,K,26,unavailable,False,BFI IMAX K 26
2026-05-24T12:56:24Z,N,8,unavailable,False,BFI IMAX N 8
2026-05-24T12:56:24Z,N,7,unavailable,False,BFI IMAX N 7
2026-05-24T12:56:24Z,P,29,unavailable,True,BFI IMAX P 29
2026-05-24T12:56:24Z,P,28,unavailable,True,BFI IMAX P 28
2026-05-24T12:56:24Z,P,4,unavailable,True,BFI IMAX P 4
2026-05-24T12:56:24Z,P,3,unavailable,True,BFI IMAX P 3
2026-05-24T12:56:24Z,A,5,available,False,BFI IMAX A 5
2026-05-24T12:56:24Z,A,4,available,False,BFI IMAX A 4
2026-05-24T12:56:24Z,A,3,available,False,BFI IMAX A 3
2026-05-24T12:56:24Z,A,2,available,False,BFI IMAX A 2
2026-05-24T12:56:24Z,A,1,available,False,BFI IMAX A 1
2026-05-24T12:56:24Z,B,36,available,False,BFI IMAX B 36
2026-05-24T12:56:24Z,B,35,available,False,BFI IMAX B 35
2026-05-24T12:56:24Z,B,34,available,False,BFI IMAX B 34
2026-05-24T12:56:24Z,B,33,available,False,BFI IMAX B 33
2026-05-24T12:56:24Z,B,32,available,False,BFI IMAX B 32
2026-05-24T12:56:24Z,B,31,available,False,BFI IMAX B 31
2026-05-24T12:56:24Z,B,30,available,False,BFI IMAX B 30
2026-05-24T12:56:24Z,B,29,available,False,BFI IMAX B 29
2026-05-24T12:56:24Z,B,28,available,False,BFI IMAX B 28
2026-05-24T12:56:24Z,B,27,available,False,BFI IMAX B 27
2026-05-24T12:56:24Z,B,26,available,False,BFI IMAX B 26
2026-05-24T12:56:24Z,B,25,available,False,BFI IMAX B 25
2026-05-24T12:56:24Z,B,24,available,False,BFI IMAX B 24
2026-05-24T12:56:24Z,B,23,available,False,BFI IMAX B 23
2026-05-24T12:56:24Z,B,22,available,False,BFI IMAX B 22
2026-05-24T12:56:24Z,B,21,sold,False,BFI IMAX B 21
2026-05-24T12:56:24Z,B,20,sold,False,BFI IMAX B 20
2026-05-24T12:56:24Z,B,19,sold,False,BFI IMAX B 19
2026-05-24T12:56:24Z,B,18,sold,False,BFI IMAX B 18
2026-05-24T12:56:24Z,B,17,available,False,BFI IMAX B 17
2026-05-24T12:56:24Z,B,16,sold,False,BFI IMAX B 16
2026-05-24T12:56:24Z,B,15,available,False,BFI IMAX B 15
2026-05-24T12:56:24Z,B,14,available,False,BFI IMAX B 14
2026-05-24T12:56:24Z,B,13,available,False,BFI IMAX B 13
2026-05-24T12:56:24Z,B,12,available,False,BFI IMAX B 12
2026-05-24T12:56:24Z,B,11,available,False,BFI IMAX B 11
2026-05-24T12:56:24Z,B,10,available,False,BFI IMAX B 10
2026-05-24T12:56:24Z,B,9,available,False,BFI IMAX B 9
2026-05-24T12:56:24Z,B,8,available,False,BFI IMAX B 8
2026-05-24T12:56:24Z,B,7,available,False,BFI IMAX B 7
2026-05-24T12:56:24Z,B,6,available,False,BFI IMAX B 6
2026-05-24T12:56:24Z,B,5,available,False,BFI IMAX B 5
2026-05-24T12:56:24Z,B,4,available,False,BFI IMAX B 4
2026-05-24T12:56:24Z,B,3,available,False,BFI IMAX B 3
2026-05-24T12:56:24Z,B,2,available,False,BFI IMAX B 2
2026-05-24T12:56:24Z,B,1,available,False,BFI IMAX B 1
2026-05-24T12:56:24Z,C,36,available,False,BFI IMAX C 36
2026-05-24T12:56:24Z,C,35,available,False,BFI IMAX C 35
2026-05-24T12:56:24Z,C,34,available,False,BFI IMAX C 34
2026-05-24T12:56:24Z,C,33,available,False,BFI IMAX C 33
2026-05-24T12:56:24Z,C,32,available,False,BFI IMAX C 32
2026-05-24T12:56:24Z,C,31,available,False,BFI IMAX C 31
2026-05-24T12:56:24Z,C,30,available,False,BFI IMAX C 30
2026-05-24T12:56:24Z,C,29,available,False,BFI IMAX C 29
2026-05-24T12:56:24Z,C,28,available,False,BFI IMAX C 28
2026-05-24T12:56:24Z,C,27,available,False,BFI IMAX C 27
2026-05-24T12:56:24Z,C,26,available,False,BFI IMAX C 26
2026-05-24T12:56:24Z,C,25,sold,False,BFI IMAX C 25
2026-05-24T12:56:24Z,C,24,sold,False,BFI IMAX C 24
2026-05-24T12:56:24Z,C,23,sold,False,BFI IMAX C 23
2026-05-24T12:56:24Z,C,22,sold,False,BFI IMAX C 22
2026-05-24T12:56:24Z,C,21,sold,False,BFI IMAX C 21
2026-05-24T12:56:24Z,C,20,sold,False,BFI IMAX C 20
2026-05-24T12:56:24Z,C,19,sold,False,BFI IMAX C 19
2026-05-24T12:56:24Z,C,18,sold,False,BFI IMAX C 18
2026-05-24T12:56:24Z,C,17,sold,False,BFI IMAX C 17
2026-05-24T12:56:24Z,C,16,sold,False,BFI IMAX C 16
2026-05-24T12:56:24Z,C,15,sold,False,BFI IMAX C 15
2026-05-24T12:56:24Z,C,14,sold,False,BFI IMAX C 14
2026-05-24T12:56:24Z,C,13,sold,False,BFI IMAX C 13
2026-05-24T12:56:24Z,C,12,sold,False,BFI IMAX C 12
2026-05-24T12:56:24Z,C,11,sold,False,BFI IMAX C 11
2026-05-24T12:56:24Z,C,10,sold,False,BFI IMAX C 10
2026-05-24T12:56:24Z,C,9,available,False,BFI IMAX C 9
2026-05-24T12:56:24Z,C,8,available,False,BFI IMAX C 8
2026-05-24T12:56:24Z,C,7,available,False,BFI IMAX C 7
2026-05-24T12:56:24Z,C,6,available,False,BFI IMAX C 6
2026-05-24T12:56:24Z,C,5,available,False,BFI IMAX C 5
2026-05-24T12:56:24Z,C,4,available,False,BFI IMAX C 4
2026-05-24T12:56:24Z,C,3,available,False,BFI IMAX C 3
2026-05-24T12:56:24Z,C,2,available,False,BFI IMAX C 2
2026-05-24T12:56:24Z,C,1,available,False,BFI IMAX C 1
2026-05-24T12:56:24Z,D,37,available,False,BFI IMAX D 37
2026-05-24T12:56:24Z,D,36,available,False,BFI IMAX D 36
2026-05-24T12:56:24Z,D,35,available,False,BFI IMAX D 35
2026-05-24T12:56:24Z,D,34,available,False,BFI IMAX D 34
2026-05-24T12:56:24Z,D,33,available,False,BFI IMAX D 33
2026-05-24T12:56:24Z,D,32,available,False,BFI IMAX D 32
2026-05-24T12:56:24Z,D,31,available,False,BFI IMAX D 31
2026-05-24T12:56:24Z,D,30,available,False,BFI IMAX D 30
2026-05-24T12:56:24Z,D,29,available,False,BFI IMAX D 29
2026-05-24T12:56:24Z,D,28,available,False,BFI IMAX D 28
2026-05-24T12:56:24Z,D,27,available,False,BFI IMAX D 27
2026-05-24T12:56:24Z,D,26,sold,False,BFI IMAX D 26
2026-05-24T12:56:24Z,D,25,sold,False,BFI IMAX D 25
2026-05-24T12:56:24Z,D,24,sold,False,BFI IMAX D 24
2026-05-24T12:56:24Z,D,23,sold,False,BFI IMAX D 23
2026-05-24T12:56:24Z,D,22,sold,False,BFI IMAX D 22
2026-05-24T12:56:24Z,D,21,sold,False,BFI IMAX D 21
2026-05-24T12:56:24Z,D,20,sold,False,BFI IMAX D 20
2026-05-24T12:56:24Z,D,19,sold,False,BFI IMAX D 19
2026-05-24T12:56:24Z,D,18,sold,False,BFI IMAX D 18
2026-05-24T12:56:24Z,D,17,sold,False,BFI IMAX D 17
2026-05-24T12:56:24Z,D,16,sold,False,BFI IMAX D 16
2026-05-24T12:56:24Z,D,15,sold,False,BFI IMAX D 15
2026-05-24T12:56:24Z,D,14,sold,False,BFI IMAX D 14
2026-05-24T12:56:24Z,D,13,sold,False,BFI IMAX D 13
2026-05-24T12:56:24Z,D,12,sold,False,BFI IMAX D 12
2026-05-24T12:56:24Z,D,11,sold,False,BFI IMAX D 11
2026-05-24T12:56:24Z,D,10,sold,False,BFI IMAX D 10
2026-05-24T12:56:24Z,D,9,available,False,BFI IMAX D 9
2026-05-24T12:56:24Z,D,8,available,False,BFI IMAX D 8
2026-05-24T12:56:24Z,D,7,available,False,BFI IMAX D 7
2026-05-24T12:56:24Z,D,6,available,False,BFI IMAX D 6
2026-05-24T12:56:24Z,D,5,available,False,BFI IMAX D 5
2026-05-24T12:56:24Z,D,4,available,False,BFI IMAX D 4
2026-05-24T12:56:24Z,D,3,available,False,BFI IMAX D 3
2026-05-24T12:56:24Z,D,2,available,False,BFI IMAX D 2
2026-05-24T12:56:24Z,D,1,available,False,BFI IMAX D 1
2026-05-24T12:56:24Z,E,37,available,False,BFI IMAX E 37
2026-05-24T12:56:24Z,E,36,available,False,BFI IMAX E 36
2026-05-24T12:56:24Z,E,35,available,False,BFI IMAX E 35
2026-05-24T12:56:24Z,E,34,available,False,BFI IMAX E 34
2026-05-24T12:56:24Z,E,33,available,False,BFI IMAX E 33
2026-05-24T12:56:24Z,E,32,available,False,BFI IMAX E 32
2026-05-24T12:56:24Z,E,31,sold,False,BFI IMAX E 31
2026-05-24T12:56:24Z,E,30,sold,False,BFI IMAX E 30
2026-05-24T12:56:24Z,E,29,sold,False,BFI IMAX E 29
2026-05-24T12:56:24Z,E,28,sold,False,BFI IMAX E 28
2026-05-24T12:56:24Z,E,27,sold,False,BFI IMAX E 27
2026-05-24T12:56:24Z,E,26,sold,False,BFI IMAX E 26
2026-05-24T12:56:24Z,E,25,sold,False,BFI IMAX E 25
2026-05-24T12:56:24Z,E,24,sold,False,BFI IMAX E 24
2026-05-24T12:56:24Z,E,23,sold,False,BFI IMAX E 23
2026-05-24T12:56:24Z,E,22,sold,False,BFI IMAX E 22
2026-05-24T12:56:24Z,E,21,sold,False,BFI IMAX E 21
2026-05-24T12:56:24Z,E,20,sold,False,BFI IMAX E 20
2026-05-24T12:56:24Z,E,19,sold,False,BFI IMAX E 19
2026-05-24T12:56:24Z,E,18,sold,False,BFI IMAX E 18
2026-05-24T12:56:24Z,E,17,sold,False,BFI IMAX E 17
2026-05-24T12:56:24Z,E,16,sold,False,BFI IMAX E 16
2026-05-24T12:56:24Z,E,15,sold,False,BFI IMAX E 15
2026-05-24T12:56:24Z,E,14,sold,False,BFI IMAX E 14
2026-05-24T12:56:24Z,E,13,sold,False,BFI IMAX E 13
2026-05-24T12:56:24Z,E,12,sold,False,BFI IMAX E 12
2026-05-24T12:56:24Z,E,11,sold,False,BFI IMAX E 11
2026-05-24T12:56:24Z,E,10,sold,False,BFI IMAX E 10
2026-05-24T12:56:24Z,E,9,sold,False,BFI IMAX E 9
2026-05-24T12:56:24Z,E,8,sold,False,BFI IMAX E 8
2026-05-24T12:56:24Z,E,7,sold,False,BFI IMAX E 7
2026-05-24T12:56:24Z,E,6,sold,False,BFI IMAX E 6
2026-05-24T12:56:24Z,E,5,sold,False,BFI IMAX E 5
2026-05-24T12:56:24Z,E,4,available,False,BFI IMAX E 4
2026-05-24T12:56:24Z,E,3,available,False,BFI IMAX E 3
2026-05-24T12:56:24Z,E,2,available,False,BFI IMAX E 2
2026-05-24T12:56:24Z,E,1,available,False,BFI IMAX E 1
2026-05-24T12:56:24Z,F,38,available,False,BFI IMAX F 38
2026-05-24T12:56:24Z,F,37,sold,False,BFI IMAX F 37
2026-05-24T12:56:24Z,F,36,sold,False,BFI IMAX F 36
2026-05-24T12:56:24Z,F,35,sold,False,BFI IMAX F 35
2026-05-24T12:56:24Z,F,34,sold,False,BFI IMAX F 34
2026-05-24T12:56:24Z,F,33,sold,False,BFI IMAX F 33
2026-05-24T12:56:24Z,F,32,sold,False,BFI IMAX F 32
2026-05-24T12:56:24Z,F,31,sold,False,BFI IMAX F 31
2026-05-24T12:56:24Z,F,30,sold,False,BFI IMAX F 30
2026-05-24T12:56:24Z,F,29,sold,False,BFI IMAX F 29
2026-05-24T12:56:24Z,F,28,sold,False,BFI IMAX F 28
2026-05-24T12:56:24Z,F,27,sold,False,BFI IMAX F 27
2026-05-24T12:56:24Z,F,26,sold,False,BFI IMAX F 26
2026-05-24T12:56:24Z,F,25,sold,False,BFI IMAX F 25
2026-05-24T12:56:24Z,F,24,sold,False,BFI IMAX F 24
2026-05-24T12:56:24Z,F,23,sold,False,BFI IMAX F 23
2026-05-24T12:56:24Z,F,22,sold,False,BFI IMAX F 22
2026-05-24T12:56:24Z,F,21,sold,False,BFI IMAX F 21
2026-05-24T12:56:24Z,F,20,sold,False,BFI IMAX F 20
2026-05-24T12:56:24Z,F,19,sold,False,BFI IMAX F 19
2026-05-24T12:56:24Z,F,18,sold,False,BFI IMAX F 18
2026-05-24T12:56:24Z,F,17,sold,False,BFI IMAX F 17
2026-05-24T12:56:24Z,F,16,sold,False,BFI IMAX F 16
2026-05-24T12:56:24Z,F,15,sold,False,BFI IMAX F 15
2026-05-24T12:56:24Z,F,14,sold,False,BFI IMAX F 14
2026-05-24T12:56:24Z,F,13,sold,False,BFI IMAX F 13
2026-05-24T12:56:24Z,F,12,sold,False,BFI IMAX F 12
2026-05-24T12:56:24Z,F,11,sold,False,BFI IMAX F 11
2026-05-24T12:56:24Z,F,10,sold,False,BFI IMAX F 10
2026-05-24T12:56:24Z,F,9,sold,False,BFI IMAX F 9
2026-05-24T12:56:24Z,F,8,sold,False,BFI IMAX F 8
2026-05-24T12:56:24Z,F,7,sold,False,BFI IMAX F 7
2026-05-24T12:56:24Z,F,6,sold,False,BFI IMAX F 6
2026-05-24T12:56:24Z,F,5,sold,False,BFI IMAX F 5
2026-05-24T12:56:24Z,F,4,sold,False,BFI IMAX F 4
2026-05-24T12:56:24Z,F,3,sold,False,BFI IMAX F 3
2026-05-24T12:56:24Z,F,2,sold,False,BFI IMAX F 2
2026-05-24T12:56:24Z,F,1,sold,False,BFI IMAX F 1
2026-05-24T12:56:24Z,G,37,sold,False,BFI IMAX G 37
2026-05-24T12:56:24Z,G,36,sold,False,BFI IMAX G 36
2026-05-24T12:56:24Z,G,35,sold,False,BFI IMAX G 35
2026-05-24T12:56:24Z,G,34,sold,False,BFI IMAX G 34
2026-05-24T12:56:24Z,G,33,sold,False,BFI IMAX G 33
2026-05-24T12:56:24Z,G,32,sold,False,BFI IMAX G 32
2026-05-24T12:56:24Z,G,31,sold,False,BFI IMAX G 31
2026-05-24T12:56:24Z,G,30,sold,False,BFI IMAX G 30
2026-05-24T12:56:24Z,G,29,sold,False,BFI IMAX G 29
2026-05-24T12:56:24Z,G,28,sold,False,BFI IMAX G 28
2026-05-24T12:56:24Z,G,27,sold,False,BFI IMAX G 27
2026-05-24T12:56:24Z,G,26,sold,False,BFI IMAX G 26
2026-05-24T12:56:24Z,G,25,sold,False,BFI IMAX G 25
2026-05-24T12:56:24Z,G,24,sold,False,BFI IMAX G 24
2026-05-24T12:56:24Z,G,23,sold,False,BFI IMAX G 23
2026-05-24T12:56:24Z,G,22,sold,False,BFI IMAX G 22
2026-05-24T12:56:24Z,G,21,sold,False,BFI IMAX G 21
2026-05-24T12:56:24Z,G,20,sold,False,BFI IMAX G 20
2026-05-24T12:56:24Z,G,19,sold,False,BFI IMAX G 19
2026-05-24T12:56:24Z,G,18,sold,False,BFI IMAX G 18
2026-05-24T12:56:24Z,G,17,sold,False,BFI IMAX G 17
2026-05-24T12:56:24Z,G,16,sold,False,BFI IMAX G 16
2026-05-24T12:56:24Z,G,15,sold,False,BFI IMAX G 15
2026-05-24T12:56:24Z,G,14,sold,False,BFI IMAX G 14
2026-05-24T12:56:24Z,G,13,sold,False,BFI IMAX G 13
2026-05-24T12:56:24Z,G,12,sold,False,BFI IMAX G 12
2026-05-24T12:56:24Z,G,11,sold,False,BFI IMAX G 11
2026-05-24T12:56:24Z,G,10,sold,False,BFI IMAX G 10
2026-05-24T12:56:24Z,G,9,sold,False,BFI IMAX G 9
2026-05-24T12:56:24Z,G,8,sold,False,BFI IMAX G 8
2026-05-24T12:56:24Z,G,7,sold,False,BFI IMAX G 7
2026-05-24T12:56:24Z,G,6,sold,False,BFI IMAX G 6
2026-05-24T12:56:24Z,G,5,sold,False,BFI IMAX G 5
2026-05-24T12:56:24Z,G,4,sold,False,BFI IMAX G 4
2026-05-24T12:56:24Z,G,3,sold,False,BFI IMAX G 3
2026-05-24T12:56:24Z,G,2,sold,False,BFI IMAX G 2
2026-05-24T12:56:24Z,G,1,sold,False,BFI IMAX G 1
2026-05-24T12:56:24Z,H,37,sold,False,BFI IMAX H 37
2026-05-24T12:56:24Z,H,36,sold,False,BFI IMAX H 36
2026-05-24T12:56:24Z,H,35,sold,False,BFI IMAX H 35
2026-05-24T12:56:24Z,H,34,sold,False,BFI IMAX H 34
2026-05-24T12:56:24Z,H,33,sold,False,BFI IMAX H 33
2026-05-24T12:56:24Z,H,32,sold,False,BFI IMAX H 32
2026-05-24T12:56:24Z,H,31,sold,False,BFI IMAX H 31
2026-05-24T12:56:24Z,H,30,sold,False,BFI IMAX H 30
2026-05-24T12:56:24Z,H,29,sold,False,BFI IMAX H 29
2026-05-24T12:56:24Z,H,28,sold,False,BFI IMAX H 28
2026-05-24T12:56:24Z,H,27,sold,False,BFI IMAX H 27
2026-05-24T12:56:24Z,H,26,sold,False,BFI IMAX H 26
2026-05-24T12:56:24Z,H,25,sold,False,BFI IMAX H 25
2026-05-24T12:56:24Z,H,24,sold,False,BFI IMAX H 24
2026-05-24T12:56:24Z,H,23,sold,False,BFI IMAX H 23
2026-05-24T12:56:24Z,H,22,sold,False,BFI IMAX H 22
2026-05-24T12:56:24Z,H,21,sold,False,BFI IMAX H 21
2026-05-24T12:56:24Z,H,20,sold,False,BFI IMAX H 20
2026-05-24T12:56:24Z,H,19,sold,False,BFI IMAX H 19
2026-05-24T12:56:24Z,H,18,sold,False,BFI IMAX H 18
2026-05-24T12:56:24Z,H,17,sold,False,BFI IMAX H 17
2026-05-24T12:56:24Z,H,16,sold,False,BFI IMAX H 16
2026-05-24T12:56:24Z,H,15,sold,False,BFI IMAX H 15
2026-05-24T12:56:24Z,H,14,sold,False,BFI IMAX H 14
2026-05-24T12:56:24Z,H,13,sold,False,BFI IMAX H 13
2026-05-24T12:56:24Z,H,12,sold,False,BFI IMAX H 12
2026-05-24T12:56:24Z,H,11,sold,False,BFI IMAX H 11
2026-05-24T12:56:24Z,H,10,sold,False,BFI IMAX H 10
2026-05-24T12:56:24Z,H,9,sold,False,BFI IMAX H 9
2026-05-24T12:56:24Z,H,8,sold,False,BFI IMAX H 8
2026-05-24T12:56:24Z,H,7,sold,False,BFI IMAX H 7
2026-05-24T12:56:24Z,H,6,sold,False,BFI IMAX H 6
2026-05-24T12:56:24Z,H,5,sold,False,BFI IMAX H 5
2026-05-24T12:56:24Z,H,4,sold,False,BFI IMAX H 4
2026-05-24T12:56:24Z,H,3,sold,False,BFI IMAX H 3
2026-05-24T12:56:24Z,H,2,sold,False,BFI IMAX H 2
2026-05-24T12:56:24Z,H,1,sold,False,BFI IMAX H 1
2026-05-24T12:56:24Z,J,36,sold,False,BFI IMAX J 36
2026-05-24T12:56:24Z,J,35,sold,False,BFI IMAX J 35
2026-05-24T12:56:24Z,J,34,sold,False,BFI IMAX J 34
2026-05-24T12:56:24Z,J,33,sold,False,BFI IMAX J 33
2026-05-24T12:56:24Z,J,32,sold,False,BFI IMAX J 32
2026-05-24T12:56:24Z,J,31,sold,False,BFI IMAX J 31
2026-05-24T12:56:24Z,J,30,sold,False,BFI IMAX J 30
2026-05-24T12:56:24Z,J,29,sold,False,BFI IMAX J 29
2026-05-24T12:56:24Z,J,28,sold,False,BFI IMAX J 28
2026-05-24T12:56:24Z,J,27,sold,False,BFI IMAX J 27
2026-05-24T12:56:24Z,J,26,sold,False,BFI IMAX J 26
2026-05-24T12:56:24Z,J,25,sold,False,BFI IMAX J 25
2026-05-24T12:56:24Z,J,24,sold,False,BFI IMAX J 24
2026-05-24T12:56:24Z,J,23,sold,False,BFI IMAX J 23
2026-05-24T12:56:24Z,J,22,sold,False,BFI IMAX J 22
2026-05-24T12:56:24Z,J,21,sold,False,BFI IMAX J 21
2026-05-24T12:56:24Z,J,20,sold,False,BFI IMAX J 20
2026-05-24T12:56:24Z,J,19,sold,False,BFI IMAX J 19
2026-05-24T12:56:24Z,J,18,sold,False,BFI IMAX J 18
2026-05-24T12:56:24Z,J,17,sold,False,BFI IMAX J 17
2026-05-24T12:56:24Z,J,16,sold,False,BFI IMAX J 16
2026-05-24T12:56:24Z,J,15,sold,False,BFI IMAX J 15
2026-05-24T12:56:24Z,J,14,sold,False,BFI IMAX J 14
2026-05-24T12:56:24Z,J,13,sold,False,BFI IMAX J 13
2026-05-24T12:56:24Z,J,12,sold,False,BFI IMAX J 12
2026-05-24T12:56:24Z,J,11,sold,False,BFI IMAX J 11
2026-05-24T12:56:24Z,J,10,sold,False,BFI IMAX J 10
2026-05-24T12:56:24Z,J,9,sold,False,BFI IMAX J 9
2026-05-24T12:56:24Z,J,8,sold,False,BFI IMAX J 8
2026-05-24T12:56:24Z,J,7,sold,False,BFI IMAX J 7
2026-05-24T12:56:24Z,J,6,sold,False,BFI IMAX J 6
2026-05-24T12:56:24Z,J,5,sold,False,BFI IMAX J 5
2026-05-24T12:56:24Z,J,4,sold,False,BFI IMAX J 4
2026-05-24T12:56:24Z,J,3,sold,False,BFI IMAX J 3
2026-05-24T12:56:24Z,J,2,sold,False,BFI IMAX J 2
2026-05-24T12:56:24Z,J,1,sold,False,BFI IMAX J 1
2026-05-24T12:56:24Z,K,36,sold,False,BFI IMAX K 36
2026-05-24T12:56:24Z,K,35,sold,False,BFI IMAX K 35
2026-05-24T12:56:24Z,K,34,sold,False,BFI IMAX K 34
2026-05-24T12:56:24Z,K,33,sold,False,BFI IMAX K 33
2026-05-24T12:56:24Z,K,32,sold,False,BFI IMAX K 32
2026-05-24T12:56:24Z,K,31,sold,False,BFI IMAX K 31
2026-05-24T12:56:24Z,K,30,sold,False,BFI IMAX K 30
2026-05-24T12:56:24Z,K,29,sold,False,BFI IMAX K 29
2026-05-24T12:56:24Z,K,28,sold,False,BFI IMAX K 28
2026-05-24T12:56:24Z,A,13,available,False,BFI IMAX A 13
2026-05-24T12:56:24Z,A,12,available,False,BFI IMAX A 12
2026-05-24T12:56:24Z,K,25,sold,False,BFI IMAX K 25
2026-05-24T12:56:24Z,K,24,sold,False,BFI IMAX K 24
2026-05-24T12:56:24Z,K,23,sold,False,BFI IMAX K 23
2026-05-24T12:56:24Z,K,22,sold,False,BFI IMAX K 22
2026-05-24T12:56:24Z,K,21,sold,False,BFI IMAX K 21
2026-05-24T12:56:24Z,K,20,sold,False,BFI IMAX K 20
2026-05-24T12:56:24Z,K,19,sold,False,BFI IMAX K 19
2026-05-24T12:56:24Z,K,18,sold,False,BFI IMAX K 18
2026-05-24T12:56:24Z,K,17,sold,False,BFI IMAX K 17
2026-05-24T12:56:24Z,K,16,sold,False,BFI IMAX K 16
2026-05-24T12:56:24Z,K,15,sold,False,BFI IMAX K 15
2026-05-24T12:56:24Z,K,14,sold,False,BFI IMAX K 14
2026-05-24T12:56:24Z,K,13,sold,False,BFI IMAX K 13
2026-05-24T12:56:24Z,K,12,sold,False,BFI IMAX K 12
2026-05-24T12:56:24Z,K,11,sold,False,BFI IMAX K 11
2026-05-24T12:56:24Z,K,10,sold,False,BFI IMAX K 10
2026-05-24T12:56:24Z,K,9,sold,False,BFI IMAX K 9
2026-05-24T12:56:24Z,K,8,sold,False,BFI IMAX K 8
2026-05-24T12:56:24Z,K,7,sold,False,BFI IMAX K 7
2026-05-24T12:56:24Z,K,6,sold,False,BFI IMAX K 6
2026-05-24T12:56:24Z,K,5,sold,False,BFI IMAX K 5
2026-05-24T12:56:24Z,K,4,sold,False,BFI IMAX K 4
2026-05-24T12:56:24Z,K,3,sold,False,BFI IMAX K 3
2026-05-24T12:56:24Z,K,2,sold,False,BFI IMAX K 2
2026-05-24T12:56:24Z,K,1,sold,False,BFI IMAX K 1
2026-05-24T12:56:24Z,L,33,sold,False,BFI IMAX L 33
2026-05-24T12:56:24Z,L,32,sold,False,BFI IMAX L 32
2026-05-24T12:56:24Z,L,31,sold,False,BFI IMAX L 31
2026-05-24T12:56:24Z,L,30,sold,False,BFI IMAX L 30
2026-05-24T12:56:24Z,L,29,sold,False,BFI IMAX L 29
2026-05-24T12:56:24Z,L,28,sold,False,BFI IMAX L 28
2026-05-24T12:56:24Z,L,27,sold,False,BFI IMAX L 27
2026-05-24T12:56:24Z,L,26,sold,False,BFI IMAX L 26
2026-05-24T12:56:24Z,L,8,sold,False,BFI IMAX L 8
2026-05-24T12:56:24Z,L,7,sold,False,BFI IMAX L 7
2026-05-24T12:56:24Z,L,6,sold,False,BFI IMAX L 6
2026-05-24T12:56:24Z,L,5,sold,False,BFI IMAX L 5
2026-05-24T12:56:24Z,L,4,sold,False,BFI IMAX L 4
2026-05-24T12:56:24Z,L,3,sold,False,BFI IMAX L 3
2026-05-24T12:56:24Z,L,2,sold,False,BFI IMAX L 2
2026-05-24T12:56:24Z,L,1,sold,False,BFI IMAX L 1
2026-05-24T12:56:24Z,M,34,sold,False,BFI IMAX M 34
2026-05-24T12:56:24Z,M,33,sold,False,BFI IMAX M 33
2026-05-24T12:56:24Z,M,32,sold,False,BFI IMAX M 32
2026-05-24T12:56:24Z,M,31,sold,False,BFI IMAX M 31
2026-05-24T12:56:24Z,M,30,sold,False,BFI IMAX M 30
2026-05-24T12:56:24Z,M,29,sold,False,BFI IMAX M 29
2026-05-24T12:56:24Z,M,28,sold,False,BFI IMAX M 28
2026-05-24T12:56:24Z,M,27,sold,False,BFI IMAX M 27
2026-05-24T12:56:24Z,M,8,sold,False,BFI IMAX M 8
2026-05-24T12:56:24Z,M,7,sold,False,BFI IMAX M 7
2026-05-24T12:56:24Z,M,6,sold,False,BFI IMAX M 6
2026-05-24T12:56:24Z,M,5,sold,False,BFI IMAX M 5
2026-05-24T12:56:24Z,M,4,sold,False,BFI IMAX M 4
2026-05-24T12:56:24Z,M,3,sold,False,BFI IMAX M 3
2026-05-24T12:56:24Z,M,2,sold,False,BFI IMAX M 2
2026-05-24T12:56:24Z,M,1,sold,False,BFI IMAX M 1
2026-05-24T12:56:24Z,N,34,unavailable,False,BFI IMAX N 34
2026-05-24T12:56:24Z,N,33,unavailable,False,BFI IMAX N 33
2026-05-24T12:56:24Z,N,32,unavailable,False,BFI IMAX N 32
2026-05-24T12:56:24Z,N,31,unavailable,False,BFI IMAX N 31
2026-05-24T12:56:24Z,N,30,unavailable,False,BFI IMAX N 30
2026-05-24T12:56:24Z,N,29,unavailable,False,BFI IMAX N 29
2026-05-24T12:56:24Z,N,28,unavailable,False,BFI IMAX N 28
2026-05-24T12:56:24Z,N,27,unavailable,False,BFI IMAX N 27
2026-05-24T12:56:24Z,A,11,available,False,BFI IMAX A 11
2026-05-24T12:56:24Z,A,10,available,False,BFI IMAX A 10
2026-05-24T12:56:24Z,N,6,sold,False,BFI IMAX N 6
2026-05-24T12:56:24Z,N,5,sold,False,BFI IMAX N 5
2026-05-24T12:56:24Z,N,4,sold,False,BFI IMAX N 4
2026-05-24T12:56:24Z,N,3,sold,False,BFI IMAX N 3
2026-05-24T12:56:24Z,N,2,sold,False,BFI IMAX N 2
2026-05-24T12:56:24Z,N,1,sold,False,BFI IMAX N 1
2026-05-24T12:56:24Z,P,31,unavailable,False,BFI IMAX P 31
2026-05-24T12:56:24Z,A,9,available,False,BFI IMAX A 9
2026-05-24T12:56:24Z,A,8,available,False,BFI IMAX A 8
2026-05-24T12:56:24Z,P,26,unavailable,False,BFI IMAX P 26
2026-05-24T12:56:24Z,P,6,sold,False,BFI IMAX P 6
2026-05-24T12:56:24Z,A,7,available,False,BFI IMAX A 7
2026-05-24T12:56:24Z,A,6,available,False,BFI IMAX A 6
2026-05-24T12:56:24Z,P,1,unavailable,False,BFI IMAX P 1
2026-05-24T12:56:24Z,M,11,sold,False,BFI IMAX M 11
2026-05-24T12:56:24Z,M,10,sold,False,BFI IMAX M 10
2026-05-24T12:56:24Z,M,9,sold,False,BFI IMAX M 9
2026-05-24T12:56:24Z,L,9,sold,False,BFI IMAX L 9
2026-05-24T12:56:24Z,L,25,sold,False,BFI IMAX L 25
2026-05-24T12:56:24Z,L,24,sold,False,BFI IMAX L 24
2026-05-24T12:56:24Z,L,23,sold,False,BFI IMAX L 23
2026-05-24T12:56:24Z,L,22,sold,False,BFI IMAX L 22
2026-05-24T12:56:24Z,L,21,sold,False,BFI IMAX L 21
2026-05-24T12:56:24Z,L,20,sold,False,BFI IMAX L 20
2026-05-24T12:56:24Z,L,19,sold,False,BFI IMAX L 19
2026-05-24T12:56:24Z,L,18,sold,False,BFI IMAX L 18
2026-05-24T12:56:24Z,L,17,sold,False,BFI IMAX L 17
2026-05-24T12:56:24Z,L,16,sold,False,BFI IMAX L 16
2026-05-24T12:56:24Z,L,15,sold,False,BFI IMAX L 15
2026-05-24T12:56:24Z,L,14,sold,False,BFI IMAX L 14
2026-05-24T12:56:24Z,L,13,sold,False,BFI IMAX L 13
2026-05-24T12:56:24Z,L,12,sold,False,BFI IMAX L 12
2026-05-24T12:56:24Z,L,11,sold,False,BFI IMAX L 11
2026-05-24T12:56:24Z,N,26,unavailable,False,BFI IMAX N 26
2026-05-24T12:56:24Z,N,25,unavailable,False,BFI IMAX N 25
2026-05-24T12:56:24Z,N,24,unavailable,False,BFI IMAX N 24
2026-05-24T12:56:24Z,N,23,unavailable,False,BFI IMAX N 23
2026-05-24T12:56:24Z,N,22,sold,False,BFI IMAX N 22
2026-05-24T12:56:24Z,N,21,sold,False,BFI IMAX N 21
2026-05-24T12:56:24Z,N,20,sold,False,BFI IMAX N 20
2026-05-24T12:56:24Z,N,19,sold,False,BFI IMAX N 19
2026-05-24T12:56:24Z,N,18,sold,False,BFI IMAX N 18
2026-05-24T12:56:24Z,N,17,sold,False,BFI IMAX N 17
2026-05-24T12:56:24Z,N,16,sold,False,BFI IMAX N 16
2026-05-24T12:56:24Z,N,15,sold,False,BFI IMAX N 15
2026-05-24T12:56:24Z,N,14,sold,False,BFI IMAX N 14
2026-05-24T12:56:24Z,N,13,sold,False,BFI IMAX N 13
2026-05-24T12:56:24Z,N,12,unavailable,False,BFI IMAX N 12
2026-05-24T12:56:24Z,N,11,unavailable,False,BFI IMAX N 11
2026-05-24T12:56:24Z,N,10,unavailable,False,BFI IMAX N 10
2026-05-24T12:56:24Z,N,9,unavailable,False,BFI IMAX N 9
2026-05-24T12:56:24Z,L,10,sold,False,BFI IMAX L 10
2026-05-24T12:56:24Z,M,26,sold,False,BFI IMAX M 26
2026-05-24T12:56:24Z,M,25,sold,False,BFI IMAX M 25
2026-05-24T12:56:24Z,M,24,sold,False,BFI IMAX M 24
2026-05-24T12:56:24Z,M,23,sold,False,BFI IMAX M 23
2026-05-24T12:56:24Z,M,22,sold,False,BFI IMAX M 22
2026-05-24T12:56:24Z,M,21,sold,False,BFI IMAX M 21
2026-05-24T12:56:24Z,M,20,sold,False,BFI IMAX M 20
2026-05-24T12:56:24Z,M,19,sold,False,BFI IMAX M 19
2026-05-24T12:56:24Z,M,18,sold,False,BFI IMAX M 18
2026-05-24T12:56:24Z,M,17,sold,False,BFI IMAX M 17
2026-05-24T12:56:24Z,M,16,sold,False,BFI IMAX M 16
2026-05-24T12:56:24Z,M,15,sold,False,BFI IMAX M 15
2026-05-24T12:56:24Z,M,14,sold,False,BFI IMAX M 14
2026-05-24T12:56:24Z,M,13,sold,False,BFI IMAX M 13
2026-05-24T12:56:24Z,M,12,sold,False,BFI IMAX M 12
2026-05-24T12:56:24Z,P,30,unavailable,True,BFI IMAX P 30
2026-05-24T12:56:24Z,P,27,unavailable,True,BFI IMAX P 27
2026-05-24T12:56:24Z,P,2,unavailable,True,BFI IMAX P 2
2026-05-24T12:56:24Z,P,5,sold,True,BFI IMAX P 5
2026-05-24T12:56:24Z,P,19,sold,False,BFI IMAX P 19
2026-05-24T12:56:24Z,P,18,sold,False,BFI IMAX P 18
2026-05-24T12:56:24Z,P,17,sold,False,BFI IMAX P 17
2026-05-24T12:56:24Z,P,16,sold,False,BFI IMAX P 16
2026-05-24T12:56:24Z,P,15,sold,False,BFI IMAX P 15
2026-05-24T12:56:24Z,P,14,sold,False,BFI IMAX P 14
2026-05-24T12:56:24Z,P,13,sold,False,BFI IMAX P 13
2026-05-24T12:56:24Z,P,12,sold,False,BFI IMAX P 12
2026-05-24T12:56:24Z,P,11,sold,False,BFI IMAX P 11
2026-05-24T12:56:24Z,P,10,sold,False,BFI IMAX P 10
2026-05-24T12:56:24Z,P,9,sold,False,BFI IMAX P 9
2026-05-24T12:56:24Z,P,8,sold,False,BFI IMAX P 8
2026-05-24T12:56:24Z,P,7,sold,False,BFI IMAX P 7
2026-05-24T12:56:24Z,P,25,sold,False,BFI IMAX P 25
2026-05-24T12:56:24Z,P,24,sold,False,BFI IMAX P 24
2026-05-24T12:56:24Z,P,23,sold,False,BFI IMAX P 23
2026-05-24T12:56:24Z,P,22,sold,False,BFI IMAX P 22
2026-05-24T12:56:24Z,P,21,sold,False,BFI IMAX P 21
2026-05-24T12:56:24Z,P,20,sold,False,BFI IMAX P 20
2026-05-24T12:56:24Z,Q,18,sold,False,BFI IMAX Q 18
2026-05-24T12:56:24Z,Q,17,sold,False,BFI IMAX Q 17
2026-05-24T12:56:24Z,Q,16,sold,False,BFI IMAX Q 16
2026-05-24T12:56:24Z,Q,15,sold,False,BFI IMAX Q 15
2026-05-24T12:56:24Z,Q,14,sold,False,BFI IMAX Q 14
2026-05-24T12:56:24Z,Q,13,sold,False,BFI IMAX Q 13
2026-05-24T12:56:24Z,Q,12,sold,False,BFI IMAX Q 12
2026-05-24T12:56:24Z,Q,11,sold,False,BFI IMAX Q 11
2026-05-24T12:56:24Z,Q,10,sold,False,BFI IMAX Q 10
2026-05-24T12:56:24Z,Q,9,sold,False,BFI IMAX Q 9
2026-05-24T12:56:24Z,Q,8,sold,False,BFI IMAX Q 8
2026-05-24T12:56:24Z,Q,7,sold,False,BFI IMAX Q 7
2026-05-24T12:56:24Z,Q,6,sold,False,BFI IMAX Q 6
2026-05-24T12:56:24Z,Q,5,sold,False,BFI IMAX Q 5
2026-05-24T12:56:24Z,Q,4,sold,False,BFI IMAX Q 4
2026-05-24T12:56:24Z,Q,3,sold,False,BFI IMAX Q 3
2026-05-24T12:56:24Z,Q,2,sold,False,BFI IMAX Q 2
2026-05-24T12:56:24Z,Q,1,sold,False,BFI IMAX Q 1
2026-05-24T14:13:18Z,K,27,unavailable,False,BFI IMAX K 27
2026-05-24T14:13:18Z,K,26,unavailable,False,BFI IMAX K 26
2026-05-24T14:13:18Z,N,8,unavailable,False,BFI IMAX N 8
2026-05-24T14:13:18Z,N,7,unavailable,False,BFI IMAX N 7
2026-05-24T14:13:18Z,P,29,unavailable,True,BFI IMAX P 29
2026-05-24T14:13:18Z,P,28,unavailable,True,BFI IMAX P 28
2026-05-24T14:13:18Z,P,4,unavailable,True,BFI IMAX P 4
2026-05-24T14:13:18Z,P,3,unavailable,True,BFI IMAX P 3
2026-05-24T14:13:18Z,A,5,available,False,BFI IMAX A 5
2026-05-24T14:13:18Z,A,4,available,False,BFI IMAX A 4
2026-05-24T14:13:18Z,A,3,available,False,BFI IMAX A 3
2026-05-24T14:13:18Z,A,2,available,False,BFI IMAX A 2
2026-05-24T14:13:18Z,A,1,available,False,BFI IMAX A 1
2026-05-24T14:13:18Z,B,36,available,False,BFI IMAX B 36
2026-05-24T14:13:18Z,B,35,available,False,BFI IMAX B 35
2026-05-24T14:13:18Z,B,34,available,False,BFI IMAX B 34
2026-05-24T14:13:18Z,B,33,available,False,BFI IMAX B 33
2026-05-24T14:13:18Z,B,32,available,False,BFI IMAX B 32
2026-05-24T14:13:18Z,B,31,available,False,BFI IMAX B 31
2026-05-24T14:13:18Z,B,30,available,False,BFI IMAX B 30
2026-05-24T14:13:18Z,B,29,available,False,BFI IMAX B 29
2026-05-24T14:13:18Z,B,28,available,False,BFI IMAX B 28
2026-05-24T14:13:18Z,B,27,available,False,BFI IMAX B 27
2026-05-24T14:13:18Z,B,26,available,False,BFI IMAX B 26
2026-05-24T14:13:18Z,B,25,available,False,BFI IMAX B 25
2026-05-24T14:13:18Z,B,24,available,False,BFI IMAX B 24
2026-05-24T14:13:18Z,B,23,available,False,BFI IMAX B 23
2026-05-24T14:13:18Z,B,22,available,False,BFI IMAX B 22
2026-05-24T14:13:18Z,B,21,sold,False,BFI IMAX B 21
2026-05-24T14:13:18Z,B,20,sold,False,BFI IMAX B 20
2026-05-24T14:13:18Z,B,19,sold,False,BFI IMAX B 19
2026-05-24T14:13:18Z,B,18,sold,False,BFI IMAX B 18
2026-05-24T14:13:18Z,B,17,available,False,BFI IMAX B 17
2026-05-24T14:13:18Z,B,16,sold,False,BFI IMAX B 16
2026-05-24T14:13:18Z,B,15,available,False,BFI IMAX B 15
2026-05-24T14:13:18Z,B,14,available,False,BFI IMAX B 14
2026-05-24T14:13:18Z,B,13,available,False,BFI IMAX B 13
2026-05-24T14:13:18Z,B,12,available,False,BFI IMAX B 12
2026-05-24T14:13:18Z,B,11,available,False,BFI IMAX B 11
2026-05-24T14:13:18Z,B,10,available,False,BFI IMAX B 10
2026-05-24T14:13:18Z,B,9,available,False,BFI IMAX B 9
2026-05-24T14:13:18Z,B,8,available,False,BFI IMAX B 8
2026-05-24T14:13:18Z,B,7,available,False,BFI IMAX B 7
2026-05-24T14:13:18Z,B,6,available,False,BFI IMAX B 6
2026-05-24T14:13:18Z,B,5,available,False,BFI IMAX B 5
2026-05-24T14:13:18Z,B,4,available,False,BFI IMAX B 4
2026-05-24T14:13:18Z,B,3,available,False,BFI IMAX B 3
2026-05-24T14:13:18Z,B,2,available,False,BFI IMAX B 2
2026-05-24T14:13:18Z,B,1,available,False,BFI IMAX B 1
2026-05-24T14:13:18Z,C,36,available,False,BFI IMAX C 36
2026-05-24T14:13:18Z,C,35,available,False,BFI IMAX C 35
2026-05-24T14:13:18Z,C,34,available,False,BFI IMAX C 34
2026-05-24T14:13:18Z,C,33,available,False,BFI IMAX C 33
2026-05-24T14:13:18Z,C,32,available,False,BFI IMAX C 32
2026-05-24T14:13:18Z,C,31,available,False,BFI IMAX C 31
2026-05-24T14:13:18Z,C,30,available,False,BFI IMAX C 30
2026-05-24T14:13:18Z,C,29,available,False,BFI IMAX C 29
2026-05-24T14:13:18Z,C,28,available,False,BFI IMAX C 28
2026-05-24T14:13:18Z,C,27,available,False,BFI IMAX C 27
2026-05-24T14:13:18Z,C,26,available,False,BFI IMAX C 26
2026-05-24T14:13:18Z,C,25,sold,False,BFI IMAX C 25
2026-05-24T14:13:18Z,C,24,sold,False,BFI IMAX C 24
2026-05-24T14:13:18Z,C,23,sold,False,BFI IMAX C 23
2026-05-24T14:13:18Z,C,22,sold,False,BFI IMAX C 22
2026-05-24T14:13:18Z,C,21,sold,False,BFI IMAX C 21
2026-05-24T14:13:18Z,C,20,sold,False,BFI IMAX C 20
2026-05-24T14:13:18Z,C,19,sold,False,BFI IMAX C 19
2026-05-24T14:13:18Z,C,18,sold,False,BFI IMAX C 18
2026-05-24T14:13:18Z,C,17,sold,False,BFI IMAX C 17
2026-05-24T14:13:18Z,C,16,sold,False,BFI IMAX C 16
2026-05-24T14:13:18Z,C,15,sold,False,BFI IMAX C 15
2026-05-24T14:13:18Z,C,14,sold,False,BFI IMAX C 14
2026-05-24T14:13:18Z,C,13,sold,False,BFI IMAX C 13
2026-05-24T14:13:18Z,C,12,sold,False,BFI IMAX C 12
2026-05-24T14:13:18Z,C,11,sold,False,BFI IMAX C 11
2026-05-24T14:13:18Z,C,10,sold,False,BFI IMAX C 10
2026-05-24T14:13:18Z,C,9,available,False,BFI IMAX C 9
2026-05-24T14:13:18Z,C,8,available,False,BFI IMAX C 8
2026-05-24T14:13:18Z,C,7,available,False,BFI IMAX C 7
2026-05-24T14:13:18Z,C,6,available,False,BFI IMAX C 6
2026-05-24T14:13:18Z,C,5,available,False,BFI IMAX C 5
2026-05-24T14:13:18Z,C,4,available,False,BFI IMAX C 4
2026-05-24T14:13:18Z,C,3,available,False,BFI IMAX C 3
2026-05-24T14:13:18Z,C,2,available,False,BFI IMAX C 2
2026-05-24T14:13:18Z,C,1,available,False,BFI IMAX C 1
2026-05-24T14:13:18Z,D,37,available,False,BFI IMAX D 37
2026-05-24T14:13:18Z,D,36,available,False,BFI IMAX D 36
2026-05-24T14:13:18Z,D,35,available,False,BFI IMAX D 35
2026-05-24T14:13:18Z,D,34,available,False,BFI IMAX D 34
2026-05-24T14:13:18Z,D,33,available,False,BFI IMAX D 33
2026-05-24T14:13:18Z,D,32,available,False,BFI IMAX D 32
2026-05-24T14:13:18Z,D,31,available,False,BFI IMAX D 31
2026-05-24T14:13:18Z,D,30,available,False,BFI IMAX D 30
2026-05-24T14:13:18Z,D,29,available,False,BFI IMAX D 29
2026-05-24T14:13:18Z,D,28,available,False,BFI IMAX D 28
2026-05-24T14:13:18Z,D,27,available,False,BFI IMAX D 27
2026-05-24T14:13:18Z,D,26,sold,False,BFI IMAX D 26
2026-05-24T14:13:18Z,D,25,sold,False,BFI IMAX D 25
2026-05-24T14:13:18Z,D,24,sold,False,BFI IMAX D 24
2026-05-24T14:13:18Z,D,23,sold,False,BFI IMAX D 23
2026-05-24T14:13:18Z,D,22,sold,False,BFI IMAX D 22
2026-05-24T14:13:18Z,D,21,sold,False,BFI IMAX D 21
2026-05-24T14:13:18Z,D,20,sold,False,BFI IMAX D 20
2026-05-24T14:13:18Z,D,19,sold,False,BFI IMAX D 19
2026-05-24T14:13:18Z,D,18,sold,False,BFI IMAX D 18
2026-05-24T14:13:18Z,D,17,sold,False,BFI IMAX D 17
2026-05-24T14:13:18Z,D,16,sold,False,BFI IMAX D 16
2026-05-24T14:13:18Z,D,15,sold,False,BFI IMAX D 15
2026-05-24T14:13:18Z,D,14,sold,False,BFI IMAX D 14
2026-05-24T14:13:18Z,D,13,sold,False,BFI IMAX D 13
2026-05-24T14:13:18Z,D,12,sold,False,BFI IMAX D 12
2026-05-24T14:13:18Z,D,11,sold,False,BFI IMAX D 11
2026-05-24T14:13:18Z,D,10,sold,False,BFI IMAX D 10
2026-05-24T14:13:18Z,D,9,available,False,BFI IMAX D 9
2026-05-24T14:13:18Z,D,8,available,False,BFI IMAX D 8
2026-05-24T14:13:18Z,D,7,available,False,BFI IMAX D 7
2026-05-24T14:13:18Z,D,6,available,False,BFI IMAX D 6
2026-05-24T14:13:18Z,D,5,available,False,BFI IMAX D 5
2026-05-24T14:13:18Z,D,4,available,False,BFI IMAX D 4
2026-05-24T14:13:18Z,D,3,available,False,BFI IMAX D 3
2026-05-24T14:13:18Z,D,2,available,False,BFI IMAX D 2
2026-05-24T14:13:18Z,D,1,available,False,BFI IMAX D 1
2026-05-24T14:13:18Z,E,37,available,False,BFI IMAX E 37
2026-05-24T14:13:18Z,E,36,available,False,BFI IMAX E 36
2026-05-24T14:13:18Z,E,35,available,False,BFI IMAX E 35
2026-05-24T14:13:18Z,E,34,available,False,BFI IMAX E 34
2026-05-24T14:13:18Z,E,33,available,False,BFI IMAX E 33
2026-05-24T14:13:18Z,E,32,available,False,BFI IMAX E 32
2026-05-24T14:13:18Z,E,31,sold,False,BFI IMAX E 31
2026-05-24T14:13:18Z,E,30,sold,False,BFI IMAX E 30
2026-05-24T14:13:18Z,E,29,sold,False,BFI IMAX E 29
2026-05-24T14:13:18Z,E,28,sold,False,BFI IMAX E 28
2026-05-24T14:13:18Z,E,27,sold,False,BFI IMAX E 27
2026-05-24T14:13:18Z,E,26,sold,False,BFI IMAX E 26
2026-05-24T14:13:18Z,E,25,sold,False,BFI IMAX E 25
2026-05-24T14:13:18Z,E,24,sold,False,BFI IMAX E 24
2026-05-24T14:13:18Z,E,23,sold,False,BFI IMAX E 23
2026-05-24T14:13:18Z,E,22,sold,False,BFI IMAX E 22
2026-05-24T14:13:18Z,E,21,sold,False,BFI IMAX E 21
2026-05-24T14:13:18Z,E,20,sold,False,BFI IMAX E 20
2026-05-24T14:13:18Z,E,19,sold,False,BFI IMAX E 19
2026-05-24T14:13:18Z,E,18,sold,False,BFI IMAX E 18
2026-05-24T14:13:18Z,E,17,sold,False,BFI IMAX E 17
2026-05-24T14:13:18Z,E,16,sold,False,BFI IMAX E 16
2026-05-24T14:13:18Z,E,15,sold,False,BFI IMAX E 15
2026-05-24T14:13:18Z,E,14,sold,False,BFI IMAX E 14
2026-05-24T14:13:18Z,E,13,sold,False,BFI IMAX E 13
2026-05-24T14:13:18Z,E,12,sold,False,BFI IMAX E 12
2026-05-24T14:13:18Z,E,11,sold,False,BFI IMAX E 11
2026-05-24T14:13:18Z,E,10,sold,False,BFI IMAX E 10
2026-05-24T14:13:18Z,E,9,sold,False,BFI IMAX E 9
2026-05-24T14:13:18Z,E,8,sold,False,BFI IMAX E 8
2026-05-24T14:13:18Z,E,7,sold,False,BFI IMAX E 7
2026-05-24T14:13:18Z,E,6,sold,False,BFI IMAX E 6
2026-05-24T14:13:18Z,E,5,sold,False,BFI IMAX E 5
2026-05-24T14:13:18Z,E,4,available,False,BFI IMAX E 4
2026-05-24T14:13:18Z,E,3,available,False,BFI IMAX E 3
2026-05-24T14:13:18Z,E,2,available,False,BFI IMAX E 2
2026-05-24T14:13:18Z,E,1,available,False,BFI IMAX E 1
2026-05-24T14:13:18Z,F,38,available,False,BFI IMAX F 38
2026-05-24T14:13:18Z,F,37,sold,False,BFI IMAX F 37
2026-05-24T14:13:18Z,F,36,sold,False,BFI IMAX F 36
2026-05-24T14:13:18Z,F,35,sold,False,BFI IMAX F 35
2026-05-24T14:13:18Z,F,34,sold,False,BFI IMAX F 34
2026-05-24T14:13:18Z,F,33,sold,False,BFI IMAX F 33
2026-05-24T14:13:18Z,F,32,sold,False,BFI IMAX F 32
2026-05-24T14:13:18Z,F,31,sold,False,BFI IMAX F 31
2026-05-24T14:13:18Z,F,30,sold,False,BFI IMAX F 30
2026-05-24T14:13:18Z,F,29,sold,False,BFI IMAX F 29
2026-05-24T14:13:18Z,F,28,sold,False,BFI IMAX F 28
2026-05-24T14:13:18Z,F,27,sold,False,BFI IMAX F 27
2026-05-24T14:13:18Z,F,26,sold,False,BFI IMAX F 26
2026-05-24T14:13:18Z,F,25,sold,False,BFI IMAX F 25
2026-05-24T14:13:18Z,F,24,sold,False,BFI IMAX F 24
2026-05-24T14:13:18Z,F,23,sold,False,BFI IMAX F 23
2026-05-24T14:13:18Z,F,22,sold,False,BFI IMAX F 22
2026-05-24T14:13:18Z,F,21,sold,False,BFI IMAX F 21
2026-05-24T14:13:18Z,F,20,sold,False,BFI IMAX F 20
2026-05-24T14:13:18Z,F,19,sold,False,BFI IMAX F 19
2026-05-24T14:13:18Z,F,18,sold,False,BFI IMAX F 18
2026-05-24T14:13:18Z,F,17,sold,False,BFI IMAX F 17
2026-05-24T14:13:18Z,F,16,sold,False,BFI IMAX F 16
2026-05-24T14:13:18Z,F,15,sold,False,BFI IMAX F 15
2026-05-24T14:13:18Z,F,14,sold,False,BFI IMAX F 14
2026-05-24T14:13:18Z,F,13,sold,False,BFI IMAX F 13
2026-05-24T14:13:18Z,F,12,sold,False,BFI IMAX F 12
2026-05-24T14:13:18Z,F,11,sold,False,BFI IMAX F 11
2026-05-24T14:13:18Z,F,10,sold,False,BFI IMAX F 10
2026-05-24T14:13:18Z,F,9,sold,False,BFI IMAX F 9
2026-05-24T14:13:18Z,F,8,sold,False,BFI IMAX F 8
2026-05-24T14:13:18Z,F,7,sold,False,BFI IMAX F 7
2026-05-24T14:13:18Z,F,6,sold,False,BFI IMAX F 6
2026-05-24T14:13:18Z,F,5,sold,False,BFI IMAX F 5
2026-05-24T14:13:18Z,F,4,sold,False,BFI IMAX F 4
2026-05-24T14:13:18Z,F,3,sold,False,BFI IMAX F 3
2026-05-24T14:13:18Z,F,2,sold,False,BFI IMAX F 2
2026-05-24T14:13:18Z,F,1,sold,False,BFI IMAX F 1
2026-05-24T14:13:18Z,G,37,sold,False,BFI IMAX G 37
2026-05-24T14:13:18Z,G,36,sold,False,BFI IMAX G 36
2026-05-24T14:13:18Z,G,35,sold,False,BFI IMAX G 35
2026-05-24T14:13:18Z,G,34,sold,False,BFI IMAX G 34
2026-05-24T14:13:18Z,G,33,sold,False,BFI IMAX G 33
2026-05-24T14:13:18Z,G,32,sold,False,BFI IMAX G 32
2026-05-24T14:13:18Z,G,31,sold,False,BFI IMAX G 31
2026-05-24T14:13:18Z,G,30,sold,False,BFI IMAX G 30
2026-05-24T14:13:18Z,G,29,sold,False,BFI IMAX G 29
2026-05-24T14:13:18Z,G,28,sold,False,BFI IMAX G 28
2026-05-24T14:13:18Z,G,27,sold,False,BFI IMAX G 27
2026-05-24T14:13:18Z,G,26,sold,False,BFI IMAX G 26
2026-05-24T14:13:18Z,G,25,sold,False,BFI IMAX G 25
2026-05-24T14:13:18Z,G,24,sold,False,BFI IMAX G 24
2026-05-24T14:13:18Z,G,23,sold,False,BFI IMAX G 23
2026-05-24T14:13:18Z,G,22,sold,False,BFI IMAX G 22
2026-05-24T14:13:18Z,G,21,sold,False,BFI IMAX G 21
2026-05-24T14:13:18Z,G,20,sold,False,BFI IMAX G 20
2026-05-24T14:13:18Z,G,19,sold,False,BFI IMAX G 19
2026-05-24T14:13:18Z,G,18,sold,False,BFI IMAX G 18
2026-05-24T14:13:18Z,G,17,sold,False,BFI IMAX G 17
2026-05-24T14:13:18Z,G,16,sold,False,BFI IMAX G 16
2026-05-24T14:13:18Z,G,15,sold,False,BFI IMAX G 15
2026-05-24T14:13:18Z,G,14,sold,False,BFI IMAX G 14
2026-05-24T14:13:18Z,G,13,sold,False,BFI IMAX G 13
2026-05-24T14:13:18Z,G,12,sold,False,BFI IMAX G 12
2026-05-24T14:13:18Z,G,11,sold,False,BFI IMAX G 11
2026-05-24T14:13:18Z,G,10,sold,False,BFI IMAX G 10
2026-05-24T14:13:18Z,G,9,sold,False,BFI IMAX G 9
2026-05-24T14:13:18Z,G,8,sold,False,BFI IMAX G 8
2026-05-24T14:13:18Z,G,7,sold,False,BFI IMAX G 7
2026-05-24T14:13:18Z,G,6,sold,False,BFI IMAX G 6
2026-05-24T14:13:18Z,G,5,sold,False,BFI IMAX G 5
2026-05-24T14:13:18Z,G,4,sold,False,BFI IMAX G 4
2026-05-24T14:13:18Z,G,3,sold,False,BFI IMAX G 3
2026-05-24T14:13:18Z,G,2,sold,False,BFI IMAX G 2
2026-05-24T14:13:18Z,G,1,sold,False,BFI IMAX G 1
2026-05-24T14:13:18Z,H,37,sold,False,BFI IMAX H 37
2026-05-24T14:13:18Z,H,36,sold,False,BFI IMAX H 36
2026-05-24T14:13:18Z,H,35,sold,False,BFI IMAX H 35
2026-05-24T14:13:18Z,H,34,sold,False,BFI IMAX H 34
2026-05-24T14:13:18Z,H,33,sold,False,BFI IMAX H 33
2026-05-24T14:13:18Z,H,32,sold,False,BFI IMAX H 32
2026-05-24T14:13:18Z,H,31,sold,False,BFI IMAX H 31
2026-05-24T14:13:18Z,H,30,sold,False,BFI IMAX H 30
2026-05-24T14:13:18Z,H,29,sold,False,BFI IMAX H 29
2026-05-24T14:13:18Z,H,28,sold,False,BFI IMAX H 28
2026-05-24T14:13:18Z,H,27,sold,False,BFI IMAX H 27
2026-05-24T14:13:18Z,H,26,sold,False,BFI IMAX H 26
2026-05-24T14:13:18Z,H,25,sold,False,BFI IMAX H 25
2026-05-24T14:13:18Z,H,24,sold,False,BFI IMAX H 24
2026-05-24T14:13:18Z,H,23,sold,False,BFI IMAX H 23
2026-05-24T14:13:18Z,H,22,sold,False,BFI IMAX H 22
2026-05-24T14:13:18Z,H,21,sold,False,BFI IMAX H 21
2026-05-24T14:13:18Z,H,20,sold,False,BFI IMAX H 20
2026-05-24T14:13:18Z,H,19,sold,False,BFI IMAX H 19
2026-05-24T14:13:18Z,H,18,sold,False,BFI IMAX H 18
2026-05-24T14:13:18Z,H,17,sold,False,BFI IMAX H 17
2026-05-24T14:13:18Z,H,16,sold,False,BFI IMAX H 16
2026-05-24T14:13:18Z,H,15,sold,False,BFI IMAX H 15
2026-05-24T14:13:18Z,H,14,sold,False,BFI IMAX H 14
2026-05-24T14:13:18Z,H,13,sold,False,BFI IMAX H 13
2026-05-24T14:13:18Z,H,12,sold,False,BFI IMAX H 12
2026-05-24T14:13:18Z,H,11,sold,False,BFI IMAX H 11
2026-05-24T14:13:18Z,H,10,sold,False,BFI IMAX H 10
2026-05-24T14:13:18Z,H,9,sold,False,BFI IMAX H 9
2026-05-24T14:13:18Z,H,8,sold,False,BFI IMAX H 8
2026-05-24T14:13:18Z,H,7,sold,False,BFI IMAX H 7
2026-05-24T14:13:18Z,H,6,sold,False,BFI IMAX H 6
2026-05-24T14:13:18Z,H,5,sold,False,BFI IMAX H 5
2026-05-24T14:13:18Z,H,4,sold,False,BFI IMAX H 4
2026-05-24T14:13:18Z,H,3,sold,False,BFI IMAX H 3
2026-05-24T14:13:18Z,H,2,sold,False,BFI IMAX H 2
2026-05-24T14:13:18Z,H,1,sold,False,BFI IMAX H 1
2026-05-24T14:13:18Z,J,36,sold,False,BFI IMAX J 36
2026-05-24T14:13:18Z,J,35,sold,False,BFI IMAX J 35
2026-05-24T14:13:18Z,J,34,sold,False,BFI IMAX J 34
2026-05-24T14:13:18Z,J,33,sold,False,BFI IMAX J 33
2026-05-24T14:13:18Z,J,32,sold,False,BFI IMAX J 32
2026-05-24T14:13:18Z,J,31,sold,False,BFI IMAX J 31
2026-05-24T14:13:18Z,J,30,sold,False,BFI IMAX J 30
2026-05-24T14:13:18Z,J,29,sold,False,BFI IMAX J 29
2026-05-24T14:13:18Z,J,28,sold,False,BFI IMAX J 28
2026-05-24T14:13:18Z,J,27,sold,False,BFI IMAX J 27
2026-05-24T14:13:18Z,J,26,sold,False,BFI IMAX J 26
2026-05-24T14:13:18Z,J,25,sold,False,BFI IMAX J 25
2026-05-24T14:13:18Z,J,24,sold,False,BFI IMAX J 24
2026-05-24T14:13:18Z,J,23,sold,False,BFI IMAX J 23
2026-05-24T14:13:18Z,J,22,sold,False,BFI IMAX J 22
2026-05-24T14:13:18Z,J,21,sold,False,BFI IMAX J 21
2026-05-24T14:13:18Z,J,20,sold,False,BFI IMAX J 20
2026-05-24T14:13:18Z,J,19,sold,False,BFI IMAX J 19
2026-05-24T14:13:18Z,J,18,sold,False,BFI IMAX J 18
2026-05-24T14:13:18Z,J,17,sold,False,BFI IMAX J 17
2026-05-24T14:13:18Z,J,16,sold,False,BFI IMAX J 16
2026-05-24T14:13:18Z,J,15,sold,False,BFI IMAX J 15
2026-05-24T14:13:18Z,J,14,sold,False,BFI IMAX J 14
2026-05-24T14:13:18Z,J,13,sold,False,BFI IMAX J 13
2026-05-24T14:13:18Z,J,12,sold,False,BFI IMAX J 12
2026-05-24T14:13:18Z,J,11,sold,False,BFI IMAX J 11
2026-05-24T14:13:18Z,J,10,sold,False,BFI IMAX J 10
2026-05-24T14:13:18Z,J,9,sold,False,BFI IMAX J 9
2026-05-24T14:13:18Z,J,8,sold,False,BFI IMAX J 8
2026-05-24T14:13:18Z,J,7,sold,False,BFI IMAX J 7
2026-05-24T14:13:18Z,J,6,sold,False,BFI IMAX J 6
2026-05-24T14:13:18Z,J,5,sold,False,BFI IMAX J 5
2026-05-24T14:13:18Z,J,4,sold,False,BFI IMAX J 4
2026-05-24T14:13:18Z,J,3,sold,False,BFI IMAX J 3
2026-05-24T14:13:18Z,J,2,sold,False,BFI IMAX J 2
2026-05-24T14:13:18Z,J,1,sold,False,BFI IMAX J 1
2026-05-24T14:13:18Z,K,36,sold,False,BFI IMAX K 36
2026-05-24T14:13:18Z,K,35,sold,False,BFI IMAX K 35
2026-05-24T14:13:18Z,K,34,sold,False,BFI IMAX K 34
2026-05-24T14:13:18Z,K,33,sold,False,BFI IMAX K 33
2026-05-24T14:13:18Z,K,32,sold,False,BFI IMAX K 32
2026-05-24T14:13:18Z,K,31,sold,False,BFI IMAX K 31
2026-05-24T14:13:18Z,K,30,sold,False,BFI IMAX K 30
2026-05-24T14:13:18Z,K,29,sold,False,BFI IMAX K 29
2026-05-24T14:13:18Z,K,28,sold,False,BFI IMAX K 28
2026-05-24T14:13:18Z,A,13,available,False,BFI IMAX A 13
2026-05-24T14:13:18Z,A,12,available,False,BFI IMAX A 12
2026-05-24T14:13:18Z,K,25,sold,False,BFI IMAX K 25
2026-05-24T14:13:18Z,K,24,sold,False,BFI IMAX K 24
2026-05-24T14:13:18Z,K,23,sold,False,BFI IMAX K 23
2026-05-24T14:13:18Z,K,22,sold,False,BFI IMAX K 22
2026-05-24T14:13:18Z,K,21,sold,False,BFI IMAX K 21
2026-05-24T14:13:18Z,K,20,sold,False,BFI IMAX K 20
2026-05-24T14:13:18Z,K,19,sold,False,BFI IMAX K 19
2026-05-24T14:13:18Z,K,18,sold,False,BFI IMAX K 18
2026-05-24T14:13:18Z,K,17,sold,False,BFI IMAX K 17
2026-05-24T14:13:18Z,K,16,sold,False,BFI IMAX K 16
2026-05-24T14:13:18Z,K,15,sold,False,BFI IMAX K 15
2026-05-24T14:13:18Z,K,14,sold,False,BFI IMAX K 14
2026-05-24T14:13:18Z,K,13,sold,False,BFI IMAX K 13
2026-05-24T14:13:18Z,K,12,sold,False,BFI IMAX K 12
2026-05-24T14:13:18Z,K,11,sold,False,BFI IMAX K 11
2026-05-24T14:13:18Z,K,10,sold,False,BFI IMAX K 10
2026-05-24T14:13:18Z,K,9,sold,False,BFI IMAX K 9
2026-05-24T14:13:18Z,K,8,sold,False,BFI IMAX K 8
2026-05-24T14:13:18Z,K,7,sold,False,BFI IMAX K 7
2026-05-24T14:13:18Z,K,6,sold,False,BFI IMAX K 6
2026-05-24T14:13:18Z,K,5,sold,False,BFI IMAX K 5
2026-05-24T14:13:18Z,K,4,sold,False,BFI IMAX K 4
2026-05-24T14:13:18Z,K,3,sold,False,BFI IMAX K 3
2026-05-24T14:13:18Z,K,2,sold,False,BFI IMAX K 2
2026-05-24T14:13:18Z,K,1,sold,False,BFI IMAX K 1
2026-05-24T14:13:18Z,L,33,sold,False,BFI IMAX L 33
2026-05-24T14:13:18Z,L,32,sold,False,BFI IMAX L 32
2026-05-24T14:13:18Z,L,31,sold,False,BFI IMAX L 31
2026-05-24T14:13:18Z,L,30,sold,False,BFI IMAX L 30
2026-05-24T14:13:18Z,L,29,sold,False,BFI IMAX L 29
2026-05-24T14:13:18Z,L,28,sold,False,BFI IMAX L 28
2026-05-24T14:13:18Z,L,27,sold,False,BFI IMAX L 27
2026-05-24T14:13:18Z,L,26,sold,False,BFI IMAX L 26
2026-05-24T14:13:18Z,L,8,sold,False,BFI IMAX L 8
2026-05-24T14:13:18Z,L,7,sold,False,BFI IMAX L 7
2026-05-24T14:13:18Z,L,6,sold,False,BFI IMAX L 6
2026-05-24T14:13:18Z,L,5,sold,False,BFI IMAX L 5
2026-05-24T14:13:18Z,L,4,sold,False,BFI IMAX L 4
2026-05-24T14:13:18Z,L,3,sold,False,BFI IMAX L 3
2026-05-24T14:13:18Z,L,2,sold,False,BFI IMAX L 2
2026-05-24T14:13:18Z,L,1,sold,False,BFI IMAX L 1
2026-05-24T14:13:18Z,M,34,sold,False,BFI IMAX M 34
2026-05-24T14:13:18Z,M,33,sold,False,BFI IMAX M 33
2026-05-24T14:13:18Z,M,32,sold,False,BFI IMAX M 32
2026-05-24T14:13:18Z,M,31,sold,False,BFI IMAX M 31
2026-05-24T14:13:18Z,M,30,sold,False,BFI IMAX M 30
2026-05-24T14:13:18Z,M,29,sold,False,BFI IMAX M 29
2026-05-24T14:13:18Z,M,28,sold,False,BFI IMAX M 28
2026-05-24T14:13:18Z,M,27,sold,False,BFI IMAX M 27
2026-05-24T14:13:18Z,M,8,sold,False,BFI IMAX M 8
2026-05-24T14:13:18Z,M,7,sold,False,BFI IMAX M 7
2026-05-24T14:13:18Z,M,6,sold,False,BFI IMAX M 6
2026-05-24T14:13:18Z,M,5,sold,False,BFI IMAX M 5
2026-05-24T14:13:18Z,M,4,sold,False,BFI IMAX M 4
2026-05-24T14:13:18Z,M,3,sold,False,BFI IMAX M 3
2026-05-24T14:13:18Z,M,2,sold,False,BFI IMAX M 2
2026-05-24T14:13:18Z,M,1,sold,False,BFI IMAX M 1
2026-05-24T14:13:18Z,N,34,unavailable,False,BFI IMAX N 34
2026-05-24T14:13:18Z,N,33,unavailable,False,BFI IMAX N 33
2026-05-24T14:13:18Z,N,32,unavailable,False,BFI IMAX N 32
2026-05-24T14:13:18Z,N,31,unavailable,False,BFI IMAX N 31
2026-05-24T14:13:18Z,N,30,unavailable,False,BFI IMAX N 30
2026-05-24T14:13:18Z,N,29,unavailable,False,BFI IMAX N 29
2026-05-24T14:13:18Z,N,28,unavailable,False,BFI IMAX N 28
2026-05-24T14:13:18Z,N,27,unavailable,False,BFI IMAX N 27
2026-05-24T14:13:18Z,A,11,available,False,BFI IMAX A 11
2026-05-24T14:13:18Z,A,10,available,False,BFI IMAX A 10
2026-05-24T14:13:18Z,N,6,sold,False,BFI IMAX N 6
2026-05-24T14:13:18Z,N,5,sold,False,BFI IMAX N 5
2026-05-24T14:13:18Z,N,4,sold,False,BFI IMAX N 4
2026-05-24T14:13:18Z,N,3,sold,False,BFI IMAX N 3
2026-05-24T14:13:18Z,N,2,sold,False,BFI IMAX N 2
2026-05-24T14:13:18Z,N,1,sold,False,BFI IMAX N 1
2026-05-24T14:13:18Z,P,31,unavailable,False,BFI IMAX P 31
2026-05-24T14:13:18Z,A,9,available,False,BFI IMAX A 9
2026-05-24T14:13:18Z,A,8,available,False,BFI IMAX A 8
2026-05-24T14:13:18Z,P,26,unavailable,False,BFI IMAX P 26
2026-05-24T14:13:18Z,P,6,sold,False,BFI IMAX P 6
2026-05-24T14:13:18Z,A,7,available,False,BFI IMAX A 7
2026-05-24T14:13:18Z,A,6,available,False,BFI IMAX A 6
2026-05-24T14:13:18Z,P,1,unavailable,False,BFI IMAX P 1
2026-05-24T14:13:18Z,M,11,sold,False,BFI IMAX M 11
2026-05-24T14:13:18Z,M,10,sold,False,BFI IMAX M 10
2026-05-24T14:13:18Z,M,9,sold,False,BFI IMAX M 9
2026-05-24T14:13:18Z,L,9,sold,False,BFI IMAX L 9
2026-05-24T14:13:18Z,L,25,sold,False,BFI IMAX L 25
2026-05-24T14:13:18Z,L,24,sold,False,BFI IMAX L 24
2026-05-24T14:13:18Z,L,23,sold,False,BFI IMAX L 23
2026-05-24T14:13:18Z,L,22,sold,False,BFI IMAX L 22
2026-05-24T14:13:18Z,L,21,sold,False,BFI IMAX L 21
2026-05-24T14:13:18Z,L,20,sold,False,BFI IMAX L 20
2026-05-24T14:13:18Z,L,19,sold,False,BFI IMAX L 19
2026-05-24T14:13:18Z,L,18,sold,False,BFI IMAX L 18
2026-05-24T14:13:18Z,L,17,sold,False,BFI IMAX L 17
2026-05-24T14:13:18Z,L,16,sold,False,BFI IMAX L 16
2026-05-24T14:13:18Z,L,15,sold,False,BFI IMAX L 15
2026-05-24T14:13:18Z,L,14,sold,False,BFI IMAX L 14
2026-05-24T14:13:18Z,L,13,sold,False,BFI IMAX L 13
2026-05-24T14:13:18Z,L,12,sold,False,BFI IMAX L 12
2026-05-24T14:13:18Z,L,11,sold,False,BFI IMAX L 11
2026-05-24T14:13:18Z,N,26,unavailable,False,BFI IMAX N 26
2026-05-24T14:13:18Z,N,25,unavailable,False,BFI IMAX N 25
2026-05-24T14:13:18Z,N,24,unavailable,False,BFI IMAX N 24
2026-05-24T14:13:18Z,N,23,unavailable,False,BFI IMAX N 23
2026-05-24T14:13:18Z,N,22,sold,False,BFI IMAX N 22
2026-05-24T14:13:18Z,N,21,sold,False,BFI IMAX N 21
2026-05-24T14:13:18Z,N,20,sold,False,BFI IMAX N 20
2026-05-24T14:13:18Z,N,19,sold,False,BFI IMAX N 19
2026-05-24T14:13:18Z,N,18,sold,False,BFI IMAX N 18
2026-05-24T14:13:18Z,N,17,sold,False,BFI IMAX N 17
2026-05-24T14:13:18Z,N,16,sold,False,BFI IMAX N 16
2026-05-24T14:13:18Z,N,15,sold,False,BFI IMAX N 15
2026-05-24T14:13:18Z,N,14,sold,False,BFI IMAX N 14
2026-05-24T14:13:18Z,N,13,sold,False,BFI IMAX N 13
2026-05-24T14:13:18Z,N,12,unavailable,False,BFI IMAX N 12
2026-05-24T14:13:18Z,N,11,unavailable,False,BFI IMAX N 11
2026-05-24T14:13:18Z,N,10,unavailable,False,BFI IMAX N 10
2026-05-24T14:13:18Z,N,9,unavailable,False,BFI IMAX N 9
2026-05-24T14:13:18Z,L,10,sold,False,BFI IMAX L 10
2026-05-24T14:13:18Z,M,26,sold,False,BFI IMAX M 26
2026-05-24T14:13:18Z,M,25,sold,False,BFI IMAX M 25
2026-05-24T14:13:18Z,M,24,sold,False,BFI IMAX M 24
2026-05-24T14:13:18Z,M,23,sold,False,BFI IMAX M 23
2026-05-24T14:13:18Z,M,22,sold,False,BFI IMAX M 22
2026-05-24T14:13:18Z,M,21,sold,False,BFI IMAX M 21
2026-05-24T14:13:18Z,M,20,sold,False,BFI IMAX M 20
2026-05-24T14:13:18Z,M,19,sold,False,BFI IMAX M 19
2026-05-24T14:13:18Z,M,18,sold,False,BFI IMAX M 18
2026-05-24T14:13:18Z,M,17,sold,False,BFI IMAX M 17
2026-05-24T14:13:18Z,M,16,sold,False,BFI IMAX M 16
2026-05-24T14:13:18Z,M,15,sold,False,BFI IMAX M 15
2026-05-24T14:13:18Z,M,14,sold,False,BFI IMAX M 14
2026-05-24T14:13:18Z,M,13,sold,False,BFI IMAX M 13
2026-05-24T14:13:18Z,M,12,sold,False,BFI IMAX M 12
2026-05-24T14:13:18Z,P,30,unavailable,True,BFI IMAX P 30
2026-05-24T14:13:18Z,P,27,unavailable,True,BFI IMAX P 27
2026-05-24T14:13:18Z,P,2,unavailable,True,BFI IMAX P 2
2026-05-24T14:13:18Z,P,5,sold,True,BFI IMAX P 5
2026-05-24T14:13:18Z,P,19,sold,False,BFI IMAX P 19
2026-05-24T14:13:18Z,P,18,sold,False,BFI IMAX P 18
2026-05-24T14:13:18Z,P,17,sold,False,BFI IMAX P 17
2026-05-24T14:13:18Z,P,16,sold,False,BFI IMAX P 16
2026-05-24T14:13:18Z,P,15,sold,False,BFI IMAX P 15
2026-05-24T14:13:18Z,P,14,sold,False,BFI IMAX P 14
2026-05-24T14:13:18Z,P,13,sold,False,BFI IMAX P 13
2026-05-24T14:13:18Z,P,12,sold,False,BFI IMAX P 12
2026-05-24T14:13:18Z,P,11,sold,False,BFI IMAX P 11
2026-05-24T14:13:18Z,P,10,sold,False,BFI IMAX P 10
2026-05-24T14:13:18Z,P,9,sold,False,BFI IMAX P 9
2026-05-24T14:13:18Z,P,8,sold,False,BFI IMAX P 8
2026-05-24T14:13:18Z,P,7,sold,False,BFI IMAX P 7
2026-05-24T14:13:18Z,P,25,sold,False,BFI IMAX P 25
2026-05-24T14:13:18Z,P,24,sold,False,BFI IMAX P 24
2026-05-24T14:13:18Z,P,23,sold,False,BFI IMAX P 23
2026-05-24T14:13:18Z,P,22,sold,False,BFI IMAX P 22
2026-05-24T14:13:18Z,P,21,sold,False,BFI IMAX P 21
2026-05-24T14:13:18Z,P,20,sold,False,BFI IMAX P 20
2026-05-24T14:13:18Z,Q,18,sold,False,BFI IMAX Q 18
2026-05-24T14:13:18Z,Q,17,sold,False,BFI IMAX Q 17
2026-05-24T14:13:18Z,Q,16,sold,False,BFI IMAX Q 16
2026-05-24T14:13:18Z,Q,15,sold,False,BFI IMAX Q 15
2026-05-24T14:13:18Z,Q,14,sold,False,BFI IMAX Q 14
2026-05-24T14:13:18Z,Q,13,sold,False,BFI IMAX Q 13
2026-05-24T14:13:18Z,Q,12,sold,False,BFI IMAX Q 12
2026-05-24T14:13:18Z,Q,11,sold,False,BFI IMAX Q 11
2026-05-24T14:13:18Z,Q,10,sold,False,BFI IMAX Q 10
2026-05-24T14:13:18Z,Q,9,sold,False,BFI IMAX Q 9
2026-05-24T14:13:18Z,Q,8,sold,False,BFI IMAX Q 8
2026-05-24T14:13:18Z,Q,7,sold,False,BFI IMAX Q 7
2026-05-24T14:13:18Z,Q,6,sold,False,BFI IMAX Q 6
2026-05-24T14:13:18Z,Q,5,sold,False,BFI IMAX Q 5
2026-05-24T14:13:18Z,Q,4,sold,False,BFI IMAX Q 4
2026-05-24T14:13:18Z,Q,3,sold,False,BFI IMAX Q 3
2026-05-24T14:13:18Z,Q,2,sold,False,BFI IMAX Q 2
2026-05-24T14:13:18Z,Q,1,sold,False,BFI IMAX Q 1
2026-05-24T14:59:21Z,K,27,unavailable,False,BFI IMAX K 27
2026-05-24T14:59:21Z,K,26,unavailable,False,BFI IMAX K 26
2026-05-24T14:59:21Z,N,8,unavailable,False,BFI IMAX N 8
2026-05-24T14:59:21Z,N,7,unavailable,False,BFI IMAX N 7
2026-05-24T14:59:21Z,P,29,unavailable,True,BFI IMAX P 29
2026-05-24T14:59:21Z,P,28,unavailable,True,BFI IMAX P 28
2026-05-24T14:59:21Z,P,4,unavailable,True,BFI IMAX P 4
2026-05-24T14:59:21Z,P,3,unavailable,True,BFI IMAX P 3
2026-05-24T14:59:21Z,A,5,available,False,BFI IMAX A 5
2026-05-24T14:59:21Z,A,4,available,False,BFI IMAX A 4
2026-05-24T14:59:21Z,A,3,available,False,BFI IMAX A 3
2026-05-24T14:59:21Z,A,2,available,False,BFI IMAX A 2
2026-05-24T14:59:21Z,A,1,available,False,BFI IMAX A 1
2026-05-24T14:59:21Z,B,36,available,False,BFI IMAX B 36
2026-05-24T14:59:21Z,B,35,available,False,BFI IMAX B 35
2026-05-24T14:59:21Z,B,34,available,False,BFI IMAX B 34
2026-05-24T14:59:21Z,B,33,available,False,BFI IMAX B 33
2026-05-24T14:59:21Z,B,32,available,False,BFI IMAX B 32
2026-05-24T14:59:21Z,B,31,available,False,BFI IMAX B 31
2026-05-24T14:59:21Z,B,30,available,False,BFI IMAX B 30
2026-05-24T14:59:21Z,B,29,available,False,BFI IMAX B 29
2026-05-24T14:59:21Z,B,28,available,False,BFI IMAX B 28
2026-05-24T14:59:21Z,B,27,available,False,BFI IMAX B 27
2026-05-24T14:59:21Z,B,26,available,False,BFI IMAX B 26
2026-05-24T14:59:21Z,B,25,available,False,BFI IMAX B 25
2026-05-24T14:59:21Z,B,24,available,False,BFI IMAX B 24
2026-05-24T14:59:21Z,B,23,available,False,BFI IMAX B 23
2026-05-24T14:59:21Z,B,22,available,False,BFI IMAX B 22
2026-05-24T14:59:21Z,B,21,sold,False,BFI IMAX B 21
2026-05-24T14:59:21Z,B,20,sold,False,BFI IMAX B 20
2026-05-24T14:59:21Z,B,19,sold,False,BFI IMAX B 19
2026-05-24T14:59:21Z,B,18,sold,False,BFI IMAX B 18
2026-05-24T14:59:21Z,B,17,sold,False,BFI IMAX B 17
2026-05-24T14:59:21Z,B,16,sold,False,BFI IMAX B 16
2026-05-24T14:59:21Z,B,15,available,False,BFI IMAX B 15
2026-05-24T14:59:21Z,B,14,available,False,BFI IMAX B 14
2026-05-24T14:59:21Z,B,13,available,False,BFI IMAX B 13
2026-05-24T14:59:21Z,B,12,available,False,BFI IMAX B 12
2026-05-24T14:59:21Z,B,11,available,False,BFI IMAX B 11
2026-05-24T14:59:21Z,B,10,available,False,BFI IMAX B 10
2026-05-24T14:59:21Z,B,9,available,False,BFI IMAX B 9
2026-05-24T14:59:21Z,B,8,available,False,BFI IMAX B 8
2026-05-24T14:59:21Z,B,7,available,False,BFI IMAX B 7
2026-05-24T14:59:21Z,B,6,available,False,BFI IMAX B 6
2026-05-24T14:59:21Z,B,5,available,False,BFI IMAX B 5
2026-05-24T14:59:21Z,B,4,available,False,BFI IMAX B 4
2026-05-24T14:59:21Z,B,3,available,False,BFI IMAX B 3
2026-05-24T14:59:21Z,B,2,available,False,BFI IMAX B 2
2026-05-24T14:59:21Z,B,1,available,False,BFI IMAX B 1
2026-05-24T14:59:21Z,C,36,available,False,BFI IMAX C 36
2026-05-24T14:59:21Z,C,35,available,False,BFI IMAX C 35
2026-05-24T14:59:21Z,C,34,available,False,BFI IMAX C 34
2026-05-24T14:59:21Z,C,33,available,False,BFI IMAX C 33
2026-05-24T14:59:21Z,C,32,available,False,BFI IMAX C 32
2026-05-24T14:59:21Z,C,31,available,False,BFI IMAX C 31
2026-05-24T14:59:21Z,C,30,available,False,BFI IMAX C 30
2026-05-24T14:59:21Z,C,29,available,False,BFI IMAX C 29
2026-05-24T14:59:21Z,C,28,available,False,BFI IMAX C 28
2026-05-24T14:59:21Z,C,27,available,False,BFI IMAX C 27
2026-05-24T14:59:21Z,C,26,available,False,BFI IMAX C 26
2026-05-24T14:59:21Z,C,25,sold,False,BFI IMAX C 25
2026-05-24T14:59:21Z,C,24,sold,False,BFI IMAX C 24
2026-05-24T14:59:21Z,C,23,sold,False,BFI IMAX C 23
2026-05-24T14:59:21Z,C,22,sold,False,BFI IMAX C 22
2026-05-24T14:59:21Z,C,21,sold,False,BFI IMAX C 21
2026-05-24T14:59:21Z,C,20,sold,False,BFI IMAX C 20
2026-05-24T14:59:21Z,C,19,sold,False,BFI IMAX C 19
2026-05-24T14:59:21Z,C,18,sold,False,BFI IMAX C 18
2026-05-24T14:59:21Z,C,17,sold,False,BFI IMAX C 17
2026-05-24T14:59:21Z,C,16,sold,False,BFI IMAX C 16
2026-05-24T14:59:21Z,C,15,sold,False,BFI IMAX C 15
2026-05-24T14:59:21Z,C,14,sold,False,BFI IMAX C 14
2026-05-24T14:59:21Z,C,13,sold,False,BFI IMAX C 13
2026-05-24T14:59:21Z,C,12,sold,False,BFI IMAX C 12
2026-05-24T14:59:21Z,C,11,sold,False,BFI IMAX C 11
2026-05-24T14:59:21Z,C,10,sold,False,BFI IMAX C 10
2026-05-24T14:59:21Z,C,9,available,False,BFI IMAX C 9
2026-05-24T14:59:21Z,C,8,available,False,BFI IMAX C 8
2026-05-24T14:59:21Z,C,7,available,False,BFI IMAX C 7
2026-05-24T14:59:21Z,C,6,available,False,BFI IMAX C 6
2026-05-24T14:59:21Z,C,5,available,False,BFI IMAX C 5
2026-05-24T14:59:21Z,C,4,available,False,BFI IMAX C 4
2026-05-24T14:59:21Z,C,3,available,False,BFI IMAX C 3
2026-05-24T14:59:21Z,C,2,available,False,BFI IMAX C 2
2026-05-24T14:59:21Z,C,1,available,False,BFI IMAX C 1
2026-05-24T14:59:21Z,D,37,available,False,BFI IMAX D 37
2026-05-24T14:59:21Z,D,36,available,False,BFI IMAX D 36
2026-05-24T14:59:21Z,D,35,available,False,BFI IMAX D 35
2026-05-24T14:59:21Z,D,34,available,False,BFI IMAX D 34
2026-05-24T14:59:21Z,D,33,available,False,BFI IMAX D 33
2026-05-24T14:59:21Z,D,32,available,False,BFI IMAX D 32
2026-05-24T14:59:21Z,D,31,available,False,BFI IMAX D 31
2026-05-24T14:59:21Z,D,30,available,False,BFI IMAX D 30
2026-05-24T14:59:21Z,D,29,available,False,BFI IMAX D 29
2026-05-24T14:59:21Z,D,28,sold,False,BFI IMAX D 28
2026-05-24T14:59:21Z,D,27,sold,False,BFI IMAX D 27
2026-05-24T14:59:21Z,D,26,sold,False,BFI IMAX D 26
2026-05-24T14:59:21Z,D,25,sold,False,BFI IMAX D 25
2026-05-24T14:59:21Z,D,24,sold,False,BFI IMAX D 24
2026-05-24T14:59:21Z,D,23,sold,False,BFI IMAX D 23
2026-05-24T14:59:21Z,D,22,sold,False,BFI IMAX D 22
2026-05-24T14:59:21Z,D,21,sold,False,BFI IMAX D 21
2026-05-24T14:59:21Z,D,20,sold,False,BFI IMAX D 20
2026-05-24T14:59:21Z,D,19,sold,False,BFI IMAX D 19
2026-05-24T14:59:21Z,D,18,sold,False,BFI IMAX D 18
2026-05-24T14:59:21Z,D,17,sold,False,BFI IMAX D 17
2026-05-24T14:59:21Z,D,16,sold,False,BFI IMAX D 16
2026-05-24T14:59:21Z,D,15,sold,False,BFI IMAX D 15
2026-05-24T14:59:21Z,D,14,sold,False,BFI IMAX D 14
2026-05-24T14:59:21Z,D,13,sold,False,BFI IMAX D 13
2026-05-24T14:59:21Z,D,12,sold,False,BFI IMAX D 12
2026-05-24T14:59:21Z,D,11,sold,False,BFI IMAX D 11
2026-05-24T14:59:21Z,D,10,sold,False,BFI IMAX D 10
2026-05-24T14:59:21Z,D,9,available,False,BFI IMAX D 9
2026-05-24T14:59:21Z,D,8,available,False,BFI IMAX D 8
2026-05-24T14:59:21Z,D,7,available,False,BFI IMAX D 7
2026-05-24T14:59:21Z,D,6,available,False,BFI IMAX D 6
2026-05-24T14:59:21Z,D,5,available,False,BFI IMAX D 5
2026-05-24T14:59:21Z,D,4,available,False,BFI IMAX D 4
2026-05-24T14:59:21Z,D,3,available,False,BFI IMAX D 3
2026-05-24T14:59:21Z,D,2,available,False,BFI IMAX D 2
2026-05-24T14:59:21Z,D,1,available,False,BFI IMAX D 1
2026-05-24T14:59:21Z,E,37,available,False,BFI IMAX E 37
2026-05-24T14:59:21Z,E,36,available,False,BFI IMAX E 36
2026-05-24T14:59:21Z,E,35,available,False,BFI IMAX E 35
2026-05-24T14:59:21Z,E,34,available,False,BFI IMAX E 34
2026-05-24T14:59:21Z,E,33,available,False,BFI IMAX E 33
2026-05-24T14:59:21Z,E,32,sold,False,BFI IMAX E 32
2026-05-24T14:59:21Z,E,31,sold,False,BFI IMAX E 31
2026-05-24T14:59:21Z,E,30,sold,False,BFI IMAX E 30
2026-05-24T14:59:21Z,E,29,sold,False,BFI IMAX E 29
2026-05-24T14:59:21Z,E,28,sold,False,BFI IMAX E 28
2026-05-24T14:59:21Z,E,27,sold,False,BFI IMAX E 27
2026-05-24T14:59:21Z,E,26,sold,False,BFI IMAX E 26
2026-05-24T14:59:21Z,E,25,sold,False,BFI IMAX E 25
2026-05-24T14:59:21Z,E,24,sold,False,BFI IMAX E 24
2026-05-24T14:59:21Z,E,23,sold,False,BFI IMAX E 23
2026-05-24T14:59:21Z,E,22,sold,False,BFI IMAX E 22
2026-05-24T14:59:21Z,E,21,sold,False,BFI IMAX E 21
2026-05-24T14:59:21Z,E,20,sold,False,BFI IMAX E 20
2026-05-24T14:59:21Z,E,19,sold,False,BFI IMAX E 19
2026-05-24T14:59:21Z,E,18,sold,False,BFI IMAX E 18
2026-05-24T14:59:21Z,E,17,sold,False,BFI IMAX E 17
2026-05-24T14:59:21Z,E,16,sold,False,BFI IMAX E 16
2026-05-24T14:59:21Z,E,15,sold,False,BFI IMAX E 15
2026-05-24T14:59:21Z,E,14,sold,False,BFI IMAX E 14
2026-05-24T14:59:21Z,E,13,sold,False,BFI IMAX E 13
2026-05-24T14:59:21Z,E,12,sold,False,BFI IMAX E 12
2026-05-24T14:59:21Z,E,11,sold,False,BFI IMAX E 11
2026-05-24T14:59:21Z,E,10,sold,False,BFI IMAX E 10
2026-05-24T14:59:21Z,E,9,sold,False,BFI IMAX E 9
2026-05-24T14:59:21Z,E,8,sold,False,BFI IMAX E 8
2026-05-24T14:59:21Z,E,7,sold,False,BFI IMAX E 7
2026-05-24T14:59:21Z,E,6,sold,False,BFI IMAX E 6
2026-05-24T14:59:21Z,E,5,sold,False,BFI IMAX E 5
2026-05-24T14:59:21Z,E,4,available,False,BFI IMAX E 4
2026-05-24T14:59:21Z,E,3,available,False,BFI IMAX E 3
2026-05-24T14:59:21Z,E,2,available,False,BFI IMAX E 2
2026-05-24T14:59:21Z,E,1,available,False,BFI IMAX E 1
2026-05-24T14:59:21Z,F,38,available,False,BFI IMAX F 38
2026-05-24T14:59:21Z,F,37,sold,False,BFI IMAX F 37
2026-05-24T14:59:21Z,F,36,sold,False,BFI IMAX F 36
2026-05-24T14:59:21Z,F,35,sold,False,BFI IMAX F 35
2026-05-24T14:59:21Z,F,34,sold,False,BFI IMAX F 34
2026-05-24T14:59:21Z,F,33,sold,False,BFI IMAX F 33
2026-05-24T14:59:21Z,F,32,sold,False,BFI IMAX F 32
2026-05-24T14:59:21Z,F,31,sold,False,BFI IMAX F 31
2026-05-24T14:59:21Z,F,30,sold,False,BFI IMAX F 30
2026-05-24T14:59:21Z,F,29,sold,False,BFI IMAX F 29
2026-05-24T14:59:21Z,F,28,sold,False,BFI IMAX F 28
2026-05-24T14:59:21Z,F,27,sold,False,BFI IMAX F 27
2026-05-24T14:59:21Z,F,26,sold,False,BFI IMAX F 26
2026-05-24T14:59:21Z,F,25,sold,False,BFI IMAX F 25
2026-05-24T14:59:21Z,F,24,sold,False,BFI IMAX F 24
2026-05-24T14:59:21Z,F,23,sold,False,BFI IMAX F 23
2026-05-24T14:59:21Z,F,22,sold,False,BFI IMAX F 22
2026-05-24T14:59:21Z,F,21,sold,False,BFI IMAX F 21
2026-05-24T14:59:21Z,F,20,sold,False,BFI IMAX F 20
2026-05-24T14:59:21Z,F,19,sold,False,BFI IMAX F 19
2026-05-24T14:59:21Z,F,18,sold,False,BFI IMAX F 18
2026-05-24T14:59:21Z,F,17,sold,False,BFI IMAX F 17
2026-05-24T14:59:21Z,F,16,sold,False,BFI IMAX F 16
2026-05-24T14:59:21Z,F,15,sold,False,BFI IMAX F 15
2026-05-24T14:59:21Z,F,14,sold,False,BFI IMAX F 14
2026-05-24T14:59:21Z,F,13,sold,False,BFI IMAX F 13
2026-05-24T14:59:21Z,F,12,sold,False,BFI IMAX F 12
2026-05-24T14:59:21Z,F,11,sold,False,BFI IMAX F 11
2026-05-24T14:59:21Z,F,10,sold,False,BFI IMAX F 10
2026-05-24T14:59:21Z,F,9,sold,False,BFI IMAX F 9
2026-05-24T14:59:21Z,F,8,sold,False,BFI IMAX F 8
2026-05-24T14:59:21Z,F,7,sold,False,BFI IMAX F 7
2026-05-24T14:59:21Z,F,6,sold,False,BFI IMAX F 6
2026-05-24T14:59:21Z,F,5,sold,False,BFI IMAX F 5
2026-05-24T14:59:21Z,F,4,sold,False,BFI IMAX F 4
2026-05-24T14:59:21Z,F,3,sold,False,BFI IMAX F 3
2026-05-24T14:59:21Z,F,2,sold,False,BFI IMAX F 2
2026-05-24T14:59:21Z,F,1,sold,False,BFI IMAX F 1
2026-05-24T14:59:21Z,G,37,sold,False,BFI IMAX G 37
2026-05-24T14:59:21Z,G,36,sold,False,BFI IMAX G 36
2026-05-24T14:59:21Z,G,35,sold,False,BFI IMAX G 35
2026-05-24T14:59:21Z,G,34,sold,False,BFI IMAX G 34
2026-05-24T14:59:21Z,G,33,sold,False,BFI IMAX G 33
2026-05-24T14:59:21Z,G,32,sold,False,BFI IMAX G 32
2026-05-24T14:59:21Z,G,31,sold,False,BFI IMAX G 31
2026-05-24T14:59:21Z,G,30,sold,False,BFI IMAX G 30
2026-05-24T14:59:21Z,G,29,sold,False,BFI IMAX G 29
2026-05-24T14:59:21Z,G,28,sold,False,BFI IMAX G 28
2026-05-24T14:59:21Z,G,27,sold,False,BFI IMAX G 27
2026-05-24T14:59:21Z,G,26,sold,False,BFI IMAX G 26
2026-05-24T14:59:21Z,G,25,sold,False,BFI IMAX G 25
2026-05-24T14:59:21Z,G,24,sold,False,BFI IMAX G 24
2026-05-24T14:59:21Z,G,23,sold,False,BFI IMAX G 23
2026-05-24T14:59:21Z,G,22,sold,False,BFI IMAX G 22
2026-05-24T14:59:21Z,G,21,sold,False,BFI IMAX G 21
2026-05-24T14:59:21Z,G,20,sold,False,BFI IMAX G 20
2026-05-24T14:59:21Z,G,19,sold,False,BFI IMAX G 19
2026-05-24T14:59:21Z,G,18,sold,False,BFI IMAX G 18
2026-05-24T14:59:21Z,G,17,sold,False,BFI IMAX G 17
2026-05-24T14:59:21Z,G,16,sold,False,BFI IMAX G 16
2026-05-24T14:59:21Z,G,15,sold,False,BFI IMAX G 15
2026-05-24T14:59:21Z,G,14,sold,False,BFI IMAX G 14
2026-05-24T14:59:21Z,G,13,sold,False,BFI IMAX G 13
2026-05-24T14:59:21Z,G,12,sold,False,BFI IMAX G 12
2026-05-24T14:59:21Z,G,11,sold,False,BFI IMAX G 11
2026-05-24T14:59:21Z,G,10,sold,False,BFI IMAX G 10
2026-05-24T14:59:21Z,G,9,sold,False,BFI IMAX G 9
2026-05-24T14:59:21Z,G,8,sold,False,BFI IMAX G 8
2026-05-24T14:59:21Z,G,7,sold,False,BFI IMAX G 7
2026-05-24T14:59:21Z,G,6,sold,False,BFI IMAX G 6
2026-05-24T14:59:21Z,G,5,sold,False,BFI IMAX G 5
2026-05-24T14:59:21Z,G,4,sold,False,BFI IMAX G 4
2026-05-24T14:59:21Z,G,3,sold,False,BFI IMAX G 3
2026-05-24T14:59:21Z,G,2,sold,False,BFI IMAX G 2
2026-05-24T14:59:21Z,G,1,sold,False,BFI IMAX G 1
2026-05-24T14:59:21Z,H,37,sold,False,BFI IMAX H 37
2026-05-24T14:59:21Z,H,36,sold,False,BFI IMAX H 36
2026-05-24T14:59:21Z,H,35,sold,False,BFI IMAX H 35
2026-05-24T14:59:21Z,H,34,sold,False,BFI IMAX H 34
2026-05-24T14:59:21Z,H,33,sold,False,BFI IMAX H 33
2026-05-24T14:59:21Z,H,32,sold,False,BFI IMAX H 32
2026-05-24T14:59:21Z,H,31,sold,False,BFI IMAX H 31
2026-05-24T14:59:21Z,H,30,sold,False,BFI IMAX H 30
2026-05-24T14:59:21Z,H,29,sold,False,BFI IMAX H 29
2026-05-24T14:59:21Z,H,28,sold,False,BFI IMAX H 28
2026-05-24T14:59:21Z,H,27,sold,False,BFI IMAX H 27
2026-05-24T14:59:21Z,H,26,sold,False,BFI IMAX H 26
2026-05-24T14:59:21Z,H,25,sold,False,BFI IMAX H 25
2026-05-24T14:59:21Z,H,24,sold,False,BFI IMAX H 24
2026-05-24T14:59:21Z,H,23,sold,False,BFI IMAX H 23
2026-05-24T14:59:21Z,H,22,sold,False,BFI IMAX H 22
2026-05-24T14:59:21Z,H,21,sold,False,BFI IMAX H 21
2026-05-24T14:59:21Z,H,20,sold,False,BFI IMAX H 20
2026-05-24T14:59:21Z,H,19,sold,False,BFI IMAX H 19
2026-05-24T14:59:21Z,H,18,sold,False,BFI IMAX H 18
2026-05-24T14:59:21Z,H,17,sold,False,BFI IMAX H 17
2026-05-24T14:59:21Z,H,16,sold,False,BFI IMAX H 16
2026-05-24T14:59:21Z,H,15,sold,False,BFI IMAX H 15
2026-05-24T14:59:21Z,H,14,sold,False,BFI IMAX H 14
2026-05-24T14:59:21Z,H,13,sold,False,BFI IMAX H 13
2026-05-24T14:59:21Z,H,12,sold,False,BFI IMAX H 12
2026-05-24T14:59:21Z,H,11,sold,False,BFI IMAX H 11
2026-05-24T14:59:21Z,H,10,sold,False,BFI IMAX H 10
2026-05-24T14:59:21Z,H,9,sold,False,BFI IMAX H 9
2026-05-24T14:59:21Z,H,8,sold,False,BFI IMAX H 8
2026-05-24T14:59:21Z,H,7,sold,False,BFI IMAX H 7
2026-05-24T14:59:21Z,H,6,sold,False,BFI IMAX H 6
2026-05-24T14:59:21Z,H,5,sold,False,BFI IMAX H 5
2026-05-24T14:59:21Z,H,4,sold,False,BFI IMAX H 4
2026-05-24T14:59:21Z,H,3,sold,False,BFI IMAX H 3
2026-05-24T14:59:21Z,H,2,sold,False,BFI IMAX H 2
2026-05-24T14:59:21Z,H,1,sold,False,BFI IMAX H 1
2026-05-24T14:59:21Z,J,36,sold,False,BFI IMAX J 36
2026-05-24T14:59:21Z,J,35,sold,False,BFI IMAX J 35
2026-05-24T14:59:21Z,J,34,sold,False,BFI IMAX J 34
2026-05-24T14:59:21Z,J,33,sold,False,BFI IMAX J 33
2026-05-24T14:59:21Z,J,32,sold,False,BFI IMAX J 32
2026-05-24T14:59:21Z,J,31,sold,False,BFI IMAX J 31
2026-05-24T14:59:21Z,J,30,sold,False,BFI IMAX J 30
2026-05-24T14:59:21Z,J,29,sold,False,BFI IMAX J 29
2026-05-24T14:59:21Z,J,28,sold,False,BFI IMAX J 28
2026-05-24T14:59:21Z,J,27,sold,False,BFI IMAX J 27
2026-05-24T14:59:21Z,J,26,sold,False,BFI IMAX J 26
2026-05-24T14:59:21Z,J,25,sold,False,BFI IMAX J 25
2026-05-24T14:59:21Z,J,24,sold,False,BFI IMAX J 24
2026-05-24T14:59:21Z,J,23,sold,False,BFI IMAX J 23
2026-05-24T14:59:21Z,J,22,sold,False,BFI IMAX J 22
2026-05-24T14:59:21Z,J,21,sold,False,BFI IMAX J 21
2026-05-24T14:59:21Z,J,20,sold,False,BFI IMAX J 20
2026-05-24T14:59:21Z,J,19,sold,False,BFI IMAX J 19
2026-05-24T14:59:21Z,J,18,sold,False,BFI IMAX J 18
2026-05-24T14:59:21Z,J,17,sold,False,BFI IMAX J 17
2026-05-24T14:59:21Z,J,16,sold,False,BFI IMAX J 16
2026-05-24T14:59:21Z,J,15,sold,False,BFI IMAX J 15
2026-05-24T14:59:21Z,J,14,sold,False,BFI IMAX J 14
2026-05-24T14:59:21Z,J,13,sold,False,BFI IMAX J 13
2026-05-24T14:59:21Z,J,12,sold,False,BFI IMAX J 12
2026-05-24T14:59:21Z,J,11,sold,False,BFI IMAX J 11
2026-05-24T14:59:21Z,J,10,sold,False,BFI IMAX J 10
2026-05-24T14:59:21Z,J,9,sold,False,BFI IMAX J 9
2026-05-24T14:59:21Z,J,8,sold,False,BFI IMAX J 8
2026-05-24T14:59:21Z,J,7,sold,False,BFI IMAX J 7
2026-05-24T14:59:21Z,J,6,sold,False,BFI IMAX J 6
2026-05-24T14:59:21Z,J,5,sold,False,BFI IMAX J 5
2026-05-24T14:59:21Z,J,4,sold,False,BFI IMAX J 4
2026-05-24T14:59:21Z,J,3,sold,False,BFI IMAX J 3
2026-05-24T14:59:21Z,J,2,sold,False,BFI IMAX J 2
2026-05-24T14:59:21Z,J,1,sold,False,BFI IMAX J 1
2026-05-24T14:59:21Z,K,36,sold,False,BFI IMAX K 36
2026-05-24T14:59:21Z,K,35,sold,False,BFI IMAX K 35
2026-05-24T14:59:21Z,K,34,sold,False,BFI IMAX K 34
2026-05-24T14:59:21Z,K,33,sold,False,BFI IMAX K 33
2026-05-24T14:59:21Z,K,32,sold,False,BFI IMAX K 32
2026-05-24T14:59:21Z,K,31,sold,False,BFI IMAX K 31
2026-05-24T14:59:21Z,K,30,sold,False,BFI IMAX K 30
2026-05-24T14:59:21Z,K,29,sold,False,BFI IMAX K 29
2026-05-24T14:59:21Z,K,28,sold,False,BFI IMAX K 28
2026-05-24T14:59:21Z,A,13,available,False,BFI IMAX A 13
2026-05-24T14:59:21Z,A,12,available,False,BFI IMAX A 12
2026-05-24T14:59:21Z,K,25,sold,False,BFI IMAX K 25
2026-05-24T14:59:21Z,K,24,sold,False,BFI IMAX K 24
2026-05-24T14:59:21Z,K,23,sold,False,BFI IMAX K 23
2026-05-24T14:59:21Z,K,22,sold,False,BFI IMAX K 22
2026-05-24T14:59:21Z,K,21,sold,False,BFI IMAX K 21
2026-05-24T14:59:21Z,K,20,sold,False,BFI IMAX K 20
2026-05-24T14:59:21Z,K,19,sold,False,BFI IMAX K 19
2026-05-24T14:59:21Z,K,18,sold,False,BFI IMAX K 18
2026-05-24T14:59:21Z,K,17,sold,False,BFI IMAX K 17
2026-05-24T14:59:21Z,K,16,sold,False,BFI IMAX K 16
2026-05-24T14:59:21Z,K,15,sold,False,BFI IMAX K 15
2026-05-24T14:59:21Z,K,14,sold,False,BFI IMAX K 14
2026-05-24T14:59:21Z,K,13,sold,False,BFI IMAX K 13
2026-05-24T14:59:21Z,K,12,sold,False,BFI IMAX K 12
2026-05-24T14:59:21Z,K,11,sold,False,BFI IMAX K 11
2026-05-24T14:59:21Z,K,10,sold,False,BFI IMAX K 10
2026-05-24T14:59:21Z,K,9,sold,False,BFI IMAX K 9
2026-05-24T14:59:21Z,K,8,sold,False,BFI IMAX K 8
2026-05-24T14:59:21Z,K,7,sold,False,BFI IMAX K 7
2026-05-24T14:59:21Z,K,6,sold,False,BFI IMAX K 6
2026-05-24T14:59:21Z,K,5,sold,False,BFI IMAX K 5
2026-05-24T14:59:21Z,K,4,sold,False,BFI IMAX K 4
2026-05-24T14:59:21Z,K,3,sold,False,BFI IMAX K 3
2026-05-24T14:59:21Z,K,2,sold,False,BFI IMAX K 2
2026-05-24T14:59:21Z,K,1,sold,False,BFI IMAX K 1
2026-05-24T14:59:21Z,L,33,sold,False,BFI IMAX L 33
2026-05-24T14:59:21Z,L,32,sold,False,BFI IMAX L 32
2026-05-24T14:59:21Z,L,31,sold,False,BFI IMAX L 31
2026-05-24T14:59:21Z,L,30,sold,False,BFI IMAX L 30
2026-05-24T14:59:21Z,L,29,sold,False,BFI IMAX L 29
2026-05-24T14:59:21Z,L,28,sold,False,BFI IMAX L 28
2026-05-24T14:59:21Z,L,27,sold,False,BFI IMAX L 27
2026-05-24T14:59:21Z,L,26,sold,False,BFI IMAX L 26
2026-05-24T14:59:21Z,L,8,sold,False,BFI IMAX L 8
2026-05-24T14:59:21Z,L,7,sold,False,BFI IMAX L 7
2026-05-24T14:59:21Z,L,6,sold,False,BFI IMAX L 6
2026-05-24T14:59:21Z,L,5,sold,False,BFI IMAX L 5
2026-05-24T14:59:21Z,L,4,sold,False,BFI IMAX L 4
2026-05-24T14:59:21Z,L,3,sold,False,BFI IMAX L 3
2026-05-24T14:59:21Z,L,2,sold,False,BFI IMAX L 2
2026-05-24T14:59:21Z,L,1,sold,False,BFI IMAX L 1
2026-05-24T14:59:21Z,M,34,sold,False,BFI IMAX M 34
2026-05-24T14:59:21Z,M,33,sold,False,BFI IMAX M 33
2026-05-24T14:59:21Z,M,32,sold,False,BFI IMAX M 32
2026-05-24T14:59:21Z,M,31,sold,False,BFI IMAX M 31
2026-05-24T14:59:21Z,M,30,sold,False,BFI IMAX M 30
2026-05-24T14:59:21Z,M,29,sold,False,BFI IMAX M 29
2026-05-24T14:59:21Z,M,28,sold,False,BFI IMAX M 28
2026-05-24T14:59:21Z,M,27,sold,False,BFI IMAX M 27
2026-05-24T14:59:21Z,M,8,sold,False,BFI IMAX M 8
2026-05-24T14:59:21Z,M,7,sold,False,BFI IMAX M 7
2026-05-24T14:59:21Z,M,6,sold,False,BFI IMAX M 6
2026-05-24T14:59:21Z,M,5,sold,False,BFI IMAX M 5
2026-05-24T14:59:21Z,M,4,sold,False,BFI IMAX M 4
2026-05-24T14:59:21Z,M,3,sold,False,BFI IMAX M 3
2026-05-24T14:59:21Z,M,2,sold,False,BFI IMAX M 2
2026-05-24T14:59:21Z,M,1,sold,False,BFI IMAX M 1
2026-05-24T14:59:21Z,N,34,unavailable,False,BFI IMAX N 34
2026-05-24T14:59:21Z,N,33,unavailable,False,BFI IMAX N 33
2026-05-24T14:59:21Z,N,32,unavailable,False,BFI IMAX N 32
2026-05-24T14:59:21Z,N,31,unavailable,False,BFI IMAX N 31
2026-05-24T14:59:21Z,N,30,unavailable,False,BFI IMAX N 30
2026-05-24T14:59:21Z,N,29,unavailable,False,BFI IMAX N 29
2026-05-24T14:59:21Z,N,28,unavailable,False,BFI IMAX N 28
2026-05-24T14:59:21Z,N,27,unavailable,False,BFI IMAX N 27
2026-05-24T14:59:21Z,A,11,available,False,BFI IMAX A 11
2026-05-24T14:59:21Z,A,10,available,False,BFI IMAX A 10
2026-05-24T14:59:21Z,N,6,sold,False,BFI IMAX N 6
2026-05-24T14:59:21Z,N,5,sold,False,BFI IMAX N 5
2026-05-24T14:59:21Z,N,4,sold,False,BFI IMAX N 4
2026-05-24T14:59:21Z,N,3,sold,False,BFI IMAX N 3
2026-05-24T14:59:21Z,N,2,sold,False,BFI IMAX N 2
2026-05-24T14:59:21Z,N,1,sold,False,BFI IMAX N 1
2026-05-24T14:59:21Z,P,31,unavailable,False,BFI IMAX P 31
2026-05-24T14:59:21Z,A,9,available,False,BFI IMAX A 9
2026-05-24T14:59:21Z,A,8,available,False,BFI IMAX A 8
2026-05-24T14:59:21Z,P,26,unavailable,False,BFI IMAX P 26
2026-05-24T14:59:21Z,P,6,sold,False,BFI IMAX P 6
2026-05-24T14:59:21Z,A,7,available,False,BFI IMAX A 7
2026-05-24T14:59:21Z,A,6,available,False,BFI IMAX A 6
2026-05-24T14:59:21Z,P,1,unavailable,False,BFI IMAX P 1
2026-05-24T14:59:21Z,M,11,sold,False,BFI IMAX M 11
2026-05-24T14:59:21Z,M,10,sold,False,BFI IMAX M 10
2026-05-24T14:59:21Z,M,9,sold,False,BFI IMAX M 9
2026-05-24T14:59:21Z,L,9,sold,False,BFI IMAX L 9
2026-05-24T14:59:21Z,L,25,sold,False,BFI IMAX L 25
2026-05-24T14:59:21Z,L,24,sold,False,BFI IMAX L 24
2026-05-24T14:59:21Z,L,23,sold,False,BFI IMAX L 23
2026-05-24T14:59:21Z,L,22,sold,False,BFI IMAX L 22
2026-05-24T14:59:21Z,L,21,sold,False,BFI IMAX L 21
2026-05-24T14:59:21Z,L,20,sold,False,BFI IMAX L 20
2026-05-24T14:59:21Z,L,19,sold,False,BFI IMAX L 19
2026-05-24T14:59:21Z,L,18,sold,False,BFI IMAX L 18
2026-05-24T14:59:21Z,L,17,sold,False,BFI IMAX L 17
2026-05-24T14:59:21Z,L,16,sold,False,BFI IMAX L 16
2026-05-24T14:59:21Z,L,15,sold,False,BFI IMAX L 15
2026-05-24T14:59:21Z,L,14,sold,False,BFI IMAX L 14
2026-05-24T14:59:21Z,L,13,sold,False,BFI IMAX L 13
2026-05-24T14:59:21Z,L,12,sold,False,BFI IMAX L 12
2026-05-24T14:59:21Z,L,11,sold,False,BFI IMAX L 11
2026-05-24T14:59:21Z,N,26,unavailable,False,BFI IMAX N 26
2026-05-24T14:59:21Z,N,25,unavailable,False,BFI IMAX N 25
2026-05-24T14:59:21Z,N,24,unavailable,False,BFI IMAX N 24
2026-05-24T14:59:21Z,N,23,unavailable,False,BFI IMAX N 23
2026-05-24T14:59:21Z,N,22,sold,False,BFI IMAX N 22
2026-05-24T14:59:21Z,N,21,sold,False,BFI IMAX N 21
2026-05-24T14:59:21Z,N,20,sold,False,BFI IMAX N 20
2026-05-24T14:59:21Z,N,19,sold,False,BFI IMAX N 19
2026-05-24T14:59:21Z,N,18,sold,False,BFI IMAX N 18
2026-05-24T14:59:21Z,N,17,sold,False,BFI IMAX N 17
2026-05-24T14:59:21Z,N,16,sold,False,BFI IMAX N 16
2026-05-24T14:59:21Z,N,15,sold,False,BFI IMAX N 15
2026-05-24T14:59:21Z,N,14,sold,False,BFI IMAX N 14
2026-05-24T14:59:21Z,N,13,sold,False,BFI IMAX N 13
2026-05-24T14:59:21Z,N,12,unavailable,False,BFI IMAX N 12
2026-05-24T14:59:21Z,N,11,unavailable,False,BFI IMAX N 11
2026-05-24T14:59:21Z,N,10,unavailable,False,BFI IMAX N 10
2026-05-24T14:59:21Z,N,9,unavailable,False,BFI IMAX N 9
2026-05-24T14:59:21Z,L,10,sold,False,BFI IMAX L 10
2026-05-24T14:59:21Z,M,26,sold,False,BFI IMAX M 26
2026-05-24T14:59:21Z,M,25,sold,False,BFI IMAX M 25
2026-05-24T14:59:21Z,M,24,sold,False,BFI IMAX M 24
2026-05-24T14:59:21Z,M,23,sold,False,BFI IMAX M 23
2026-05-24T14:59:21Z,M,22,sold,False,BFI IMAX M 22
2026-05-24T14:59:21Z,M,21,sold,False,BFI IMAX M 21
2026-05-24T14:59:21Z,M,20,sold,False,BFI IMAX M 20
2026-05-24T14:59:21Z,M,19,sold,False,BFI IMAX M 19
2026-05-24T14:59:21Z,M,18,sold,False,BFI IMAX M 18
2026-05-24T14:59:21Z,M,17,sold,False,BFI IMAX M 17
2026-05-24T14:59:21Z,M,16,sold,False,BFI IMAX M 16
2026-05-24T14:59:21Z,M,15,sold,False,BFI IMAX M 15
2026-05-24T14:59:21Z,M,14,sold,False,BFI IMAX M 14
2026-05-24T14:59:21Z,M,13,sold,False,BFI IMAX M 13
2026-05-24T14:59:21Z,M,12,sold,False,BFI IMAX M 12
2026-05-24T14:59:21Z,P,30,unavailable,True,BFI IMAX P 30
2026-05-24T14:59:21Z,P,27,unavailable,True,BFI IMAX P 27
2026-05-24T14:59:21Z,P,2,unavailable,True,BFI IMAX P 2
2026-05-24T14:59:21Z,P,5,sold,True,BFI IMAX P 5
2026-05-24T14:59:21Z,P,19,sold,False,BFI IMAX P 19
2026-05-24T14:59:21Z,P,18,sold,False,BFI IMAX P 18
2026-05-24T14:59:21Z,P,17,sold,False,BFI IMAX P 17
2026-05-24T14:59:21Z,P,16,sold,False,BFI IMAX P 16
2026-05-24T14:59:21Z,P,15,sold,False,BFI IMAX P 15
2026-05-24T14:59:21Z,P,14,sold,False,BFI IMAX P 14
2026-05-24T14:59:21Z,P,13,sold,False,BFI IMAX P 13
2026-05-24T14:59:21Z,P,12,sold,False,BFI IMAX P 12
2026-05-24T14:59:21Z,P,11,sold,False,BFI IMAX P 11
2026-05-24T14:59:21Z,P,10,sold,False,BFI IMAX P 10
2026-05-24T14:59:21Z,P,9,sold,False,BFI IMAX P 9
2026-05-24T14:59:21Z,P,8,sold,False,BFI IMAX P 8
2026-05-24T14:59:21Z,P,7,sold,False,BFI IMAX P 7
2026-05-24T14:59:21Z,P,25,sold,False,BFI IMAX P 25
2026-05-24T14:59:21Z,P,24,sold,False,BFI IMAX P 24
2026-05-24T14:59:21Z,P,23,sold,False,BFI IMAX P 23
2026-05-24T14:59:21Z,P,22,sold,False,BFI IMAX P 22
2026-05-24T14:59:21Z,P,21,sold,False,BFI IMAX P 21
2026-05-24T14:59:21Z,P,20,sold,False,BFI IMAX P 20
2026-05-24T14:59:21Z,Q,18,sold,False,BFI IMAX Q 18
2026-05-24T14:59:21Z,Q,17,sold,False,BFI IMAX Q 17
2026-05-24T14:59:21Z,Q,16,sold,False,BFI IMAX Q 16
2026-05-24T14:59:21Z,Q,15,sold,False,BFI IMAX Q 15
2026-05-24T14:59:21Z,Q,14,sold,False,BFI IMAX Q 14
2026-05-24T14:59:21Z,Q,13,sold,False,BFI IMAX Q 13
2026-05-24T14:59:21Z,Q,12,sold,False,BFI IMAX Q 12
2026-05-24T14:59:21Z,Q,11,sold,False,BFI IMAX Q 11
2026-05-24T14:59:21Z,Q,10,sold,False,BFI IMAX Q 10
2026-05-24T14:59:21Z,Q,9,sold,False,BFI IMAX Q 9
2026-05-24T14:59:21Z,Q,8,sold,False,BFI IMAX Q 8
2026-05-24T14:59:21Z,Q,7,sold,False,BFI IMAX Q 7
2026-05-24T14:59:21Z,Q,6,sold,False,BFI IMAX Q 6
2026-05-24T14:59:21Z,Q,5,sold,False,BFI IMAX Q 5
2026-05-24T14:59:21Z,Q,4,sold,False,BFI IMAX Q 4
2026-05-24T14:59:21Z,Q,3,sold,False,BFI IMAX Q 3
2026-05-24T14:59:21Z,Q,2,sold,False,BFI IMAX Q 2
2026-05-24T14:59:21Z,Q,1,sold,False,BFI IMAX Q 1
2026-05-24T15:29:46Z,K,27,unavailable,False,BFI IMAX K 27
2026-05-24T15:29:46Z,K,26,unavailable,False,BFI IMAX K 26
2026-05-24T15:29:46Z,N,8,unavailable,False,BFI IMAX N 8
2026-05-24T15:29:46Z,N,7,unavailable,False,BFI IMAX N 7
2026-05-24T15:29:46Z,P,29,unavailable,True,BFI IMAX P 29
2026-05-24T15:29:46Z,P,28,unavailable,True,BFI IMAX P 28
2026-05-24T15:29:46Z,P,4,unavailable,True,BFI IMAX P 4
2026-05-24T15:29:46Z,P,3,unavailable,True,BFI IMAX P 3
2026-05-24T15:29:46Z,A,5,available,False,BFI IMAX A 5
2026-05-24T15:29:46Z,A,4,available,False,BFI IMAX A 4
2026-05-24T15:29:46Z,A,3,available,False,BFI IMAX A 3
2026-05-24T15:29:46Z,A,2,available,False,BFI IMAX A 2
2026-05-24T15:29:46Z,A,1,available,False,BFI IMAX A 1
2026-05-24T15:29:46Z,B,36,available,False,BFI IMAX B 36
2026-05-24T15:29:46Z,B,35,available,False,BFI IMAX B 35
2026-05-24T15:29:46Z,B,34,available,False,BFI IMAX B 34
2026-05-24T15:29:46Z,B,33,available,False,BFI IMAX B 33
2026-05-24T15:29:46Z,B,32,available,False,BFI IMAX B 32
2026-05-24T15:29:46Z,B,31,available,False,BFI IMAX B 31
2026-05-24T15:29:46Z,B,30,available,False,BFI IMAX B 30
2026-05-24T15:29:46Z,B,29,available,False,BFI IMAX B 29
2026-05-24T15:29:46Z,B,28,available,False,BFI IMAX B 28
2026-05-24T15:29:46Z,B,27,available,False,BFI IMAX B 27
2026-05-24T15:29:46Z,B,26,available,False,BFI IMAX B 26
2026-05-24T15:29:46Z,B,25,available,False,BFI IMAX B 25
2026-05-24T15:29:46Z,B,24,available,False,BFI IMAX B 24
2026-05-24T15:29:46Z,B,23,available,False,BFI IMAX B 23
2026-05-24T15:29:46Z,B,22,available,False,BFI IMAX B 22
2026-05-24T15:29:46Z,B,21,sold,False,BFI IMAX B 21
2026-05-24T15:29:46Z,B,20,sold,False,BFI IMAX B 20
2026-05-24T15:29:46Z,B,19,sold,False,BFI IMAX B 19
2026-05-24T15:29:46Z,B,18,sold,False,BFI IMAX B 18
2026-05-24T15:29:46Z,B,17,sold,False,BFI IMAX B 17
2026-05-24T15:29:46Z,B,16,sold,False,BFI IMAX B 16
2026-05-24T15:29:46Z,B,15,available,False,BFI IMAX B 15
2026-05-24T15:29:46Z,B,14,available,False,BFI IMAX B 14
2026-05-24T15:29:46Z,B,13,available,False,BFI IMAX B 13
2026-05-24T15:29:46Z,B,12,available,False,BFI IMAX B 12
2026-05-24T15:29:46Z,B,11,available,False,BFI IMAX B 11
2026-05-24T15:29:46Z,B,10,available,False,BFI IMAX B 10
2026-05-24T15:29:46Z,B,9,available,False,BFI IMAX B 9
2026-05-24T15:29:46Z,B,8,available,False,BFI IMAX B 8
2026-05-24T15:29:46Z,B,7,available,False,BFI IMAX B 7
2026-05-24T15:29:46Z,B,6,available,False,BFI IMAX B 6
2026-05-24T15:29:46Z,B,5,available,False,BFI IMAX B 5
2026-05-24T15:29:46Z,B,4,available,False,BFI IMAX B 4
2026-05-24T15:29:46Z,B,3,available,False,BFI IMAX B 3
2026-05-24T15:29:46Z,B,2,available,False,BFI IMAX B 2
2026-05-24T15:29:46Z,B,1,available,False,BFI IMAX B 1
2026-05-24T15:29:46Z,C,36,available,False,BFI IMAX C 36
2026-05-24T15:29:46Z,C,35,available,False,BFI IMAX C 35
2026-05-24T15:29:46Z,C,34,available,False,BFI IMAX C 34
2026-05-24T15:29:46Z,C,33,available,False,BFI IMAX C 33
2026-05-24T15:29:46Z,C,32,available,False,BFI IMAX C 32
2026-05-24T15:29:46Z,C,31,available,False,BFI IMAX C 31
2026-05-24T15:29:46Z,C,30,available,False,BFI IMAX C 30
2026-05-24T15:29:46Z,C,29,available,False,BFI IMAX C 29
2026-05-24T15:29:46Z,C,28,available,False,BFI IMAX C 28
2026-05-24T15:29:46Z,C,27,available,False,BFI IMAX C 27
2026-05-24T15:29:46Z,C,26,available,False,BFI IMAX C 26
2026-05-24T15:29:46Z,C,25,sold,False,BFI IMAX C 25
2026-05-24T15:29:46Z,C,24,sold,False,BFI IMAX C 24
2026-05-24T15:29:46Z,C,23,sold,False,BFI IMAX C 23
2026-05-24T15:29:46Z,C,22,sold,False,BFI IMAX C 22
2026-05-24T15:29:46Z,C,21,sold,False,BFI IMAX C 21
2026-05-24T15:29:46Z,C,20,sold,False,BFI IMAX C 20
2026-05-24T15:29:46Z,C,19,sold,False,BFI IMAX C 19
2026-05-24T15:29:46Z,C,18,sold,False,BFI IMAX C 18
2026-05-24T15:29:46Z,C,17,sold,False,BFI IMAX C 17
2026-05-24T15:29:46Z,C,16,sold,False,BFI IMAX C 16
2026-05-24T15:29:46Z,C,15,sold,False,BFI IMAX C 15
2026-05-24T15:29:46Z,C,14,sold,False,BFI IMAX C 14
2026-05-24T15:29:46Z,C,13,sold,False,BFI IMAX C 13
2026-05-24T15:29:46Z,C,12,sold,False,BFI IMAX C 12
2026-05-24T15:29:46Z,C,11,sold,False,BFI IMAX C 11
2026-05-24T15:29:46Z,C,10,sold,False,BFI IMAX C 10
2026-05-24T15:29:46Z,C,9,available,False,BFI IMAX C 9
2026-05-24T15:29:46Z,C,8,available,False,BFI IMAX C 8
2026-05-24T15:29:46Z,C,7,available,False,BFI IMAX C 7
2026-05-24T15:29:46Z,C,6,available,False,BFI IMAX C 6
2026-05-24T15:29:46Z,C,5,available,False,BFI IMAX C 5
2026-05-24T15:29:46Z,C,4,available,False,BFI IMAX C 4
2026-05-24T15:29:46Z,C,3,available,False,BFI IMAX C 3
2026-05-24T15:29:46Z,C,2,available,False,BFI IMAX C 2
2026-05-24T15:29:46Z,C,1,available,False,BFI IMAX C 1
2026-05-24T15:29:46Z,D,37,available,False,BFI IMAX D 37
2026-05-24T15:29:46Z,D,36,available,False,BFI IMAX D 36
2026-05-24T15:29:46Z,D,35,available,False,BFI IMAX D 35
2026-05-24T15:29:46Z,D,34,available,False,BFI IMAX D 34
2026-05-24T15:29:46Z,D,33,available,False,BFI IMAX D 33
2026-05-24T15:29:46Z,D,32,available,False,BFI IMAX D 32
2026-05-24T15:29:46Z,D,31,available,False,BFI IMAX D 31
2026-05-24T15:29:46Z,D,30,available,False,BFI IMAX D 30
2026-05-24T15:29:46Z,D,29,available,False,BFI IMAX D 29
2026-05-24T15:29:46Z,D,28,sold,False,BFI IMAX D 28
2026-05-24T15:29:46Z,D,27,sold,False,BFI IMAX D 27
2026-05-24T15:29:46Z,D,26,sold,False,BFI IMAX D 26
2026-05-24T15:29:46Z,D,25,sold,False,BFI IMAX D 25
2026-05-24T15:29:46Z,D,24,sold,False,BFI IMAX D 24
2026-05-24T15:29:46Z,D,23,sold,False,BFI IMAX D 23
2026-05-24T15:29:46Z,D,22,sold,False,BFI IMAX D 22
2026-05-24T15:29:46Z,D,21,sold,False,BFI IMAX D 21
2026-05-24T15:29:46Z,D,20,sold,False,BFI IMAX D 20
2026-05-24T15:29:46Z,D,19,sold,False,BFI IMAX D 19
2026-05-24T15:29:46Z,D,18,sold,False,BFI IMAX D 18
2026-05-24T15:29:46Z,D,17,sold,False,BFI IMAX D 17
2026-05-24T15:29:46Z,D,16,sold,False,BFI IMAX D 16
2026-05-24T15:29:46Z,D,15,sold,False,BFI IMAX D 15
2026-05-24T15:29:46Z,D,14,sold,False,BFI IMAX D 14
2026-05-24T15:29:46Z,D,13,sold,False,BFI IMAX D 13
2026-05-24T15:29:46Z,D,12,sold,False,BFI IMAX D 12
2026-05-24T15:29:46Z,D,11,sold,False,BFI IMAX D 11
2026-05-24T15:29:46Z,D,10,sold,False,BFI IMAX D 10
2026-05-24T15:29:46Z,D,9,available,False,BFI IMAX D 9
2026-05-24T15:29:46Z,D,8,available,False,BFI IMAX D 8
2026-05-24T15:29:46Z,D,7,available,False,BFI IMAX D 7
2026-05-24T15:29:46Z,D,6,available,False,BFI IMAX D 6
2026-05-24T15:29:46Z,D,5,available,False,BFI IMAX D 5
2026-05-24T15:29:46Z,D,4,available,False,BFI IMAX D 4
2026-05-24T15:29:46Z,D,3,available,False,BFI IMAX D 3
2026-05-24T15:29:46Z,D,2,available,False,BFI IMAX D 2
2026-05-24T15:29:46Z,D,1,available,False,BFI IMAX D 1
2026-05-24T15:29:46Z,E,37,available,False,BFI IMAX E 37
2026-05-24T15:29:46Z,E,36,available,False,BFI IMAX E 36
2026-05-24T15:29:46Z,E,35,available,False,BFI IMAX E 35
2026-05-24T15:29:46Z,E,34,available,False,BFI IMAX E 34
2026-05-24T15:29:46Z,E,33,available,False,BFI IMAX E 33
2026-05-24T15:29:46Z,E,32,sold,False,BFI IMAX E 32
2026-05-24T15:29:46Z,E,31,sold,False,BFI IMAX E 31
2026-05-24T15:29:46Z,E,30,sold,False,BFI IMAX E 30
2026-05-24T15:29:46Z,E,29,sold,False,BFI IMAX E 29
2026-05-24T15:29:46Z,E,28,sold,False,BFI IMAX E 28
2026-05-24T15:29:46Z,E,27,sold,False,BFI IMAX E 27
2026-05-24T15:29:46Z,E,26,sold,False,BFI IMAX E 26
2026-05-24T15:29:46Z,E,25,sold,False,BFI IMAX E 25
2026-05-24T15:29:46Z,E,24,sold,False,BFI IMAX E 24
2026-05-24T15:29:46Z,E,23,sold,False,BFI IMAX E 23
2026-05-24T15:29:46Z,E,22,sold,False,BFI IMAX E 22
2026-05-24T15:29:46Z,E,21,sold,False,BFI IMAX E 21
2026-05-24T15:29:46Z,E,20,sold,False,BFI IMAX E 20
2026-05-24T15:29:46Z,E,19,sold,False,BFI IMAX E 19
2026-05-24T15:29:46Z,E,18,sold,False,BFI IMAX E 18
2026-05-24T15:29:46Z,E,17,sold,False,BFI IMAX E 17
2026-05-24T15:29:46Z,E,16,sold,False,BFI IMAX E 16
2026-05-24T15:29:46Z,E,15,sold,False,BFI IMAX E 15
2026-05-24T15:29:46Z,E,14,sold,False,BFI IMAX E 14
2026-05-24T15:29:46Z,E,13,sold,False,BFI IMAX E 13
2026-05-24T15:29:46Z,E,12,sold,False,BFI IMAX E 12
2026-05-24T15:29:46Z,E,11,sold,False,BFI IMAX E 11
2026-05-24T15:29:46Z,E,10,sold,False,BFI IMAX E 10
2026-05-24T15:29:46Z,E,9,sold,False,BFI IMAX E 9
2026-05-24T15:29:46Z,E,8,sold,False,BFI IMAX E 8
2026-05-24T15:29:46Z,E,7,sold,False,BFI IMAX E 7
2026-05-24T15:29:46Z,E,6,sold,False,BFI IMAX E 6
2026-05-24T15:29:46Z,E,5,sold,False,BFI IMAX E 5
2026-05-24T15:29:46Z,E,4,available,False,BFI IMAX E 4
2026-05-24T15:29:46Z,E,3,available,False,BFI IMAX E 3
2026-05-24T15:29:46Z,E,2,available,False,BFI IMAX E 2
2026-05-24T15:29:46Z,E,1,available,False,BFI IMAX E 1
2026-05-24T15:29:46Z,F,38,available,False,BFI IMAX F 38
2026-05-24T15:29:46Z,F,37,sold,False,BFI IMAX F 37
2026-05-24T15:29:46Z,F,36,sold,False,BFI IMAX F 36
2026-05-24T15:29:46Z,F,35,sold,False,BFI IMAX F 35
2026-05-24T15:29:46Z,F,34,sold,False,BFI IMAX F 34
2026-05-24T15:29:46Z,F,33,sold,False,BFI IMAX F 33
2026-05-24T15:29:46Z,F,32,sold,False,BFI IMAX F 32
2026-05-24T15:29:46Z,F,31,sold,False,BFI IMAX F 31
2026-05-24T15:29:46Z,F,30,sold,False,BFI IMAX F 30
2026-05-24T15:29:46Z,F,29,sold,False,BFI IMAX F 29
2026-05-24T15:29:46Z,F,28,sold,False,BFI IMAX F 28
2026-05-24T15:29:46Z,F,27,sold,False,BFI IMAX F 27
2026-05-24T15:29:46Z,F,26,sold,False,BFI IMAX F 26
2026-05-24T15:29:46Z,F,25,sold,False,BFI IMAX F 25
2026-05-24T15:29:46Z,F,24,sold,False,BFI IMAX F 24
2026-05-24T15:29:46Z,F,23,sold,False,BFI IMAX F 23
2026-05-24T15:29:46Z,F,22,sold,False,BFI IMAX F 22
2026-05-24T15:29:46Z,F,21,sold,False,BFI IMAX F 21
2026-05-24T15:29:46Z,F,20,sold,False,BFI IMAX F 20
2026-05-24T15:29:46Z,F,19,sold,False,BFI IMAX F 19
2026-05-24T15:29:46Z,F,18,sold,False,BFI IMAX F 18
2026-05-24T15:29:46Z,F,17,sold,False,BFI IMAX F 17
2026-05-24T15:29:46Z,F,16,sold,False,BFI IMAX F 16
2026-05-24T15:29:46Z,F,15,sold,False,BFI IMAX F 15
2026-05-24T15:29:46Z,F,14,sold,False,BFI IMAX F 14
2026-05-24T15:29:46Z,F,13,sold,False,BFI IMAX F 13
2026-05-24T15:29:46Z,F,12,sold,False,BFI IMAX F 12
2026-05-24T15:29:46Z,F,11,sold,False,BFI IMAX F 11
2026-05-24T15:29:46Z,F,10,sold,False,BFI IMAX F 10
2026-05-24T15:29:46Z,F,9,sold,False,BFI IMAX F 9
2026-05-24T15:29:46Z,F,8,sold,False,BFI IMAX F 8
2026-05-24T15:29:46Z,F,7,sold,False,BFI IMAX F 7
2026-05-24T15:29:46Z,F,6,sold,False,BFI IMAX F 6
2026-05-24T15:29:46Z,F,5,sold,False,BFI IMAX F 5
2026-05-24T15:29:46Z,F,4,sold,False,BFI IMAX F 4
2026-05-24T15:29:46Z,F,3,sold,False,BFI IMAX F 3
2026-05-24T15:29:46Z,F,2,sold,False,BFI IMAX F 2
2026-05-24T15:29:46Z,F,1,sold,False,BFI IMAX F 1
2026-05-24T15:29:46Z,G,37,sold,False,BFI IMAX G 37
2026-05-24T15:29:46Z,G,36,sold,False,BFI IMAX G 36
2026-05-24T15:29:46Z,G,35,sold,False,BFI IMAX G 35
2026-05-24T15:29:46Z,G,34,sold,False,BFI IMAX G 34
2026-05-24T15:29:46Z,G,33,sold,False,BFI IMAX G 33
2026-05-24T15:29:46Z,G,32,sold,False,BFI IMAX G 32
2026-05-24T15:29:46Z,G,31,sold,False,BFI IMAX G 31
2026-05-24T15:29:46Z,G,30,sold,False,BFI IMAX G 30
2026-05-24T15:29:46Z,G,29,sold,False,BFI IMAX G 29
2026-05-24T15:29:46Z,G,28,sold,False,BFI IMAX G 28
2026-05-24T15:29:46Z,G,27,sold,False,BFI IMAX G 27
2026-05-24T15:29:46Z,G,26,sold,False,BFI IMAX G 26
2026-05-24T15:29:46Z,G,25,sold,False,BFI IMAX G 25
2026-05-24T15:29:46Z,G,24,sold,False,BFI IMAX G 24
2026-05-24T15:29:46Z,G,23,sold,False,BFI IMAX G 23
2026-05-24T15:29:46Z,G,22,sold,False,BFI IMAX G 22
2026-05-24T15:29:46Z,G,21,sold,False,BFI IMAX G 21
2026-05-24T15:29:46Z,G,20,sold,False,BFI IMAX G 20
2026-05-24T15:29:46Z,G,19,sold,False,BFI IMAX G 19
2026-05-24T15:29:46Z,G,18,sold,False,BFI IMAX G 18
2026-05-24T15:29:46Z,G,17,sold,False,BFI IMAX G 17
2026-05-24T15:29:46Z,G,16,sold,False,BFI IMAX G 16
2026-05-24T15:29:46Z,G,15,sold,False,BFI IMAX G 15
2026-05-24T15:29:46Z,G,14,sold,False,BFI IMAX G 14
2026-05-24T15:29:46Z,G,13,sold,False,BFI IMAX G 13
2026-05-24T15:29:46Z,G,12,sold,False,BFI IMAX G 12
2026-05-24T15:29:46Z,G,11,sold,False,BFI IMAX G 11
2026-05-24T15:29:46Z,G,10,sold,False,BFI IMAX G 10
2026-05-24T15:29:46Z,G,9,sold,False,BFI IMAX G 9
2026-05-24T15:29:46Z,G,8,sold,False,BFI IMAX G 8
2026-05-24T15:29:46Z,G,7,sold,False,BFI IMAX G 7
2026-05-24T15:29:46Z,G,6,sold,False,BFI IMAX G 6
2026-05-24T15:29:46Z,G,5,sold,False,BFI IMAX G 5
2026-05-24T15:29:46Z,G,4,sold,False,BFI IMAX G 4
2026-05-24T15:29:46Z,G,3,sold,False,BFI IMAX G 3
2026-05-24T15:29:46Z,G,2,sold,False,BFI IMAX G 2
2026-05-24T15:29:46Z,G,1,sold,False,BFI IMAX G 1
2026-05-24T15:29:46Z,H,37,sold,False,BFI IMAX H 37
2026-05-24T15:29:46Z,H,36,sold,False,BFI IMAX H 36
2026-05-24T15:29:46Z,H,35,sold,False,BFI IMAX H 35
2026-05-24T15:29:46Z,H,34,sold,False,BFI IMAX H 34
2026-05-24T15:29:46Z,H,33,sold,False,BFI IMAX H 33
2026-05-24T15:29:46Z,H,32,sold,False,BFI IMAX H 32
2026-05-24T15:29:46Z,H,31,sold,False,BFI IMAX H 31
2026-05-24T15:29:46Z,H,30,sold,False,BFI IMAX H 30
2026-05-24T15:29:46Z,H,29,sold,False,BFI IMAX H 29
2026-05-24T15:29:46Z,H,28,sold,False,BFI IMAX H 28
2026-05-24T15:29:46Z,H,27,sold,False,BFI IMAX H 27
2026-05-24T15:29:46Z,H,26,sold,False,BFI IMAX H 26
2026-05-24T15:29:46Z,H,25,sold,False,BFI IMAX H 25
2026-05-24T15:29:46Z,H,24,sold,False,BFI IMAX H 24
2026-05-24T15:29:46Z,H,23,sold,False,BFI IMAX H 23
2026-05-24T15:29:46Z,H,22,sold,False,BFI IMAX H 22
2026-05-24T15:29:46Z,H,21,sold,False,BFI IMAX H 21
2026-05-24T15:29:46Z,H,20,sold,False,BFI IMAX H 20
2026-05-24T15:29:46Z,H,19,sold,False,BFI IMAX H 19
2026-05-24T15:29:46Z,H,18,sold,False,BFI IMAX H 18
2026-05-24T15:29:46Z,H,17,sold,False,BFI IMAX H 17
2026-05-24T15:29:46Z,H,16,sold,False,BFI IMAX H 16
2026-05-24T15:29:46Z,H,15,sold,False,BFI IMAX H 15
2026-05-24T15:29:46Z,H,14,sold,False,BFI IMAX H 14
2026-05-24T15:29:46Z,H,13,sold,False,BFI IMAX H 13
2026-05-24T15:29:46Z,H,12,sold,False,BFI IMAX H 12
2026-05-24T15:29:46Z,H,11,sold,False,BFI IMAX H 11
2026-05-24T15:29:46Z,H,10,sold,False,BFI IMAX H 10
2026-05-24T15:29:46Z,H,9,sold,False,BFI IMAX H 9
2026-05-24T15:29:46Z,H,8,sold,False,BFI IMAX H 8
2026-05-24T15:29:46Z,H,7,sold,False,BFI IMAX H 7
2026-05-24T15:29:46Z,H,6,sold,False,BFI IMAX H 6
2026-05-24T15:29:46Z,H,5,sold,False,BFI IMAX H 5
2026-05-24T15:29:46Z,H,4,sold,False,BFI IMAX H 4
2026-05-24T15:29:46Z,H,3,sold,False,BFI IMAX H 3
2026-05-24T15:29:46Z,H,2,sold,False,BFI IMAX H 2
2026-05-24T15:29:46Z,H,1,sold,False,BFI IMAX H 1
2026-05-24T15:29:46Z,J,36,sold,False,BFI IMAX J 36
2026-05-24T15:29:46Z,J,35,sold,False,BFI IMAX J 35
2026-05-24T15:29:46Z,J,34,sold,False,BFI IMAX J 34
2026-05-24T15:29:46Z,J,33,sold,False,BFI IMAX J 33
2026-05-24T15:29:46Z,J,32,sold,False,BFI IMAX J 32
2026-05-24T15:29:46Z,J,31,sold,False,BFI IMAX J 31
2026-05-24T15:29:46Z,J,30,sold,False,BFI IMAX J 30
2026-05-24T15:29:46Z,J,29,sold,False,BFI IMAX J 29
2026-05-24T15:29:46Z,J,28,sold,False,BFI IMAX J 28
2026-05-24T15:29:46Z,J,27,sold,False,BFI IMAX J 27
2026-05-24T15:29:46Z,J,26,sold,False,BFI IMAX J 26
2026-05-24T15:29:46Z,J,25,sold,False,BFI IMAX J 25
2026-05-24T15:29:46Z,J,24,sold,False,BFI IMAX J 24
2026-05-24T15:29:46Z,J,23,sold,False,BFI IMAX J 23
2026-05-24T15:29:46Z,J,22,sold,False,BFI IMAX J 22
2026-05-24T15:29:46Z,J,21,sold,False,BFI IMAX J 21
2026-05-24T15:29:46Z,J,20,sold,False,BFI IMAX J 20
2026-05-24T15:29:46Z,J,19,sold,False,BFI IMAX J 19
2026-05-24T15:29:46Z,J,18,sold,False,BFI IMAX J 18
2026-05-24T15:29:46Z,J,17,sold,False,BFI IMAX J 17
2026-05-24T15:29:46Z,J,16,sold,False,BFI IMAX J 16
2026-05-24T15:29:46Z,J,15,sold,False,BFI IMAX J 15
2026-05-24T15:29:46Z,J,14,sold,False,BFI IMAX J 14
2026-05-24T15:29:46Z,J,13,sold,False,BFI IMAX J 13
2026-05-24T15:29:46Z,J,12,sold,False,BFI IMAX J 12
2026-05-24T15:29:46Z,J,11,sold,False,BFI IMAX J 11
2026-05-24T15:29:46Z,J,10,sold,False,BFI IMAX J 10
2026-05-24T15:29:46Z,J,9,sold,False,BFI IMAX J 9
2026-05-24T15:29:46Z,J,8,sold,False,BFI IMAX J 8
2026-05-24T15:29:46Z,J,7,sold,False,BFI IMAX J 7
2026-05-24T15:29:46Z,J,6,sold,False,BFI IMAX J 6
2026-05-24T15:29:46Z,J,5,sold,False,BFI IMAX J 5
2026-05-24T15:29:46Z,J,4,sold,False,BFI IMAX J 4
2026-05-24T15:29:46Z,J,3,sold,False,BFI IMAX J 3
2026-05-24T15:29:46Z,J,2,sold,False,BFI IMAX J 2
2026-05-24T15:29:46Z,J,1,sold,False,BFI IMAX J 1
2026-05-24T15:29:46Z,K,36,sold,False,BFI IMAX K 36
2026-05-24T15:29:46Z,K,35,sold,False,BFI IMAX K 35
2026-05-24T15:29:46Z,K,34,sold,False,BFI IMAX K 34
2026-05-24T15:29:46Z,K,33,sold,False,BFI IMAX K 33
2026-05-24T15:29:46Z,K,32,sold,False,BFI IMAX K 32
2026-05-24T15:29:46Z,K,31,sold,False,BFI IMAX K 31
2026-05-24T15:29:46Z,K,30,sold,False,BFI IMAX K 30
2026-05-24T15:29:46Z,K,29,sold,False,BFI IMAX K 29
2026-05-24T15:29:46Z,K,28,sold,False,BFI IMAX K 28
2026-05-24T15:29:46Z,A,13,available,False,BFI IMAX A 13
2026-05-24T15:29:46Z,A,12,available,False,BFI IMAX A 12
2026-05-24T15:29:46Z,K,25,sold,False,BFI IMAX K 25
2026-05-24T15:29:46Z,K,24,sold,False,BFI IMAX K 24
2026-05-24T15:29:46Z,K,23,sold,False,BFI IMAX K 23
2026-05-24T15:29:46Z,K,22,sold,False,BFI IMAX K 22
2026-05-24T15:29:46Z,K,21,sold,False,BFI IMAX K 21
2026-05-24T15:29:46Z,K,20,sold,False,BFI IMAX K 20
2026-05-24T15:29:46Z,K,19,sold,False,BFI IMAX K 19
2026-05-24T15:29:46Z,K,18,sold,False,BFI IMAX K 18
2026-05-24T15:29:46Z,K,17,sold,False,BFI IMAX K 17
2026-05-24T15:29:46Z,K,16,sold,False,BFI IMAX K 16
2026-05-24T15:29:46Z,K,15,sold,False,BFI IMAX K 15
2026-05-24T15:29:46Z,K,14,sold,False,BFI IMAX K 14
2026-05-24T15:29:46Z,K,13,sold,False,BFI IMAX K 13
2026-05-24T15:29:46Z,K,12,sold,False,BFI IMAX K 12
2026-05-24T15:29:46Z,K,11,sold,False,BFI IMAX K 11
2026-05-24T15:29:46Z,K,10,sold,False,BFI IMAX K 10
2026-05-24T15:29:46Z,K,9,sold,False,BFI IMAX K 9
2026-05-24T15:29:46Z,K,8,sold,False,BFI IMAX K 8
2026-05-24T15:29:46Z,K,7,sold,False,BFI IMAX K 7
2026-05-24T15:29:46Z,K,6,sold,False,BFI IMAX K 6
2026-05-24T15:29:46Z,K,5,sold,False,BFI IMAX K 5
2026-05-24T15:29:46Z,K,4,sold,False,BFI IMAX K 4
2026-05-24T15:29:46Z,K,3,sold,False,BFI IMAX K 3
2026-05-24T15:29:46Z,K,2,sold,False,BFI IMAX K 2
2026-05-24T15:29:46Z,K,1,sold,False,BFI IMAX K 1
2026-05-24T15:29:46Z,L,33,sold,False,BFI IMAX L 33
2026-05-24T15:29:46Z,L,32,sold,False,BFI IMAX L 32
2026-05-24T15:29:46Z,L,31,sold,False,BFI IMAX L 31
2026-05-24T15:29:46Z,L,30,sold,False,BFI IMAX L 30
2026-05-24T15:29:46Z,L,29,sold,False,BFI IMAX L 29
2026-05-24T15:29:46Z,L,28,sold,False,BFI IMAX L 28
2026-05-24T15:29:46Z,L,27,sold,False,BFI IMAX L 27
2026-05-24T15:29:46Z,L,26,sold,False,BFI IMAX L 26
2026-05-24T15:29:46Z,L,8,sold,False,BFI IMAX L 8
2026-05-24T15:29:46Z,L,7,sold,False,BFI IMAX L 7
2026-05-24T15:29:46Z,L,6,sold,False,BFI IMAX L 6
2026-05-24T15:29:46Z,L,5,sold,False,BFI IMAX L 5
2026-05-24T15:29:46Z,L,4,sold,False,BFI IMAX L 4
2026-05-24T15:29:46Z,L,3,sold,False,BFI IMAX L 3
2026-05-24T15:29:46Z,L,2,sold,False,BFI IMAX L 2
2026-05-24T15:29:46Z,L,1,sold,False,BFI IMAX L 1
2026-05-24T15:29:46Z,M,34,sold,False,BFI IMAX M 34
2026-05-24T15:29:46Z,M,33,sold,False,BFI IMAX M 33
2026-05-24T15:29:46Z,M,32,sold,False,BFI IMAX M 32
2026-05-24T15:29:46Z,M,31,sold,False,BFI IMAX M 31
2026-05-24T15:29:46Z,M,30,sold,False,BFI IMAX M 30
2026-05-24T15:29:46Z,M,29,sold,False,BFI IMAX M 29
2026-05-24T15:29:46Z,M,28,sold,False,BFI IMAX M 28
2026-05-24T15:29:46Z,M,27,sold,False,BFI IMAX M 27
2026-05-24T15:29:46Z,M,8,sold,False,BFI IMAX M 8
2026-05-24T15:29:46Z,M,7,sold,False,BFI IMAX M 7
2026-05-24T15:29:46Z,M,6,sold,False,BFI IMAX M 6
2026-05-24T15:29:46Z,M,5,sold,False,BFI IMAX M 5
2026-05-24T15:29:46Z,M,4,sold,False,BFI IMAX M 4
2026-05-24T15:29:46Z,M,3,sold,False,BFI IMAX M 3
2026-05-24T15:29:46Z,M,2,sold,False,BFI IMAX M 2
2026-05-24T15:29:46Z,M,1,sold,False,BFI IMAX M 1
2026-05-24T15:29:46Z,N,34,unavailable,False,BFI IMAX N 34
2026-05-24T15:29:46Z,N,33,unavailable,False,BFI IMAX N 33
2026-05-24T15:29:46Z,N,32,unavailable,False,BFI IMAX N 32
2026-05-24T15:29:46Z,N,31,unavailable,False,BFI IMAX N 31
2026-05-24T15:29:46Z,N,30,unavailable,False,BFI IMAX N 30
2026-05-24T15:29:46Z,N,29,unavailable,False,BFI IMAX N 29
2026-05-24T15:29:46Z,N,28,unavailable,False,BFI IMAX N 28
2026-05-24T15:29:46Z,N,27,unavailable,False,BFI IMAX N 27
2026-05-24T15:29:46Z,A,11,available,False,BFI IMAX A 11
2026-05-24T15:29:46Z,A,10,available,False,BFI IMAX A 10
2026-05-24T15:29:46Z,N,6,sold,False,BFI IMAX N 6
2026-05-24T15:29:46Z,N,5,sold,False,BFI IMAX N 5
2026-05-24T15:29:46Z,N,4,sold,False,BFI IMAX N 4
2026-05-24T15:29:46Z,N,3,sold,False,BFI IMAX N 3
2026-05-24T15:29:46Z,N,2,sold,False,BFI IMAX N 2
2026-05-24T15:29:46Z,N,1,sold,False,BFI IMAX N 1
2026-05-24T15:29:46Z,P,31,unavailable,False,BFI IMAX P 31
2026-05-24T15:29:46Z,A,9,available,False,BFI IMAX A 9
2026-05-24T15:29:46Z,A,8,available,False,BFI IMAX A 8
2026-05-24T15:29:46Z,P,26,unavailable,False,BFI IMAX P 26
2026-05-24T15:29:46Z,P,6,sold,False,BFI IMAX P 6
2026-05-24T15:29:46Z,A,7,available,False,BFI IMAX A 7
2026-05-24T15:29:46Z,A,6,available,False,BFI IMAX A 6
2026-05-24T15:29:46Z,P,1,unavailable,False,BFI IMAX P 1
2026-05-24T15:29:46Z,M,11,sold,False,BFI IMAX M 11
2026-05-24T15:29:46Z,M,10,sold,False,BFI IMAX M 10
2026-05-24T15:29:46Z,M,9,sold,False,BFI IMAX M 9
2026-05-24T15:29:46Z,L,9,sold,False,BFI IMAX L 9
2026-05-24T15:29:46Z,L,25,sold,False,BFI IMAX L 25
2026-05-24T15:29:46Z,L,24,sold,False,BFI IMAX L 24
2026-05-24T15:29:46Z,L,23,sold,False,BFI IMAX L 23
2026-05-24T15:29:46Z,L,22,sold,False,BFI IMAX L 22
2026-05-24T15:29:46Z,L,21,sold,False,BFI IMAX L 21
2026-05-24T15:29:46Z,L,20,sold,False,BFI IMAX L 20
2026-05-24T15:29:46Z,L,19,sold,False,BFI IMAX L 19
2026-05-24T15:29:46Z,L,18,sold,False,BFI IMAX L 18
2026-05-24T15:29:46Z,L,17,sold,False,BFI IMAX L 17
2026-05-24T15:29:46Z,L,16,sold,False,BFI IMAX L 16
2026-05-24T15:29:46Z,L,15,sold,False,BFI IMAX L 15
2026-05-24T15:29:46Z,L,14,sold,False,BFI IMAX L 14
2026-05-24T15:29:46Z,L,13,sold,False,BFI IMAX L 13
2026-05-24T15:29:46Z,L,12,sold,False,BFI IMAX L 12
2026-05-24T15:29:46Z,L,11,sold,False,BFI IMAX L 11
2026-05-24T15:29:46Z,N,26,unavailable,False,BFI IMAX N 26
2026-05-24T15:29:46Z,N,25,unavailable,False,BFI IMAX N 25
2026-05-24T15:29:46Z,N,24,unavailable,False,BFI IMAX N 24
2026-05-24T15:29:46Z,N,23,unavailable,False,BFI IMAX N 23
2026-05-24T15:29:46Z,N,22,sold,False,BFI IMAX N 22
2026-05-24T15:29:46Z,N,21,sold,False,BFI IMAX N 21
2026-05-24T15:29:46Z,N,20,sold,False,BFI IMAX N 20
2026-05-24T15:29:46Z,N,19,sold,False,BFI IMAX N 19
2026-05-24T15:29:46Z,N,18,sold,False,BFI IMAX N 18
2026-05-24T15:29:46Z,N,17,sold,False,BFI IMAX N 17
2026-05-24T15:29:46Z,N,16,sold,False,BFI IMAX N 16
2026-05-24T15:29:46Z,N,15,sold,False,BFI IMAX N 15
2026-05-24T15:29:46Z,N,14,sold,False,BFI IMAX N 14
2026-05-24T15:29:46Z,N,13,sold,False,BFI IMAX N 13
2026-05-24T15:29:46Z,N,12,unavailable,False,BFI IMAX N 12
2026-05-24T15:29:46Z,N,11,unavailable,False,BFI IMAX N 11
2026-05-24T15:29:46Z,N,10,unavailable,False,BFI IMAX N 10
2026-05-24T15:29:46Z,N,9,unavailable,False,BFI IMAX N 9
2026-05-24T15:29:46Z,L,10,sold,False,BFI IMAX L 10
2026-05-24T15:29:46Z,M,26,sold,False,BFI IMAX M 26
2026-05-24T15:29:46Z,M,25,sold,False,BFI IMAX M 25
2026-05-24T15:29:46Z,M,24,sold,False,BFI IMAX M 24
2026-05-24T15:29:46Z,M,23,sold,False,BFI IMAX M 23
2026-05-24T15:29:46Z,M,22,sold,False,BFI IMAX M 22
2026-05-24T15:29:46Z,M,21,sold,False,BFI IMAX M 21
2026-05-24T15:29:46Z,M,20,sold,False,BFI IMAX M 20
2026-05-24T15:29:46Z,M,19,sold,False,BFI IMAX M 19
2026-05-24T15:29:46Z,M,18,sold,False,BFI IMAX M 18
2026-05-24T15:29:46Z,M,17,sold,False,BFI IMAX M 17
2026-05-24T15:29:46Z,M,16,sold,False,BFI IMAX M 16
2026-05-24T15:29:46Z,M,15,sold,False,BFI IMAX M 15
2026-05-24T15:29:46Z,M,14,sold,False,BFI IMAX M 14
2026-05-24T15:29:46Z,M,13,sold,False,BFI IMAX M 13
2026-05-24T15:29:46Z,M,12,sold,False,BFI IMAX M 12
2026-05-24T15:29:46Z,P,30,unavailable,True,BFI IMAX P 30
2026-05-24T15:29:46Z,P,27,unavailable,True,BFI IMAX P 27
2026-05-24T15:29:46Z,P,2,unavailable,True,BFI IMAX P 2
2026-05-24T15:29:46Z,P,5,sold,True,BFI IMAX P 5
2026-05-24T15:29:46Z,P,19,sold,False,BFI IMAX P 19
2026-05-24T15:29:46Z,P,18,sold,False,BFI IMAX P 18
2026-05-24T15:29:46Z,P,17,sold,False,BFI IMAX P 17
2026-05-24T15:29:46Z,P,16,sold,False,BFI IMAX P 16
2026-05-24T15:29:46Z,P,15,sold,False,BFI IMAX P 15
2026-05-24T15:29:46Z,P,14,sold,False,BFI IMAX P 14
2026-05-24T15:29:46Z,P,13,sold,False,BFI IMAX P 13
2026-05-24T15:29:46Z,P,12,sold,False,BFI IMAX P 12
2026-05-24T15:29:46Z,P,11,sold,False,BFI IMAX P 11
2026-05-24T15:29:46Z,P,10,sold,False,BFI IMAX P 10
2026-05-24T15:29:46Z,P,9,sold,False,BFI IMAX P 9
2026-05-24T15:29:46Z,P,8,sold,False,BFI IMAX P 8
2026-05-24T15:29:46Z,P,7,sold,False,BFI IMAX P 7
2026-05-24T15:29:46Z,P,25,sold,False,BFI IMAX P 25
2026-05-24T15:29:46Z,P,24,sold,False,BFI IMAX P 24
2026-05-24T15:29:46Z,P,23,sold,False,BFI IMAX P 23
2026-05-24T15:29:46Z,P,22,sold,False,BFI IMAX P 22
2026-05-24T15:29:46Z,P,21,sold,False,BFI IMAX P 21
2026-05-24T15:29:46Z,P,20,sold,False,BFI IMAX P 20
2026-05-24T15:29:46Z,Q,18,sold,False,BFI IMAX Q 18
2026-05-24T15:29:46Z,Q,17,sold,False,BFI IMAX Q 17
2026-05-24T15:29:46Z,Q,16,sold,False,BFI IMAX Q 16
2026-05-24T15:29:46Z,Q,15,sold,False,BFI IMAX Q 15
2026-05-24T15:29:46Z,Q,14,sold,False,BFI IMAX Q 14
2026-05-24T15:29:46Z,Q,13,sold,False,BFI IMAX Q 13
2026-05-24T15:29:46Z,Q,12,sold,False,BFI IMAX Q 12
2026-05-24T15:29:46Z,Q,11,sold,False,BFI IMAX Q 11
2026-05-24T15:29:46Z,Q,10,sold,False,BFI IMAX Q 10
2026-05-24T15:29:46Z,Q,9,sold,False,BFI IMAX Q 9
2026-05-24T15:29:46Z,Q,8,sold,False,BFI IMAX Q 8
2026-05-24T15:29:46Z,Q,7,sold,False,BFI IMAX Q 7
2026-05-24T15:29:46Z,Q,6,sold,False,BFI IMAX Q 6
2026-05-24T15:29:46Z,Q,5,sold,False,BFI IMAX Q 5
2026-05-24T15:29:46Z,Q,4,sold,False,BFI IMAX Q 4
2026-05-24T15:29:46Z,Q,3,sold,False,BFI IMAX Q 3
2026-05-24T15:29:46Z,Q,2,sold,False,BFI IMAX Q 2
2026-05-24T15:29:46Z,Q,1,sold,False,BFI IMAX Q 1
2026-05-24T15:57:03Z,K,27,unavailable,False,BFI IMAX K 27
2026-05-24T15:57:03Z,K,26,unavailable,False,BFI IMAX K 26
2026-05-24T15:57:03Z,N,8,unavailable,False,BFI IMAX N 8
2026-05-24T15:57:03Z,N,7,unavailable,False,BFI IMAX N 7
2026-05-24T15:57:03Z,P,29,unavailable,True,BFI IMAX P 29
2026-05-24T15:57:03Z,P,28,unavailable,True,BFI IMAX P 28
2026-05-24T15:57:03Z,P,4,unavailable,True,BFI IMAX P 4
2026-05-24T15:57:03Z,P,3,unavailable,True,BFI IMAX P 3
2026-05-24T15:57:03Z,A,5,available,False,BFI IMAX A 5
2026-05-24T15:57:03Z,A,4,available,False,BFI IMAX A 4
2026-05-24T15:57:03Z,A,3,available,False,BFI IMAX A 3
2026-05-24T15:57:03Z,A,2,available,False,BFI IMAX A 2
2026-05-24T15:57:03Z,A,1,available,False,BFI IMAX A 1
2026-05-24T15:57:03Z,B,36,available,False,BFI IMAX B 36
2026-05-24T15:57:03Z,B,35,available,False,BFI IMAX B 35
2026-05-24T15:57:03Z,B,34,available,False,BFI IMAX B 34
2026-05-24T15:57:03Z,B,33,available,False,BFI IMAX B 33
2026-05-24T15:57:03Z,B,32,available,False,BFI IMAX B 32
2026-05-24T15:57:03Z,B,31,available,False,BFI IMAX B 31
2026-05-24T15:57:03Z,B,30,available,False,BFI IMAX B 30
2026-05-24T15:57:03Z,B,29,available,False,BFI IMAX B 29
2026-05-24T15:57:03Z,B,28,available,False,BFI IMAX B 28
2026-05-24T15:57:03Z,B,27,available,False,BFI IMAX B 27
2026-05-24T15:57:03Z,B,26,available,False,BFI IMAX B 26
2026-05-24T15:57:03Z,B,25,available,False,BFI IMAX B 25
2026-05-24T15:57:03Z,B,24,available,False,BFI IMAX B 24
2026-05-24T15:57:03Z,B,23,sold,False,BFI IMAX B 23
2026-05-24T15:57:03Z,B,22,sold,False,BFI IMAX B 22
2026-05-24T15:57:03Z,B,21,sold,False,BFI IMAX B 21
2026-05-24T15:57:03Z,B,20,sold,False,BFI IMAX B 20
2026-05-24T15:57:03Z,B,19,sold,False,BFI IMAX B 19
2026-05-24T15:57:03Z,B,18,sold,False,BFI IMAX B 18
2026-05-24T15:57:03Z,B,17,sold,False,BFI IMAX B 17
2026-05-24T15:57:03Z,B,16,sold,False,BFI IMAX B 16
2026-05-24T15:57:03Z,B,15,available,False,BFI IMAX B 15
2026-05-24T15:57:03Z,B,14,available,False,BFI IMAX B 14
2026-05-24T15:57:03Z,B,13,available,False,BFI IMAX B 13
2026-05-24T15:57:03Z,B,12,available,False,BFI IMAX B 12
2026-05-24T15:57:03Z,B,11,available,False,BFI IMAX B 11
2026-05-24T15:57:03Z,B,10,available,False,BFI IMAX B 10
2026-05-24T15:57:03Z,B,9,available,False,BFI IMAX B 9
2026-05-24T15:57:03Z,B,8,available,False,BFI IMAX B 8
2026-05-24T15:57:03Z,B,7,available,False,BFI IMAX B 7
2026-05-24T15:57:03Z,B,6,available,False,BFI IMAX B 6
2026-05-24T15:57:03Z,B,5,available,False,BFI IMAX B 5
2026-05-24T15:57:03Z,B,4,available,False,BFI IMAX B 4
2026-05-24T15:57:03Z,B,3,available,False,BFI IMAX B 3
2026-05-24T15:57:03Z,B,2,available,False,BFI IMAX B 2
2026-05-24T15:57:03Z,B,1,available,False,BFI IMAX B 1
2026-05-24T15:57:03Z,C,36,available,False,BFI IMAX C 36
2026-05-24T15:57:03Z,C,35,available,False,BFI IMAX C 35
2026-05-24T15:57:03Z,C,34,available,False,BFI IMAX C 34
2026-05-24T15:57:03Z,C,33,available,False,BFI IMAX C 33
2026-05-24T15:57:03Z,C,32,available,False,BFI IMAX C 32
2026-05-24T15:57:03Z,C,31,available,False,BFI IMAX C 31
2026-05-24T15:57:03Z,C,30,available,False,BFI IMAX C 30
2026-05-24T15:57:03Z,C,29,available,False,BFI IMAX C 29
2026-05-24T15:57:03Z,C,28,available,False,BFI IMAX C 28
2026-05-24T15:57:03Z,C,27,available,False,BFI IMAX C 27
2026-05-24T15:57:03Z,C,26,available,False,BFI IMAX C 26
2026-05-24T15:57:03Z,C,25,sold,False,BFI IMAX C 25
2026-05-24T15:57:03Z,C,24,sold,False,BFI IMAX C 24
2026-05-24T15:57:03Z,C,23,sold,False,BFI IMAX C 23
2026-05-24T15:57:03Z,C,22,sold,False,BFI IMAX C 22
2026-05-24T15:57:03Z,C,21,sold,False,BFI IMAX C 21
2026-05-24T15:57:03Z,C,20,sold,False,BFI IMAX C 20
2026-05-24T15:57:03Z,C,19,sold,False,BFI IMAX C 19
2026-05-24T15:57:03Z,C,18,sold,False,BFI IMAX C 18
2026-05-24T15:57:03Z,C,17,sold,False,BFI IMAX C 17
2026-05-24T15:57:03Z,C,16,sold,False,BFI IMAX C 16
2026-05-24T15:57:03Z,C,15,sold,False,BFI IMAX C 15
2026-05-24T15:57:03Z,C,14,sold,False,BFI IMAX C 14
2026-05-24T15:57:03Z,C,13,sold,False,BFI IMAX C 13
2026-05-24T15:57:03Z,C,12,sold,False,BFI IMAX C 12
2026-05-24T15:57:03Z,C,11,sold,False,BFI IMAX C 11
2026-05-24T15:57:03Z,C,10,sold,False,BFI IMAX C 10
2026-05-24T15:57:03Z,C,9,available,False,BFI IMAX C 9
2026-05-24T15:57:03Z,C,8,available,False,BFI IMAX C 8
2026-05-24T15:57:03Z,C,7,available,False,BFI IMAX C 7
2026-05-24T15:57:03Z,C,6,available,False,BFI IMAX C 6
2026-05-24T15:57:03Z,C,5,available,False,BFI IMAX C 5
2026-05-24T15:57:03Z,C,4,available,False,BFI IMAX C 4
2026-05-24T15:57:03Z,C,3,available,False,BFI IMAX C 3
2026-05-24T15:57:03Z,C,2,available,False,BFI IMAX C 2
2026-05-24T15:57:03Z,C,1,available,False,BFI IMAX C 1
2026-05-24T15:57:03Z,D,37,available,False,BFI IMAX D 37
2026-05-24T15:57:03Z,D,36,available,False,BFI IMAX D 36
2026-05-24T15:57:03Z,D,35,available,False,BFI IMAX D 35
2026-05-24T15:57:03Z,D,34,available,False,BFI IMAX D 34
2026-05-24T15:57:03Z,D,33,available,False,BFI IMAX D 33
2026-05-24T15:57:03Z,D,32,available,False,BFI IMAX D 32
2026-05-24T15:57:03Z,D,31,available,False,BFI IMAX D 31
2026-05-24T15:57:03Z,D,30,sold,False,BFI IMAX D 30
2026-05-24T15:57:03Z,D,29,sold,False,BFI IMAX D 29
2026-05-24T15:57:03Z,D,28,sold,False,BFI IMAX D 28
2026-05-24T15:57:03Z,D,27,sold,False,BFI IMAX D 27
2026-05-24T15:57:03Z,D,26,sold,False,BFI IMAX D 26
2026-05-24T15:57:03Z,D,25,sold,False,BFI IMAX D 25
2026-05-24T15:57:03Z,D,24,sold,False,BFI IMAX D 24
2026-05-24T15:57:03Z,D,23,sold,False,BFI IMAX D 23
2026-05-24T15:57:03Z,D,22,sold,False,BFI IMAX D 22
2026-05-24T15:57:03Z,D,21,sold,False,BFI IMAX D 21
2026-05-24T15:57:03Z,D,20,sold,False,BFI IMAX D 20
2026-05-24T15:57:03Z,D,19,sold,False,BFI IMAX D 19
2026-05-24T15:57:03Z,D,18,sold,False,BFI IMAX D 18
2026-05-24T15:57:03Z,D,17,sold,False,BFI IMAX D 17
2026-05-24T15:57:03Z,D,16,sold,False,BFI IMAX D 16
2026-05-24T15:57:03Z,D,15,sold,False,BFI IMAX D 15
2026-05-24T15:57:03Z,D,14,sold,False,BFI IMAX D 14
2026-05-24T15:57:03Z,D,13,sold,False,BFI IMAX D 13
2026-05-24T15:57:03Z,D,12,sold,False,BFI IMAX D 12
2026-05-24T15:57:03Z,D,11,sold,False,BFI IMAX D 11
2026-05-24T15:57:03Z,D,10,sold,False,BFI IMAX D 10
2026-05-24T15:57:03Z,D,9,other,False,BFI IMAX D 9
2026-05-24T15:57:03Z,D,8,other,False,BFI IMAX D 8
2026-05-24T15:57:03Z,D,7,available,False,BFI IMAX D 7
2026-05-24T15:57:03Z,D,6,available,False,BFI IMAX D 6
2026-05-24T15:57:03Z,D,5,available,False,BFI IMAX D 5
2026-05-24T15:57:03Z,D,4,available,False,BFI IMAX D 4
2026-05-24T15:57:03Z,D,3,available,False,BFI IMAX D 3
2026-05-24T15:57:03Z,D,2,available,False,BFI IMAX D 2
2026-05-24T15:57:03Z,D,1,available,False,BFI IMAX D 1
2026-05-24T15:57:03Z,E,37,available,False,BFI IMAX E 37
2026-05-24T15:57:03Z,E,36,available,False,BFI IMAX E 36
2026-05-24T15:57:03Z,E,35,available,False,BFI IMAX E 35
2026-05-24T15:57:03Z,E,34,available,False,BFI IMAX E 34
2026-05-24T15:57:03Z,E,33,available,False,BFI IMAX E 33
2026-05-24T15:57:03Z,E,32,sold,False,BFI IMAX E 32
2026-05-24T15:57:03Z,E,31,sold,False,BFI IMAX E 31
2026-05-24T15:57:03Z,E,30,sold,False,BFI IMAX E 30
2026-05-24T15:57:03Z,E,29,sold,False,BFI IMAX E 29
2026-05-24T15:57:03Z,E,28,sold,False,BFI IMAX E 28
2026-05-24T15:57:03Z,E,27,sold,False,BFI IMAX E 27
2026-05-24T15:57:03Z,E,26,sold,False,BFI IMAX E 26
2026-05-24T15:57:03Z,E,25,sold,False,BFI IMAX E 25
2026-05-24T15:57:03Z,E,24,sold,False,BFI IMAX E 24
2026-05-24T15:57:03Z,E,23,sold,False,BFI IMAX E 23
2026-05-24T15:57:03Z,E,22,sold,False,BFI IMAX E 22
2026-05-24T15:57:03Z,E,21,sold,False,BFI IMAX E 21
2026-05-24T15:57:03Z,E,20,sold,False,BFI IMAX E 20
2026-05-24T15:57:03Z,E,19,sold,False,BFI IMAX E 19
2026-05-24T15:57:03Z,E,18,sold,False,BFI IMAX E 18
2026-05-24T15:57:03Z,E,17,sold,False,BFI IMAX E 17
2026-05-24T15:57:03Z,E,16,sold,False,BFI IMAX E 16
2026-05-24T15:57:03Z,E,15,sold,False,BFI IMAX E 15
2026-05-24T15:57:03Z,E,14,sold,False,BFI IMAX E 14
2026-05-24T15:57:03Z,E,13,sold,False,BFI IMAX E 13
2026-05-24T15:57:03Z,E,12,sold,False,BFI IMAX E 12
2026-05-24T15:57:03Z,E,11,sold,False,BFI IMAX E 11
2026-05-24T15:57:03Z,E,10,sold,False,BFI IMAX E 10
2026-05-24T15:57:03Z,E,9,sold,False,BFI IMAX E 9
2026-05-24T15:57:03Z,E,8,sold,False,BFI IMAX E 8
2026-05-24T15:57:03Z,E,7,sold,False,BFI IMAX E 7
2026-05-24T15:57:03Z,E,6,sold,False,BFI IMAX E 6
2026-05-24T15:57:03Z,E,5,sold,False,BFI IMAX E 5
2026-05-24T15:57:03Z,E,4,available,False,BFI IMAX E 4
2026-05-24T15:57:03Z,E,3,available,False,BFI IMAX E 3
2026-05-24T15:57:03Z,E,2,available,False,BFI IMAX E 2
2026-05-24T15:57:03Z,E,1,available,False,BFI IMAX E 1
2026-05-24T15:57:03Z,F,38,available,False,BFI IMAX F 38
2026-05-24T15:57:03Z,F,37,sold,False,BFI IMAX F 37
2026-05-24T15:57:03Z,F,36,sold,False,BFI IMAX F 36
2026-05-24T15:57:03Z,F,35,sold,False,BFI IMAX F 35
2026-05-24T15:57:03Z,F,34,sold,False,BFI IMAX F 34
2026-05-24T15:57:03Z,F,33,sold,False,BFI IMAX F 33
2026-05-24T15:57:03Z,F,32,sold,False,BFI IMAX F 32
2026-05-24T15:57:03Z,F,31,sold,False,BFI IMAX F 31
2026-05-24T15:57:03Z,F,30,sold,False,BFI IMAX F 30
2026-05-24T15:57:03Z,F,29,sold,False,BFI IMAX F 29
2026-05-24T15:57:03Z,F,28,sold,False,BFI IMAX F 28
2026-05-24T15:57:03Z,F,27,sold,False,BFI IMAX F 27
2026-05-24T15:57:03Z,F,26,sold,False,BFI IMAX F 26
2026-05-24T15:57:03Z,F,25,sold,False,BFI IMAX F 25
2026-05-24T15:57:03Z,F,24,sold,False,BFI IMAX F 24
2026-05-24T15:57:03Z,F,23,sold,False,BFI IMAX F 23
2026-05-24T15:57:03Z,F,22,sold,False,BFI IMAX F 22
2026-05-24T15:57:03Z,F,21,sold,False,BFI IMAX F 21
2026-05-24T15:57:03Z,F,20,sold,False,BFI IMAX F 20
2026-05-24T15:57:03Z,F,19,sold,False,BFI IMAX F 19
2026-05-24T15:57:03Z,F,18,sold,False,BFI IMAX F 18
2026-05-24T15:57:03Z,F,17,sold,False,BFI IMAX F 17
2026-05-24T15:57:03Z,F,16,sold,False,BFI IMAX F 16
2026-05-24T15:57:03Z,F,15,sold,False,BFI IMAX F 15
2026-05-24T15:57:03Z,F,14,sold,False,BFI IMAX F 14
2026-05-24T15:57:03Z,F,13,sold,False,BFI IMAX F 13
2026-05-24T15:57:03Z,F,12,sold,False,BFI IMAX F 12
2026-05-24T15:57:03Z,F,11,sold,False,BFI IMAX F 11
2026-05-24T15:57:03Z,F,10,sold,False,BFI IMAX F 10
2026-05-24T15:57:03Z,F,9,sold,False,BFI IMAX F 9
2026-05-24T15:57:03Z,F,8,sold,False,BFI IMAX F 8
2026-05-24T15:57:03Z,F,7,sold,False,BFI IMAX F 7
2026-05-24T15:57:03Z,F,6,sold,False,BFI IMAX F 6
2026-05-24T15:57:03Z,F,5,sold,False,BFI IMAX F 5
2026-05-24T15:57:03Z,F,4,sold,False,BFI IMAX F 4
2026-05-24T15:57:03Z,F,3,sold,False,BFI IMAX F 3
2026-05-24T15:57:03Z,F,2,sold,False,BFI IMAX F 2
2026-05-24T15:57:03Z,F,1,sold,False,BFI IMAX F 1
2026-05-24T15:57:03Z,G,37,sold,False,BFI IMAX G 37
2026-05-24T15:57:03Z,G,36,sold,False,BFI IMAX G 36
2026-05-24T15:57:03Z,G,35,sold,False,BFI IMAX G 35
2026-05-24T15:57:03Z,G,34,sold,False,BFI IMAX G 34
2026-05-24T15:57:03Z,G,33,sold,False,BFI IMAX G 33
2026-05-24T15:57:03Z,G,32,sold,False,BFI IMAX G 32
2026-05-24T15:57:03Z,G,31,sold,False,BFI IMAX G 31
2026-05-24T15:57:03Z,G,30,sold,False,BFI IMAX G 30
2026-05-24T15:57:03Z,G,29,sold,False,BFI IMAX G 29
2026-05-24T15:57:03Z,G,28,sold,False,BFI IMAX G 28
2026-05-24T15:57:03Z,G,27,sold,False,BFI IMAX G 27
2026-05-24T15:57:03Z,G,26,sold,False,BFI IMAX G 26
2026-05-24T15:57:03Z,G,25,sold,False,BFI IMAX G 25
2026-05-24T15:57:03Z,G,24,sold,False,BFI IMAX G 24
2026-05-24T15:57:03Z,G,23,sold,False,BFI IMAX G 23
2026-05-24T15:57:03Z,G,22,sold,False,BFI IMAX G 22
2026-05-24T15:57:03Z,G,21,sold,False,BFI IMAX G 21
2026-05-24T15:57:03Z,G,20,sold,False,BFI IMAX G 20
2026-05-24T15:57:03Z,G,19,sold,False,BFI IMAX G 19
2026-05-24T15:57:03Z,G,18,sold,False,BFI IMAX G 18
2026-05-24T15:57:03Z,G,17,sold,False,BFI IMAX G 17
2026-05-24T15:57:03Z,G,16,sold,False,BFI IMAX G 16
2026-05-24T15:57:03Z,G,15,sold,False,BFI IMAX G 15
2026-05-24T15:57:03Z,G,14,sold,False,BFI IMAX G 14
2026-05-24T15:57:03Z,G,13,sold,False,BFI IMAX G 13
2026-05-24T15:57:03Z,G,12,sold,False,BFI IMAX G 12
2026-05-24T15:57:03Z,G,11,sold,False,BFI IMAX G 11
2026-05-24T15:57:03Z,G,10,sold,False,BFI IMAX G 10
2026-05-24T15:57:03Z,G,9,sold,False,BFI IMAX G 9
2026-05-24T15:57:03Z,G,8,sold,False,BFI IMAX G 8
2026-05-24T15:57:03Z,G,7,sold,False,BFI IMAX G 7
2026-05-24T15:57:03Z,G,6,sold,False,BFI IMAX G 6
2026-05-24T15:57:03Z,G,5,sold,False,BFI IMAX G 5
2026-05-24T15:57:03Z,G,4,sold,False,BFI IMAX G 4
2026-05-24T15:57:03Z,G,3,sold,False,BFI IMAX G 3
2026-05-24T15:57:03Z,G,2,sold,False,BFI IMAX G 2
2026-05-24T15:57:03Z,G,1,sold,False,BFI IMAX G 1
2026-05-24T15:57:03Z,H,37,sold,False,BFI IMAX H 37
2026-05-24T15:57:03Z,H,36,sold,False,BFI IMAX H 36
2026-05-24T15:57:03Z,H,35,sold,False,BFI IMAX H 35
2026-05-24T15:57:03Z,H,34,sold,False,BFI IMAX H 34
2026-05-24T15:57:03Z,H,33,sold,False,BFI IMAX H 33
2026-05-24T15:57:03Z,H,32,sold,False,BFI IMAX H 32
2026-05-24T15:57:03Z,H,31,sold,False,BFI IMAX H 31
2026-05-24T15:57:03Z,H,30,sold,False,BFI IMAX H 30
2026-05-24T15:57:03Z,H,29,sold,False,BFI IMAX H 29
2026-05-24T15:57:03Z,H,28,sold,False,BFI IMAX H 28
2026-05-24T15:57:03Z,H,27,sold,False,BFI IMAX H 27
2026-05-24T15:57:03Z,H,26,sold,False,BFI IMAX H 26
2026-05-24T15:57:03Z,H,25,sold,False,BFI IMAX H 25
2026-05-24T15:57:03Z,H,24,sold,False,BFI IMAX H 24
2026-05-24T15:57:03Z,H,23,sold,False,BFI IMAX H 23
2026-05-24T15:57:03Z,H,22,sold,False,BFI IMAX H 22
2026-05-24T15:57:03Z,H,21,sold,False,BFI IMAX H 21
2026-05-24T15:57:03Z,H,20,sold,False,BFI IMAX H 20
2026-05-24T15:57:03Z,H,19,sold,False,BFI IMAX H 19
2026-05-24T15:57:03Z,H,18,sold,False,BFI IMAX H 18
2026-05-24T15:57:03Z,H,17,sold,False,BFI IMAX H 17
2026-05-24T15:57:03Z,H,16,sold,False,BFI IMAX H 16
2026-05-24T15:57:03Z,H,15,sold,False,BFI IMAX H 15
2026-05-24T15:57:03Z,H,14,sold,False,BFI IMAX H 14
2026-05-24T15:57:03Z,H,13,sold,False,BFI IMAX H 13
2026-05-24T15:57:03Z,H,12,sold,False,BFI IMAX H 12
2026-05-24T15:57:03Z,H,11,sold,False,BFI IMAX H 11
2026-05-24T15:57:03Z,H,10,sold,False,BFI IMAX H 10
2026-05-24T15:57:03Z,H,9,sold,False,BFI IMAX H 9
2026-05-24T15:57:03Z,H,8,sold,False,BFI IMAX H 8
2026-05-24T15:57:03Z,H,7,sold,False,BFI IMAX H 7
2026-05-24T15:57:03Z,H,6,sold,False,BFI IMAX H 6
2026-05-24T15:57:03Z,H,5,sold,False,BFI IMAX H 5
2026-05-24T15:57:03Z,H,4,sold,False,BFI IMAX H 4
2026-05-24T15:57:03Z,H,3,sold,False,BFI IMAX H 3
2026-05-24T15:57:03Z,H,2,sold,False,BFI IMAX H 2
2026-05-24T15:57:03Z,H,1,sold,False,BFI IMAX H 1
2026-05-24T15:57:03Z,J,36,sold,False,BFI IMAX J 36
2026-05-24T15:57:03Z,J,35,sold,False,BFI IMAX J 35
2026-05-24T15:57:03Z,J,34,sold,False,BFI IMAX J 34
2026-05-24T15:57:03Z,J,33,sold,False,BFI IMAX J 33
2026-05-24T15:57:03Z,J,32,sold,False,BFI IMAX J 32
2026-05-24T15:57:03Z,J,31,sold,False,BFI IMAX J 31
2026-05-24T15:57:03Z,J,30,sold,False,BFI IMAX J 30
2026-05-24T15:57:03Z,J,29,sold,False,BFI IMAX J 29
2026-05-24T15:57:03Z,J,28,sold,False,BFI IMAX J 28
2026-05-24T15:57:03Z,J,27,sold,False,BFI IMAX J 27
2026-05-24T15:57:03Z,J,26,sold,False,BFI IMAX J 26
2026-05-24T15:57:03Z,J,25,sold,False,BFI IMAX J 25
2026-05-24T15:57:03Z,J,24,sold,False,BFI IMAX J 24
2026-05-24T15:57:03Z,J,23,sold,False,BFI IMAX J 23
2026-05-24T15:57:03Z,J,22,sold,False,BFI IMAX J 22
2026-05-24T15:57:03Z,J,21,sold,False,BFI IMAX J 21
2026-05-24T15:57:03Z,J,20,sold,False,BFI IMAX J 20
2026-05-24T15:57:03Z,J,19,sold,False,BFI IMAX J 19
2026-05-24T15:57:03Z,J,18,sold,False,BFI IMAX J 18
2026-05-24T15:57:03Z,J,17,sold,False,BFI IMAX J 17
2026-05-24T15:57:03Z,J,16,sold,False,BFI IMAX J 16
2026-05-24T15:57:03Z,J,15,sold,False,BFI IMAX J 15
2026-05-24T15:57:03Z,J,14,sold,False,BFI IMAX J 14
2026-05-24T15:57:03Z,J,13,sold,False,BFI IMAX J 13
2026-05-24T15:57:03Z,J,12,sold,False,BFI IMAX J 12
2026-05-24T15:57:03Z,J,11,sold,False,BFI IMAX J 11
2026-05-24T15:57:03Z,J,10,sold,False,BFI IMAX J 10
2026-05-24T15:57:03Z,J,9,sold,False,BFI IMAX J 9
2026-05-24T15:57:03Z,J,8,sold,False,BFI IMAX J 8
2026-05-24T15:57:03Z,J,7,sold,False,BFI IMAX J 7
2026-05-24T15:57:03Z,J,6,sold,False,BFI IMAX J 6
2026-05-24T15:57:03Z,J,5,sold,False,BFI IMAX J 5
2026-05-24T15:57:03Z,J,4,sold,False,BFI IMAX J 4
2026-05-24T15:57:03Z,J,3,sold,False,BFI IMAX J 3
2026-05-24T15:57:03Z,J,2,sold,False,BFI IMAX J 2
2026-05-24T15:57:03Z,J,1,sold,False,BFI IMAX J 1
2026-05-24T15:57:03Z,K,36,sold,False,BFI IMAX K 36
2026-05-24T15:57:03Z,K,35,sold,False,BFI IMAX K 35
2026-05-24T15:57:03Z,K,34,sold,False,BFI IMAX K 34
2026-05-24T15:57:03Z,K,33,sold,False,BFI IMAX K 33
2026-05-24T15:57:03Z,K,32,sold,False,BFI IMAX K 32
2026-05-24T15:57:03Z,K,31,sold,False,BFI IMAX K 31
2026-05-24T15:57:03Z,K,30,sold,False,BFI IMAX K 30
2026-05-24T15:57:03Z,K,29,sold,False,BFI IMAX K 29
2026-05-24T15:57:03Z,K,28,sold,False,BFI IMAX K 28
2026-05-24T15:57:03Z,A,13,available,False,BFI IMAX A 13
2026-05-24T15:57:03Z,A,12,available,False,BFI IMAX A 12
2026-05-24T15:57:03Z,K,25,sold,False,BFI IMAX K 25
2026-05-24T15:57:03Z,K,24,sold,False,BFI IMAX K 24
2026-05-24T15:57:03Z,K,23,sold,False,BFI IMAX K 23
2026-05-24T15:57:03Z,K,22,sold,False,BFI IMAX K 22
2026-05-24T15:57:03Z,K,21,sold,False,BFI IMAX K 21
2026-05-24T15:57:03Z,K,20,sold,False,BFI IMAX K 20
2026-05-24T15:57:03Z,K,19,sold,False,BFI IMAX K 19
2026-05-24T15:57:03Z,K,18,sold,False,BFI IMAX K 18
2026-05-24T15:57:03Z,K,17,sold,False,BFI IMAX K 17
2026-05-24T15:57:03Z,K,16,sold,False,BFI IMAX K 16
2026-05-24T15:57:03Z,K,15,sold,False,BFI IMAX K 15
2026-05-24T15:57:03Z,K,14,sold,False,BFI IMAX K 14
2026-05-24T15:57:03Z,K,13,sold,False,BFI IMAX K 13
2026-05-24T15:57:03Z,K,12,sold,False,BFI IMAX K 12
2026-05-24T15:57:03Z,K,11,sold,False,BFI IMAX K 11
2026-05-24T15:57:03Z,K,10,sold,False,BFI IMAX K 10
2026-05-24T15:57:03Z,K,9,sold,False,BFI IMAX K 9
2026-05-24T15:57:03Z,K,8,sold,False,BFI IMAX K 8
2026-05-24T15:57:03Z,K,7,sold,False,BFI IMAX K 7
2026-05-24T15:57:03Z,K,6,sold,False,BFI IMAX K 6
2026-05-24T15:57:03Z,K,5,sold,False,BFI IMAX K 5
2026-05-24T15:57:03Z,K,4,sold,False,BFI IMAX K 4
2026-05-24T15:57:03Z,K,3,sold,False,BFI IMAX K 3
2026-05-24T15:57:03Z,K,2,sold,False,BFI IMAX K 2
2026-05-24T15:57:03Z,K,1,sold,False,BFI IMAX K 1
2026-05-24T15:57:03Z,L,33,sold,False,BFI IMAX L 33
2026-05-24T15:57:03Z,L,32,sold,False,BFI IMAX L 32
2026-05-24T15:57:03Z,L,31,sold,False,BFI IMAX L 31
2026-05-24T15:57:03Z,L,30,sold,False,BFI IMAX L 30
2026-05-24T15:57:03Z,L,29,sold,False,BFI IMAX L 29
2026-05-24T15:57:03Z,L,28,sold,False,BFI IMAX L 28
2026-05-24T15:57:03Z,L,27,sold,False,BFI IMAX L 27
2026-05-24T15:57:03Z,L,26,sold,False,BFI IMAX L 26
2026-05-24T15:57:03Z,L,8,sold,False,BFI IMAX L 8
2026-05-24T15:57:03Z,L,7,sold,False,BFI IMAX L 7
2026-05-24T15:57:03Z,L,6,sold,False,BFI IMAX L 6
2026-05-24T15:57:03Z,L,5,sold,False,BFI IMAX L 5
2026-05-24T15:57:03Z,L,4,sold,False,BFI IMAX L 4
2026-05-24T15:57:03Z,L,3,sold,False,BFI IMAX L 3
2026-05-24T15:57:03Z,L,2,sold,False,BFI IMAX L 2
2026-05-24T15:57:03Z,L,1,sold,False,BFI IMAX L 1
2026-05-24T15:57:03Z,M,34,sold,False,BFI IMAX M 34
2026-05-24T15:57:03Z,M,33,sold,False,BFI IMAX M 33
2026-05-24T15:57:03Z,M,32,sold,False,BFI IMAX M 32
2026-05-24T15:57:03Z,M,31,sold,False,BFI IMAX M 31
2026-05-24T15:57:03Z,M,30,sold,False,BFI IMAX M 30
2026-05-24T15:57:03Z,M,29,sold,False,BFI IMAX M 29
2026-05-24T15:57:03Z,M,28,sold,False,BFI IMAX M 28
2026-05-24T15:57:03Z,M,27,sold,False,BFI IMAX M 27
2026-05-24T15:57:03Z,M,8,sold,False,BFI IMAX M 8
2026-05-24T15:57:03Z,M,7,sold,False,BFI IMAX M 7
2026-05-24T15:57:03Z,M,6,sold,False,BFI IMAX M 6
2026-05-24T15:57:03Z,M,5,sold,False,BFI IMAX M 5
2026-05-24T15:57:03Z,M,4,sold,False,BFI IMAX M 4
2026-05-24T15:57:03Z,M,3,sold,False,BFI IMAX M 3
2026-05-24T15:57:03Z,M,2,sold,False,BFI IMAX M 2
2026-05-24T15:57:03Z,M,1,sold,False,BFI IMAX M 1
2026-05-24T15:57:03Z,N,34,unavailable,False,BFI IMAX N 34
2026-05-24T15:57:03Z,N,33,unavailable,False,BFI IMAX N 33
2026-05-24T15:57:03Z,N,32,unavailable,False,BFI IMAX N 32
2026-05-24T15:57:03Z,N,31,unavailable,False,BFI IMAX N 31
2026-05-24T15:57:03Z,N,30,unavailable,False,BFI IMAX N 30
2026-05-24T15:57:03Z,N,29,unavailable,False,BFI IMAX N 29
2026-05-24T15:57:03Z,N,28,unavailable,False,BFI IMAX N 28
2026-05-24T15:57:03Z,N,27,unavailable,False,BFI IMAX N 27
2026-05-24T15:57:03Z,A,11,available,False,BFI IMAX A 11
2026-05-24T15:57:03Z,A,10,available,False,BFI IMAX A 10
2026-05-24T15:57:03Z,N,6,sold,False,BFI IMAX N 6
2026-05-24T15:57:03Z,N,5,sold,False,BFI IMAX N 5
2026-05-24T15:57:03Z,N,4,sold,False,BFI IMAX N 4
2026-05-24T15:57:03Z,N,3,sold,False,BFI IMAX N 3
2026-05-24T15:57:03Z,N,2,sold,False,BFI IMAX N 2
2026-05-24T15:57:03Z,N,1,sold,False,BFI IMAX N 1
2026-05-24T15:57:03Z,P,31,unavailable,False,BFI IMAX P 31
2026-05-24T15:57:03Z,A,9,available,False,BFI IMAX A 9
2026-05-24T15:57:03Z,A,8,available,False,BFI IMAX A 8
2026-05-24T15:57:03Z,P,26,unavailable,False,BFI IMAX P 26
2026-05-24T15:57:03Z,P,6,sold,False,BFI IMAX P 6
2026-05-24T15:57:03Z,A,7,available,False,BFI IMAX A 7
2026-05-24T15:57:03Z,A,6,available,False,BFI IMAX A 6
2026-05-24T15:57:03Z,P,1,unavailable,False,BFI IMAX P 1
2026-05-24T15:57:03Z,M,11,sold,False,BFI IMAX M 11
2026-05-24T15:57:03Z,M,10,sold,False,BFI IMAX M 10
2026-05-24T15:57:03Z,M,9,sold,False,BFI IMAX M 9
2026-05-24T15:57:03Z,L,9,sold,False,BFI IMAX L 9
2026-05-24T15:57:03Z,L,25,sold,False,BFI IMAX L 25
2026-05-24T15:57:03Z,L,24,sold,False,BFI IMAX L 24
2026-05-24T15:57:03Z,L,23,sold,False,BFI IMAX L 23
2026-05-24T15:57:03Z,L,22,sold,False,BFI IMAX L 22
2026-05-24T15:57:03Z,L,21,sold,False,BFI IMAX L 21
2026-05-24T15:57:03Z,L,20,sold,False,BFI IMAX L 20
2026-05-24T15:57:03Z,L,19,sold,False,BFI IMAX L 19
2026-05-24T15:57:03Z,L,18,sold,False,BFI IMAX L 18
2026-05-24T15:57:03Z,L,17,sold,False,BFI IMAX L 17
2026-05-24T15:57:03Z,L,16,sold,False,BFI IMAX L 16
2026-05-24T15:57:03Z,L,15,sold,False,BFI IMAX L 15
2026-05-24T15:57:03Z,L,14,sold,False,BFI IMAX L 14
2026-05-24T15:57:03Z,L,13,sold,False,BFI IMAX L 13
2026-05-24T15:57:03Z,L,12,sold,False,BFI IMAX L 12
2026-05-24T15:57:03Z,L,11,sold,False,BFI IMAX L 11
2026-05-24T15:57:03Z,N,26,unavailable,False,BFI IMAX N 26
2026-05-24T15:57:03Z,N,25,unavailable,False,BFI IMAX N 25
2026-05-24T15:57:03Z,N,24,unavailable,False,BFI IMAX N 24
2026-05-24T15:57:03Z,N,23,unavailable,False,BFI IMAX N 23
2026-05-24T15:57:03Z,N,22,sold,False,BFI IMAX N 22
2026-05-24T15:57:03Z,N,21,sold,False,BFI IMAX N 21
2026-05-24T15:57:03Z,N,20,sold,False,BFI IMAX N 20
2026-05-24T15:57:03Z,N,19,sold,False,BFI IMAX N 19
2026-05-24T15:57:03Z,N,18,sold,False,BFI IMAX N 18
2026-05-24T15:57:03Z,N,17,sold,False,BFI IMAX N 17
2026-05-24T15:57:03Z,N,16,sold,False,BFI IMAX N 16
2026-05-24T15:57:03Z,N,15,sold,False,BFI IMAX N 15
2026-05-24T15:57:03Z,N,14,sold,False,BFI IMAX N 14
2026-05-24T15:57:03Z,N,13,sold,False,BFI IMAX N 13
2026-05-24T15:57:03Z,N,12,unavailable,False,BFI IMAX N 12
2026-05-24T15:57:03Z,N,11,unavailable,False,BFI IMAX N 11
2026-05-24T15:57:03Z,N,10,unavailable,False,BFI IMAX N 10
2026-05-24T15:57:03Z,N,9,unavailable,False,BFI IMAX N 9
2026-05-24T15:57:03Z,L,10,sold,False,BFI IMAX L 10
2026-05-24T15:57:03Z,M,26,sold,False,BFI IMAX M 26
2026-05-24T15:57:03Z,M,25,sold,False,BFI IMAX M 25
2026-05-24T15:57:03Z,M,24,sold,False,BFI IMAX M 24
2026-05-24T15:57:03Z,M,23,sold,False,BFI IMAX M 23
2026-05-24T15:57:03Z,M,22,sold,False,BFI IMAX M 22
2026-05-24T15:57:03Z,M,21,sold,False,BFI IMAX M 21
2026-05-24T15:57:03Z,M,20,sold,False,BFI IMAX M 20
2026-05-24T15:57:03Z,M,19,sold,False,BFI IMAX M 19
2026-05-24T15:57:03Z,M,18,sold,False,BFI IMAX M 18
2026-05-24T15:57:03Z,M,17,sold,False,BFI IMAX M 17
2026-05-24T15:57:03Z,M,16,sold,False,BFI IMAX M 16
2026-05-24T15:57:03Z,M,15,sold,False,BFI IMAX M 15
2026-05-24T15:57:03Z,M,14,sold,False,BFI IMAX M 14
2026-05-24T15:57:03Z,M,13,sold,False,BFI IMAX M 13
2026-05-24T15:57:03Z,M,12,sold,False,BFI IMAX M 12
2026-05-24T15:57:03Z,P,30,unavailable,True,BFI IMAX P 30
2026-05-24T15:57:03Z,P,27,unavailable,True,BFI IMAX P 27
2026-05-24T15:57:03Z,P,2,unavailable,True,BFI IMAX P 2
2026-05-24T15:57:03Z,P,5,sold,True,BFI IMAX P 5
2026-05-24T15:57:03Z,P,19,sold,False,BFI IMAX P 19
2026-05-24T15:57:03Z,P,18,sold,False,BFI IMAX P 18
2026-05-24T15:57:03Z,P,17,sold,False,BFI IMAX P 17
2026-05-24T15:57:03Z,P,16,sold,False,BFI IMAX P 16
2026-05-24T15:57:03Z,P,15,sold,False,BFI IMAX P 15
2026-05-24T15:57:03Z,P,14,sold,False,BFI IMAX P 14
2026-05-24T15:57:03Z,P,13,sold,False,BFI IMAX P 13
2026-05-24T15:57:03Z,P,12,sold,False,BFI IMAX P 12
2026-05-24T15:57:03Z,P,11,sold,False,BFI IMAX P 11
2026-05-24T15:57:03Z,P,10,sold,False,BFI IMAX P 10
2026-05-24T15:57:03Z,P,9,sold,False,BFI IMAX P 9
2026-05-24T15:57:03Z,P,8,sold,False,BFI IMAX P 8
2026-05-24T15:57:03Z,P,7,sold,False,BFI IMAX P 7
2026-05-24T15:57:03Z,P,25,sold,False,BFI IMAX P 25
2026-05-24T15:57:03Z,P,24,sold,False,BFI IMAX P 24
2026-05-24T15:57:03Z,P,23,sold,False,BFI IMAX P 23
2026-05-24T15:57:03Z,P,22,sold,False,BFI IMAX P 22
2026-05-24T15:57:03Z,P,21,sold,False,BFI IMAX P 21
2026-05-24T15:57:03Z,P,20,sold,False,BFI IMAX P 20
2026-05-24T15:57:03Z,Q,18,sold,False,BFI IMAX Q 18
2026-05-24T15:57:03Z,Q,17,sold,False,BFI IMAX Q 17
2026-05-24T15:57:03Z,Q,16,sold,False,BFI IMAX Q 16
2026-05-24T15:57:03Z,Q,15,sold,False,BFI IMAX Q 15
2026-05-24T15:57:03Z,Q,14,sold,False,BFI IMAX Q 14
2026-05-24T15:57:03Z,Q,13,sold,False,BFI IMAX Q 13
2026-05-24T15:57:03Z,Q,12,sold,False,BFI IMAX Q 12
2026-05-24T15:57:03Z,Q,11,sold,False,BFI IMAX Q 11
2026-05-24T15:57:03Z,Q,10,sold,False,BFI IMAX Q 10
2026-05-24T15:57:03Z,Q,9,sold,False,BFI IMAX Q 9
2026-05-24T15:57:03Z,Q,8,sold,False,BFI IMAX Q 8
2026-05-24T15:57:03Z,Q,7,sold,False,BFI IMAX Q 7
2026-05-24T15:57:03Z,Q,6,sold,False,BFI IMAX Q 6
2026-05-24T15:57:03Z,Q,5,sold,False,BFI IMAX Q 5
2026-05-24T15:57:03Z,Q,4,sold,False,BFI IMAX Q 4
2026-05-24T15:57:03Z,Q,3,sold,False,BFI IMAX Q 3
2026-05-24T15:57:03Z,Q,2,sold,False,BFI IMAX Q 2
2026-05-24T15:57:03Z,Q,1,sold,False,BFI IMAX Q 1
2026-05-24T16:25:20Z,K,27,unavailable,False,BFI IMAX K 27
2026-05-24T16:25:20Z,K,26,unavailable,False,BFI IMAX K 26
2026-05-24T16:25:20Z,N,8,unavailable,False,BFI IMAX N 8
2026-05-24T16:25:20Z,N,7,unavailable,False,BFI IMAX N 7
2026-05-24T16:25:20Z,P,29,unavailable,True,BFI IMAX P 29
2026-05-24T16:25:20Z,P,28,unavailable,True,BFI IMAX P 28
2026-05-24T16:25:20Z,P,4,unavailable,True,BFI IMAX P 4
2026-05-24T16:25:20Z,P,3,unavailable,True,BFI IMAX P 3
2026-05-24T16:25:20Z,A,5,available,False,BFI IMAX A 5
2026-05-24T16:25:20Z,A,4,available,False,BFI IMAX A 4
2026-05-24T16:25:20Z,A,3,available,False,BFI IMAX A 3
2026-05-24T16:25:20Z,A,2,available,False,BFI IMAX A 2
2026-05-24T16:25:20Z,A,1,available,False,BFI IMAX A 1
2026-05-24T16:25:20Z,B,36,available,False,BFI IMAX B 36
2026-05-24T16:25:20Z,B,35,available,False,BFI IMAX B 35
2026-05-24T16:25:20Z,B,34,available,False,BFI IMAX B 34
2026-05-24T16:25:20Z,B,33,available,False,BFI IMAX B 33
2026-05-24T16:25:20Z,B,32,available,False,BFI IMAX B 32
2026-05-24T16:25:20Z,B,31,available,False,BFI IMAX B 31
2026-05-24T16:25:20Z,B,30,available,False,BFI IMAX B 30
2026-05-24T16:25:20Z,B,29,available,False,BFI IMAX B 29
2026-05-24T16:25:20Z,B,28,available,False,BFI IMAX B 28
2026-05-24T16:25:20Z,B,27,available,False,BFI IMAX B 27
2026-05-24T16:25:20Z,B,26,available,False,BFI IMAX B 26
2026-05-24T16:25:20Z,B,25,available,False,BFI IMAX B 25
2026-05-24T16:25:20Z,B,24,available,False,BFI IMAX B 24
2026-05-24T16:25:20Z,B,23,sold,False,BFI IMAX B 23
2026-05-24T16:25:20Z,B,22,sold,False,BFI IMAX B 22
2026-05-24T16:25:20Z,B,21,sold,False,BFI IMAX B 21
2026-05-24T16:25:20Z,B,20,sold,False,BFI IMAX B 20
2026-05-24T16:25:20Z,B,19,sold,False,BFI IMAX B 19
2026-05-24T16:25:20Z,B,18,sold,False,BFI IMAX B 18
2026-05-24T16:25:20Z,B,17,sold,False,BFI IMAX B 17
2026-05-24T16:25:20Z,B,16,sold,False,BFI IMAX B 16
2026-05-24T16:25:20Z,B,15,available,False,BFI IMAX B 15
2026-05-24T16:25:20Z,B,14,available,False,BFI IMAX B 14
2026-05-24T16:25:20Z,B,13,available,False,BFI IMAX B 13
2026-05-24T16:25:20Z,B,12,available,False,BFI IMAX B 12
2026-05-24T16:25:20Z,B,11,available,False,BFI IMAX B 11
2026-05-24T16:25:20Z,B,10,available,False,BFI IMAX B 10
2026-05-24T16:25:20Z,B,9,available,False,BFI IMAX B 9
2026-05-24T16:25:20Z,B,8,available,False,BFI IMAX B 8
2026-05-24T16:25:20Z,B,7,available,False,BFI IMAX B 7
2026-05-24T16:25:20Z,B,6,available,False,BFI IMAX B 6
2026-05-24T16:25:20Z,B,5,available,False,BFI IMAX B 5
2026-05-24T16:25:20Z,B,4,available,False,BFI IMAX B 4
2026-05-24T16:25:20Z,B,3,available,False,BFI IMAX B 3
2026-05-24T16:25:20Z,B,2,available,False,BFI IMAX B 2
2026-05-24T16:25:20Z,B,1,available,False,BFI IMAX B 1
2026-05-24T16:25:20Z,C,36,available,False,BFI IMAX C 36
2026-05-24T16:25:20Z,C,35,available,False,BFI IMAX C 35
2026-05-24T16:25:20Z,C,34,available,False,BFI IMAX C 34
2026-05-24T16:25:20Z,C,33,available,False,BFI IMAX C 33
2026-05-24T16:25:20Z,C,32,available,False,BFI IMAX C 32
2026-05-24T16:25:20Z,C,31,available,False,BFI IMAX C 31
2026-05-24T16:25:20Z,C,30,available,False,BFI IMAX C 30
2026-05-24T16:25:20Z,C,29,available,False,BFI IMAX C 29
2026-05-24T16:25:20Z,C,28,available,False,BFI IMAX C 28
2026-05-24T16:25:20Z,C,27,available,False,BFI IMAX C 27
2026-05-24T16:25:20Z,C,26,available,False,BFI IMAX C 26
2026-05-24T16:25:20Z,C,25,sold,False,BFI IMAX C 25
2026-05-24T16:25:20Z,C,24,sold,False,BFI IMAX C 24
2026-05-24T16:25:20Z,C,23,sold,False,BFI IMAX C 23
2026-05-24T16:25:20Z,C,22,sold,False,BFI IMAX C 22
2026-05-24T16:25:20Z,C,21,sold,False,BFI IMAX C 21
2026-05-24T16:25:20Z,C,20,sold,False,BFI IMAX C 20
2026-05-24T16:25:20Z,C,19,sold,False,BFI IMAX C 19
2026-05-24T16:25:20Z,C,18,sold,False,BFI IMAX C 18
2026-05-24T16:25:20Z,C,17,sold,False,BFI IMAX C 17
2026-05-24T16:25:20Z,C,16,sold,False,BFI IMAX C 16
2026-05-24T16:25:20Z,C,15,sold,False,BFI IMAX C 15
2026-05-24T16:25:20Z,C,14,sold,False,BFI IMAX C 14
2026-05-24T16:25:20Z,C,13,sold,False,BFI IMAX C 13
2026-05-24T16:25:20Z,C,12,sold,False,BFI IMAX C 12
2026-05-24T16:25:20Z,C,11,sold,False,BFI IMAX C 11
2026-05-24T16:25:20Z,C,10,sold,False,BFI IMAX C 10
2026-05-24T16:25:20Z,C,9,available,False,BFI IMAX C 9
2026-05-24T16:25:20Z,C,8,available,False,BFI IMAX C 8
2026-05-24T16:25:20Z,C,7,available,False,BFI IMAX C 7
2026-05-24T16:25:20Z,C,6,available,False,BFI IMAX C 6
2026-05-24T16:25:20Z,C,5,available,False,BFI IMAX C 5
2026-05-24T16:25:20Z,C,4,available,False,BFI IMAX C 4
2026-05-24T16:25:20Z,C,3,available,False,BFI IMAX C 3
2026-05-24T16:25:20Z,C,2,available,False,BFI IMAX C 2
2026-05-24T16:25:20Z,C,1,available,False,BFI IMAX C 1
2026-05-24T16:25:20Z,D,37,available,False,BFI IMAX D 37
2026-05-24T16:25:20Z,D,36,available,False,BFI IMAX D 36
2026-05-24T16:25:20Z,D,35,available,False,BFI IMAX D 35
2026-05-24T16:25:20Z,D,34,available,False,BFI IMAX D 34
2026-05-24T16:25:20Z,D,33,available,False,BFI IMAX D 33
2026-05-24T16:25:20Z,D,32,available,False,BFI IMAX D 32
2026-05-24T16:25:20Z,D,31,available,False,BFI IMAX D 31
2026-05-24T16:25:20Z,D,30,sold,False,BFI IMAX D 30
2026-05-24T16:25:20Z,D,29,sold,False,BFI IMAX D 29
2026-05-24T16:25:20Z,D,28,sold,False,BFI IMAX D 28
2026-05-24T16:25:20Z,D,27,sold,False,BFI IMAX D 27
2026-05-24T16:25:20Z,D,26,sold,False,BFI IMAX D 26
2026-05-24T16:25:20Z,D,25,sold,False,BFI IMAX D 25
2026-05-24T16:25:20Z,D,24,sold,False,BFI IMAX D 24
2026-05-24T16:25:20Z,D,23,sold,False,BFI IMAX D 23
2026-05-24T16:25:20Z,D,22,sold,False,BFI IMAX D 22
2026-05-24T16:25:20Z,D,21,sold,False,BFI IMAX D 21
2026-05-24T16:25:20Z,D,20,sold,False,BFI IMAX D 20
2026-05-24T16:25:20Z,D,19,sold,False,BFI IMAX D 19
2026-05-24T16:25:20Z,D,18,sold,False,BFI IMAX D 18
2026-05-24T16:25:20Z,D,17,sold,False,BFI IMAX D 17
2026-05-24T16:25:20Z,D,16,sold,False,BFI IMAX D 16
2026-05-24T16:25:20Z,D,15,sold,False,BFI IMAX D 15
2026-05-24T16:25:20Z,D,14,sold,False,BFI IMAX D 14
2026-05-24T16:25:20Z,D,13,sold,False,BFI IMAX D 13
2026-05-24T16:25:20Z,D,12,sold,False,BFI IMAX D 12
2026-05-24T16:25:20Z,D,11,sold,False,BFI IMAX D 11
2026-05-24T16:25:20Z,D,10,sold,False,BFI IMAX D 10
2026-05-24T16:25:20Z,D,9,available,False,BFI IMAX D 9
2026-05-24T16:25:20Z,D,8,available,False,BFI IMAX D 8
2026-05-24T16:25:20Z,D,7,available,False,BFI IMAX D 7
2026-05-24T16:25:20Z,D,6,available,False,BFI IMAX D 6
2026-05-24T16:25:20Z,D,5,available,False,BFI IMAX D 5
2026-05-24T16:25:20Z,D,4,available,False,BFI IMAX D 4
2026-05-24T16:25:20Z,D,3,available,False,BFI IMAX D 3
2026-05-24T16:25:20Z,D,2,available,False,BFI IMAX D 2
2026-05-24T16:25:20Z,D,1,available,False,BFI IMAX D 1
2026-05-24T16:25:20Z,E,37,available,False,BFI IMAX E 37
2026-05-24T16:25:20Z,E,36,available,False,BFI IMAX E 36
2026-05-24T16:25:20Z,E,35,available,False,BFI IMAX E 35
2026-05-24T16:25:20Z,E,34,available,False,BFI IMAX E 34
2026-05-24T16:25:20Z,E,33,available,False,BFI IMAX E 33
2026-05-24T16:25:20Z,E,32,sold,False,BFI IMAX E 32
2026-05-24T16:25:20Z,E,31,sold,False,BFI IMAX E 31
2026-05-24T16:25:20Z,E,30,sold,False,BFI IMAX E 30
2026-05-24T16:25:20Z,E,29,sold,False,BFI IMAX E 29
2026-05-24T16:25:20Z,E,28,sold,False,BFI IMAX E 28
2026-05-24T16:25:20Z,E,27,sold,False,BFI IMAX E 27
2026-05-24T16:25:20Z,E,26,sold,False,BFI IMAX E 26
2026-05-24T16:25:20Z,E,25,sold,False,BFI IMAX E 25
2026-05-24T16:25:20Z,E,24,sold,False,BFI IMAX E 24
2026-05-24T16:25:20Z,E,23,sold,False,BFI IMAX E 23
2026-05-24T16:25:20Z,E,22,sold,False,BFI IMAX E 22
2026-05-24T16:25:20Z,E,21,sold,False,BFI IMAX E 21
2026-05-24T16:25:20Z,E,20,sold,False,BFI IMAX E 20
2026-05-24T16:25:20Z,E,19,sold,False,BFI IMAX E 19
2026-05-24T16:25:20Z,E,18,sold,False,BFI IMAX E 18
2026-05-24T16:25:20Z,E,17,sold,False,BFI IMAX E 17
2026-05-24T16:25:20Z,E,16,sold,False,BFI IMAX E 16
2026-05-24T16:25:20Z,E,15,sold,False,BFI IMAX E 15
2026-05-24T16:25:20Z,E,14,sold,False,BFI IMAX E 14
2026-05-24T16:25:20Z,E,13,sold,False,BFI IMAX E 13
2026-05-24T16:25:20Z,E,12,sold,False,BFI IMAX E 12
2026-05-24T16:25:20Z,E,11,sold,False,BFI IMAX E 11
2026-05-24T16:25:20Z,E,10,sold,False,BFI IMAX E 10
2026-05-24T16:25:20Z,E,9,sold,False,BFI IMAX E 9
2026-05-24T16:25:20Z,E,8,sold,False,BFI IMAX E 8
2026-05-24T16:25:20Z,E,7,sold,False,BFI IMAX E 7
2026-05-24T16:25:20Z,E,6,sold,False,BFI IMAX E 6
2026-05-24T16:25:20Z,E,5,sold,False,BFI IMAX E 5
2026-05-24T16:25:20Z,E,4,available,False,BFI IMAX E 4
2026-05-24T16:25:20Z,E,3,available,False,BFI IMAX E 3
2026-05-24T16:25:20Z,E,2,available,False,BFI IMAX E 2
2026-05-24T16:25:20Z,E,1,available,False,BFI IMAX E 1
2026-05-24T16:25:20Z,F,38,available,False,BFI IMAX F 38
2026-05-24T16:25:20Z,F,37,sold,False,BFI IMAX F 37
2026-05-24T16:25:20Z,F,36,sold,False,BFI IMAX F 36
2026-05-24T16:25:20Z,F,35,sold,False,BFI IMAX F 35
2026-05-24T16:25:20Z,F,34,sold,False,BFI IMAX F 34
2026-05-24T16:25:20Z,F,33,sold,False,BFI IMAX F 33
2026-05-24T16:25:20Z,F,32,sold,False,BFI IMAX F 32
2026-05-24T16:25:20Z,F,31,sold,False,BFI IMAX F 31
2026-05-24T16:25:20Z,F,30,sold,False,BFI IMAX F 30
2026-05-24T16:25:20Z,F,29,sold,False,BFI IMAX F 29
2026-05-24T16:25:20Z,F,28,sold,False,BFI IMAX F 28
2026-05-24T16:25:20Z,F,27,sold,False,BFI IMAX F 27
2026-05-24T16:25:20Z,F,26,sold,False,BFI IMAX F 26
2026-05-24T16:25:20Z,F,25,sold,False,BFI IMAX F 25
2026-05-24T16:25:20Z,F,24,sold,False,BFI IMAX F 24
2026-05-24T16:25:20Z,F,23,sold,False,BFI IMAX F 23
2026-05-24T16:25:20Z,F,22,sold,False,BFI IMAX F 22
2026-05-24T16:25:20Z,F,21,sold,False,BFI IMAX F 21
2026-05-24T16:25:20Z,F,20,sold,False,BFI IMAX F 20
2026-05-24T16:25:20Z,F,19,sold,False,BFI IMAX F 19
2026-05-24T16:25:20Z,F,18,sold,False,BFI IMAX F 18
2026-05-24T16:25:20Z,F,17,sold,False,BFI IMAX F 17
2026-05-24T16:25:20Z,F,16,sold,False,BFI IMAX F 16
2026-05-24T16:25:20Z,F,15,sold,False,BFI IMAX F 15
2026-05-24T16:25:20Z,F,14,sold,False,BFI IMAX F 14
2026-05-24T16:25:20Z,F,13,sold,False,BFI IMAX F 13
2026-05-24T16:25:20Z,F,12,sold,False,BFI IMAX F 12
2026-05-24T16:25:20Z,F,11,sold,False,BFI IMAX F 11
2026-05-24T16:25:20Z,F,10,sold,False,BFI IMAX F 10
2026-05-24T16:25:20Z,F,9,sold,False,BFI IMAX F 9
2026-05-24T16:25:20Z,F,8,sold,False,BFI IMAX F 8
2026-05-24T16:25:20Z,F,7,sold,False,BFI IMAX F 7
2026-05-24T16:25:20Z,F,6,sold,False,BFI IMAX F 6
2026-05-24T16:25:20Z,F,5,sold,False,BFI IMAX F 5
2026-05-24T16:25:20Z,F,4,sold,False,BFI IMAX F 4
2026-05-24T16:25:20Z,F,3,sold,False,BFI IMAX F 3
2026-05-24T16:25:20Z,F,2,sold,False,BFI IMAX F 2
2026-05-24T16:25:20Z,F,1,sold,False,BFI IMAX F 1
2026-05-24T16:25:20Z,G,37,sold,False,BFI IMAX G 37
2026-05-24T16:25:20Z,G,36,sold,False,BFI IMAX G 36
2026-05-24T16:25:20Z,G,35,sold,False,BFI IMAX G 35
2026-05-24T16:25:20Z,G,34,sold,False,BFI IMAX G 34
2026-05-24T16:25:20Z,G,33,sold,False,BFI IMAX G 33
2026-05-24T16:25:20Z,G,32,sold,False,BFI IMAX G 32
2026-05-24T16:25:20Z,G,31,sold,False,BFI IMAX G 31
2026-05-24T16:25:20Z,G,30,sold,False,BFI IMAX G 30
2026-05-24T16:25:20Z,G,29,sold,False,BFI IMAX G 29
2026-05-24T16:25:20Z,G,28,sold,False,BFI IMAX G 28
2026-05-24T16:25:20Z,G,27,sold,False,BFI IMAX G 27
2026-05-24T16:25:20Z,G,26,sold,False,BFI IMAX G 26
2026-05-24T16:25:20Z,G,25,sold,False,BFI IMAX G 25
2026-05-24T16:25:20Z,G,24,sold,False,BFI IMAX G 24
2026-05-24T16:25:20Z,G,23,sold,False,BFI IMAX G 23
2026-05-24T16:25:20Z,G,22,sold,False,BFI IMAX G 22
2026-05-24T16:25:20Z,G,21,sold,False,BFI IMAX G 21
2026-05-24T16:25:20Z,G,20,sold,False,BFI IMAX G 20
2026-05-24T16:25:20Z,G,19,sold,False,BFI IMAX G 19
2026-05-24T16:25:20Z,G,18,sold,False,BFI IMAX G 18
2026-05-24T16:25:20Z,G,17,sold,False,BFI IMAX G 17
2026-05-24T16:25:20Z,G,16,sold,False,BFI IMAX G 16
2026-05-24T16:25:20Z,G,15,sold,False,BFI IMAX G 15
2026-05-24T16:25:20Z,G,14,sold,False,BFI IMAX G 14
2026-05-24T16:25:20Z,G,13,sold,False,BFI IMAX G 13
2026-05-24T16:25:20Z,G,12,sold,False,BFI IMAX G 12
2026-05-24T16:25:20Z,G,11,sold,False,BFI IMAX G 11
2026-05-24T16:25:20Z,G,10,sold,False,BFI IMAX G 10
2026-05-24T16:25:20Z,G,9,sold,False,BFI IMAX G 9
2026-05-24T16:25:20Z,G,8,sold,False,BFI IMAX G 8
2026-05-24T16:25:20Z,G,7,sold,False,BFI IMAX G 7
2026-05-24T16:25:20Z,G,6,sold,False,BFI IMAX G 6
2026-05-24T16:25:20Z,G,5,sold,False,BFI IMAX G 5
2026-05-24T16:25:20Z,G,4,sold,False,BFI IMAX G 4
2026-05-24T16:25:20Z,G,3,sold,False,BFI IMAX G 3
2026-05-24T16:25:20Z,G,2,sold,False,BFI IMAX G 2
2026-05-24T16:25:20Z,G,1,sold,False,BFI IMAX G 1
2026-05-24T16:25:20Z,H,37,sold,False,BFI IMAX H 37
2026-05-24T16:25:20Z,H,36,sold,False,BFI IMAX H 36
2026-05-24T16:25:20Z,H,35,sold,False,BFI IMAX H 35
2026-05-24T16:25:20Z,H,34,sold,False,BFI IMAX H 34
2026-05-24T16:25:20Z,H,33,sold,False,BFI IMAX H 33
2026-05-24T16:25:20Z,H,32,sold,False,BFI IMAX H 32
2026-05-24T16:25:20Z,H,31,sold,False,BFI IMAX H 31
2026-05-24T16:25:20Z,H,30,sold,False,BFI IMAX H 30
2026-05-24T16:25:20Z,H,29,sold,False,BFI IMAX H 29
2026-05-24T16:25:20Z,H,28,sold,False,BFI IMAX H 28
2026-05-24T16:25:20Z,H,27,sold,False,BFI IMAX H 27
2026-05-24T16:25:20Z,H,26,sold,False,BFI IMAX H 26
2026-05-24T16:25:20Z,H,25,sold,False,BFI IMAX H 25
2026-05-24T16:25:20Z,H,24,sold,False,BFI IMAX H 24
2026-05-24T16:25:20Z,H,23,sold,False,BFI IMAX H 23
2026-05-24T16:25:20Z,H,22,sold,False,BFI IMAX H 22
2026-05-24T16:25:20Z,H,21,sold,False,BFI IMAX H 21
2026-05-24T16:25:20Z,H,20,sold,False,BFI IMAX H 20
2026-05-24T16:25:20Z,H,19,sold,False,BFI IMAX H 19
2026-05-24T16:25:20Z,H,18,sold,False,BFI IMAX H 18
2026-05-24T16:25:20Z,H,17,sold,False,BFI IMAX H 17
2026-05-24T16:25:20Z,H,16,sold,False,BFI IMAX H 16
2026-05-24T16:25:20Z,H,15,sold,False,BFI IMAX H 15
2026-05-24T16:25:20Z,H,14,sold,False,BFI IMAX H 14
2026-05-24T16:25:20Z,H,13,sold,False,BFI IMAX H 13
2026-05-24T16:25:20Z,H,12,sold,False,BFI IMAX H 12
2026-05-24T16:25:20Z,H,11,sold,False,BFI IMAX H 11
2026-05-24T16:25:20Z,H,10,sold,False,BFI IMAX H 10
2026-05-24T16:25:20Z,H,9,sold,False,BFI IMAX H 9
2026-05-24T16:25:20Z,H,8,sold,False,BFI IMAX H 8
2026-05-24T16:25:20Z,H,7,sold,False,BFI IMAX H 7
2026-05-24T16:25:20Z,H,6,sold,False,BFI IMAX H 6
2026-05-24T16:25:20Z,H,5,sold,False,BFI IMAX H 5
2026-05-24T16:25:20Z,H,4,sold,False,BFI IMAX H 4
2026-05-24T16:25:20Z,H,3,sold,False,BFI IMAX H 3
2026-05-24T16:25:20Z,H,2,sold,False,BFI IMAX H 2
2026-05-24T16:25:20Z,H,1,sold,False,BFI IMAX H 1
2026-05-24T16:25:20Z,J,36,sold,False,BFI IMAX J 36
2026-05-24T16:25:20Z,J,35,sold,False,BFI IMAX J 35
2026-05-24T16:25:20Z,J,34,sold,False,BFI IMAX J 34
2026-05-24T16:25:20Z,J,33,sold,False,BFI IMAX J 33
2026-05-24T16:25:20Z,J,32,sold,False,BFI IMAX J 32
2026-05-24T16:25:20Z,J,31,sold,False,BFI IMAX J 31
2026-05-24T16:25:20Z,J,30,sold,False,BFI IMAX J 30
2026-05-24T16:25:20Z,J,29,sold,False,BFI IMAX J 29
2026-05-24T16:25:20Z,J,28,sold,False,BFI IMAX J 28
2026-05-24T16:25:20Z,J,27,sold,False,BFI IMAX J 27
2026-05-24T16:25:20Z,J,26,sold,False,BFI IMAX J 26
2026-05-24T16:25:20Z,J,25,sold,False,BFI IMAX J 25
2026-05-24T16:25:20Z,J,24,sold,False,BFI IMAX J 24
2026-05-24T16:25:20Z,J,23,sold,False,BFI IMAX J 23
2026-05-24T16:25:20Z,J,22,sold,False,BFI IMAX J 22
2026-05-24T16:25:20Z,J,21,sold,False,BFI IMAX J 21
2026-05-24T16:25:20Z,J,20,sold,False,BFI IMAX J 20
2026-05-24T16:25:20Z,J,19,sold,False,BFI IMAX J 19
2026-05-24T16:25:20Z,J,18,sold,False,BFI IMAX J 18
2026-05-24T16:25:20Z,J,17,sold,False,BFI IMAX J 17
2026-05-24T16:25:20Z,J,16,sold,False,BFI IMAX J 16
2026-05-24T16:25:20Z,J,15,sold,False,BFI IMAX J 15
2026-05-24T16:25:20Z,J,14,sold,False,BFI IMAX J 14
2026-05-24T16:25:20Z,J,13,sold,False,BFI IMAX J 13
2026-05-24T16:25:20Z,J,12,sold,False,BFI IMAX J 12
2026-05-24T16:25:20Z,J,11,sold,False,BFI IMAX J 11
2026-05-24T16:25:20Z,J,10,sold,False,BFI IMAX J 10
2026-05-24T16:25:20Z,J,9,sold,False,BFI IMAX J 9
2026-05-24T16:25:20Z,J,8,sold,False,BFI IMAX J 8
2026-05-24T16:25:20Z,J,7,sold,False,BFI IMAX J 7
2026-05-24T16:25:20Z,J,6,sold,False,BFI IMAX J 6
2026-05-24T16:25:20Z,J,5,sold,False,BFI IMAX J 5
2026-05-24T16:25:20Z,J,4,sold,False,BFI IMAX J 4
2026-05-24T16:25:20Z,J,3,sold,False,BFI IMAX J 3
2026-05-24T16:25:20Z,J,2,sold,False,BFI IMAX J 2
2026-05-24T16:25:20Z,J,1,sold,False,BFI IMAX J 1
2026-05-24T16:25:20Z,K,36,sold,False,BFI IMAX K 36
2026-05-24T16:25:20Z,K,35,sold,False,BFI IMAX K 35
2026-05-24T16:25:20Z,K,34,sold,False,BFI IMAX K 34
2026-05-24T16:25:20Z,K,33,sold,False,BFI IMAX K 33
2026-05-24T16:25:20Z,K,32,sold,False,BFI IMAX K 32
2026-05-24T16:25:20Z,K,31,sold,False,BFI IMAX K 31
2026-05-24T16:25:20Z,K,30,sold,False,BFI IMAX K 30
2026-05-24T16:25:20Z,K,29,sold,False,BFI IMAX K 29
2026-05-24T16:25:20Z,K,28,sold,False,BFI IMAX K 28
2026-05-24T16:25:20Z,A,13,available,False,BFI IMAX A 13
2026-05-24T16:25:20Z,A,12,available,False,BFI IMAX A 12
2026-05-24T16:25:20Z,K,25,sold,False,BFI IMAX K 25
2026-05-24T16:25:20Z,K,24,sold,False,BFI IMAX K 24
2026-05-24T16:25:20Z,K,23,sold,False,BFI IMAX K 23
2026-05-24T16:25:20Z,K,22,sold,False,BFI IMAX K 22
2026-05-24T16:25:20Z,K,21,sold,False,BFI IMAX K 21
2026-05-24T16:25:20Z,K,20,sold,False,BFI IMAX K 20
2026-05-24T16:25:20Z,K,19,sold,False,BFI IMAX K 19
2026-05-24T16:25:20Z,K,18,sold,False,BFI IMAX K 18
2026-05-24T16:25:20Z,K,17,sold,False,BFI IMAX K 17
2026-05-24T16:25:20Z,K,16,sold,False,BFI IMAX K 16
2026-05-24T16:25:20Z,K,15,sold,False,BFI IMAX K 15
2026-05-24T16:25:20Z,K,14,sold,False,BFI IMAX K 14
2026-05-24T16:25:20Z,K,13,sold,False,BFI IMAX K 13
2026-05-24T16:25:20Z,K,12,sold,False,BFI IMAX K 12
2026-05-24T16:25:20Z,K,11,sold,False,BFI IMAX K 11
2026-05-24T16:25:20Z,K,10,sold,False,BFI IMAX K 10
2026-05-24T16:25:20Z,K,9,sold,False,BFI IMAX K 9
2026-05-24T16:25:20Z,K,8,sold,False,BFI IMAX K 8
2026-05-24T16:25:20Z,K,7,sold,False,BFI IMAX K 7
2026-05-24T16:25:20Z,K,6,sold,False,BFI IMAX K 6
2026-05-24T16:25:20Z,K,5,sold,False,BFI IMAX K 5
2026-05-24T16:25:20Z,K,4,sold,False,BFI IMAX K 4
2026-05-24T16:25:20Z,K,3,sold,False,BFI IMAX K 3
2026-05-24T16:25:20Z,K,2,sold,False,BFI IMAX K 2
2026-05-24T16:25:20Z,K,1,sold,False,BFI IMAX K 1
2026-05-24T16:25:20Z,L,33,sold,False,BFI IMAX L 33
2026-05-24T16:25:20Z,L,32,sold,False,BFI IMAX L 32
2026-05-24T16:25:20Z,L,31,sold,False,BFI IMAX L 31
2026-05-24T16:25:20Z,L,30,sold,False,BFI IMAX L 30
2026-05-24T16:25:20Z,L,29,sold,False,BFI IMAX L 29
2026-05-24T16:25:20Z,L,28,sold,False,BFI IMAX L 28
2026-05-24T16:25:20Z,L,27,sold,False,BFI IMAX L 27
2026-05-24T16:25:20Z,L,26,sold,False,BFI IMAX L 26
2026-05-24T16:25:20Z,L,8,sold,False,BFI IMAX L 8
2026-05-24T16:25:20Z,L,7,sold,False,BFI IMAX L 7
2026-05-24T16:25:20Z,L,6,sold,False,BFI IMAX L 6
2026-05-24T16:25:20Z,L,5,sold,False,BFI IMAX L 5
2026-05-24T16:25:20Z,L,4,sold,False,BFI IMAX L 4
2026-05-24T16:25:20Z,L,3,sold,False,BFI IMAX L 3
2026-05-24T16:25:20Z,L,2,sold,False,BFI IMAX L 2
2026-05-24T16:25:20Z,L,1,sold,False,BFI IMAX L 1
2026-05-24T16:25:20Z,M,34,sold,False,BFI IMAX M 34
2026-05-24T16:25:20Z,M,33,sold,False,BFI IMAX M 33
2026-05-24T16:25:20Z,M,32,sold,False,BFI IMAX M 32
2026-05-24T16:25:20Z,M,31,sold,False,BFI IMAX M 31
2026-05-24T16:25:20Z,M,30,sold,False,BFI IMAX M 30
2026-05-24T16:25:20Z,M,29,sold,False,BFI IMAX M 29
2026-05-24T16:25:20Z,M,28,sold,False,BFI IMAX M 28
2026-05-24T16:25:20Z,M,27,sold,False,BFI IMAX M 27
2026-05-24T16:25:20Z,M,8,sold,False,BFI IMAX M 8
2026-05-24T16:25:20Z,M,7,sold,False,BFI IMAX M 7
2026-05-24T16:25:20Z,M,6,sold,False,BFI IMAX M 6
2026-05-24T16:25:20Z,M,5,sold,False,BFI IMAX M 5
2026-05-24T16:25:20Z,M,4,sold,False,BFI IMAX M 4
2026-05-24T16:25:20Z,M,3,sold,False,BFI IMAX M 3
2026-05-24T16:25:20Z,M,2,sold,False,BFI IMAX M 2
2026-05-24T16:25:20Z,M,1,sold,False,BFI IMAX M 1
2026-05-24T16:25:20Z,N,34,unavailable,False,BFI IMAX N 34
2026-05-24T16:25:20Z,N,33,unavailable,False,BFI IMAX N 33
2026-05-24T16:25:20Z,N,32,unavailable,False,BFI IMAX N 32
2026-05-24T16:25:20Z,N,31,unavailable,False,BFI IMAX N 31
2026-05-24T16:25:20Z,N,30,unavailable,False,BFI IMAX N 30
2026-05-24T16:25:20Z,N,29,unavailable,False,BFI IMAX N 29
2026-05-24T16:25:20Z,N,28,unavailable,False,BFI IMAX N 28
2026-05-24T16:25:20Z,N,27,unavailable,False,BFI IMAX N 27
2026-05-24T16:25:20Z,A,11,available,False,BFI IMAX A 11
2026-05-24T16:25:20Z,A,10,available,False,BFI IMAX A 10
2026-05-24T16:25:20Z,N,6,sold,False,BFI IMAX N 6
2026-05-24T16:25:20Z,N,5,sold,False,BFI IMAX N 5
2026-05-24T16:25:20Z,N,4,sold,False,BFI IMAX N 4
2026-05-24T16:25:20Z,N,3,sold,False,BFI IMAX N 3
2026-05-24T16:25:20Z,N,2,sold,False,BFI IMAX N 2
2026-05-24T16:25:20Z,N,1,sold,False,BFI IMAX N 1
2026-05-24T16:25:20Z,P,31,unavailable,False,BFI IMAX P 31
2026-05-24T16:25:20Z,A,9,available,False,BFI IMAX A 9
2026-05-24T16:25:20Z,A,8,available,False,BFI IMAX A 8
2026-05-24T16:25:20Z,P,26,unavailable,False,BFI IMAX P 26
2026-05-24T16:25:20Z,P,6,sold,False,BFI IMAX P 6
2026-05-24T16:25:20Z,A,7,available,False,BFI IMAX A 7
2026-05-24T16:25:20Z,A,6,available,False,BFI IMAX A 6
2026-05-24T16:25:20Z,P,1,unavailable,False,BFI IMAX P 1
2026-05-24T16:25:20Z,M,11,sold,False,BFI IMAX M 11
2026-05-24T16:25:20Z,M,10,sold,False,BFI IMAX M 10
2026-05-24T16:25:20Z,M,9,sold,False,BFI IMAX M 9
2026-05-24T16:25:20Z,L,9,sold,False,BFI IMAX L 9
2026-05-24T16:25:20Z,L,25,sold,False,BFI IMAX L 25
2026-05-24T16:25:20Z,L,24,sold,False,BFI IMAX L 24
2026-05-24T16:25:20Z,L,23,sold,False,BFI IMAX L 23
2026-05-24T16:25:20Z,L,22,sold,False,BFI IMAX L 22
2026-05-24T16:25:20Z,L,21,sold,False,BFI IMAX L 21
2026-05-24T16:25:20Z,L,20,sold,False,BFI IMAX L 20
2026-05-24T16:25:20Z,L,19,sold,False,BFI IMAX L 19
2026-05-24T16:25:20Z,L,18,sold,False,BFI IMAX L 18
2026-05-24T16:25:20Z,L,17,sold,False,BFI IMAX L 17
2026-05-24T16:25:20Z,L,16,sold,False,BFI IMAX L 16
2026-05-24T16:25:20Z,L,15,sold,False,BFI IMAX L 15
2026-05-24T16:25:20Z,L,14,sold,False,BFI IMAX L 14
2026-05-24T16:25:20Z,L,13,sold,False,BFI IMAX L 13
2026-05-24T16:25:20Z,L,12,sold,False,BFI IMAX L 12
2026-05-24T16:25:20Z,L,11,sold,False,BFI IMAX L 11
2026-05-24T16:25:20Z,N,26,unavailable,False,BFI IMAX N 26
2026-05-24T16:25:20Z,N,25,unavailable,False,BFI IMAX N 25
2026-05-24T16:25:20Z,N,24,unavailable,False,BFI IMAX N 24
2026-05-24T16:25:20Z,N,23,unavailable,False,BFI IMAX N 23
2026-05-24T16:25:20Z,N,22,sold,False,BFI IMAX N 22
2026-05-24T16:25:20Z,N,21,sold,False,BFI IMAX N 21
2026-05-24T16:25:20Z,N,20,sold,False,BFI IMAX N 20
2026-05-24T16:25:20Z,N,19,sold,False,BFI IMAX N 19
2026-05-24T16:25:20Z,N,18,sold,False,BFI IMAX N 18
2026-05-24T16:25:20Z,N,17,sold,False,BFI IMAX N 17
2026-05-24T16:25:20Z,N,16,sold,False,BFI IMAX N 16
2026-05-24T16:25:20Z,N,15,sold,False,BFI IMAX N 15
2026-05-24T16:25:20Z,N,14,sold,False,BFI IMAX N 14
2026-05-24T16:25:20Z,N,13,sold,False,BFI IMAX N 13
2026-05-24T16:25:20Z,N,12,unavailable,False,BFI IMAX N 12
2026-05-24T16:25:20Z,N,11,unavailable,False,BFI IMAX N 11
2026-05-24T16:25:20Z,N,10,unavailable,False,BFI IMAX N 10
2026-05-24T16:25:20Z,N,9,unavailable,False,BFI IMAX N 9
2026-05-24T16:25:20Z,L,10,sold,False,BFI IMAX L 10
2026-05-24T16:25:20Z,M,26,sold,False,BFI IMAX M 26
2026-05-24T16:25:20Z,M,25,sold,False,BFI IMAX M 25
2026-05-24T16:25:20Z,M,24,sold,False,BFI IMAX M 24
2026-05-24T16:25:20Z,M,23,sold,False,BFI IMAX M 23
2026-05-24T16:25:20Z,M,22,sold,False,BFI IMAX M 22
2026-05-24T16:25:20Z,M,21,sold,False,BFI IMAX M 21
2026-05-24T16:25:20Z,M,20,sold,False,BFI IMAX M 20
2026-05-24T16:25:20Z,M,19,sold,False,BFI IMAX M 19
2026-05-24T16:25:20Z,M,18,sold,False,BFI IMAX M 18
2026-05-24T16:25:20Z,M,17,sold,False,BFI IMAX M 17
2026-05-24T16:25:20Z,M,16,sold,False,BFI IMAX M 16
2026-05-24T16:25:20Z,M,15,sold,False,BFI IMAX M 15
2026-05-24T16:25:20Z,M,14,sold,False,BFI IMAX M 14
2026-05-24T16:25:20Z,M,13,sold,False,BFI IMAX M 13
2026-05-24T16:25:20Z,M,12,sold,False,BFI IMAX M 12
2026-05-24T16:25:20Z,P,30,unavailable,True,BFI IMAX P 30
2026-05-24T16:25:20Z,P,27,unavailable,True,BFI IMAX P 27
2026-05-24T16:25:20Z,P,2,unavailable,True,BFI IMAX P 2
2026-05-24T16:25:20Z,P,5,sold,True,BFI IMAX P 5
2026-05-24T16:25:20Z,P,19,sold,False,BFI IMAX P 19
2026-05-24T16:25:20Z,P,18,sold,False,BFI IMAX P 18
2026-05-24T16:25:20Z,P,17,sold,False,BFI IMAX P 17
2026-05-24T16:25:20Z,P,16,sold,False,BFI IMAX P 16
2026-05-24T16:25:20Z,P,15,sold,False,BFI IMAX P 15
2026-05-24T16:25:20Z,P,14,sold,False,BFI IMAX P 14
2026-05-24T16:25:20Z,P,13,sold,False,BFI IMAX P 13
2026-05-24T16:25:20Z,P,12,sold,False,BFI IMAX P 12
2026-05-24T16:25:20Z,P,11,sold,False,BFI IMAX P 11
2026-05-24T16:25:20Z,P,10,sold,False,BFI IMAX P 10
2026-05-24T16:25:20Z,P,9,sold,False,BFI IMAX P 9
2026-05-24T16:25:20Z,P,8,sold,False,BFI IMAX P 8
2026-05-24T16:25:20Z,P,7,sold,False,BFI IMAX P 7
2026-05-24T16:25:20Z,P,25,sold,False,BFI IMAX P 25
2026-05-24T16:25:20Z,P,24,sold,False,BFI IMAX P 24
2026-05-24T16:25:20Z,P,23,sold,False,BFI IMAX P 23
2026-05-24T16:25:20Z,P,22,sold,False,BFI IMAX P 22
2026-05-24T16:25:20Z,P,21,sold,False,BFI IMAX P 21
2026-05-24T16:25:20Z,P,20,sold,False,BFI IMAX P 20
2026-05-24T16:25:20Z,Q,18,sold,False,BFI IMAX Q 18
2026-05-24T16:25:20Z,Q,17,sold,False,BFI IMAX Q 17
2026-05-24T16:25:20Z,Q,16,sold,False,BFI IMAX Q 16
2026-05-24T16:25:20Z,Q,15,sold,False,BFI IMAX Q 15
2026-05-24T16:25:20Z,Q,14,sold,False,BFI IMAX Q 14
2026-05-24T16:25:20Z,Q,13,sold,False,BFI IMAX Q 13
2026-05-24T16:25:20Z,Q,12,sold,False,BFI IMAX Q 12
2026-05-24T16:25:20Z,Q,11,sold,False,BFI IMAX Q 11
2026-05-24T16:25:20Z,Q,10,sold,False,BFI IMAX Q 10
2026-05-24T16:25:20Z,Q,9,sold,False,BFI IMAX Q 9
2026-05-24T16:25:20Z,Q,8,sold,False,BFI IMAX Q 8
2026-05-24T16:25:20Z,Q,7,sold,False,BFI IMAX Q 7
2026-05-24T16:25:20Z,Q,6,sold,False,BFI IMAX Q 6
2026-05-24T16:25:20Z,Q,5,sold,False,BFI IMAX Q 5
2026-05-24T16:25:20Z,Q,4,sold,False,BFI IMAX Q 4
2026-05-24T16:25:20Z,Q,3,sold,False,BFI IMAX Q 3
2026-05-24T16:25:20Z,Q,2,sold,False,BFI IMAX Q 2
2026-05-24T16:25:20Z,Q,1,sold,False,BFI IMAX Q 1
2026-05-24T16:53:54Z,K,27,unavailable,False,BFI IMAX K 27
2026-05-24T16:53:54Z,K,26,unavailable,False,BFI IMAX K 26
2026-05-24T16:53:54Z,N,8,unavailable,False,BFI IMAX N 8
2026-05-24T16:53:54Z,N,7,unavailable,False,BFI IMAX N 7
2026-05-24T16:53:54Z,P,29,unavailable,True,BFI IMAX P 29
2026-05-24T16:53:54Z,P,28,unavailable,True,BFI IMAX P 28
2026-05-24T16:53:54Z,P,4,unavailable,True,BFI IMAX P 4
2026-05-24T16:53:54Z,P,3,unavailable,True,BFI IMAX P 3
2026-05-24T16:53:54Z,A,5,available,False,BFI IMAX A 5
2026-05-24T16:53:54Z,A,4,available,False,BFI IMAX A 4
2026-05-24T16:53:54Z,A,3,available,False,BFI IMAX A 3
2026-05-24T16:53:54Z,A,2,available,False,BFI IMAX A 2
2026-05-24T16:53:54Z,A,1,available,False,BFI IMAX A 1
2026-05-24T16:53:54Z,B,36,available,False,BFI IMAX B 36
2026-05-24T16:53:54Z,B,35,available,False,BFI IMAX B 35
2026-05-24T16:53:54Z,B,34,available,False,BFI IMAX B 34
2026-05-24T16:53:54Z,B,33,available,False,BFI IMAX B 33
2026-05-24T16:53:54Z,B,32,available,False,BFI IMAX B 32
2026-05-24T16:53:54Z,B,31,available,False,BFI IMAX B 31
2026-05-24T16:53:54Z,B,30,available,False,BFI IMAX B 30
2026-05-24T16:53:54Z,B,29,available,False,BFI IMAX B 29
2026-05-24T16:53:54Z,B,28,available,False,BFI IMAX B 28
2026-05-24T16:53:54Z,B,27,available,False,BFI IMAX B 27
2026-05-24T16:53:54Z,B,26,available,False,BFI IMAX B 26
2026-05-24T16:53:54Z,B,25,available,False,BFI IMAX B 25
2026-05-24T16:53:54Z,B,24,available,False,BFI IMAX B 24
2026-05-24T16:53:54Z,B,23,sold,False,BFI IMAX B 23
2026-05-24T16:53:54Z,B,22,sold,False,BFI IMAX B 22
2026-05-24T16:53:54Z,B,21,sold,False,BFI IMAX B 21
2026-05-24T16:53:54Z,B,20,sold,False,BFI IMAX B 20
2026-05-24T16:53:54Z,B,19,sold,False,BFI IMAX B 19
2026-05-24T16:53:54Z,B,18,sold,False,BFI IMAX B 18
2026-05-24T16:53:54Z,B,17,sold,False,BFI IMAX B 17
2026-05-24T16:53:54Z,B,16,sold,False,BFI IMAX B 16
2026-05-24T16:53:54Z,B,15,available,False,BFI IMAX B 15
2026-05-24T16:53:54Z,B,14,available,False,BFI IMAX B 14
2026-05-24T16:53:54Z,B,13,available,False,BFI IMAX B 13
2026-05-24T16:53:54Z,B,12,available,False,BFI IMAX B 12
2026-05-24T16:53:54Z,B,11,available,False,BFI IMAX B 11
2026-05-24T16:53:54Z,B,10,available,False,BFI IMAX B 10
2026-05-24T16:53:54Z,B,9,available,False,BFI IMAX B 9
2026-05-24T16:53:54Z,B,8,available,False,BFI IMAX B 8
2026-05-24T16:53:54Z,B,7,available,False,BFI IMAX B 7
2026-05-24T16:53:54Z,B,6,available,False,BFI IMAX B 6
2026-05-24T16:53:54Z,B,5,available,False,BFI IMAX B 5
2026-05-24T16:53:54Z,B,4,available,False,BFI IMAX B 4
2026-05-24T16:53:54Z,B,3,available,False,BFI IMAX B 3
2026-05-24T16:53:54Z,B,2,available,False,BFI IMAX B 2
2026-05-24T16:53:54Z,B,1,available,False,BFI IMAX B 1
2026-05-24T16:53:54Z,C,36,available,False,BFI IMAX C 36
2026-05-24T16:53:54Z,C,35,available,False,BFI IMAX C 35
2026-05-24T16:53:54Z,C,34,available,False,BFI IMAX C 34
2026-05-24T16:53:54Z,C,33,available,False,BFI IMAX C 33
2026-05-24T16:53:54Z,C,32,available,False,BFI IMAX C 32
2026-05-24T16:53:54Z,C,31,available,False,BFI IMAX C 31
2026-05-24T16:53:54Z,C,30,available,False,BFI IMAX C 30
2026-05-24T16:53:54Z,C,29,available,False,BFI IMAX C 29
2026-05-24T16:53:54Z,C,28,available,False,BFI IMAX C 28
2026-05-24T16:53:54Z,C,27,available,False,BFI IMAX C 27
2026-05-24T16:53:54Z,C,26,available,False,BFI IMAX C 26
2026-05-24T16:53:54Z,C,25,sold,False,BFI IMAX C 25
2026-05-24T16:53:54Z,C,24,sold,False,BFI IMAX C 24
2026-05-24T16:53:54Z,C,23,sold,False,BFI IMAX C 23
2026-05-24T16:53:54Z,C,22,sold,False,BFI IMAX C 22
2026-05-24T16:53:54Z,C,21,sold,False,BFI IMAX C 21
2026-05-24T16:53:54Z,C,20,sold,False,BFI IMAX C 20
2026-05-24T16:53:54Z,C,19,sold,False,BFI IMAX C 19
2026-05-24T16:53:54Z,C,18,sold,False,BFI IMAX C 18
2026-05-24T16:53:54Z,C,17,sold,False,BFI IMAX C 17
2026-05-24T16:53:54Z,C,16,sold,False,BFI IMAX C 16
2026-05-24T16:53:54Z,C,15,sold,False,BFI IMAX C 15
2026-05-24T16:53:54Z,C,14,sold,False,BFI IMAX C 14
2026-05-24T16:53:54Z,C,13,sold,False,BFI IMAX C 13
2026-05-24T16:53:54Z,C,12,sold,False,BFI IMAX C 12
2026-05-24T16:53:54Z,C,11,sold,False,BFI IMAX C 11
2026-05-24T16:53:54Z,C,10,sold,False,BFI IMAX C 10
2026-05-24T16:53:54Z,C,9,available,False,BFI IMAX C 9
2026-05-24T16:53:54Z,C,8,available,False,BFI IMAX C 8
2026-05-24T16:53:54Z,C,7,available,False,BFI IMAX C 7
2026-05-24T16:53:54Z,C,6,available,False,BFI IMAX C 6
2026-05-24T16:53:54Z,C,5,available,False,BFI IMAX C 5
2026-05-24T16:53:54Z,C,4,available,False,BFI IMAX C 4
2026-05-24T16:53:54Z,C,3,available,False,BFI IMAX C 3
2026-05-24T16:53:54Z,C,2,available,False,BFI IMAX C 2
2026-05-24T16:53:54Z,C,1,available,False,BFI IMAX C 1
2026-05-24T16:53:54Z,D,37,available,False,BFI IMAX D 37
2026-05-24T16:53:54Z,D,36,available,False,BFI IMAX D 36
2026-05-24T16:53:54Z,D,35,available,False,BFI IMAX D 35
2026-05-24T16:53:54Z,D,34,available,False,BFI IMAX D 34
2026-05-24T16:53:54Z,D,33,available,False,BFI IMAX D 33
2026-05-24T16:53:54Z,D,32,available,False,BFI IMAX D 32
2026-05-24T16:53:54Z,D,31,available,False,BFI IMAX D 31
2026-05-24T16:53:54Z,D,30,sold,False,BFI IMAX D 30
2026-05-24T16:53:54Z,D,29,sold,False,BFI IMAX D 29
2026-05-24T16:53:54Z,D,28,sold,False,BFI IMAX D 28
2026-05-24T16:53:54Z,D,27,sold,False,BFI IMAX D 27
2026-05-24T16:53:54Z,D,26,sold,False,BFI IMAX D 26
2026-05-24T16:53:54Z,D,25,sold,False,BFI IMAX D 25
2026-05-24T16:53:54Z,D,24,sold,False,BFI IMAX D 24
2026-05-24T16:53:54Z,D,23,sold,False,BFI IMAX D 23
2026-05-24T16:53:54Z,D,22,sold,False,BFI IMAX D 22
2026-05-24T16:53:54Z,D,21,sold,False,BFI IMAX D 21
2026-05-24T16:53:54Z,D,20,sold,False,BFI IMAX D 20
2026-05-24T16:53:54Z,D,19,sold,False,BFI IMAX D 19
2026-05-24T16:53:54Z,D,18,sold,False,BFI IMAX D 18
2026-05-24T16:53:54Z,D,17,sold,False,BFI IMAX D 17
2026-05-24T16:53:54Z,D,16,sold,False,BFI IMAX D 16
2026-05-24T16:53:54Z,D,15,sold,False,BFI IMAX D 15
2026-05-24T16:53:54Z,D,14,sold,False,BFI IMAX D 14
2026-05-24T16:53:54Z,D,13,sold,False,BFI IMAX D 13
2026-05-24T16:53:54Z,D,12,sold,False,BFI IMAX D 12
2026-05-24T16:53:54Z,D,11,sold,False,BFI IMAX D 11
2026-05-24T16:53:54Z,D,10,sold,False,BFI IMAX D 10
2026-05-24T16:53:54Z,D,9,available,False,BFI IMAX D 9
2026-05-24T16:53:54Z,D,8,available,False,BFI IMAX D 8
2026-05-24T16:53:54Z,D,7,available,False,BFI IMAX D 7
2026-05-24T16:53:54Z,D,6,available,False,BFI IMAX D 6
2026-05-24T16:53:54Z,D,5,available,False,BFI IMAX D 5
2026-05-24T16:53:54Z,D,4,available,False,BFI IMAX D 4
2026-05-24T16:53:54Z,D,3,available,False,BFI IMAX D 3
2026-05-24T16:53:54Z,D,2,available,False,BFI IMAX D 2
2026-05-24T16:53:54Z,D,1,available,False,BFI IMAX D 1
2026-05-24T16:53:54Z,E,37,available,False,BFI IMAX E 37
2026-05-24T16:53:54Z,E,36,available,False,BFI IMAX E 36
2026-05-24T16:53:54Z,E,35,available,False,BFI IMAX E 35
2026-05-24T16:53:54Z,E,34,available,False,BFI IMAX E 34
2026-05-24T16:53:54Z,E,33,available,False,BFI IMAX E 33
2026-05-24T16:53:54Z,E,32,sold,False,BFI IMAX E 32
2026-05-24T16:53:54Z,E,31,sold,False,BFI IMAX E 31
2026-05-24T16:53:54Z,E,30,sold,False,BFI IMAX E 30
2026-05-24T16:53:54Z,E,29,sold,False,BFI IMAX E 29
2026-05-24T16:53:54Z,E,28,sold,False,BFI IMAX E 28
2026-05-24T16:53:54Z,E,27,sold,False,BFI IMAX E 27
2026-05-24T16:53:54Z,E,26,sold,False,BFI IMAX E 26
2026-05-24T16:53:54Z,E,25,sold,False,BFI IMAX E 25
2026-05-24T16:53:54Z,E,24,sold,False,BFI IMAX E 24
2026-05-24T16:53:54Z,E,23,sold,False,BFI IMAX E 23
2026-05-24T16:53:54Z,E,22,sold,False,BFI IMAX E 22
2026-05-24T16:53:54Z,E,21,sold,False,BFI IMAX E 21
2026-05-24T16:53:54Z,E,20,sold,False,BFI IMAX E 20
2026-05-24T16:53:54Z,E,19,sold,False,BFI IMAX E 19
2026-05-24T16:53:54Z,E,18,sold,False,BFI IMAX E 18
2026-05-24T16:53:54Z,E,17,sold,False,BFI IMAX E 17
2026-05-24T16:53:54Z,E,16,sold,False,BFI IMAX E 16
2026-05-24T16:53:54Z,E,15,sold,False,BFI IMAX E 15
2026-05-24T16:53:54Z,E,14,sold,False,BFI IMAX E 14
2026-05-24T16:53:54Z,E,13,sold,False,BFI IMAX E 13
2026-05-24T16:53:54Z,E,12,sold,False,BFI IMAX E 12
2026-05-24T16:53:54Z,E,11,sold,False,BFI IMAX E 11
2026-05-24T16:53:54Z,E,10,sold,False,BFI IMAX E 10
2026-05-24T16:53:54Z,E,9,sold,False,BFI IMAX E 9
2026-05-24T16:53:54Z,E,8,sold,False,BFI IMAX E 8
2026-05-24T16:53:54Z,E,7,sold,False,BFI IMAX E 7
2026-05-24T16:53:54Z,E,6,sold,False,BFI IMAX E 6
2026-05-24T16:53:54Z,E,5,sold,False,BFI IMAX E 5
2026-05-24T16:53:54Z,E,4,available,False,BFI IMAX E 4
2026-05-24T16:53:54Z,E,3,available,False,BFI IMAX E 3
2026-05-24T16:53:54Z,E,2,available,False,BFI IMAX E 2
2026-05-24T16:53:54Z,E,1,available,False,BFI IMAX E 1
2026-05-24T16:53:54Z,F,38,available,False,BFI IMAX F 38
2026-05-24T16:53:54Z,F,37,sold,False,BFI IMAX F 37
2026-05-24T16:53:54Z,F,36,sold,False,BFI IMAX F 36
2026-05-24T16:53:54Z,F,35,sold,False,BFI IMAX F 35
2026-05-24T16:53:54Z,F,34,sold,False,BFI IMAX F 34
2026-05-24T16:53:54Z,F,33,sold,False,BFI IMAX F 33
2026-05-24T16:53:54Z,F,32,sold,False,BFI IMAX F 32
2026-05-24T16:53:54Z,F,31,sold,False,BFI IMAX F 31
2026-05-24T16:53:54Z,F,30,sold,False,BFI IMAX F 30
2026-05-24T16:53:54Z,F,29,sold,False,BFI IMAX F 29
2026-05-24T16:53:54Z,F,28,sold,False,BFI IMAX F 28
2026-05-24T16:53:54Z,F,27,sold,False,BFI IMAX F 27
2026-05-24T16:53:54Z,F,26,sold,False,BFI IMAX F 26
2026-05-24T16:53:54Z,F,25,sold,False,BFI IMAX F 25
2026-05-24T16:53:54Z,F,24,sold,False,BFI IMAX F 24
2026-05-24T16:53:54Z,F,23,sold,False,BFI IMAX F 23
2026-05-24T16:53:54Z,F,22,sold,False,BFI IMAX F 22
2026-05-24T16:53:54Z,F,21,sold,False,BFI IMAX F 21
2026-05-24T16:53:54Z,F,20,sold,False,BFI IMAX F 20
2026-05-24T16:53:54Z,F,19,sold,False,BFI IMAX F 19
2026-05-24T16:53:54Z,F,18,sold,False,BFI IMAX F 18
2026-05-24T16:53:54Z,F,17,sold,False,BFI IMAX F 17
2026-05-24T16:53:54Z,F,16,sold,False,BFI IMAX F 16
2026-05-24T16:53:54Z,F,15,sold,False,BFI IMAX F 15
2026-05-24T16:53:54Z,F,14,sold,False,BFI IMAX F 14
2026-05-24T16:53:54Z,F,13,sold,False,BFI IMAX F 13
2026-05-24T16:53:54Z,F,12,sold,False,BFI IMAX F 12
2026-05-24T16:53:54Z,F,11,sold,False,BFI IMAX F 11
2026-05-24T16:53:54Z,F,10,sold,False,BFI IMAX F 10
2026-05-24T16:53:54Z,F,9,sold,False,BFI IMAX F 9
2026-05-24T16:53:54Z,F,8,sold,False,BFI IMAX F 8
2026-05-24T16:53:54Z,F,7,sold,False,BFI IMAX F 7
2026-05-24T16:53:54Z,F,6,sold,False,BFI IMAX F 6
2026-05-24T16:53:54Z,F,5,sold,False,BFI IMAX F 5
2026-05-24T16:53:54Z,F,4,sold,False,BFI IMAX F 4
2026-05-24T16:53:54Z,F,3,sold,False,BFI IMAX F 3
2026-05-24T16:53:54Z,F,2,sold,False,BFI IMAX F 2
2026-05-24T16:53:54Z,F,1,sold,False,BFI IMAX F 1
2026-05-24T16:53:54Z,G,37,sold,False,BFI IMAX G 37
2026-05-24T16:53:54Z,G,36,sold,False,BFI IMAX G 36
2026-05-24T16:53:54Z,G,35,sold,False,BFI IMAX G 35
2026-05-24T16:53:54Z,G,34,sold,False,BFI IMAX G 34
2026-05-24T16:53:54Z,G,33,sold,False,BFI IMAX G 33
2026-05-24T16:53:54Z,G,32,sold,False,BFI IMAX G 32
2026-05-24T16:53:54Z,G,31,sold,False,BFI IMAX G 31
2026-05-24T16:53:54Z,G,30,sold,False,BFI IMAX G 30
2026-05-24T16:53:54Z,G,29,sold,False,BFI IMAX G 29
2026-05-24T16:53:54Z,G,28,sold,False,BFI IMAX G 28
2026-05-24T16:53:54Z,G,27,sold,False,BFI IMAX G 27
2026-05-24T16:53:54Z,G,26,sold,False,BFI IMAX G 26
2026-05-24T16:53:54Z,G,25,sold,False,BFI IMAX G 25
2026-05-24T16:53:54Z,G,24,sold,False,BFI IMAX G 24
2026-05-24T16:53:54Z,G,23,sold,False,BFI IMAX G 23
2026-05-24T16:53:54Z,G,22,sold,False,BFI IMAX G 22
2026-05-24T16:53:54Z,G,21,sold,False,BFI IMAX G 21
2026-05-24T16:53:54Z,G,20,sold,False,BFI IMAX G 20
2026-05-24T16:53:54Z,G,19,sold,False,BFI IMAX G 19
2026-05-24T16:53:54Z,G,18,sold,False,BFI IMAX G 18
2026-05-24T16:53:54Z,G,17,sold,False,BFI IMAX G 17
2026-05-24T16:53:54Z,G,16,sold,False,BFI IMAX G 16
2026-05-24T16:53:54Z,G,15,sold,False,BFI IMAX G 15
2026-05-24T16:53:54Z,G,14,sold,False,BFI IMAX G 14
2026-05-24T16:53:54Z,G,13,sold,False,BFI IMAX G 13
2026-05-24T16:53:54Z,G,12,sold,False,BFI IMAX G 12
2026-05-24T16:53:54Z,G,11,sold,False,BFI IMAX G 11
2026-05-24T16:53:54Z,G,10,sold,False,BFI IMAX G 10
2026-05-24T16:53:54Z,G,9,sold,False,BFI IMAX G 9
2026-05-24T16:53:54Z,G,8,sold,False,BFI IMAX G 8
2026-05-24T16:53:54Z,G,7,sold,False,BFI IMAX G 7
2026-05-24T16:53:54Z,G,6,sold,False,BFI IMAX G 6
2026-05-24T16:53:54Z,G,5,sold,False,BFI IMAX G 5
2026-05-24T16:53:54Z,G,4,sold,False,BFI IMAX G 4
2026-05-24T16:53:54Z,G,3,sold,False,BFI IMAX G 3
2026-05-24T16:53:54Z,G,2,sold,False,BFI IMAX G 2
2026-05-24T16:53:54Z,G,1,sold,False,BFI IMAX G 1
2026-05-24T16:53:54Z,H,37,sold,False,BFI IMAX H 37
2026-05-24T16:53:54Z,H,36,sold,False,BFI IMAX H 36
2026-05-24T16:53:54Z,H,35,sold,False,BFI IMAX H 35
2026-05-24T16:53:54Z,H,34,sold,False,BFI IMAX H 34
2026-05-24T16:53:54Z,H,33,sold,False,BFI IMAX H 33
2026-05-24T16:53:54Z,H,32,sold,False,BFI IMAX H 32
2026-05-24T16:53:54Z,H,31,sold,False,BFI IMAX H 31
2026-05-24T16:53:54Z,H,30,sold,False,BFI IMAX H 30
2026-05-24T16:53:54Z,H,29,sold,False,BFI IMAX H 29
2026-05-24T16:53:54Z,H,28,sold,False,BFI IMAX H 28
2026-05-24T16:53:54Z,H,27,sold,False,BFI IMAX H 27
2026-05-24T16:53:54Z,H,26,sold,False,BFI IMAX H 26
2026-05-24T16:53:54Z,H,25,sold,False,BFI IMAX H 25
2026-05-24T16:53:54Z,H,24,sold,False,BFI IMAX H 24
2026-05-24T16:53:54Z,H,23,sold,False,BFI IMAX H 23
2026-05-24T16:53:54Z,H,22,sold,False,BFI IMAX H 22
2026-05-24T16:53:54Z,H,21,sold,False,BFI IMAX H 21
2026-05-24T16:53:54Z,H,20,sold,False,BFI IMAX H 20
2026-05-24T16:53:54Z,H,19,sold,False,BFI IMAX H 19
2026-05-24T16:53:54Z,H,18,sold,False,BFI IMAX H 18
2026-05-24T16:53:54Z,H,17,sold,False,BFI IMAX H 17
2026-05-24T16:53:54Z,H,16,sold,False,BFI IMAX H 16
2026-05-24T16:53:54Z,H,15,sold,False,BFI IMAX H 15
2026-05-24T16:53:54Z,H,14,sold,False,BFI IMAX H 14
2026-05-24T16:53:54Z,H,13,sold,False,BFI IMAX H 13
2026-05-24T16:53:54Z,H,12,sold,False,BFI IMAX H 12
2026-05-24T16:53:54Z,H,11,sold,False,BFI IMAX H 11
2026-05-24T16:53:54Z,H,10,sold,False,BFI IMAX H 10
2026-05-24T16:53:54Z,H,9,sold,False,BFI IMAX H 9
2026-05-24T16:53:54Z,H,8,sold,False,BFI IMAX H 8
2026-05-24T16:53:54Z,H,7,sold,False,BFI IMAX H 7
2026-05-24T16:53:54Z,H,6,sold,False,BFI IMAX H 6
2026-05-24T16:53:54Z,H,5,sold,False,BFI IMAX H 5
2026-05-24T16:53:54Z,H,4,sold,False,BFI IMAX H 4
2026-05-24T16:53:54Z,H,3,sold,False,BFI IMAX H 3
2026-05-24T16:53:54Z,H,2,sold,False,BFI IMAX H 2
2026-05-24T16:53:54Z,H,1,sold,False,BFI IMAX H 1
2026-05-24T16:53:54Z,J,36,sold,False,BFI IMAX J 36
2026-05-24T16:53:54Z,J,35,sold,False,BFI IMAX J 35
2026-05-24T16:53:54Z,J,34,sold,False,BFI IMAX J 34
2026-05-24T16:53:54Z,J,33,sold,False,BFI IMAX J 33
2026-05-24T16:53:54Z,J,32,sold,False,BFI IMAX J 32
2026-05-24T16:53:54Z,J,31,sold,False,BFI IMAX J 31
2026-05-24T16:53:54Z,J,30,sold,False,BFI IMAX J 30
2026-05-24T16:53:54Z,J,29,sold,False,BFI IMAX J 29
2026-05-24T16:53:54Z,J,28,sold,False,BFI IMAX J 28
2026-05-24T16:53:54Z,J,27,sold,False,BFI IMAX J 27
2026-05-24T16:53:54Z,J,26,sold,False,BFI IMAX J 26
2026-05-24T16:53:54Z,J,25,sold,False,BFI IMAX J 25
2026-05-24T16:53:54Z,J,24,sold,False,BFI IMAX J 24
2026-05-24T16:53:54Z,J,23,sold,False,BFI IMAX J 23
2026-05-24T16:53:54Z,J,22,sold,False,BFI IMAX J 22
2026-05-24T16:53:54Z,J,21,sold,False,BFI IMAX J 21
2026-05-24T16:53:54Z,J,20,sold,False,BFI IMAX J 20
2026-05-24T16:53:54Z,J,19,sold,False,BFI IMAX J 19
2026-05-24T16:53:54Z,J,18,sold,False,BFI IMAX J 18
2026-05-24T16:53:54Z,J,17,sold,False,BFI IMAX J 17
2026-05-24T16:53:54Z,J,16,sold,False,BFI IMAX J 16
2026-05-24T16:53:54Z,J,15,sold,False,BFI IMAX J 15
2026-05-24T16:53:54Z,J,14,sold,False,BFI IMAX J 14
2026-05-24T16:53:54Z,J,13,sold,False,BFI IMAX J 13
2026-05-24T16:53:54Z,J,12,sold,False,BFI IMAX J 12
2026-05-24T16:53:54Z,J,11,sold,False,BFI IMAX J 11
2026-05-24T16:53:54Z,J,10,sold,False,BFI IMAX J 10
2026-05-24T16:53:54Z,J,9,sold,False,BFI IMAX J 9
2026-05-24T16:53:54Z,J,8,sold,False,BFI IMAX J 8
2026-05-24T16:53:54Z,J,7,sold,False,BFI IMAX J 7
2026-05-24T16:53:54Z,J,6,sold,False,BFI IMAX J 6
2026-05-24T16:53:54Z,J,5,sold,False,BFI IMAX J 5
2026-05-24T16:53:54Z,J,4,sold,False,BFI IMAX J 4
2026-05-24T16:53:54Z,J,3,sold,False,BFI IMAX J 3
2026-05-24T16:53:54Z,J,2,sold,False,BFI IMAX J 2
2026-05-24T16:53:54Z,J,1,sold,False,BFI IMAX J 1
2026-05-24T16:53:54Z,K,36,sold,False,BFI IMAX K 36
2026-05-24T16:53:54Z,K,35,sold,False,BFI IMAX K 35
2026-05-24T16:53:54Z,K,34,sold,False,BFI IMAX K 34
2026-05-24T16:53:54Z,K,33,sold,False,BFI IMAX K 33
2026-05-24T16:53:54Z,K,32,sold,False,BFI IMAX K 32
2026-05-24T16:53:54Z,K,31,sold,False,BFI IMAX K 31
2026-05-24T16:53:54Z,K,30,sold,False,BFI IMAX K 30
2026-05-24T16:53:54Z,K,29,sold,False,BFI IMAX K 29
2026-05-24T16:53:54Z,K,28,sold,False,BFI IMAX K 28
2026-05-24T16:53:54Z,A,13,available,False,BFI IMAX A 13
2026-05-24T16:53:54Z,A,12,available,False,BFI IMAX A 12
2026-05-24T16:53:54Z,K,25,sold,False,BFI IMAX K 25
2026-05-24T16:53:54Z,K,24,sold,False,BFI IMAX K 24
2026-05-24T16:53:54Z,K,23,sold,False,BFI IMAX K 23
2026-05-24T16:53:54Z,K,22,sold,False,BFI IMAX K 22
2026-05-24T16:53:54Z,K,21,sold,False,BFI IMAX K 21
2026-05-24T16:53:54Z,K,20,sold,False,BFI IMAX K 20
2026-05-24T16:53:54Z,K,19,sold,False,BFI IMAX K 19
2026-05-24T16:53:54Z,K,18,sold,False,BFI IMAX K 18
2026-05-24T16:53:54Z,K,17,sold,False,BFI IMAX K 17
2026-05-24T16:53:54Z,K,16,sold,False,BFI IMAX K 16
2026-05-24T16:53:54Z,K,15,sold,False,BFI IMAX K 15
2026-05-24T16:53:54Z,K,14,sold,False,BFI IMAX K 14
2026-05-24T16:53:54Z,K,13,sold,False,BFI IMAX K 13
2026-05-24T16:53:54Z,K,12,sold,False,BFI IMAX K 12
2026-05-24T16:53:54Z,K,11,sold,False,BFI IMAX K 11
2026-05-24T16:53:54Z,K,10,sold,False,BFI IMAX K 10
2026-05-24T16:53:54Z,K,9,sold,False,BFI IMAX K 9
2026-05-24T16:53:54Z,K,8,sold,False,BFI IMAX K 8
2026-05-24T16:53:54Z,K,7,sold,False,BFI IMAX K 7
2026-05-24T16:53:54Z,K,6,sold,False,BFI IMAX K 6
2026-05-24T16:53:54Z,K,5,sold,False,BFI IMAX K 5
2026-05-24T16:53:54Z,K,4,sold,False,BFI IMAX K 4
2026-05-24T16:53:54Z,K,3,sold,False,BFI IMAX K 3
2026-05-24T16:53:54Z,K,2,sold,False,BFI IMAX K 2
2026-05-24T16:53:54Z,K,1,sold,False,BFI IMAX K 1
2026-05-24T16:53:54Z,L,33,sold,False,BFI IMAX L 33
2026-05-24T16:53:54Z,L,32,sold,False,BFI IMAX L 32
2026-05-24T16:53:54Z,L,31,sold,False,BFI IMAX L 31
2026-05-24T16:53:54Z,L,30,sold,False,BFI IMAX L 30
2026-05-24T16:53:54Z,L,29,sold,False,BFI IMAX L 29
2026-05-24T16:53:54Z,L,28,sold,False,BFI IMAX L 28
2026-05-24T16:53:54Z,L,27,sold,False,BFI IMAX L 27
2026-05-24T16:53:54Z,L,26,sold,False,BFI IMAX L 26
2026-05-24T16:53:54Z,L,8,sold,False,BFI IMAX L 8
2026-05-24T16:53:54Z,L,7,sold,False,BFI IMAX L 7
2026-05-24T16:53:54Z,L,6,sold,False,BFI IMAX L 6
2026-05-24T16:53:54Z,L,5,sold,False,BFI IMAX L 5
2026-05-24T16:53:54Z,L,4,sold,False,BFI IMAX L 4
2026-05-24T16:53:54Z,L,3,sold,False,BFI IMAX L 3
2026-05-24T16:53:54Z,L,2,sold,False,BFI IMAX L 2
2026-05-24T16:53:54Z,L,1,sold,False,BFI IMAX L 1
2026-05-24T16:53:54Z,M,34,sold,False,BFI IMAX M 34
2026-05-24T16:53:54Z,M,33,sold,False,BFI IMAX M 33
2026-05-24T16:53:54Z,M,32,sold,False,BFI IMAX M 32
2026-05-24T16:53:54Z,M,31,sold,False,BFI IMAX M 31
2026-05-24T16:53:54Z,M,30,sold,False,BFI IMAX M 30
2026-05-24T16:53:54Z,M,29,sold,False,BFI IMAX M 29
2026-05-24T16:53:54Z,M,28,sold,False,BFI IMAX M 28
2026-05-24T16:53:54Z,M,27,sold,False,BFI IMAX M 27
2026-05-24T16:53:54Z,M,8,sold,False,BFI IMAX M 8
2026-05-24T16:53:54Z,M,7,sold,False,BFI IMAX M 7
2026-05-24T16:53:54Z,M,6,sold,False,BFI IMAX M 6
2026-05-24T16:53:54Z,M,5,sold,False,BFI IMAX M 5
2026-05-24T16:53:54Z,M,4,sold,False,BFI IMAX M 4
2026-05-24T16:53:54Z,M,3,sold,False,BFI IMAX M 3
2026-05-24T16:53:54Z,M,2,sold,False,BFI IMAX M 2
2026-05-24T16:53:54Z,M,1,sold,False,BFI IMAX M 1
2026-05-24T16:53:54Z,N,34,unavailable,False,BFI IMAX N 34
2026-05-24T16:53:54Z,N,33,unavailable,False,BFI IMAX N 33
2026-05-24T16:53:54Z,N,32,unavailable,False,BFI IMAX N 32
2026-05-24T16:53:54Z,N,31,unavailable,False,BFI IMAX N 31
2026-05-24T16:53:54Z,N,30,unavailable,False,BFI IMAX N 30
2026-05-24T16:53:54Z,N,29,unavailable,False,BFI IMAX N 29
2026-05-24T16:53:54Z,N,28,unavailable,False,BFI IMAX N 28
2026-05-24T16:53:54Z,N,27,unavailable,False,BFI IMAX N 27
2026-05-24T16:53:54Z,A,11,available,False,BFI IMAX A 11
2026-05-24T16:53:54Z,A,10,available,False,BFI IMAX A 10
2026-05-24T16:53:54Z,N,6,sold,False,BFI IMAX N 6
2026-05-24T16:53:54Z,N,5,sold,False,BFI IMAX N 5
2026-05-24T16:53:54Z,N,4,sold,False,BFI IMAX N 4
2026-05-24T16:53:54Z,N,3,sold,False,BFI IMAX N 3
2026-05-24T16:53:54Z,N,2,sold,False,BFI IMAX N 2
2026-05-24T16:53:54Z,N,1,sold,False,BFI IMAX N 1
2026-05-24T16:53:54Z,P,31,unavailable,False,BFI IMAX P 31
2026-05-24T16:53:54Z,A,9,available,False,BFI IMAX A 9
2026-05-24T16:53:54Z,A,8,available,False,BFI IMAX A 8
2026-05-24T16:53:54Z,P,26,unavailable,False,BFI IMAX P 26
2026-05-24T16:53:54Z,P,6,sold,False,BFI IMAX P 6
2026-05-24T16:53:54Z,A,7,available,False,BFI IMAX A 7
2026-05-24T16:53:54Z,A,6,available,False,BFI IMAX A 6
2026-05-24T16:53:54Z,P,1,unavailable,False,BFI IMAX P 1
2026-05-24T16:53:54Z,M,11,sold,False,BFI IMAX M 11
2026-05-24T16:53:54Z,M,10,sold,False,BFI IMAX M 10
2026-05-24T16:53:54Z,M,9,sold,False,BFI IMAX M 9
2026-05-24T16:53:54Z,L,9,sold,False,BFI IMAX L 9
2026-05-24T16:53:54Z,L,25,sold,False,BFI IMAX L 25
2026-05-24T16:53:54Z,L,24,sold,False,BFI IMAX L 24
2026-05-24T16:53:54Z,L,23,sold,False,BFI IMAX L 23
2026-05-24T16:53:54Z,L,22,sold,False,BFI IMAX L 22
2026-05-24T16:53:54Z,L,21,sold,False,BFI IMAX L 21
2026-05-24T16:53:54Z,L,20,sold,False,BFI IMAX L 20
2026-05-24T16:53:54Z,L,19,sold,False,BFI IMAX L 19
2026-05-24T16:53:54Z,L,18,sold,False,BFI IMAX L 18
2026-05-24T16:53:54Z,L,17,sold,False,BFI IMAX L 17
2026-05-24T16:53:54Z,L,16,sold,False,BFI IMAX L 16
2026-05-24T16:53:54Z,L,15,sold,False,BFI IMAX L 15
2026-05-24T16:53:54Z,L,14,sold,False,BFI IMAX L 14
2026-05-24T16:53:54Z,L,13,sold,False,BFI IMAX L 13
2026-05-24T16:53:54Z,L,12,sold,False,BFI IMAX L 12
2026-05-24T16:53:54Z,L,11,sold,False,BFI IMAX L 11
2026-05-24T16:53:54Z,N,26,unavailable,False,BFI IMAX N 26
2026-05-24T16:53:54Z,N,25,unavailable,False,BFI IMAX N 25
2026-05-24T16:53:54Z,N,24,unavailable,False,BFI IMAX N 24
2026-05-24T16:53:54Z,N,23,unavailable,False,BFI IMAX N 23
2026-05-24T16:53:54Z,N,22,sold,False,BFI IMAX N 22
2026-05-24T16:53:54Z,N,21,sold,False,BFI IMAX N 21
2026-05-24T16:53:54Z,N,20,sold,False,BFI IMAX N 20
2026-05-24T16:53:54Z,N,19,sold,False,BFI IMAX N 19
2026-05-24T16:53:54Z,N,18,sold,False,BFI IMAX N 18
2026-05-24T16:53:54Z,N,17,sold,False,BFI IMAX N 17
2026-05-24T16:53:54Z,N,16,sold,False,BFI IMAX N 16
2026-05-24T16:53:54Z,N,15,sold,False,BFI IMAX N 15
2026-05-24T16:53:54Z,N,14,sold,False,BFI IMAX N 14
2026-05-24T16:53:54Z,N,13,sold,False,BFI IMAX N 13
2026-05-24T16:53:54Z,N,12,unavailable,False,BFI IMAX N 12
2026-05-24T16:53:54Z,N,11,unavailable,False,BFI IMAX N 11
2026-05-24T16:53:54Z,N,10,unavailable,False,BFI IMAX N 10
2026-05-24T16:53:54Z,N,9,unavailable,False,BFI IMAX N 9
2026-05-24T16:53:54Z,L,10,sold,False,BFI IMAX L 10
2026-05-24T16:53:54Z,M,26,sold,False,BFI IMAX M 26
2026-05-24T16:53:54Z,M,25,sold,False,BFI IMAX M 25
2026-05-24T16:53:54Z,M,24,sold,False,BFI IMAX M 24
2026-05-24T16:53:54Z,M,23,sold,False,BFI IMAX M 23
2026-05-24T16:53:54Z,M,22,sold,False,BFI IMAX M 22
2026-05-24T16:53:54Z,M,21,sold,False,BFI IMAX M 21
2026-05-24T16:53:54Z,M,20,sold,False,BFI IMAX M 20
2026-05-24T16:53:54Z,M,19,sold,False,BFI IMAX M 19
2026-05-24T16:53:54Z,M,18,sold,False,BFI IMAX M 18
2026-05-24T16:53:54Z,M,17,sold,False,BFI IMAX M 17
2026-05-24T16:53:54Z,M,16,sold,False,BFI IMAX M 16
2026-05-24T16:53:54Z,M,15,sold,False,BFI IMAX M 15
2026-05-24T16:53:54Z,M,14,sold,False,BFI IMAX M 14
2026-05-24T16:53:54Z,M,13,sold,False,BFI IMAX M 13
2026-05-24T16:53:54Z,M,12,sold,False,BFI IMAX M 12
2026-05-24T16:53:54Z,P,30,unavailable,True,BFI IMAX P 30
2026-05-24T16:53:54Z,P,27,unavailable,True,BFI IMAX P 27
2026-05-24T16:53:54Z,P,2,unavailable,True,BFI IMAX P 2
2026-05-24T16:53:54Z,P,5,sold,True,BFI IMAX P 5
2026-05-24T16:53:54Z,P,19,sold,False,BFI IMAX P 19
2026-05-24T16:53:54Z,P,18,sold,False,BFI IMAX P 18
2026-05-24T16:53:54Z,P,17,sold,False,BFI IMAX P 17
2026-05-24T16:53:54Z,P,16,sold,False,BFI IMAX P 16
2026-05-24T16:53:54Z,P,15,sold,False,BFI IMAX P 15
2026-05-24T16:53:54Z,P,14,sold,False,BFI IMAX P 14
2026-05-24T16:53:54Z,P,13,sold,False,BFI IMAX P 13
2026-05-24T16:53:54Z,P,12,sold,False,BFI IMAX P 12
2026-05-24T16:53:54Z,P,11,sold,False,BFI IMAX P 11
2026-05-24T16:53:54Z,P,10,sold,False,BFI IMAX P 10
2026-05-24T16:53:54Z,P,9,sold,False,BFI IMAX P 9
2026-05-24T16:53:54Z,P,8,sold,False,BFI IMAX P 8
2026-05-24T16:53:54Z,P,7,sold,False,BFI IMAX P 7
2026-05-24T16:53:54Z,P,25,sold,False,BFI IMAX P 25
2026-05-24T16:53:54Z,P,24,sold,False,BFI IMAX P 24
2026-05-24T16:53:54Z,P,23,sold,False,BFI IMAX P 23
2026-05-24T16:53:54Z,P,22,sold,False,BFI IMAX P 22
2026-05-24T16:53:54Z,P,21,sold,False,BFI IMAX P 21
2026-05-24T16:53:54Z,P,20,sold,False,BFI IMAX P 20
2026-05-24T16:53:54Z,Q,18,sold,False,BFI IMAX Q 18
2026-05-24T16:53:54Z,Q,17,sold,False,BFI IMAX Q 17
2026-05-24T16:53:54Z,Q,16,sold,False,BFI IMAX Q 16
2026-05-24T16:53:54Z,Q,15,sold,False,BFI IMAX Q 15
2026-05-24T16:53:54Z,Q,14,sold,False,BFI IMAX Q 14
2026-05-24T16:53:54Z,Q,13,sold,False,BFI IMAX Q 13
2026-05-24T16:53:54Z,Q,12,sold,False,BFI IMAX Q 12
2026-05-24T16:53:54Z,Q,11,sold,False,BFI IMAX Q 11
2026-05-24T16:53:54Z,Q,10,sold,False,BFI IMAX Q 10
2026-05-24T16:53:54Z,Q,9,sold,False,BFI IMAX Q 9
2026-05-24T16:53:54Z,Q,8,sold,False,BFI IMAX Q 8
2026-05-24T16:53:54Z,Q,7,sold,False,BFI IMAX Q 7
2026-05-24T16:53:54Z,Q,6,sold,False,BFI IMAX Q 6
2026-05-24T16:53:54Z,Q,5,sold,False,BFI IMAX Q 5
2026-05-24T16:53:54Z,Q,4,sold,False,BFI IMAX Q 4
2026-05-24T16:53:54Z,Q,3,sold,False,BFI IMAX Q 3
2026-05-24T16:53:54Z,Q,2,sold,False,BFI IMAX Q 2
2026-05-24T16:53:54Z,Q,1,sold,False,BFI IMAX Q 1
2026-05-24T17:27:18Z,K,27,unavailable,False,BFI IMAX K 27
2026-05-24T17:27:18Z,K,26,unavailable,False,BFI IMAX K 26
2026-05-24T17:27:18Z,N,8,unavailable,False,BFI IMAX N 8
2026-05-24T17:27:18Z,N,7,unavailable,False,BFI IMAX N 7
2026-05-24T17:27:18Z,P,29,unavailable,True,BFI IMAX P 29
2026-05-24T17:27:18Z,P,28,unavailable,True,BFI IMAX P 28
2026-05-24T17:27:18Z,P,4,unavailable,True,BFI IMAX P 4
2026-05-24T17:27:18Z,P,3,unavailable,True,BFI IMAX P 3
2026-05-24T17:27:18Z,A,5,available,False,BFI IMAX A 5
2026-05-24T17:27:18Z,A,4,available,False,BFI IMAX A 4
2026-05-24T17:27:18Z,A,3,available,False,BFI IMAX A 3
2026-05-24T17:27:18Z,A,2,available,False,BFI IMAX A 2
2026-05-24T17:27:18Z,A,1,available,False,BFI IMAX A 1
2026-05-24T17:27:18Z,B,36,available,False,BFI IMAX B 36
2026-05-24T17:27:18Z,B,35,available,False,BFI IMAX B 35
2026-05-24T17:27:18Z,B,34,available,False,BFI IMAX B 34
2026-05-24T17:27:18Z,B,33,available,False,BFI IMAX B 33
2026-05-24T17:27:18Z,B,32,available,False,BFI IMAX B 32
2026-05-24T17:27:18Z,B,31,available,False,BFI IMAX B 31
2026-05-24T17:27:18Z,B,30,available,False,BFI IMAX B 30
2026-05-24T17:27:18Z,B,29,available,False,BFI IMAX B 29
2026-05-24T17:27:18Z,B,28,available,False,BFI IMAX B 28
2026-05-24T17:27:18Z,B,27,available,False,BFI IMAX B 27
2026-05-24T17:27:18Z,B,26,available,False,BFI IMAX B 26
2026-05-24T17:27:18Z,B,25,available,False,BFI IMAX B 25
2026-05-24T17:27:18Z,B,24,available,False,BFI IMAX B 24
2026-05-24T17:27:18Z,B,23,sold,False,BFI IMAX B 23
2026-05-24T17:27:18Z,B,22,sold,False,BFI IMAX B 22
2026-05-24T17:27:18Z,B,21,sold,False,BFI IMAX B 21
2026-05-24T17:27:18Z,B,20,sold,False,BFI IMAX B 20
2026-05-24T17:27:18Z,B,19,sold,False,BFI IMAX B 19
2026-05-24T17:27:18Z,B,18,sold,False,BFI IMAX B 18
2026-05-24T17:27:18Z,B,17,sold,False,BFI IMAX B 17
2026-05-24T17:27:18Z,B,16,sold,False,BFI IMAX B 16
2026-05-24T17:27:18Z,B,15,available,False,BFI IMAX B 15
2026-05-24T17:27:18Z,B,14,available,False,BFI IMAX B 14
2026-05-24T17:27:18Z,B,13,available,False,BFI IMAX B 13
2026-05-24T17:27:18Z,B,12,available,False,BFI IMAX B 12
2026-05-24T17:27:18Z,B,11,available,False,BFI IMAX B 11
2026-05-24T17:27:18Z,B,10,available,False,BFI IMAX B 10
2026-05-24T17:27:18Z,B,9,available,False,BFI IMAX B 9
2026-05-24T17:27:18Z,B,8,available,False,BFI IMAX B 8
2026-05-24T17:27:18Z,B,7,available,False,BFI IMAX B 7
2026-05-24T17:27:18Z,B,6,available,False,BFI IMAX B 6
2026-05-24T17:27:18Z,B,5,available,False,BFI IMAX B 5
2026-05-24T17:27:18Z,B,4,available,False,BFI IMAX B 4
2026-05-24T17:27:18Z,B,3,available,False,BFI IMAX B 3
2026-05-24T17:27:18Z,B,2,available,False,BFI IMAX B 2
2026-05-24T17:27:18Z,B,1,available,False,BFI IMAX B 1
2026-05-24T17:27:18Z,C,36,available,False,BFI IMAX C 36
2026-05-24T17:27:18Z,C,35,available,False,BFI IMAX C 35
2026-05-24T17:27:18Z,C,34,available,False,BFI IMAX C 34
2026-05-24T17:27:18Z,C,33,available,False,BFI IMAX C 33
2026-05-24T17:27:18Z,C,32,available,False,BFI IMAX C 32
2026-05-24T17:27:18Z,C,31,available,False,BFI IMAX C 31
2026-05-24T17:27:18Z,C,30,available,False,BFI IMAX C 30
2026-05-24T17:27:18Z,C,29,available,False,BFI IMAX C 29
2026-05-24T17:27:18Z,C,28,available,False,BFI IMAX C 28
2026-05-24T17:27:18Z,C,27,available,False,BFI IMAX C 27
2026-05-24T17:27:18Z,C,26,available,False,BFI IMAX C 26
2026-05-24T17:27:18Z,C,25,sold,False,BFI IMAX C 25
2026-05-24T17:27:18Z,C,24,sold,False,BFI IMAX C 24
2026-05-24T17:27:18Z,C,23,sold,False,BFI IMAX C 23
2026-05-24T17:27:18Z,C,22,sold,False,BFI IMAX C 22
2026-05-24T17:27:18Z,C,21,sold,False,BFI IMAX C 21
2026-05-24T17:27:18Z,C,20,sold,False,BFI IMAX C 20
2026-05-24T17:27:18Z,C,19,sold,False,BFI IMAX C 19
2026-05-24T17:27:18Z,C,18,sold,False,BFI IMAX C 18
2026-05-24T17:27:18Z,C,17,sold,False,BFI IMAX C 17
2026-05-24T17:27:18Z,C,16,sold,False,BFI IMAX C 16
2026-05-24T17:27:18Z,C,15,sold,False,BFI IMAX C 15
2026-05-24T17:27:18Z,C,14,sold,False,BFI IMAX C 14
2026-05-24T17:27:18Z,C,13,sold,False,BFI IMAX C 13
2026-05-24T17:27:18Z,C,12,sold,False,BFI IMAX C 12
2026-05-24T17:27:18Z,C,11,sold,False,BFI IMAX C 11
2026-05-24T17:27:18Z,C,10,sold,False,BFI IMAX C 10
2026-05-24T17:27:18Z,C,9,available,False,BFI IMAX C 9
2026-05-24T17:27:18Z,C,8,available,False,BFI IMAX C 8
2026-05-24T17:27:18Z,C,7,available,False,BFI IMAX C 7
2026-05-24T17:27:18Z,C,6,available,False,BFI IMAX C 6
2026-05-24T17:27:18Z,C,5,available,False,BFI IMAX C 5
2026-05-24T17:27:18Z,C,4,available,False,BFI IMAX C 4
2026-05-24T17:27:18Z,C,3,available,False,BFI IMAX C 3
2026-05-24T17:27:18Z,C,2,available,False,BFI IMAX C 2
2026-05-24T17:27:18Z,C,1,available,False,BFI IMAX C 1
2026-05-24T17:27:18Z,D,37,available,False,BFI IMAX D 37
2026-05-24T17:27:18Z,D,36,available,False,BFI IMAX D 36
2026-05-24T17:27:18Z,D,35,available,False,BFI IMAX D 35
2026-05-24T17:27:18Z,D,34,available,False,BFI IMAX D 34
2026-05-24T17:27:18Z,D,33,available,False,BFI IMAX D 33
2026-05-24T17:27:18Z,D,32,available,False,BFI IMAX D 32
2026-05-24T17:27:18Z,D,31,available,False,BFI IMAX D 31
2026-05-24T17:27:18Z,D,30,sold,False,BFI IMAX D 30
2026-05-24T17:27:18Z,D,29,sold,False,BFI IMAX D 29
2026-05-24T17:27:18Z,D,28,sold,False,BFI IMAX D 28
2026-05-24T17:27:18Z,D,27,sold,False,BFI IMAX D 27
2026-05-24T17:27:18Z,D,26,sold,False,BFI IMAX D 26
2026-05-24T17:27:18Z,D,25,sold,False,BFI IMAX D 25
2026-05-24T17:27:18Z,D,24,sold,False,BFI IMAX D 24
2026-05-24T17:27:18Z,D,23,sold,False,BFI IMAX D 23
2026-05-24T17:27:18Z,D,22,sold,False,BFI IMAX D 22
2026-05-24T17:27:18Z,D,21,sold,False,BFI IMAX D 21
2026-05-24T17:27:18Z,D,20,sold,False,BFI IMAX D 20
2026-05-24T17:27:18Z,D,19,sold,False,BFI IMAX D 19
2026-05-24T17:27:18Z,D,18,sold,False,BFI IMAX D 18
2026-05-24T17:27:18Z,D,17,sold,False,BFI IMAX D 17
2026-05-24T17:27:18Z,D,16,sold,False,BFI IMAX D 16
2026-05-24T17:27:18Z,D,15,sold,False,BFI IMAX D 15
2026-05-24T17:27:18Z,D,14,sold,False,BFI IMAX D 14
2026-05-24T17:27:18Z,D,13,sold,False,BFI IMAX D 13
2026-05-24T17:27:18Z,D,12,sold,False,BFI IMAX D 12
2026-05-24T17:27:18Z,D,11,sold,False,BFI IMAX D 11
2026-05-24T17:27:18Z,D,10,sold,False,BFI IMAX D 10
2026-05-24T17:27:18Z,D,9,available,False,BFI IMAX D 9
2026-05-24T17:27:18Z,D,8,available,False,BFI IMAX D 8
2026-05-24T17:27:18Z,D,7,available,False,BFI IMAX D 7
2026-05-24T17:27:18Z,D,6,available,False,BFI IMAX D 6
2026-05-24T17:27:18Z,D,5,available,False,BFI IMAX D 5
2026-05-24T17:27:18Z,D,4,available,False,BFI IMAX D 4
2026-05-24T17:27:18Z,D,3,available,False,BFI IMAX D 3
2026-05-24T17:27:18Z,D,2,available,False,BFI IMAX D 2
2026-05-24T17:27:18Z,D,1,available,False,BFI IMAX D 1
2026-05-24T17:27:18Z,E,37,available,False,BFI IMAX E 37
2026-05-24T17:27:18Z,E,36,available,False,BFI IMAX E 36
2026-05-24T17:27:18Z,E,35,available,False,BFI IMAX E 35
2026-05-24T17:27:18Z,E,34,available,False,BFI IMAX E 34
2026-05-24T17:27:18Z,E,33,available,False,BFI IMAX E 33
2026-05-24T17:27:18Z,E,32,sold,False,BFI IMAX E 32
2026-05-24T17:27:18Z,E,31,sold,False,BFI IMAX E 31
2026-05-24T17:27:18Z,E,30,sold,False,BFI IMAX E 30
2026-05-24T17:27:18Z,E,29,sold,False,BFI IMAX E 29
2026-05-24T17:27:18Z,E,28,sold,False,BFI IMAX E 28
2026-05-24T17:27:18Z,E,27,sold,False,BFI IMAX E 27
2026-05-24T17:27:18Z,E,26,sold,False,BFI IMAX E 26
2026-05-24T17:27:18Z,E,25,sold,False,BFI IMAX E 25
2026-05-24T17:27:18Z,E,24,sold,False,BFI IMAX E 24
2026-05-24T17:27:18Z,E,23,sold,False,BFI IMAX E 23
2026-05-24T17:27:18Z,E,22,sold,False,BFI IMAX E 22
2026-05-24T17:27:18Z,E,21,sold,False,BFI IMAX E 21
2026-05-24T17:27:18Z,E,20,sold,False,BFI IMAX E 20
2026-05-24T17:27:18Z,E,19,sold,False,BFI IMAX E 19
2026-05-24T17:27:18Z,E,18,sold,False,BFI IMAX E 18
2026-05-24T17:27:18Z,E,17,sold,False,BFI IMAX E 17
2026-05-24T17:27:18Z,E,16,sold,False,BFI IMAX E 16
2026-05-24T17:27:18Z,E,15,sold,False,BFI IMAX E 15
2026-05-24T17:27:18Z,E,14,sold,False,BFI IMAX E 14
2026-05-24T17:27:18Z,E,13,sold,False,BFI IMAX E 13
2026-05-24T17:27:18Z,E,12,sold,False,BFI IMAX E 12
2026-05-24T17:27:18Z,E,11,sold,False,BFI IMAX E 11
2026-05-24T17:27:18Z,E,10,sold,False,BFI IMAX E 10
2026-05-24T17:27:18Z,E,9,sold,False,BFI IMAX E 9
2026-05-24T17:27:18Z,E,8,sold,False,BFI IMAX E 8
2026-05-24T17:27:18Z,E,7,sold,False,BFI IMAX E 7
2026-05-24T17:27:18Z,E,6,sold,False,BFI IMAX E 6
2026-05-24T17:27:18Z,E,5,sold,False,BFI IMAX E 5
2026-05-24T17:27:18Z,E,4,available,False,BFI IMAX E 4
2026-05-24T17:27:18Z,E,3,available,False,BFI IMAX E 3
2026-05-24T17:27:18Z,E,2,available,False,BFI IMAX E 2
2026-05-24T17:27:18Z,E,1,available,False,BFI IMAX E 1
2026-05-24T17:27:18Z,F,38,available,False,BFI IMAX F 38
2026-05-24T17:27:18Z,F,37,sold,False,BFI IMAX F 37
2026-05-24T17:27:18Z,F,36,sold,False,BFI IMAX F 36
2026-05-24T17:27:18Z,F,35,sold,False,BFI IMAX F 35
2026-05-24T17:27:18Z,F,34,sold,False,BFI IMAX F 34
2026-05-24T17:27:18Z,F,33,sold,False,BFI IMAX F 33
2026-05-24T17:27:18Z,F,32,sold,False,BFI IMAX F 32
2026-05-24T17:27:18Z,F,31,sold,False,BFI IMAX F 31
2026-05-24T17:27:18Z,F,30,sold,False,BFI IMAX F 30
2026-05-24T17:27:18Z,F,29,sold,False,BFI IMAX F 29
2026-05-24T17:27:18Z,F,28,sold,False,BFI IMAX F 28
2026-05-24T17:27:18Z,F,27,sold,False,BFI IMAX F 27
2026-05-24T17:27:18Z,F,26,sold,False,BFI IMAX F 26
2026-05-24T17:27:18Z,F,25,sold,False,BFI IMAX F 25
2026-05-24T17:27:18Z,F,24,sold,False,BFI IMAX F 24
2026-05-24T17:27:18Z,F,23,sold,False,BFI IMAX F 23
2026-05-24T17:27:18Z,F,22,sold,False,BFI IMAX F 22
2026-05-24T17:27:18Z,F,21,sold,False,BFI IMAX F 21
2026-05-24T17:27:18Z,F,20,sold,False,BFI IMAX F 20
2026-05-24T17:27:18Z,F,19,sold,False,BFI IMAX F 19
2026-05-24T17:27:18Z,F,18,sold,False,BFI IMAX F 18
2026-05-24T17:27:18Z,F,17,sold,False,BFI IMAX F 17
2026-05-24T17:27:18Z,F,16,sold,False,BFI IMAX F 16
2026-05-24T17:27:18Z,F,15,sold,False,BFI IMAX F 15
2026-05-24T17:27:18Z,F,14,sold,False,BFI IMAX F 14
2026-05-24T17:27:18Z,F,13,sold,False,BFI IMAX F 13
2026-05-24T17:27:18Z,F,12,sold,False,BFI IMAX F 12
2026-05-24T17:27:18Z,F,11,sold,False,BFI IMAX F 11
2026-05-24T17:27:18Z,F,10,sold,False,BFI IMAX F 10
2026-05-24T17:27:18Z,F,9,sold,False,BFI IMAX F 9
2026-05-24T17:27:18Z,F,8,sold,False,BFI IMAX F 8
2026-05-24T17:27:18Z,F,7,sold,False,BFI IMAX F 7
2026-05-24T17:27:18Z,F,6,sold,False,BFI IMAX F 6
2026-05-24T17:27:18Z,F,5,sold,False,BFI IMAX F 5
2026-05-24T17:27:18Z,F,4,sold,False,BFI IMAX F 4
2026-05-24T17:27:18Z,F,3,sold,False,BFI IMAX F 3
2026-05-24T17:27:18Z,F,2,sold,False,BFI IMAX F 2
2026-05-24T17:27:18Z,F,1,sold,False,BFI IMAX F 1
2026-05-24T17:27:18Z,G,37,sold,False,BFI IMAX G 37
2026-05-24T17:27:18Z,G,36,sold,False,BFI IMAX G 36
2026-05-24T17:27:18Z,G,35,sold,False,BFI IMAX G 35
2026-05-24T17:27:18Z,G,34,sold,False,BFI IMAX G 34
2026-05-24T17:27:18Z,G,33,sold,False,BFI IMAX G 33
2026-05-24T17:27:18Z,G,32,sold,False,BFI IMAX G 32
2026-05-24T17:27:18Z,G,31,sold,False,BFI IMAX G 31
2026-05-24T17:27:18Z,G,30,sold,False,BFI IMAX G 30
2026-05-24T17:27:18Z,G,29,sold,False,BFI IMAX G 29
2026-05-24T17:27:18Z,G,28,sold,False,BFI IMAX G 28
2026-05-24T17:27:18Z,G,27,sold,False,BFI IMAX G 27
2026-05-24T17:27:18Z,G,26,sold,False,BFI IMAX G 26
2026-05-24T17:27:18Z,G,25,sold,False,BFI IMAX G 25
2026-05-24T17:27:18Z,G,24,sold,False,BFI IMAX G 24
2026-05-24T17:27:18Z,G,23,sold,False,BFI IMAX G 23
2026-05-24T17:27:18Z,G,22,sold,False,BFI IMAX G 22
2026-05-24T17:27:18Z,G,21,sold,False,BFI IMAX G 21
2026-05-24T17:27:18Z,G,20,sold,False,BFI IMAX G 20
2026-05-24T17:27:18Z,G,19,sold,False,BFI IMAX G 19
2026-05-24T17:27:18Z,G,18,sold,False,BFI IMAX G 18
2026-05-24T17:27:18Z,G,17,sold,False,BFI IMAX G 17
2026-05-24T17:27:18Z,G,16,sold,False,BFI IMAX G 16
2026-05-24T17:27:18Z,G,15,sold,False,BFI IMAX G 15
2026-05-24T17:27:18Z,G,14,sold,False,BFI IMAX G 14
2026-05-24T17:27:18Z,G,13,sold,False,BFI IMAX G 13
2026-05-24T17:27:18Z,G,12,sold,False,BFI IMAX G 12
2026-05-24T17:27:18Z,G,11,sold,False,BFI IMAX G 11
2026-05-24T17:27:18Z,G,10,sold,False,BFI IMAX G 10
2026-05-24T17:27:18Z,G,9,sold,False,BFI IMAX G 9
2026-05-24T17:27:18Z,G,8,sold,False,BFI IMAX G 8
2026-05-24T17:27:18Z,G,7,sold,False,BFI IMAX G 7
2026-05-24T17:27:18Z,G,6,sold,False,BFI IMAX G 6
2026-05-24T17:27:18Z,G,5,sold,False,BFI IMAX G 5
2026-05-24T17:27:18Z,G,4,sold,False,BFI IMAX G 4
2026-05-24T17:27:18Z,G,3,sold,False,BFI IMAX G 3
2026-05-24T17:27:18Z,G,2,sold,False,BFI IMAX G 2
2026-05-24T17:27:18Z,G,1,sold,False,BFI IMAX G 1
2026-05-24T17:27:18Z,H,37,sold,False,BFI IMAX H 37
2026-05-24T17:27:18Z,H,36,sold,False,BFI IMAX H 36
2026-05-24T17:27:18Z,H,35,sold,False,BFI IMAX H 35
2026-05-24T17:27:18Z,H,34,sold,False,BFI IMAX H 34
2026-05-24T17:27:18Z,H,33,sold,False,BFI IMAX H 33
2026-05-24T17:27:18Z,H,32,sold,False,BFI IMAX H 32
2026-05-24T17:27:18Z,H,31,sold,False,BFI IMAX H 31
2026-05-24T17:27:18Z,H,30,sold,False,BFI IMAX H 30
2026-05-24T17:27:18Z,H,29,sold,False,BFI IMAX H 29
2026-05-24T17:27:18Z,H,28,sold,False,BFI IMAX H 28
2026-05-24T17:27:18Z,H,27,sold,False,BFI IMAX H 27
2026-05-24T17:27:18Z,H,26,sold,False,BFI IMAX H 26
2026-05-24T17:27:18Z,H,25,sold,False,BFI IMAX H 25
2026-05-24T17:27:18Z,H,24,sold,False,BFI IMAX H 24
2026-05-24T17:27:18Z,H,23,sold,False,BFI IMAX H 23
2026-05-24T17:27:18Z,H,22,sold,False,BFI IMAX H 22
2026-05-24T17:27:18Z,H,21,sold,False,BFI IMAX H 21
2026-05-24T17:27:18Z,H,20,sold,False,BFI IMAX H 20
2026-05-24T17:27:18Z,H,19,sold,False,BFI IMAX H 19
2026-05-24T17:27:18Z,H,18,sold,False,BFI IMAX H 18
2026-05-24T17:27:18Z,H,17,sold,False,BFI IMAX H 17
2026-05-24T17:27:18Z,H,16,sold,False,BFI IMAX H 16
2026-05-24T17:27:18Z,H,15,sold,False,BFI IMAX H 15
2026-05-24T17:27:18Z,H,14,sold,False,BFI IMAX H 14
2026-05-24T17:27:18Z,H,13,sold,False,BFI IMAX H 13
2026-05-24T17:27:18Z,H,12,sold,False,BFI IMAX H 12
2026-05-24T17:27:18Z,H,11,sold,False,BFI IMAX H 11
2026-05-24T17:27:18Z,H,10,sold,False,BFI IMAX H 10
2026-05-24T17:27:18Z,H,9,sold,False,BFI IMAX H 9
2026-05-24T17:27:18Z,H,8,sold,False,BFI IMAX H 8
2026-05-24T17:27:18Z,H,7,sold,False,BFI IMAX H 7
2026-05-24T17:27:18Z,H,6,sold,False,BFI IMAX H 6
2026-05-24T17:27:18Z,H,5,sold,False,BFI IMAX H 5
2026-05-24T17:27:18Z,H,4,sold,False,BFI IMAX H 4
2026-05-24T17:27:18Z,H,3,sold,False,BFI IMAX H 3
2026-05-24T17:27:18Z,H,2,sold,False,BFI IMAX H 2
2026-05-24T17:27:18Z,H,1,sold,False,BFI IMAX H 1
2026-05-24T17:27:18Z,J,36,sold,False,BFI IMAX J 36
2026-05-24T17:27:18Z,J,35,sold,False,BFI IMAX J 35
2026-05-24T17:27:18Z,J,34,sold,False,BFI IMAX J 34
2026-05-24T17:27:18Z,J,33,sold,False,BFI IMAX J 33
2026-05-24T17:27:18Z,J,32,sold,False,BFI IMAX J 32
2026-05-24T17:27:18Z,J,31,sold,False,BFI IMAX J 31
2026-05-24T17:27:18Z,J,30,sold,False,BFI IMAX J 30
2026-05-24T17:27:18Z,J,29,sold,False,BFI IMAX J 29
2026-05-24T17:27:18Z,J,28,sold,False,BFI IMAX J 28
2026-05-24T17:27:18Z,J,27,sold,False,BFI IMAX J 27
2026-05-24T17:27:18Z,J,26,sold,False,BFI IMAX J 26
2026-05-24T17:27:18Z,J,25,sold,False,BFI IMAX J 25
2026-05-24T17:27:18Z,J,24,sold,False,BFI IMAX J 24
2026-05-24T17:27:18Z,J,23,sold,False,BFI IMAX J 23
2026-05-24T17:27:18Z,J,22,sold,False,BFI IMAX J 22
2026-05-24T17:27:18Z,J,21,sold,False,BFI IMAX J 21
2026-05-24T17:27:18Z,J,20,sold,False,BFI IMAX J 20
2026-05-24T17:27:18Z,J,19,sold,False,BFI IMAX J 19
2026-05-24T17:27:18Z,J,18,sold,False,BFI IMAX J 18
2026-05-24T17:27:18Z,J,17,sold,False,BFI IMAX J 17
2026-05-24T17:27:18Z,J,16,sold,False,BFI IMAX J 16
2026-05-24T17:27:18Z,J,15,sold,False,BFI IMAX J 15
2026-05-24T17:27:18Z,J,14,sold,False,BFI IMAX J 14
2026-05-24T17:27:18Z,J,13,sold,False,BFI IMAX J 13
2026-05-24T17:27:18Z,J,12,sold,False,BFI IMAX J 12
2026-05-24T17:27:18Z,J,11,sold,False,BFI IMAX J 11
2026-05-24T17:27:18Z,J,10,sold,False,BFI IMAX J 10
2026-05-24T17:27:18Z,J,9,sold,False,BFI IMAX J 9
2026-05-24T17:27:18Z,J,8,sold,False,BFI IMAX J 8
2026-05-24T17:27:18Z,J,7,sold,False,BFI IMAX J 7
2026-05-24T17:27:18Z,J,6,sold,False,BFI IMAX J 6
2026-05-24T17:27:18Z,J,5,sold,False,BFI IMAX J 5
2026-05-24T17:27:18Z,J,4,sold,False,BFI IMAX J 4
2026-05-24T17:27:18Z,J,3,sold,False,BFI IMAX J 3
2026-05-24T17:27:18Z,J,2,sold,False,BFI IMAX J 2
2026-05-24T17:27:18Z,J,1,sold,False,BFI IMAX J 1
2026-05-24T17:27:18Z,K,36,sold,False,BFI IMAX K 36
2026-05-24T17:27:18Z,K,35,sold,False,BFI IMAX K 35
2026-05-24T17:27:18Z,K,34,sold,False,BFI IMAX K 34
2026-05-24T17:27:18Z,K,33,sold,False,BFI IMAX K 33
2026-05-24T17:27:18Z,K,32,sold,False,BFI IMAX K 32
2026-05-24T17:27:18Z,K,31,sold,False,BFI IMAX K 31
2026-05-24T17:27:18Z,K,30,sold,False,BFI IMAX K 30
2026-05-24T17:27:18Z,K,29,sold,False,BFI IMAX K 29
2026-05-24T17:27:18Z,K,28,sold,False,BFI IMAX K 28
2026-05-24T17:27:18Z,A,13,available,False,BFI IMAX A 13
2026-05-24T17:27:18Z,A,12,available,False,BFI IMAX A 12
2026-05-24T17:27:18Z,K,25,sold,False,BFI IMAX K 25
2026-05-24T17:27:18Z,K,24,sold,False,BFI IMAX K 24
2026-05-24T17:27:18Z,K,23,sold,False,BFI IMAX K 23
2026-05-24T17:27:18Z,K,22,sold,False,BFI IMAX K 22
2026-05-24T17:27:18Z,K,21,sold,False,BFI IMAX K 21
2026-05-24T17:27:18Z,K,20,sold,False,BFI IMAX K 20
2026-05-24T17:27:18Z,K,19,sold,False,BFI IMAX K 19
2026-05-24T17:27:18Z,K,18,sold,False,BFI IMAX K 18
2026-05-24T17:27:18Z,K,17,sold,False,BFI IMAX K 17
2026-05-24T17:27:18Z,K,16,sold,False,BFI IMAX K 16
2026-05-24T17:27:18Z,K,15,sold,False,BFI IMAX K 15
2026-05-24T17:27:18Z,K,14,sold,False,BFI IMAX K 14
2026-05-24T17:27:18Z,K,13,sold,False,BFI IMAX K 13
2026-05-24T17:27:18Z,K,12,sold,False,BFI IMAX K 12
2026-05-24T17:27:18Z,K,11,sold,False,BFI IMAX K 11
2026-05-24T17:27:18Z,K,10,sold,False,BFI IMAX K 10
2026-05-24T17:27:18Z,K,9,sold,False,BFI IMAX K 9
2026-05-24T17:27:18Z,K,8,sold,False,BFI IMAX K 8
2026-05-24T17:27:18Z,K,7,sold,False,BFI IMAX K 7
2026-05-24T17:27:18Z,K,6,sold,False,BFI IMAX K 6
2026-05-24T17:27:18Z,K,5,sold,False,BFI IMAX K 5
2026-05-24T17:27:18Z,K,4,sold,False,BFI IMAX K 4
2026-05-24T17:27:18Z,K,3,sold,False,BFI IMAX K 3
2026-05-24T17:27:18Z,K,2,sold,False,BFI IMAX K 2
2026-05-24T17:27:18Z,K,1,sold,False,BFI IMAX K 1
2026-05-24T17:27:18Z,L,33,sold,False,BFI IMAX L 33
2026-05-24T17:27:18Z,L,32,sold,False,BFI IMAX L 32
2026-05-24T17:27:18Z,L,31,sold,False,BFI IMAX L 31
2026-05-24T17:27:18Z,L,30,sold,False,BFI IMAX L 30
2026-05-24T17:27:18Z,L,29,sold,False,BFI IMAX L 29
2026-05-24T17:27:18Z,L,28,sold,False,BFI IMAX L 28
2026-05-24T17:27:18Z,L,27,sold,False,BFI IMAX L 27
2026-05-24T17:27:18Z,L,26,sold,False,BFI IMAX L 26
2026-05-24T17:27:18Z,L,8,sold,False,BFI IMAX L 8
2026-05-24T17:27:18Z,L,7,sold,False,BFI IMAX L 7
2026-05-24T17:27:18Z,L,6,sold,False,BFI IMAX L 6
2026-05-24T17:27:18Z,L,5,sold,False,BFI IMAX L 5
2026-05-24T17:27:18Z,L,4,sold,False,BFI IMAX L 4
2026-05-24T17:27:18Z,L,3,sold,False,BFI IMAX L 3
2026-05-24T17:27:18Z,L,2,sold,False,BFI IMAX L 2
2026-05-24T17:27:18Z,L,1,sold,False,BFI IMAX L 1
2026-05-24T17:27:18Z,M,34,sold,False,BFI IMAX M 34
2026-05-24T17:27:18Z,M,33,sold,False,BFI IMAX M 33
2026-05-24T17:27:18Z,M,32,sold,False,BFI IMAX M 32
2026-05-24T17:27:18Z,M,31,sold,False,BFI IMAX M 31
2026-05-24T17:27:18Z,M,30,sold,False,BFI IMAX M 30
2026-05-24T17:27:18Z,M,29,sold,False,BFI IMAX M 29
2026-05-24T17:27:18Z,M,28,sold,False,BFI IMAX M 28
2026-05-24T17:27:18Z,M,27,sold,False,BFI IMAX M 27
2026-05-24T17:27:18Z,M,8,sold,False,BFI IMAX M 8
2026-05-24T17:27:18Z,M,7,sold,False,BFI IMAX M 7
2026-05-24T17:27:18Z,M,6,sold,False,BFI IMAX M 6
2026-05-24T17:27:18Z,M,5,sold,False,BFI IMAX M 5
2026-05-24T17:27:18Z,M,4,sold,False,BFI IMAX M 4
2026-05-24T17:27:18Z,M,3,sold,False,BFI IMAX M 3
2026-05-24T17:27:18Z,M,2,sold,False,BFI IMAX M 2
2026-05-24T17:27:18Z,M,1,sold,False,BFI IMAX M 1
2026-05-24T17:27:18Z,N,34,unavailable,False,BFI IMAX N 34
2026-05-24T17:27:18Z,N,33,unavailable,False,BFI IMAX N 33
2026-05-24T17:27:18Z,N,32,unavailable,False,BFI IMAX N 32
2026-05-24T17:27:18Z,N,31,unavailable,False,BFI IMAX N 31
2026-05-24T17:27:18Z,N,30,unavailable,False,BFI IMAX N 30
2026-05-24T17:27:18Z,N,29,unavailable,False,BFI IMAX N 29
2026-05-24T17:27:18Z,N,28,unavailable,False,BFI IMAX N 28
2026-05-24T17:27:18Z,N,27,unavailable,False,BFI IMAX N 27
2026-05-24T17:27:18Z,A,11,available,False,BFI IMAX A 11
2026-05-24T17:27:18Z,A,10,available,False,BFI IMAX A 10
2026-05-24T17:27:18Z,N,6,sold,False,BFI IMAX N 6
2026-05-24T17:27:18Z,N,5,sold,False,BFI IMAX N 5
2026-05-24T17:27:18Z,N,4,sold,False,BFI IMAX N 4
2026-05-24T17:27:18Z,N,3,sold,False,BFI IMAX N 3
2026-05-24T17:27:18Z,N,2,sold,False,BFI IMAX N 2
2026-05-24T17:27:18Z,N,1,sold,False,BFI IMAX N 1
2026-05-24T17:27:18Z,P,31,unavailable,False,BFI IMAX P 31
2026-05-24T17:27:18Z,A,9,available,False,BFI IMAX A 9
2026-05-24T17:27:18Z,A,8,available,False,BFI IMAX A 8
2026-05-24T17:27:18Z,P,26,unavailable,False,BFI IMAX P 26
2026-05-24T17:27:18Z,P,6,sold,False,BFI IMAX P 6
2026-05-24T17:27:18Z,A,7,available,False,BFI IMAX A 7
2026-05-24T17:27:18Z,A,6,available,False,BFI IMAX A 6
2026-05-24T17:27:18Z,P,1,unavailable,False,BFI IMAX P 1
2026-05-24T17:27:18Z,M,11,sold,False,BFI IMAX M 11
2026-05-24T17:27:18Z,M,10,sold,False,BFI IMAX M 10
2026-05-24T17:27:18Z,M,9,sold,False,BFI IMAX M 9
2026-05-24T17:27:18Z,L,9,sold,False,BFI IMAX L 9
2026-05-24T17:27:18Z,L,25,sold,False,BFI IMAX L 25
2026-05-24T17:27:18Z,L,24,sold,False,BFI IMAX L 24
2026-05-24T17:27:18Z,L,23,sold,False,BFI IMAX L 23
2026-05-24T17:27:18Z,L,22,sold,False,BFI IMAX L 22
2026-05-24T17:27:18Z,L,21,sold,False,BFI IMAX L 21
2026-05-24T17:27:18Z,L,20,sold,False,BFI IMAX L 20
2026-05-24T17:27:18Z,L,19,sold,False,BFI IMAX L 19
2026-05-24T17:27:18Z,L,18,sold,False,BFI IMAX L 18
2026-05-24T17:27:18Z,L,17,sold,False,BFI IMAX L 17
2026-05-24T17:27:18Z,L,16,sold,False,BFI IMAX L 16
2026-05-24T17:27:18Z,L,15,sold,False,BFI IMAX L 15
2026-05-24T17:27:18Z,L,14,sold,False,BFI IMAX L 14
2026-05-24T17:27:18Z,L,13,sold,False,BFI IMAX L 13
2026-05-24T17:27:18Z,L,12,sold,False,BFI IMAX L 12
2026-05-24T17:27:18Z,L,11,sold,False,BFI IMAX L 11
2026-05-24T17:27:18Z,N,26,unavailable,False,BFI IMAX N 26
2026-05-24T17:27:18Z,N,25,unavailable,False,BFI IMAX N 25
2026-05-24T17:27:18Z,N,24,unavailable,False,BFI IMAX N 24
2026-05-24T17:27:18Z,N,23,unavailable,False,BFI IMAX N 23
2026-05-24T17:27:18Z,N,22,sold,False,BFI IMAX N 22
2026-05-24T17:27:18Z,N,21,sold,False,BFI IMAX N 21
2026-05-24T17:27:18Z,N,20,sold,False,BFI IMAX N 20
2026-05-24T17:27:18Z,N,19,sold,False,BFI IMAX N 19
2026-05-24T17:27:18Z,N,18,sold,False,BFI IMAX N 18
2026-05-24T17:27:18Z,N,17,sold,False,BFI IMAX N 17
2026-05-24T17:27:18Z,N,16,sold,False,BFI IMAX N 16
2026-05-24T17:27:18Z,N,15,sold,False,BFI IMAX N 15
2026-05-24T17:27:18Z,N,14,sold,False,BFI IMAX N 14
2026-05-24T17:27:18Z,N,13,sold,False,BFI IMAX N 13
2026-05-24T17:27:18Z,N,12,unavailable,False,BFI IMAX N 12
2026-05-24T17:27:18Z,N,11,unavailable,False,BFI IMAX N 11
2026-05-24T17:27:18Z,N,10,unavailable,False,BFI IMAX N 10
2026-05-24T17:27:18Z,N,9,unavailable,False,BFI IMAX N 9
2026-05-24T17:27:18Z,L,10,sold,False,BFI IMAX L 10
2026-05-24T17:27:18Z,M,26,sold,False,BFI IMAX M 26
2026-05-24T17:27:18Z,M,25,sold,False,BFI IMAX M 25
2026-05-24T17:27:18Z,M,24,sold,False,BFI IMAX M 24
2026-05-24T17:27:18Z,M,23,sold,False,BFI IMAX M 23
2026-05-24T17:27:18Z,M,22,sold,False,BFI IMAX M 22
2026-05-24T17:27:18Z,M,21,sold,False,BFI IMAX M 21
2026-05-24T17:27:18Z,M,20,sold,False,BFI IMAX M 20
2026-05-24T17:27:18Z,M,19,sold,False,BFI IMAX M 19
2026-05-24T17:27:18Z,M,18,sold,False,BFI IMAX M 18
2026-05-24T17:27:18Z,M,17,sold,False,BFI IMAX M 17
2026-05-24T17:27:18Z,M,16,sold,False,BFI IMAX M 16
2026-05-24T17:27:18Z,M,15,sold,False,BFI IMAX M 15
2026-05-24T17:27:18Z,M,14,sold,False,BFI IMAX M 14
2026-05-24T17:27:18Z,M,13,sold,False,BFI IMAX M 13
2026-05-24T17:27:18Z,M,12,sold,False,BFI IMAX M 12
2026-05-24T17:27:18Z,P,30,unavailable,True,BFI IMAX P 30
2026-05-24T17:27:18Z,P,27,unavailable,True,BFI IMAX P 27
2026-05-24T17:27:18Z,P,2,unavailable,True,BFI IMAX P 2
2026-05-24T17:27:18Z,P,5,sold,True,BFI IMAX P 5
2026-05-24T17:27:18Z,P,19,sold,False,BFI IMAX P 19
2026-05-24T17:27:18Z,P,18,sold,False,BFI IMAX P 18
2026-05-24T17:27:18Z,P,17,sold,False,BFI IMAX P 17
2026-05-24T17:27:18Z,P,16,sold,False,BFI IMAX P 16
2026-05-24T17:27:18Z,P,15,sold,False,BFI IMAX P 15
2026-05-24T17:27:18Z,P,14,sold,False,BFI IMAX P 14
2026-05-24T17:27:18Z,P,13,sold,False,BFI IMAX P 13
2026-05-24T17:27:18Z,P,12,sold,False,BFI IMAX P 12
2026-05-24T17:27:18Z,P,11,sold,False,BFI IMAX P 11
2026-05-24T17:27:18Z,P,10,sold,False,BFI IMAX P 10
2026-05-24T17:27:18Z,P,9,sold,False,BFI IMAX P 9
2026-05-24T17:27:18Z,P,8,sold,False,BFI IMAX P 8
2026-05-24T17:27:18Z,P,7,sold,False,BFI IMAX P 7
2026-05-24T17:27:18Z,P,25,sold,False,BFI IMAX P 25
2026-05-24T17:27:18Z,P,24,sold,False,BFI IMAX P 24
2026-05-24T17:27:18Z,P,23,sold,False,BFI IMAX P 23
2026-05-24T17:27:18Z,P,22,sold,False,BFI IMAX P 22
2026-05-24T17:27:18Z,P,21,sold,False,BFI IMAX P 21
2026-05-24T17:27:18Z,P,20,sold,False,BFI IMAX P 20
2026-05-24T17:27:18Z,Q,18,sold,False,BFI IMAX Q 18
2026-05-24T17:27:18Z,Q,17,sold,False,BFI IMAX Q 17
2026-05-24T17:27:18Z,Q,16,sold,False,BFI IMAX Q 16
2026-05-24T17:27:18Z,Q,15,sold,False,BFI IMAX Q 15
2026-05-24T17:27:18Z,Q,14,sold,False,BFI IMAX Q 14
2026-05-24T17:27:18Z,Q,13,sold,False,BFI IMAX Q 13
2026-05-24T17:27:18Z,Q,12,sold,False,BFI IMAX Q 12
2026-05-24T17:27:18Z,Q,11,sold,False,BFI IMAX Q 11
2026-05-24T17:27:18Z,Q,10,sold,False,BFI IMAX Q 10
2026-05-24T17:27:18Z,Q,9,sold,False,BFI IMAX Q 9
2026-05-24T17:27:18Z,Q,8,sold,False,BFI IMAX Q 8
2026-05-24T17:27:18Z,Q,7,sold,False,BFI IMAX Q 7
2026-05-24T17:27:18Z,Q,6,sold,False,BFI IMAX Q 6
2026-05-24T17:27:18Z,Q,5,sold,False,BFI IMAX Q 5
2026-05-24T17:27:18Z,Q,4,sold,False,BFI IMAX Q 4
2026-05-24T17:27:18Z,Q,3,sold,False,BFI IMAX Q 3
2026-05-24T17:27:18Z,Q,2,sold,False,BFI IMAX Q 2
2026-05-24T17:27:18Z,Q,1,sold,False,BFI IMAX Q 1
2026-05-24T17:54:00Z,K,27,unavailable,False,BFI IMAX K 27
2026-05-24T17:54:00Z,K,26,unavailable,False,BFI IMAX K 26
2026-05-24T17:54:00Z,N,8,unavailable,False,BFI IMAX N 8
2026-05-24T17:54:00Z,N,7,unavailable,False,BFI IMAX N 7
2026-05-24T17:54:00Z,P,29,unavailable,True,BFI IMAX P 29
2026-05-24T17:54:00Z,P,28,unavailable,True,BFI IMAX P 28
2026-05-24T17:54:00Z,P,4,unavailable,True,BFI IMAX P 4
2026-05-24T17:54:00Z,P,3,unavailable,True,BFI IMAX P 3
2026-05-24T17:54:00Z,A,5,available,False,BFI IMAX A 5
2026-05-24T17:54:00Z,A,4,available,False,BFI IMAX A 4
2026-05-24T17:54:00Z,A,3,available,False,BFI IMAX A 3
2026-05-24T17:54:00Z,A,2,available,False,BFI IMAX A 2
2026-05-24T17:54:00Z,A,1,available,False,BFI IMAX A 1
2026-05-24T17:54:00Z,B,36,available,False,BFI IMAX B 36
2026-05-24T17:54:00Z,B,35,available,False,BFI IMAX B 35
2026-05-24T17:54:00Z,B,34,available,False,BFI IMAX B 34
2026-05-24T17:54:00Z,B,33,available,False,BFI IMAX B 33
2026-05-24T17:54:00Z,B,32,available,False,BFI IMAX B 32
2026-05-24T17:54:00Z,B,31,available,False,BFI IMAX B 31
2026-05-24T17:54:00Z,B,30,available,False,BFI IMAX B 30
2026-05-24T17:54:00Z,B,29,available,False,BFI IMAX B 29
2026-05-24T17:54:00Z,B,28,available,False,BFI IMAX B 28
2026-05-24T17:54:00Z,B,27,available,False,BFI IMAX B 27
2026-05-24T17:54:00Z,B,26,available,False,BFI IMAX B 26
2026-05-24T17:54:00Z,B,25,available,False,BFI IMAX B 25
2026-05-24T17:54:00Z,B,24,available,False,BFI IMAX B 24
2026-05-24T17:54:00Z,B,23,sold,False,BFI IMAX B 23
2026-05-24T17:54:00Z,B,22,sold,False,BFI IMAX B 22
2026-05-24T17:54:00Z,B,21,sold,False,BFI IMAX B 21
2026-05-24T17:54:00Z,B,20,sold,False,BFI IMAX B 20
2026-05-24T17:54:00Z,B,19,sold,False,BFI IMAX B 19
2026-05-24T17:54:00Z,B,18,sold,False,BFI IMAX B 18
2026-05-24T17:54:00Z,B,17,sold,False,BFI IMAX B 17
2026-05-24T17:54:00Z,B,16,sold,False,BFI IMAX B 16
2026-05-24T17:54:00Z,B,15,available,False,BFI IMAX B 15
2026-05-24T17:54:00Z,B,14,available,False,BFI IMAX B 14
2026-05-24T17:54:00Z,B,13,available,False,BFI IMAX B 13
2026-05-24T17:54:00Z,B,12,available,False,BFI IMAX B 12
2026-05-24T17:54:00Z,B,11,available,False,BFI IMAX B 11
2026-05-24T17:54:00Z,B,10,available,False,BFI IMAX B 10
2026-05-24T17:54:00Z,B,9,available,False,BFI IMAX B 9
2026-05-24T17:54:00Z,B,8,available,False,BFI IMAX B 8
2026-05-24T17:54:00Z,B,7,available,False,BFI IMAX B 7
2026-05-24T17:54:00Z,B,6,available,False,BFI IMAX B 6
2026-05-24T17:54:00Z,B,5,available,False,BFI IMAX B 5
2026-05-24T17:54:00Z,B,4,available,False,BFI IMAX B 4
2026-05-24T17:54:00Z,B,3,available,False,BFI IMAX B 3
2026-05-24T17:54:00Z,B,2,available,False,BFI IMAX B 2
2026-05-24T17:54:00Z,B,1,available,False,BFI IMAX B 1
2026-05-24T17:54:00Z,C,36,available,False,BFI IMAX C 36
2026-05-24T17:54:00Z,C,35,available,False,BFI IMAX C 35
2026-05-24T17:54:00Z,C,34,available,False,BFI IMAX C 34
2026-05-24T17:54:00Z,C,33,available,False,BFI IMAX C 33
2026-05-24T17:54:00Z,C,32,available,False,BFI IMAX C 32
2026-05-24T17:54:00Z,C,31,available,False,BFI IMAX C 31
2026-05-24T17:54:00Z,C,30,available,False,BFI IMAX C 30
2026-05-24T17:54:00Z,C,29,available,False,BFI IMAX C 29
2026-05-24T17:54:00Z,C,28,available,False,BFI IMAX C 28
2026-05-24T17:54:00Z,C,27,available,False,BFI IMAX C 27
2026-05-24T17:54:00Z,C,26,available,False,BFI IMAX C 26
2026-05-24T17:54:00Z,C,25,sold,False,BFI IMAX C 25
2026-05-24T17:54:00Z,C,24,sold,False,BFI IMAX C 24
2026-05-24T17:54:00Z,C,23,sold,False,BFI IMAX C 23
2026-05-24T17:54:00Z,C,22,sold,False,BFI IMAX C 22
2026-05-24T17:54:00Z,C,21,sold,False,BFI IMAX C 21
2026-05-24T17:54:00Z,C,20,sold,False,BFI IMAX C 20
2026-05-24T17:54:00Z,C,19,sold,False,BFI IMAX C 19
2026-05-24T17:54:00Z,C,18,sold,False,BFI IMAX C 18
2026-05-24T17:54:00Z,C,17,sold,False,BFI IMAX C 17
2026-05-24T17:54:00Z,C,16,sold,False,BFI IMAX C 16
2026-05-24T17:54:00Z,C,15,sold,False,BFI IMAX C 15
2026-05-24T17:54:00Z,C,14,sold,False,BFI IMAX C 14
2026-05-24T17:54:00Z,C,13,sold,False,BFI IMAX C 13
2026-05-24T17:54:00Z,C,12,sold,False,BFI IMAX C 12
2026-05-24T17:54:00Z,C,11,sold,False,BFI IMAX C 11
2026-05-24T17:54:00Z,C,10,sold,False,BFI IMAX C 10
2026-05-24T17:54:00Z,C,9,available,False,BFI IMAX C 9
2026-05-24T17:54:00Z,C,8,available,False,BFI IMAX C 8
2026-05-24T17:54:00Z,C,7,available,False,BFI IMAX C 7
2026-05-24T17:54:00Z,C,6,available,False,BFI IMAX C 6
2026-05-24T17:54:00Z,C,5,available,False,BFI IMAX C 5
2026-05-24T17:54:00Z,C,4,available,False,BFI IMAX C 4
2026-05-24T17:54:00Z,C,3,available,False,BFI IMAX C 3
2026-05-24T17:54:00Z,C,2,available,False,BFI IMAX C 2
2026-05-24T17:54:00Z,C,1,available,False,BFI IMAX C 1
2026-05-24T17:54:00Z,D,37,available,False,BFI IMAX D 37
2026-05-24T17:54:00Z,D,36,available,False,BFI IMAX D 36
2026-05-24T17:54:00Z,D,35,available,False,BFI IMAX D 35
2026-05-24T17:54:00Z,D,34,available,False,BFI IMAX D 34
2026-05-24T17:54:00Z,D,33,available,False,BFI IMAX D 33
2026-05-24T17:54:00Z,D,32,available,False,BFI IMAX D 32
2026-05-24T17:54:00Z,D,31,available,False,BFI IMAX D 31
2026-05-24T17:54:00Z,D,30,sold,False,BFI IMAX D 30
2026-05-24T17:54:00Z,D,29,sold,False,BFI IMAX D 29
2026-05-24T17:54:00Z,D,28,sold,False,BFI IMAX D 28
2026-05-24T17:54:00Z,D,27,sold,False,BFI IMAX D 27
2026-05-24T17:54:00Z,D,26,sold,False,BFI IMAX D 26
2026-05-24T17:54:00Z,D,25,sold,False,BFI IMAX D 25
2026-05-24T17:54:00Z,D,24,sold,False,BFI IMAX D 24
2026-05-24T17:54:00Z,D,23,sold,False,BFI IMAX D 23
2026-05-24T17:54:00Z,D,22,sold,False,BFI IMAX D 22
2026-05-24T17:54:00Z,D,21,sold,False,BFI IMAX D 21
2026-05-24T17:54:00Z,D,20,sold,False,BFI IMAX D 20
2026-05-24T17:54:00Z,D,19,sold,False,BFI IMAX D 19
2026-05-24T17:54:00Z,D,18,sold,False,BFI IMAX D 18
2026-05-24T17:54:00Z,D,17,sold,False,BFI IMAX D 17
2026-05-24T17:54:00Z,D,16,sold,False,BFI IMAX D 16
2026-05-24T17:54:00Z,D,15,sold,False,BFI IMAX D 15
2026-05-24T17:54:00Z,D,14,sold,False,BFI IMAX D 14
2026-05-24T17:54:00Z,D,13,sold,False,BFI IMAX D 13
2026-05-24T17:54:00Z,D,12,sold,False,BFI IMAX D 12
2026-05-24T17:54:00Z,D,11,sold,False,BFI IMAX D 11
2026-05-24T17:54:00Z,D,10,sold,False,BFI IMAX D 10
2026-05-24T17:54:00Z,D,9,available,False,BFI IMAX D 9
2026-05-24T17:54:00Z,D,8,available,False,BFI IMAX D 8
2026-05-24T17:54:00Z,D,7,available,False,BFI IMAX D 7
2026-05-24T17:54:00Z,D,6,available,False,BFI IMAX D 6
2026-05-24T17:54:00Z,D,5,available,False,BFI IMAX D 5
2026-05-24T17:54:00Z,D,4,available,False,BFI IMAX D 4
2026-05-24T17:54:00Z,D,3,available,False,BFI IMAX D 3
2026-05-24T17:54:00Z,D,2,available,False,BFI IMAX D 2
2026-05-24T17:54:00Z,D,1,available,False,BFI IMAX D 1
2026-05-24T17:54:00Z,E,37,available,False,BFI IMAX E 37
2026-05-24T17:54:00Z,E,36,available,False,BFI IMAX E 36
2026-05-24T17:54:00Z,E,35,available,False,BFI IMAX E 35
2026-05-24T17:54:00Z,E,34,available,False,BFI IMAX E 34
2026-05-24T17:54:00Z,E,33,available,False,BFI IMAX E 33
2026-05-24T17:54:00Z,E,32,sold,False,BFI IMAX E 32
2026-05-24T17:54:00Z,E,31,sold,False,BFI IMAX E 31
2026-05-24T17:54:00Z,E,30,sold,False,BFI IMAX E 30
2026-05-24T17:54:00Z,E,29,sold,False,BFI IMAX E 29
2026-05-24T17:54:00Z,E,28,sold,False,BFI IMAX E 28
2026-05-24T17:54:00Z,E,27,sold,False,BFI IMAX E 27
2026-05-24T17:54:00Z,E,26,sold,False,BFI IMAX E 26
2026-05-24T17:54:00Z,E,25,sold,False,BFI IMAX E 25
2026-05-24T17:54:00Z,E,24,sold,False,BFI IMAX E 24
2026-05-24T17:54:00Z,E,23,sold,False,BFI IMAX E 23
2026-05-24T17:54:00Z,E,22,sold,False,BFI IMAX E 22
2026-05-24T17:54:00Z,E,21,sold,False,BFI IMAX E 21
2026-05-24T17:54:00Z,E,20,sold,False,BFI IMAX E 20
2026-05-24T17:54:00Z,E,19,sold,False,BFI IMAX E 19
2026-05-24T17:54:00Z,E,18,sold,False,BFI IMAX E 18
2026-05-24T17:54:00Z,E,17,sold,False,BFI IMAX E 17
2026-05-24T17:54:00Z,E,16,sold,False,BFI IMAX E 16
2026-05-24T17:54:00Z,E,15,sold,False,BFI IMAX E 15
2026-05-24T17:54:00Z,E,14,sold,False,BFI IMAX E 14
2026-05-24T17:54:00Z,E,13,sold,False,BFI IMAX E 13
2026-05-24T17:54:00Z,E,12,sold,False,BFI IMAX E 12
2026-05-24T17:54:00Z,E,11,sold,False,BFI IMAX E 11
2026-05-24T17:54:00Z,E,10,sold,False,BFI IMAX E 10
2026-05-24T17:54:00Z,E,9,sold,False,BFI IMAX E 9
2026-05-24T17:54:00Z,E,8,sold,False,BFI IMAX E 8
2026-05-24T17:54:00Z,E,7,sold,False,BFI IMAX E 7
2026-05-24T17:54:00Z,E,6,sold,False,BFI IMAX E 6
2026-05-24T17:54:00Z,E,5,sold,False,BFI IMAX E 5
2026-05-24T17:54:00Z,E,4,available,False,BFI IMAX E 4
2026-05-24T17:54:00Z,E,3,available,False,BFI IMAX E 3
2026-05-24T17:54:00Z,E,2,available,False,BFI IMAX E 2
2026-05-24T17:54:00Z,E,1,available,False,BFI IMAX E 1
2026-05-24T17:54:00Z,F,38,available,False,BFI IMAX F 38
2026-05-24T17:54:00Z,F,37,sold,False,BFI IMAX F 37
2026-05-24T17:54:00Z,F,36,sold,False,BFI IMAX F 36
2026-05-24T17:54:00Z,F,35,sold,False,BFI IMAX F 35
2026-05-24T17:54:00Z,F,34,sold,False,BFI IMAX F 34
2026-05-24T17:54:00Z,F,33,sold,False,BFI IMAX F 33
2026-05-24T17:54:00Z,F,32,sold,False,BFI IMAX F 32
2026-05-24T17:54:00Z,F,31,sold,False,BFI IMAX F 31
2026-05-24T17:54:00Z,F,30,sold,False,BFI IMAX F 30
2026-05-24T17:54:00Z,F,29,sold,False,BFI IMAX F 29
2026-05-24T17:54:00Z,F,28,sold,False,BFI IMAX F 28
2026-05-24T17:54:00Z,F,27,sold,False,BFI IMAX F 27
2026-05-24T17:54:00Z,F,26,sold,False,BFI IMAX F 26
2026-05-24T17:54:00Z,F,25,sold,False,BFI IMAX F 25
2026-05-24T17:54:00Z,F,24,sold,False,BFI IMAX F 24
2026-05-24T17:54:00Z,F,23,sold,False,BFI IMAX F 23
2026-05-24T17:54:00Z,F,22,sold,False,BFI IMAX F 22
2026-05-24T17:54:00Z,F,21,sold,False,BFI IMAX F 21
2026-05-24T17:54:00Z,F,20,sold,False,BFI IMAX F 20
2026-05-24T17:54:00Z,F,19,sold,False,BFI IMAX F 19
2026-05-24T17:54:00Z,F,18,sold,False,BFI IMAX F 18
2026-05-24T17:54:00Z,F,17,sold,False,BFI IMAX F 17
2026-05-24T17:54:00Z,F,16,sold,False,BFI IMAX F 16
2026-05-24T17:54:00Z,F,15,sold,False,BFI IMAX F 15
2026-05-24T17:54:00Z,F,14,sold,False,BFI IMAX F 14
2026-05-24T17:54:00Z,F,13,sold,False,BFI IMAX F 13
2026-05-24T17:54:00Z,F,12,sold,False,BFI IMAX F 12
2026-05-24T17:54:00Z,F,11,sold,False,BFI IMAX F 11
2026-05-24T17:54:00Z,F,10,sold,False,BFI IMAX F 10
2026-05-24T17:54:00Z,F,9,sold,False,BFI IMAX F 9
2026-05-24T17:54:00Z,F,8,sold,False,BFI IMAX F 8
2026-05-24T17:54:00Z,F,7,sold,False,BFI IMAX F 7
2026-05-24T17:54:00Z,F,6,sold,False,BFI IMAX F 6
2026-05-24T17:54:00Z,F,5,sold,False,BFI IMAX F 5
2026-05-24T17:54:00Z,F,4,sold,False,BFI IMAX F 4
2026-05-24T17:54:00Z,F,3,sold,False,BFI IMAX F 3
2026-05-24T17:54:00Z,F,2,sold,False,BFI IMAX F 2
2026-05-24T17:54:00Z,F,1,sold,False,BFI IMAX F 1
2026-05-24T17:54:00Z,G,37,sold,False,BFI IMAX G 37
2026-05-24T17:54:00Z,G,36,sold,False,BFI IMAX G 36
2026-05-24T17:54:00Z,G,35,sold,False,BFI IMAX G 35
2026-05-24T17:54:00Z,G,34,sold,False,BFI IMAX G 34
2026-05-24T17:54:00Z,G,33,sold,False,BFI IMAX G 33
2026-05-24T17:54:00Z,G,32,sold,False,BFI IMAX G 32
2026-05-24T17:54:00Z,G,31,sold,False,BFI IMAX G 31
2026-05-24T17:54:00Z,G,30,sold,False,BFI IMAX G 30
2026-05-24T17:54:00Z,G,29,sold,False,BFI IMAX G 29
2026-05-24T17:54:00Z,G,28,sold,False,BFI IMAX G 28
2026-05-24T17:54:00Z,G,27,sold,False,BFI IMAX G 27
2026-05-24T17:54:00Z,G,26,sold,False,BFI IMAX G 26
2026-05-24T17:54:00Z,G,25,sold,False,BFI IMAX G 25
2026-05-24T17:54:00Z,G,24,sold,False,BFI IMAX G 24
2026-05-24T17:54:00Z,G,23,sold,False,BFI IMAX G 23
2026-05-24T17:54:00Z,G,22,sold,False,BFI IMAX G 22
2026-05-24T17:54:00Z,G,21,sold,False,BFI IMAX G 21
2026-05-24T17:54:00Z,G,20,sold,False,BFI IMAX G 20
2026-05-24T17:54:00Z,G,19,sold,False,BFI IMAX G 19
2026-05-24T17:54:00Z,G,18,sold,False,BFI IMAX G 18
2026-05-24T17:54:00Z,G,17,sold,False,BFI IMAX G 17
2026-05-24T17:54:00Z,G,16,sold,False,BFI IMAX G 16
2026-05-24T17:54:00Z,G,15,sold,False,BFI IMAX G 15
2026-05-24T17:54:00Z,G,14,sold,False,BFI IMAX G 14
2026-05-24T17:54:00Z,G,13,sold,False,BFI IMAX G 13
2026-05-24T17:54:00Z,G,12,sold,False,BFI IMAX G 12
2026-05-24T17:54:00Z,G,11,sold,False,BFI IMAX G 11
2026-05-24T17:54:00Z,G,10,sold,False,BFI IMAX G 10
2026-05-24T17:54:00Z,G,9,sold,False,BFI IMAX G 9
2026-05-24T17:54:00Z,G,8,sold,False,BFI IMAX G 8
2026-05-24T17:54:00Z,G,7,sold,False,BFI IMAX G 7
2026-05-24T17:54:00Z,G,6,sold,False,BFI IMAX G 6
2026-05-24T17:54:00Z,G,5,sold,False,BFI IMAX G 5
2026-05-24T17:54:00Z,G,4,sold,False,BFI IMAX G 4
2026-05-24T17:54:00Z,G,3,sold,False,BFI IMAX G 3
2026-05-24T17:54:00Z,G,2,sold,False,BFI IMAX G 2
2026-05-24T17:54:00Z,G,1,sold,False,BFI IMAX G 1
2026-05-24T17:54:00Z,H,37,sold,False,BFI IMAX H 37
2026-05-24T17:54:00Z,H,36,sold,False,BFI IMAX H 36
2026-05-24T17:54:00Z,H,35,sold,False,BFI IMAX H 35
2026-05-24T17:54:00Z,H,34,sold,False,BFI IMAX H 34
2026-05-24T17:54:00Z,H,33,sold,False,BFI IMAX H 33
2026-05-24T17:54:00Z,H,32,sold,False,BFI IMAX H 32
2026-05-24T17:54:00Z,H,31,sold,False,BFI IMAX H 31
2026-05-24T17:54:00Z,H,30,sold,False,BFI IMAX H 30
2026-05-24T17:54:00Z,H,29,sold,False,BFI IMAX H 29
2026-05-24T17:54:00Z,H,28,sold,False,BFI IMAX H 28
2026-05-24T17:54:00Z,H,27,sold,False,BFI IMAX H 27
2026-05-24T17:54:00Z,H,26,sold,False,BFI IMAX H 26
2026-05-24T17:54:00Z,H,25,sold,False,BFI IMAX H 25
2026-05-24T17:54:00Z,H,24,sold,False,BFI IMAX H 24
2026-05-24T17:54:00Z,H,23,sold,False,BFI IMAX H 23
2026-05-24T17:54:00Z,H,22,sold,False,BFI IMAX H 22
2026-05-24T17:54:00Z,H,21,sold,False,BFI IMAX H 21
2026-05-24T17:54:00Z,H,20,sold,False,BFI IMAX H 20
2026-05-24T17:54:00Z,H,19,sold,False,BFI IMAX H 19
2026-05-24T17:54:00Z,H,18,sold,False,BFI IMAX H 18
2026-05-24T17:54:00Z,H,17,sold,False,BFI IMAX H 17
2026-05-24T17:54:00Z,H,16,sold,False,BFI IMAX H 16
2026-05-24T17:54:00Z,H,15,sold,False,BFI IMAX H 15
2026-05-24T17:54:00Z,H,14,sold,False,BFI IMAX H 14
2026-05-24T17:54:00Z,H,13,sold,False,BFI IMAX H 13
2026-05-24T17:54:00Z,H,12,sold,False,BFI IMAX H 12
2026-05-24T17:54:00Z,H,11,sold,False,BFI IMAX H 11
2026-05-24T17:54:00Z,H,10,sold,False,BFI IMAX H 10
2026-05-24T17:54:00Z,H,9,sold,False,BFI IMAX H 9
2026-05-24T17:54:00Z,H,8,sold,False,BFI IMAX H 8
2026-05-24T17:54:00Z,H,7,sold,False,BFI IMAX H 7
2026-05-24T17:54:00Z,H,6,sold,False,BFI IMAX H 6
2026-05-24T17:54:00Z,H,5,sold,False,BFI IMAX H 5
2026-05-24T17:54:00Z,H,4,sold,False,BFI IMAX H 4
2026-05-24T17:54:00Z,H,3,sold,False,BFI IMAX H 3
2026-05-24T17:54:00Z,H,2,sold,False,BFI IMAX H 2
2026-05-24T17:54:00Z,H,1,sold,False,BFI IMAX H 1
2026-05-24T17:54:00Z,J,36,sold,False,BFI IMAX J 36
2026-05-24T17:54:00Z,J,35,sold,False,BFI IMAX J 35
2026-05-24T17:54:00Z,J,34,sold,False,BFI IMAX J 34
2026-05-24T17:54:00Z,J,33,sold,False,BFI IMAX J 33
2026-05-24T17:54:00Z,J,32,sold,False,BFI IMAX J 32
2026-05-24T17:54:00Z,J,31,sold,False,BFI IMAX J 31
2026-05-24T17:54:00Z,J,30,sold,False,BFI IMAX J 30
2026-05-24T17:54:00Z,J,29,sold,False,BFI IMAX J 29
2026-05-24T17:54:00Z,J,28,sold,False,BFI IMAX J 28
2026-05-24T17:54:00Z,J,27,sold,False,BFI IMAX J 27
2026-05-24T17:54:00Z,J,26,sold,False,BFI IMAX J 26
2026-05-24T17:54:00Z,J,25,sold,False,BFI IMAX J 25
2026-05-24T17:54:00Z,J,24,sold,False,BFI IMAX J 24
2026-05-24T17:54:00Z,J,23,sold,False,BFI IMAX J 23
2026-05-24T17:54:00Z,J,22,sold,False,BFI IMAX J 22
2026-05-24T17:54:00Z,J,21,sold,False,BFI IMAX J 21
2026-05-24T17:54:00Z,J,20,sold,False,BFI IMAX J 20
2026-05-24T17:54:00Z,J,19,sold,False,BFI IMAX J 19
2026-05-24T17:54:00Z,J,18,sold,False,BFI IMAX J 18
2026-05-24T17:54:00Z,J,17,sold,False,BFI IMAX J 17
2026-05-24T17:54:00Z,J,16,sold,False,BFI IMAX J 16
2026-05-24T17:54:00Z,J,15,sold,False,BFI IMAX J 15
2026-05-24T17:54:00Z,J,14,sold,False,BFI IMAX J 14
2026-05-24T17:54:00Z,J,13,sold,False,BFI IMAX J 13
2026-05-24T17:54:00Z,J,12,sold,False,BFI IMAX J 12
2026-05-24T17:54:00Z,J,11,sold,False,BFI IMAX J 11
2026-05-24T17:54:00Z,J,10,sold,False,BFI IMAX J 10
2026-05-24T17:54:00Z,J,9,sold,False,BFI IMAX J 9
2026-05-24T17:54:00Z,J,8,sold,False,BFI IMAX J 8
2026-05-24T17:54:00Z,J,7,sold,False,BFI IMAX J 7
2026-05-24T17:54:00Z,J,6,sold,False,BFI IMAX J 6
2026-05-24T17:54:00Z,J,5,sold,False,BFI IMAX J 5
2026-05-24T17:54:00Z,J,4,sold,False,BFI IMAX J 4
2026-05-24T17:54:00Z,J,3,sold,False,BFI IMAX J 3
2026-05-24T17:54:00Z,J,2,sold,False,BFI IMAX J 2
2026-05-24T17:54:00Z,J,1,sold,False,BFI IMAX J 1
2026-05-24T17:54:00Z,K,36,sold,False,BFI IMAX K 36
2026-05-24T17:54:00Z,K,35,sold,False,BFI IMAX K 35
2026-05-24T17:54:00Z,K,34,sold,False,BFI IMAX K 34
2026-05-24T17:54:00Z,K,33,sold,False,BFI IMAX K 33
2026-05-24T17:54:00Z,K,32,sold,False,BFI IMAX K 32
2026-05-24T17:54:00Z,K,31,sold,False,BFI IMAX K 31
2026-05-24T17:54:00Z,K,30,sold,False,BFI IMAX K 30
2026-05-24T17:54:00Z,K,29,sold,False,BFI IMAX K 29
2026-05-24T17:54:00Z,K,28,sold,False,BFI IMAX K 28
2026-05-24T17:54:00Z,A,13,available,False,BFI IMAX A 13
2026-05-24T17:54:00Z,A,12,available,False,BFI IMAX A 12
2026-05-24T17:54:00Z,K,25,sold,False,BFI IMAX K 25
2026-05-24T17:54:00Z,K,24,sold,False,BFI IMAX K 24
2026-05-24T17:54:00Z,K,23,sold,False,BFI IMAX K 23
2026-05-24T17:54:00Z,K,22,sold,False,BFI IMAX K 22
2026-05-24T17:54:00Z,K,21,sold,False,BFI IMAX K 21
2026-05-24T17:54:00Z,K,20,sold,False,BFI IMAX K 20
2026-05-24T17:54:00Z,K,19,sold,False,BFI IMAX K 19
2026-05-24T17:54:00Z,K,18,sold,False,BFI IMAX K 18
2026-05-24T17:54:00Z,K,17,sold,False,BFI IMAX K 17
2026-05-24T17:54:00Z,K,16,sold,False,BFI IMAX K 16
2026-05-24T17:54:00Z,K,15,sold,False,BFI IMAX K 15
2026-05-24T17:54:00Z,K,14,sold,False,BFI IMAX K 14
2026-05-24T17:54:00Z,K,13,sold,False,BFI IMAX K 13
2026-05-24T17:54:00Z,K,12,sold,False,BFI IMAX K 12
2026-05-24T17:54:00Z,K,11,sold,False,BFI IMAX K 11
2026-05-24T17:54:00Z,K,10,sold,False,BFI IMAX K 10
2026-05-24T17:54:00Z,K,9,sold,False,BFI IMAX K 9
2026-05-24T17:54:00Z,K,8,sold,False,BFI IMAX K 8
2026-05-24T17:54:00Z,K,7,sold,False,BFI IMAX K 7
2026-05-24T17:54:00Z,K,6,sold,False,BFI IMAX K 6
2026-05-24T17:54:00Z,K,5,sold,False,BFI IMAX K 5
2026-05-24T17:54:00Z,K,4,sold,False,BFI IMAX K 4
2026-05-24T17:54:00Z,K,3,sold,False,BFI IMAX K 3
2026-05-24T17:54:00Z,K,2,sold,False,BFI IMAX K 2
2026-05-24T17:54:00Z,K,1,sold,False,BFI IMAX K 1
2026-05-24T17:54:00Z,L,33,sold,False,BFI IMAX L 33
2026-05-24T17:54:00Z,L,32,sold,False,BFI IMAX L 32
2026-05-24T17:54:00Z,L,31,sold,False,BFI IMAX L 31
2026-05-24T17:54:00Z,L,30,sold,False,BFI IMAX L 30
2026-05-24T17:54:00Z,L,29,sold,False,BFI IMAX L 29
2026-05-24T17:54:00Z,L,28,sold,False,BFI IMAX L 28
2026-05-24T17:54:00Z,L,27,sold,False,BFI IMAX L 27
2026-05-24T17:54:00Z,L,26,sold,False,BFI IMAX L 26
2026-05-24T17:54:00Z,L,8,sold,False,BFI IMAX L 8
2026-05-24T17:54:00Z,L,7,sold,False,BFI IMAX L 7
2026-05-24T17:54:00Z,L,6,sold,False,BFI IMAX L 6
2026-05-24T17:54:00Z,L,5,sold,False,BFI IMAX L 5
2026-05-24T17:54:00Z,L,4,sold,False,BFI IMAX L 4
2026-05-24T17:54:00Z,L,3,sold,False,BFI IMAX L 3
2026-05-24T17:54:00Z,L,2,sold,False,BFI IMAX L 2
2026-05-24T17:54:00Z,L,1,sold,False,BFI IMAX L 1
2026-05-24T17:54:00Z,M,34,sold,False,BFI IMAX M 34
2026-05-24T17:54:00Z,M,33,sold,False,BFI IMAX M 33
2026-05-24T17:54:00Z,M,32,sold,False,BFI IMAX M 32
2026-05-24T17:54:00Z,M,31,sold,False,BFI IMAX M 31
2026-05-24T17:54:00Z,M,30,sold,False,BFI IMAX M 30
2026-05-24T17:54:00Z,M,29,sold,False,BFI IMAX M 29
2026-05-24T17:54:00Z,M,28,sold,False,BFI IMAX M 28
2026-05-24T17:54:00Z,M,27,sold,False,BFI IMAX M 27
2026-05-24T17:54:00Z,M,8,sold,False,BFI IMAX M 8
2026-05-24T17:54:00Z,M,7,sold,False,BFI IMAX M 7
2026-05-24T17:54:00Z,M,6,sold,False,BFI IMAX M 6
2026-05-24T17:54:00Z,M,5,sold,False,BFI IMAX M 5
2026-05-24T17:54:00Z,M,4,sold,False,BFI IMAX M 4
2026-05-24T17:54:00Z,M,3,sold,False,BFI IMAX M 3
2026-05-24T17:54:00Z,M,2,sold,False,BFI IMAX M 2
2026-05-24T17:54:00Z,M,1,sold,False,BFI IMAX M 1
2026-05-24T17:54:00Z,N,34,unavailable,False,BFI IMAX N 34
2026-05-24T17:54:00Z,N,33,unavailable,False,BFI IMAX N 33
2026-05-24T17:54:00Z,N,32,unavailable,False,BFI IMAX N 32
2026-05-24T17:54:00Z,N,31,unavailable,False,BFI IMAX N 31
2026-05-24T17:54:00Z,N,30,unavailable,False,BFI IMAX N 30
2026-05-24T17:54:00Z,N,29,unavailable,False,BFI IMAX N 29
2026-05-24T17:54:00Z,N,28,unavailable,False,BFI IMAX N 28
2026-05-24T17:54:00Z,N,27,unavailable,False,BFI IMAX N 27
2026-05-24T17:54:00Z,A,11,available,False,BFI IMAX A 11
2026-05-24T17:54:00Z,A,10,available,False,BFI IMAX A 10
2026-05-24T17:54:00Z,N,6,sold,False,BFI IMAX N 6
2026-05-24T17:54:00Z,N,5,sold,False,BFI IMAX N 5
2026-05-24T17:54:00Z,N,4,sold,False,BFI IMAX N 4
2026-05-24T17:54:00Z,N,3,sold,False,BFI IMAX N 3
2026-05-24T17:54:00Z,N,2,sold,False,BFI IMAX N 2
2026-05-24T17:54:00Z,N,1,sold,False,BFI IMAX N 1
2026-05-24T17:54:00Z,P,31,unavailable,False,BFI IMAX P 31
2026-05-24T17:54:00Z,A,9,available,False,BFI IMAX A 9
2026-05-24T17:54:00Z,A,8,available,False,BFI IMAX A 8
2026-05-24T17:54:00Z,P,26,unavailable,False,BFI IMAX P 26
2026-05-24T17:54:00Z,P,6,sold,False,BFI IMAX P 6
2026-05-24T17:54:00Z,A,7,available,False,BFI IMAX A 7
2026-05-24T17:54:00Z,A,6,available,False,BFI IMAX A 6
2026-05-24T17:54:00Z,P,1,unavailable,False,BFI IMAX P 1
2026-05-24T17:54:00Z,M,11,sold,False,BFI IMAX M 11
2026-05-24T17:54:00Z,M,10,sold,False,BFI IMAX M 10
2026-05-24T17:54:00Z,M,9,sold,False,BFI IMAX M 9
2026-05-24T17:54:00Z,L,9,sold,False,BFI IMAX L 9
2026-05-24T17:54:00Z,L,25,sold,False,BFI IMAX L 25
2026-05-24T17:54:00Z,L,24,sold,False,BFI IMAX L 24
2026-05-24T17:54:00Z,L,23,sold,False,BFI IMAX L 23
2026-05-24T17:54:00Z,L,22,sold,False,BFI IMAX L 22
2026-05-24T17:54:00Z,L,21,sold,False,BFI IMAX L 21
2026-05-24T17:54:00Z,L,20,sold,False,BFI IMAX L 20
2026-05-24T17:54:00Z,L,19,sold,False,BFI IMAX L 19
2026-05-24T17:54:00Z,L,18,sold,False,BFI IMAX L 18
2026-05-24T17:54:00Z,L,17,sold,False,BFI IMAX L 17
2026-05-24T17:54:00Z,L,16,sold,False,BFI IMAX L 16
2026-05-24T17:54:00Z,L,15,sold,False,BFI IMAX L 15
2026-05-24T17:54:00Z,L,14,sold,False,BFI IMAX L 14
2026-05-24T17:54:00Z,L,13,sold,False,BFI IMAX L 13
2026-05-24T17:54:00Z,L,12,sold,False,BFI IMAX L 12
2026-05-24T17:54:00Z,L,11,sold,False,BFI IMAX L 11
2026-05-24T17:54:00Z,N,26,unavailable,False,BFI IMAX N 26
2026-05-24T17:54:00Z,N,25,unavailable,False,BFI IMAX N 25
2026-05-24T17:54:00Z,N,24,unavailable,False,BFI IMAX N 24
2026-05-24T17:54:00Z,N,23,unavailable,False,BFI IMAX N 23
2026-05-24T17:54:00Z,N,22,sold,False,BFI IMAX N 22
2026-05-24T17:54:00Z,N,21,sold,False,BFI IMAX N 21
2026-05-24T17:54:00Z,N,20,sold,False,BFI IMAX N 20
2026-05-24T17:54:00Z,N,19,sold,False,BFI IMAX N 19
2026-05-24T17:54:00Z,N,18,sold,False,BFI IMAX N 18
2026-05-24T17:54:00Z,N,17,sold,False,BFI IMAX N 17
2026-05-24T17:54:00Z,N,16,sold,False,BFI IMAX N 16
2026-05-24T17:54:00Z,N,15,sold,False,BFI IMAX N 15
2026-05-24T17:54:00Z,N,14,sold,False,BFI IMAX N 14
2026-05-24T17:54:00Z,N,13,sold,False,BFI IMAX N 13
2026-05-24T17:54:00Z,N,12,unavailable,False,BFI IMAX N 12
2026-05-24T17:54:00Z,N,11,unavailable,False,BFI IMAX N 11
2026-05-24T17:54:00Z,N,10,unavailable,False,BFI IMAX N 10
2026-05-24T17:54:00Z,N,9,unavailable,False,BFI IMAX N 9
2026-05-24T17:54:00Z,L,10,sold,False,BFI IMAX L 10
2026-05-24T17:54:00Z,M,26,sold,False,BFI IMAX M 26
2026-05-24T17:54:00Z,M,25,sold,False,BFI IMAX M 25
2026-05-24T17:54:00Z,M,24,sold,False,BFI IMAX M 24
2026-05-24T17:54:00Z,M,23,sold,False,BFI IMAX M 23
2026-05-24T17:54:00Z,M,22,sold,False,BFI IMAX M 22
2026-05-24T17:54:00Z,M,21,sold,False,BFI IMAX M 21
2026-05-24T17:54:00Z,M,20,sold,False,BFI IMAX M 20
2026-05-24T17:54:00Z,M,19,sold,False,BFI IMAX M 19
2026-05-24T17:54:00Z,M,18,sold,False,BFI IMAX M 18
2026-05-24T17:54:00Z,M,17,sold,False,BFI IMAX M 17
2026-05-24T17:54:00Z,M,16,sold,False,BFI IMAX M 16
2026-05-24T17:54:00Z,M,15,sold,False,BFI IMAX M 15
2026-05-24T17:54:00Z,M,14,sold,False,BFI IMAX M 14
2026-05-24T17:54:00Z,M,13,sold,False,BFI IMAX M 13
2026-05-24T17:54:00Z,M,12,sold,False,BFI IMAX M 12
2026-05-24T17:54:00Z,P,30,unavailable,True,BFI IMAX P 30
2026-05-24T17:54:00Z,P,27,unavailable,True,BFI IMAX P 27
2026-05-24T17:54:00Z,P,2,unavailable,True,BFI IMAX P 2
2026-05-24T17:54:00Z,P,5,sold,True,BFI IMAX P 5
2026-05-24T17:54:00Z,P,19,sold,False,BFI IMAX P 19
2026-05-24T17:54:00Z,P,18,sold,False,BFI IMAX P 18
2026-05-24T17:54:00Z,P,17,sold,False,BFI IMAX P 17
2026-05-24T17:54:00Z,P,16,sold,False,BFI IMAX P 16
2026-05-24T17:54:00Z,P,15,sold,False,BFI IMAX P 15
2026-05-24T17:54:00Z,P,14,sold,False,BFI IMAX P 14
2026-05-24T17:54:00Z,P,13,sold,False,BFI IMAX P 13
2026-05-24T17:54:00Z,P,12,sold,False,BFI IMAX P 12
2026-05-24T17:54:00Z,P,11,sold,False,BFI IMAX P 11
2026-05-24T17:54:00Z,P,10,sold,False,BFI IMAX P 10
2026-05-24T17:54:00Z,P,9,sold,False,BFI IMAX P 9
2026-05-24T17:54:00Z,P,8,sold,False,BFI IMAX P 8
2026-05-24T17:54:00Z,P,7,sold,False,BFI IMAX P 7
2026-05-24T17:54:00Z,P,25,sold,False,BFI IMAX P 25
2026-05-24T17:54:00Z,P,24,sold,False,BFI IMAX P 24
2026-05-24T17:54:00Z,P,23,sold,False,BFI IMAX P 23
2026-05-24T17:54:00Z,P,22,sold,False,BFI IMAX P 22
2026-05-24T17:54:00Z,P,21,sold,False,BFI IMAX P 21
2026-05-24T17:54:00Z,P,20,sold,False,BFI IMAX P 20
2026-05-24T17:54:00Z,Q,18,sold,False,BFI IMAX Q 18
2026-05-24T17:54:00Z,Q,17,sold,False,BFI IMAX Q 17
2026-05-24T17:54:00Z,Q,16,sold,False,BFI IMAX Q 16
2026-05-24T17:54:00Z,Q,15,sold,False,BFI IMAX Q 15
2026-05-24T17:54:00Z,Q,14,sold,False,BFI IMAX Q 14
2026-05-24T17:54:00Z,Q,13,sold,False,BFI IMAX Q 13
2026-05-24T17:54:00Z,Q,12,sold,False,BFI IMAX Q 12
2026-05-24T17:54:00Z,Q,11,sold,False,BFI IMAX Q 11
2026-05-24T17:54:00Z,Q,10,sold,False,BFI IMAX Q 10
2026-05-24T17:54:00Z,Q,9,sold,False,BFI IMAX Q 9
2026-05-24T17:54:00Z,Q,8,sold,False,BFI IMAX Q 8
2026-05-24T17:54:00Z,Q,7,sold,False,BFI IMAX Q 7
2026-05-24T17:54:00Z,Q,6,sold,False,BFI IMAX Q 6
2026-05-24T17:54:00Z,Q,5,sold,False,BFI IMAX Q 5
2026-05-24T17:54:00Z,Q,4,sold,False,BFI IMAX Q 4
2026-05-24T17:54:00Z,Q,3,sold,False,BFI IMAX Q 3
2026-05-24T17:54:00Z,Q,2,sold,False,BFI IMAX Q 2
2026-05-24T17:54:00Z,Q,1,sold,False,BFI IMAX Q 1
2026-05-24T18:24:20Z,K,27,unavailable,False,BFI IMAX K 27
2026-05-24T18:24:20Z,K,26,unavailable,False,BFI IMAX K 26
2026-05-24T18:24:20Z,N,8,unavailable,False,BFI IMAX N 8
2026-05-24T18:24:20Z,N,7,unavailable,False,BFI IMAX N 7
2026-05-24T18:24:20Z,P,29,unavailable,True,BFI IMAX P 29
2026-05-24T18:24:20Z,P,28,unavailable,True,BFI IMAX P 28
2026-05-24T18:24:20Z,P,4,unavailable,True,BFI IMAX P 4
2026-05-24T18:24:20Z,P,3,unavailable,True,BFI IMAX P 3
2026-05-24T18:24:20Z,A,5,available,False,BFI IMAX A 5
2026-05-24T18:24:20Z,A,4,available,False,BFI IMAX A 4
2026-05-24T18:24:20Z,A,3,available,False,BFI IMAX A 3
2026-05-24T18:24:20Z,A,2,available,False,BFI IMAX A 2
2026-05-24T18:24:20Z,A,1,available,False,BFI IMAX A 1
2026-05-24T18:24:20Z,B,36,available,False,BFI IMAX B 36
2026-05-24T18:24:20Z,B,35,available,False,BFI IMAX B 35
2026-05-24T18:24:20Z,B,34,available,False,BFI IMAX B 34
2026-05-24T18:24:20Z,B,33,available,False,BFI IMAX B 33
2026-05-24T18:24:20Z,B,32,available,False,BFI IMAX B 32
2026-05-24T18:24:20Z,B,31,available,False,BFI IMAX B 31
2026-05-24T18:24:20Z,B,30,available,False,BFI IMAX B 30
2026-05-24T18:24:20Z,B,29,available,False,BFI IMAX B 29
2026-05-24T18:24:20Z,B,28,available,False,BFI IMAX B 28
2026-05-24T18:24:20Z,B,27,available,False,BFI IMAX B 27
2026-05-24T18:24:20Z,B,26,available,False,BFI IMAX B 26
2026-05-24T18:24:20Z,B,25,available,False,BFI IMAX B 25
2026-05-24T18:24:20Z,B,24,available,False,BFI IMAX B 24
2026-05-24T18:24:20Z,B,23,sold,False,BFI IMAX B 23
2026-05-24T18:24:20Z,B,22,sold,False,BFI IMAX B 22
2026-05-24T18:24:20Z,B,21,sold,False,BFI IMAX B 21
2026-05-24T18:24:20Z,B,20,sold,False,BFI IMAX B 20
2026-05-24T18:24:20Z,B,19,sold,False,BFI IMAX B 19
2026-05-24T18:24:20Z,B,18,sold,False,BFI IMAX B 18
2026-05-24T18:24:20Z,B,17,sold,False,BFI IMAX B 17
2026-05-24T18:24:20Z,B,16,sold,False,BFI IMAX B 16
2026-05-24T18:24:20Z,B,15,available,False,BFI IMAX B 15
2026-05-24T18:24:20Z,B,14,available,False,BFI IMAX B 14
2026-05-24T18:24:20Z,B,13,available,False,BFI IMAX B 13
2026-05-24T18:24:20Z,B,12,available,False,BFI IMAX B 12
2026-05-24T18:24:20Z,B,11,available,False,BFI IMAX B 11
2026-05-24T18:24:20Z,B,10,available,False,BFI IMAX B 10
2026-05-24T18:24:20Z,B,9,available,False,BFI IMAX B 9
2026-05-24T18:24:20Z,B,8,available,False,BFI IMAX B 8
2026-05-24T18:24:20Z,B,7,available,False,BFI IMAX B 7
2026-05-24T18:24:20Z,B,6,available,False,BFI IMAX B 6
2026-05-24T18:24:20Z,B,5,available,False,BFI IMAX B 5
2026-05-24T18:24:20Z,B,4,available,False,BFI IMAX B 4
2026-05-24T18:24:20Z,B,3,available,False,BFI IMAX B 3
2026-05-24T18:24:20Z,B,2,available,False,BFI IMAX B 2
2026-05-24T18:24:20Z,B,1,available,False,BFI IMAX B 1
2026-05-24T18:24:20Z,C,36,available,False,BFI IMAX C 36
2026-05-24T18:24:20Z,C,35,available,False,BFI IMAX C 35
2026-05-24T18:24:20Z,C,34,available,False,BFI IMAX C 34
2026-05-24T18:24:20Z,C,33,available,False,BFI IMAX C 33
2026-05-24T18:24:20Z,C,32,available,False,BFI IMAX C 32
2026-05-24T18:24:20Z,C,31,available,False,BFI IMAX C 31
2026-05-24T18:24:20Z,C,30,available,False,BFI IMAX C 30
2026-05-24T18:24:20Z,C,29,available,False,BFI IMAX C 29
2026-05-24T18:24:20Z,C,28,available,False,BFI IMAX C 28
2026-05-24T18:24:20Z,C,27,available,False,BFI IMAX C 27
2026-05-24T18:24:20Z,C,26,available,False,BFI IMAX C 26
2026-05-24T18:24:20Z,C,25,sold,False,BFI IMAX C 25
2026-05-24T18:24:20Z,C,24,sold,False,BFI IMAX C 24
2026-05-24T18:24:20Z,C,23,sold,False,BFI IMAX C 23
2026-05-24T18:24:20Z,C,22,sold,False,BFI IMAX C 22
2026-05-24T18:24:20Z,C,21,sold,False,BFI IMAX C 21
2026-05-24T18:24:20Z,C,20,sold,False,BFI IMAX C 20
2026-05-24T18:24:20Z,C,19,sold,False,BFI IMAX C 19
2026-05-24T18:24:20Z,C,18,sold,False,BFI IMAX C 18
2026-05-24T18:24:20Z,C,17,sold,False,BFI IMAX C 17
2026-05-24T18:24:20Z,C,16,sold,False,BFI IMAX C 16
2026-05-24T18:24:20Z,C,15,sold,False,BFI IMAX C 15
2026-05-24T18:24:20Z,C,14,sold,False,BFI IMAX C 14
2026-05-24T18:24:20Z,C,13,sold,False,BFI IMAX C 13
2026-05-24T18:24:20Z,C,12,sold,False,BFI IMAX C 12
2026-05-24T18:24:20Z,C,11,sold,False,BFI IMAX C 11
2026-05-24T18:24:20Z,C,10,sold,False,BFI IMAX C 10
2026-05-24T18:24:20Z,C,9,available,False,BFI IMAX C 9
2026-05-24T18:24:20Z,C,8,available,False,BFI IMAX C 8
2026-05-24T18:24:20Z,C,7,available,False,BFI IMAX C 7
2026-05-24T18:24:20Z,C,6,available,False,BFI IMAX C 6
2026-05-24T18:24:20Z,C,5,available,False,BFI IMAX C 5
2026-05-24T18:24:20Z,C,4,available,False,BFI IMAX C 4
2026-05-24T18:24:20Z,C,3,available,False,BFI IMAX C 3
2026-05-24T18:24:20Z,C,2,available,False,BFI IMAX C 2
2026-05-24T18:24:20Z,C,1,available,False,BFI IMAX C 1
2026-05-24T18:24:20Z,D,37,available,False,BFI IMAX D 37
2026-05-24T18:24:20Z,D,36,available,False,BFI IMAX D 36
2026-05-24T18:24:20Z,D,35,available,False,BFI IMAX D 35
2026-05-24T18:24:20Z,D,34,available,False,BFI IMAX D 34
2026-05-24T18:24:20Z,D,33,available,False,BFI IMAX D 33
2026-05-24T18:24:20Z,D,32,available,False,BFI IMAX D 32
2026-05-24T18:24:20Z,D,31,available,False,BFI IMAX D 31
2026-05-24T18:24:20Z,D,30,sold,False,BFI IMAX D 30
2026-05-24T18:24:20Z,D,29,sold,False,BFI IMAX D 29
2026-05-24T18:24:20Z,D,28,sold,False,BFI IMAX D 28
2026-05-24T18:24:20Z,D,27,sold,False,BFI IMAX D 27
2026-05-24T18:24:20Z,D,26,sold,False,BFI IMAX D 26
2026-05-24T18:24:20Z,D,25,sold,False,BFI IMAX D 25
2026-05-24T18:24:20Z,D,24,sold,False,BFI IMAX D 24
2026-05-24T18:24:20Z,D,23,sold,False,BFI IMAX D 23
2026-05-24T18:24:20Z,D,22,sold,False,BFI IMAX D 22
2026-05-24T18:24:20Z,D,21,sold,False,BFI IMAX D 21
2026-05-24T18:24:20Z,D,20,sold,False,BFI IMAX D 20
2026-05-24T18:24:20Z,D,19,sold,False,BFI IMAX D 19
2026-05-24T18:24:20Z,D,18,sold,False,BFI IMAX D 18
2026-05-24T18:24:20Z,D,17,sold,False,BFI IMAX D 17
2026-05-24T18:24:20Z,D,16,sold,False,BFI IMAX D 16
2026-05-24T18:24:20Z,D,15,sold,False,BFI IMAX D 15
2026-05-24T18:24:20Z,D,14,sold,False,BFI IMAX D 14
2026-05-24T18:24:20Z,D,13,sold,False,BFI IMAX D 13
2026-05-24T18:24:20Z,D,12,sold,False,BFI IMAX D 12
2026-05-24T18:24:20Z,D,11,sold,False,BFI IMAX D 11
2026-05-24T18:24:20Z,D,10,sold,False,BFI IMAX D 10
2026-05-24T18:24:20Z,D,9,available,False,BFI IMAX D 9
2026-05-24T18:24:20Z,D,8,available,False,BFI IMAX D 8
2026-05-24T18:24:20Z,D,7,available,False,BFI IMAX D 7
2026-05-24T18:24:20Z,D,6,available,False,BFI IMAX D 6
2026-05-24T18:24:20Z,D,5,available,False,BFI IMAX D 5
2026-05-24T18:24:20Z,D,4,available,False,BFI IMAX D 4
2026-05-24T18:24:20Z,D,3,available,False,BFI IMAX D 3
2026-05-24T18:24:20Z,D,2,available,False,BFI IMAX D 2
2026-05-24T18:24:20Z,D,1,available,False,BFI IMAX D 1
2026-05-24T18:24:20Z,E,37,available,False,BFI IMAX E 37
2026-05-24T18:24:20Z,E,36,available,False,BFI IMAX E 36
2026-05-24T18:24:20Z,E,35,available,False,BFI IMAX E 35
2026-05-24T18:24:20Z,E,34,available,False,BFI IMAX E 34
2026-05-24T18:24:20Z,E,33,available,False,BFI IMAX E 33
2026-05-24T18:24:20Z,E,32,sold,False,BFI IMAX E 32
2026-05-24T18:24:20Z,E,31,sold,False,BFI IMAX E 31
2026-05-24T18:24:20Z,E,30,sold,False,BFI IMAX E 30
2026-05-24T18:24:20Z,E,29,sold,False,BFI IMAX E 29
2026-05-24T18:24:20Z,E,28,sold,False,BFI IMAX E 28
2026-05-24T18:24:20Z,E,27,sold,False,BFI IMAX E 27
2026-05-24T18:24:20Z,E,26,sold,False,BFI IMAX E 26
2026-05-24T18:24:20Z,E,25,sold,False,BFI IMAX E 25
2026-05-24T18:24:20Z,E,24,sold,False,BFI IMAX E 24
2026-05-24T18:24:20Z,E,23,sold,False,BFI IMAX E 23
2026-05-24T18:24:20Z,E,22,sold,False,BFI IMAX E 22
2026-05-24T18:24:20Z,E,21,sold,False,BFI IMAX E 21
2026-05-24T18:24:20Z,E,20,sold,False,BFI IMAX E 20
2026-05-24T18:24:20Z,E,19,sold,False,BFI IMAX E 19
2026-05-24T18:24:20Z,E,18,sold,False,BFI IMAX E 18
2026-05-24T18:24:20Z,E,17,sold,False,BFI IMAX E 17
2026-05-24T18:24:20Z,E,16,sold,False,BFI IMAX E 16
2026-05-24T18:24:20Z,E,15,sold,False,BFI IMAX E 15
2026-05-24T18:24:20Z,E,14,sold,False,BFI IMAX E 14
2026-05-24T18:24:20Z,E,13,sold,False,BFI IMAX E 13
2026-05-24T18:24:20Z,E,12,sold,False,BFI IMAX E 12
2026-05-24T18:24:20Z,E,11,sold,False,BFI IMAX E 11
2026-05-24T18:24:20Z,E,10,sold,False,BFI IMAX E 10
2026-05-24T18:24:20Z,E,9,sold,False,BFI IMAX E 9
2026-05-24T18:24:20Z,E,8,sold,False,BFI IMAX E 8
2026-05-24T18:24:20Z,E,7,sold,False,BFI IMAX E 7
2026-05-24T18:24:20Z,E,6,sold,False,BFI IMAX E 6
2026-05-24T18:24:20Z,E,5,sold,False,BFI IMAX E 5
2026-05-24T18:24:20Z,E,4,available,False,BFI IMAX E 4
2026-05-24T18:24:20Z,E,3,available,False,BFI IMAX E 3
2026-05-24T18:24:20Z,E,2,available,False,BFI IMAX E 2
2026-05-24T18:24:20Z,E,1,available,False,BFI IMAX E 1
2026-05-24T18:24:20Z,F,38,available,False,BFI IMAX F 38
2026-05-24T18:24:20Z,F,37,sold,False,BFI IMAX F 37
2026-05-24T18:24:20Z,F,36,sold,False,BFI IMAX F 36
2026-05-24T18:24:20Z,F,35,sold,False,BFI IMAX F 35
2026-05-24T18:24:20Z,F,34,sold,False,BFI IMAX F 34
2026-05-24T18:24:20Z,F,33,sold,False,BFI IMAX F 33
2026-05-24T18:24:20Z,F,32,sold,False,BFI IMAX F 32
2026-05-24T18:24:20Z,F,31,sold,False,BFI IMAX F 31
2026-05-24T18:24:20Z,F,30,sold,False,BFI IMAX F 30
2026-05-24T18:24:20Z,F,29,sold,False,BFI IMAX F 29
2026-05-24T18:24:20Z,F,28,sold,False,BFI IMAX F 28
2026-05-24T18:24:20Z,F,27,sold,False,BFI IMAX F 27
2026-05-24T18:24:20Z,F,26,sold,False,BFI IMAX F 26
2026-05-24T18:24:20Z,F,25,sold,False,BFI IMAX F 25
2026-05-24T18:24:20Z,F,24,sold,False,BFI IMAX F 24
2026-05-24T18:24:20Z,F,23,sold,False,BFI IMAX F 23
2026-05-24T18:24:20Z,F,22,sold,False,BFI IMAX F 22
2026-05-24T18:24:20Z,F,21,sold,False,BFI IMAX F 21
2026-05-24T18:24:20Z,F,20,sold,False,BFI IMAX F 20
2026-05-24T18:24:20Z,F,19,sold,False,BFI IMAX F 19
2026-05-24T18:24:20Z,F,18,sold,False,BFI IMAX F 18
2026-05-24T18:24:20Z,F,17,sold,False,BFI IMAX F 17
2026-05-24T18:24:20Z,F,16,sold,False,BFI IMAX F 16
2026-05-24T18:24:20Z,F,15,sold,False,BFI IMAX F 15
2026-05-24T18:24:20Z,F,14,sold,False,BFI IMAX F 14
2026-05-24T18:24:20Z,F,13,sold,False,BFI IMAX F 13
2026-05-24T18:24:20Z,F,12,sold,False,BFI IMAX F 12
2026-05-24T18:24:20Z,F,11,sold,False,BFI IMAX F 11
2026-05-24T18:24:20Z,F,10,sold,False,BFI IMAX F 10
2026-05-24T18:24:20Z,F,9,sold,False,BFI IMAX F 9
2026-05-24T18:24:20Z,F,8,sold,False,BFI IMAX F 8
2026-05-24T18:24:20Z,F,7,sold,False,BFI IMAX F 7
2026-05-24T18:24:20Z,F,6,sold,False,BFI IMAX F 6
2026-05-24T18:24:20Z,F,5,sold,False,BFI IMAX F 5
2026-05-24T18:24:20Z,F,4,sold,False,BFI IMAX F 4
2026-05-24T18:24:20Z,F,3,sold,False,BFI IMAX F 3
2026-05-24T18:24:20Z,F,2,sold,False,BFI IMAX F 2
2026-05-24T18:24:20Z,F,1,sold,False,BFI IMAX F 1
2026-05-24T18:24:20Z,G,37,sold,False,BFI IMAX G 37
2026-05-24T18:24:20Z,G,36,sold,False,BFI IMAX G 36
2026-05-24T18:24:20Z,G,35,sold,False,BFI IMAX G 35
2026-05-24T18:24:20Z,G,34,sold,False,BFI IMAX G 34
2026-05-24T18:24:20Z,G,33,sold,False,BFI IMAX G 33
2026-05-24T18:24:20Z,G,32,sold,False,BFI IMAX G 32
2026-05-24T18:24:20Z,G,31,sold,False,BFI IMAX G 31
2026-05-24T18:24:20Z,G,30,sold,False,BFI IMAX G 30
2026-05-24T18:24:20Z,G,29,sold,False,BFI IMAX G 29
2026-05-24T18:24:20Z,G,28,sold,False,BFI IMAX G 28
2026-05-24T18:24:20Z,G,27,sold,False,BFI IMAX G 27
2026-05-24T18:24:20Z,G,26,sold,False,BFI IMAX G 26
2026-05-24T18:24:20Z,G,25,sold,False,BFI IMAX G 25
2026-05-24T18:24:20Z,G,24,sold,False,BFI IMAX G 24
2026-05-24T18:24:20Z,G,23,sold,False,BFI IMAX G 23
2026-05-24T18:24:20Z,G,22,sold,False,BFI IMAX G 22
2026-05-24T18:24:20Z,G,21,sold,False,BFI IMAX G 21
2026-05-24T18:24:20Z,G,20,sold,False,BFI IMAX G 20
2026-05-24T18:24:20Z,G,19,sold,False,BFI IMAX G 19
2026-05-24T18:24:20Z,G,18,sold,False,BFI IMAX G 18
2026-05-24T18:24:20Z,G,17,sold,False,BFI IMAX G 17
2026-05-24T18:24:20Z,G,16,sold,False,BFI IMAX G 16
2026-05-24T18:24:20Z,G,15,sold,False,BFI IMAX G 15
2026-05-24T18:24:20Z,G,14,sold,False,BFI IMAX G 14
2026-05-24T18:24:20Z,G,13,sold,False,BFI IMAX G 13
2026-05-24T18:24:20Z,G,12,sold,False,BFI IMAX G 12
2026-05-24T18:24:20Z,G,11,sold,False,BFI IMAX G 11
2026-05-24T18:24:20Z,G,10,sold,False,BFI IMAX G 10
2026-05-24T18:24:20Z,G,9,sold,False,BFI IMAX G 9
2026-05-24T18:24:20Z,G,8,sold,False,BFI IMAX G 8
2026-05-24T18:24:20Z,G,7,sold,False,BFI IMAX G 7
2026-05-24T18:24:20Z,G,6,sold,False,BFI IMAX G 6
2026-05-24T18:24:20Z,G,5,sold,False,BFI IMAX G 5
2026-05-24T18:24:20Z,G,4,sold,False,BFI IMAX G 4
2026-05-24T18:24:20Z,G,3,sold,False,BFI IMAX G 3
2026-05-24T18:24:20Z,G,2,sold,False,BFI IMAX G 2
2026-05-24T18:24:20Z,G,1,sold,False,BFI IMAX G 1
2026-05-24T18:24:20Z,H,37,sold,False,BFI IMAX H 37
2026-05-24T18:24:20Z,H,36,sold,False,BFI IMAX H 36
2026-05-24T18:24:20Z,H,35,sold,False,BFI IMAX H 35
2026-05-24T18:24:20Z,H,34,sold,False,BFI IMAX H 34
2026-05-24T18:24:20Z,H,33,sold,False,BFI IMAX H 33
2026-05-24T18:24:20Z,H,32,sold,False,BFI IMAX H 32
2026-05-24T18:24:20Z,H,31,sold,False,BFI IMAX H 31
2026-05-24T18:24:20Z,H,30,sold,False,BFI IMAX H 30
2026-05-24T18:24:20Z,H,29,sold,False,BFI IMAX H 29
2026-05-24T18:24:20Z,H,28,sold,False,BFI IMAX H 28
2026-05-24T18:24:20Z,H,27,sold,False,BFI IMAX H 27
2026-05-24T18:24:20Z,H,26,sold,False,BFI IMAX H 26
2026-05-24T18:24:20Z,H,25,sold,False,BFI IMAX H 25
2026-05-24T18:24:20Z,H,24,sold,False,BFI IMAX H 24
2026-05-24T18:24:20Z,H,23,sold,False,BFI IMAX H 23
2026-05-24T18:24:20Z,H,22,sold,False,BFI IMAX H 22
2026-05-24T18:24:20Z,H,21,sold,False,BFI IMAX H 21
2026-05-24T18:24:20Z,H,20,sold,False,BFI IMAX H 20
2026-05-24T18:24:20Z,H,19,sold,False,BFI IMAX H 19
2026-05-24T18:24:20Z,H,18,sold,False,BFI IMAX H 18
2026-05-24T18:24:20Z,H,17,sold,False,BFI IMAX H 17
2026-05-24T18:24:20Z,H,16,sold,False,BFI IMAX H 16
2026-05-24T18:24:20Z,H,15,sold,False,BFI IMAX H 15
2026-05-24T18:24:20Z,H,14,sold,False,BFI IMAX H 14
2026-05-24T18:24:20Z,H,13,sold,False,BFI IMAX H 13
2026-05-24T18:24:20Z,H,12,sold,False,BFI IMAX H 12
2026-05-24T18:24:20Z,H,11,sold,False,BFI IMAX H 11
2026-05-24T18:24:20Z,H,10,sold,False,BFI IMAX H 10
2026-05-24T18:24:20Z,H,9,sold,False,BFI IMAX H 9
2026-05-24T18:24:20Z,H,8,sold,False,BFI IMAX H 8
2026-05-24T18:24:20Z,H,7,sold,False,BFI IMAX H 7
2026-05-24T18:24:20Z,H,6,sold,False,BFI IMAX H 6
2026-05-24T18:24:20Z,H,5,sold,False,BFI IMAX H 5
2026-05-24T18:24:20Z,H,4,sold,False,BFI IMAX H 4
2026-05-24T18:24:20Z,H,3,sold,False,BFI IMAX H 3
2026-05-24T18:24:20Z,H,2,sold,False,BFI IMAX H 2
2026-05-24T18:24:20Z,H,1,sold,False,BFI IMAX H 1
2026-05-24T18:24:20Z,J,36,sold,False,BFI IMAX J 36
2026-05-24T18:24:20Z,J,35,sold,False,BFI IMAX J 35
2026-05-24T18:24:20Z,J,34,sold,False,BFI IMAX J 34
2026-05-24T18:24:20Z,J,33,sold,False,BFI IMAX J 33
2026-05-24T18:24:20Z,J,32,sold,False,BFI IMAX J 32
2026-05-24T18:24:20Z,J,31,sold,False,BFI IMAX J 31
2026-05-24T18:24:20Z,J,30,sold,False,BFI IMAX J 30
2026-05-24T18:24:20Z,J,29,sold,False,BFI IMAX J 29
2026-05-24T18:24:20Z,J,28,sold,False,BFI IMAX J 28
2026-05-24T18:24:20Z,J,27,sold,False,BFI IMAX J 27
2026-05-24T18:24:20Z,J,26,sold,False,BFI IMAX J 26
2026-05-24T18:24:20Z,J,25,sold,False,BFI IMAX J 25
2026-05-24T18:24:20Z,J,24,sold,False,BFI IMAX J 24
2026-05-24T18:24:20Z,J,23,sold,False,BFI IMAX J 23
2026-05-24T18:24:20Z,J,22,sold,False,BFI IMAX J 22
2026-05-24T18:24:20Z,J,21,sold,False,BFI IMAX J 21
2026-05-24T18:24:20Z,J,20,sold,False,BFI IMAX J 20
2026-05-24T18:24:20Z,J,19,sold,False,BFI IMAX J 19
2026-05-24T18:24:20Z,J,18,sold,False,BFI IMAX J 18
2026-05-24T18:24:20Z,J,17,sold,False,BFI IMAX J 17
2026-05-24T18:24:20Z,J,16,sold,False,BFI IMAX J 16
2026-05-24T18:24:20Z,J,15,sold,False,BFI IMAX J 15
2026-05-24T18:24:20Z,J,14,sold,False,BFI IMAX J 14
2026-05-24T18:24:20Z,J,13,sold,False,BFI IMAX J 13
2026-05-24T18:24:20Z,J,12,sold,False,BFI IMAX J 12
2026-05-24T18:24:20Z,J,11,sold,False,BFI IMAX J 11
2026-05-24T18:24:20Z,J,10,sold,False,BFI IMAX J 10
2026-05-24T18:24:20Z,J,9,sold,False,BFI IMAX J 9
2026-05-24T18:24:20Z,J,8,sold,False,BFI IMAX J 8
2026-05-24T18:24:20Z,J,7,sold,False,BFI IMAX J 7
2026-05-24T18:24:20Z,J,6,sold,False,BFI IMAX J 6
2026-05-24T18:24:20Z,J,5,sold,False,BFI IMAX J 5
2026-05-24T18:24:20Z,J,4,sold,False,BFI IMAX J 4
2026-05-24T18:24:20Z,J,3,sold,False,BFI IMAX J 3
2026-05-24T18:24:20Z,J,2,sold,False,BFI IMAX J 2
2026-05-24T18:24:20Z,J,1,sold,False,BFI IMAX J 1
2026-05-24T18:24:20Z,K,36,sold,False,BFI IMAX K 36
2026-05-24T18:24:20Z,K,35,sold,False,BFI IMAX K 35
2026-05-24T18:24:20Z,K,34,sold,False,BFI IMAX K 34
2026-05-24T18:24:20Z,K,33,sold,False,BFI IMAX K 33
2026-05-24T18:24:20Z,K,32,sold,False,BFI IMAX K 32
2026-05-24T18:24:20Z,K,31,sold,False,BFI IMAX K 31
2026-05-24T18:24:20Z,K,30,sold,False,BFI IMAX K 30
2026-05-24T18:24:20Z,K,29,sold,False,BFI IMAX K 29
2026-05-24T18:24:20Z,K,28,sold,False,BFI IMAX K 28
2026-05-24T18:24:20Z,A,13,available,False,BFI IMAX A 13
2026-05-24T18:24:20Z,A,12,available,False,BFI IMAX A 12
2026-05-24T18:24:20Z,K,25,sold,False,BFI IMAX K 25
2026-05-24T18:24:20Z,K,24,sold,False,BFI IMAX K 24
2026-05-24T18:24:20Z,K,23,sold,False,BFI IMAX K 23
2026-05-24T18:24:20Z,K,22,sold,False,BFI IMAX K 22
2026-05-24T18:24:20Z,K,21,sold,False,BFI IMAX K 21
2026-05-24T18:24:20Z,K,20,sold,False,BFI IMAX K 20
2026-05-24T18:24:20Z,K,19,sold,False,BFI IMAX K 19
2026-05-24T18:24:20Z,K,18,sold,False,BFI IMAX K 18
2026-05-24T18:24:20Z,K,17,sold,False,BFI IMAX K 17
2026-05-24T18:24:20Z,K,16,sold,False,BFI IMAX K 16
2026-05-24T18:24:20Z,K,15,sold,False,BFI IMAX K 15
2026-05-24T18:24:20Z,K,14,sold,False,BFI IMAX K 14
2026-05-24T18:24:20Z,K,13,sold,False,BFI IMAX K 13
2026-05-24T18:24:20Z,K,12,sold,False,BFI IMAX K 12
2026-05-24T18:24:20Z,K,11,sold,False,BFI IMAX K 11
2026-05-24T18:24:20Z,K,10,sold,False,BFI IMAX K 10
2026-05-24T18:24:20Z,K,9,sold,False,BFI IMAX K 9
2026-05-24T18:24:20Z,K,8,sold,False,BFI IMAX K 8
2026-05-24T18:24:20Z,K,7,sold,False,BFI IMAX K 7
2026-05-24T18:24:20Z,K,6,sold,False,BFI IMAX K 6
2026-05-24T18:24:20Z,K,5,sold,False,BFI IMAX K 5
2026-05-24T18:24:20Z,K,4,sold,False,BFI IMAX K 4
2026-05-24T18:24:20Z,K,3,sold,False,BFI IMAX K 3
2026-05-24T18:24:20Z,K,2,sold,False,BFI IMAX K 2
2026-05-24T18:24:20Z,K,1,sold,False,BFI IMAX K 1
2026-05-24T18:24:20Z,L,33,sold,False,BFI IMAX L 33
2026-05-24T18:24:20Z,L,32,sold,False,BFI IMAX L 32
2026-05-24T18:24:20Z,L,31,sold,False,BFI IMAX L 31
2026-05-24T18:24:20Z,L,30,sold,False,BFI IMAX L 30
2026-05-24T18:24:20Z,L,29,sold,False,BFI IMAX L 29
2026-05-24T18:24:20Z,L,28,sold,False,BFI IMAX L 28
2026-05-24T18:24:20Z,L,27,sold,False,BFI IMAX L 27
2026-05-24T18:24:20Z,L,26,sold,False,BFI IMAX L 26
2026-05-24T18:24:20Z,L,8,sold,False,BFI IMAX L 8
2026-05-24T18:24:20Z,L,7,sold,False,BFI IMAX L 7
2026-05-24T18:24:20Z,L,6,sold,False,BFI IMAX L 6
2026-05-24T18:24:20Z,L,5,sold,False,BFI IMAX L 5
2026-05-24T18:24:20Z,L,4,sold,False,BFI IMAX L 4
2026-05-24T18:24:20Z,L,3,sold,False,BFI IMAX L 3
2026-05-24T18:24:20Z,L,2,sold,False,BFI IMAX L 2
2026-05-24T18:24:20Z,L,1,sold,False,BFI IMAX L 1
2026-05-24T18:24:20Z,M,34,sold,False,BFI IMAX M 34
2026-05-24T18:24:20Z,M,33,sold,False,BFI IMAX M 33
2026-05-24T18:24:20Z,M,32,sold,False,BFI IMAX M 32
2026-05-24T18:24:20Z,M,31,sold,False,BFI IMAX M 31
2026-05-24T18:24:20Z,M,30,sold,False,BFI IMAX M 30
2026-05-24T18:24:20Z,M,29,sold,False,BFI IMAX M 29
2026-05-24T18:24:20Z,M,28,sold,False,BFI IMAX M 28
2026-05-24T18:24:20Z,M,27,sold,False,BFI IMAX M 27
2026-05-24T18:24:20Z,M,8,sold,False,BFI IMAX M 8
2026-05-24T18:24:20Z,M,7,sold,False,BFI IMAX M 7
2026-05-24T18:24:20Z,M,6,sold,False,BFI IMAX M 6
2026-05-24T18:24:20Z,M,5,sold,False,BFI IMAX M 5
2026-05-24T18:24:20Z,M,4,sold,False,BFI IMAX M 4
2026-05-24T18:24:20Z,M,3,sold,False,BFI IMAX M 3
2026-05-24T18:24:20Z,M,2,sold,False,BFI IMAX M 2
2026-05-24T18:24:20Z,M,1,sold,False,BFI IMAX M 1
2026-05-24T18:24:20Z,N,34,unavailable,False,BFI IMAX N 34
2026-05-24T18:24:20Z,N,33,unavailable,False,BFI IMAX N 33
2026-05-24T18:24:20Z,N,32,unavailable,False,BFI IMAX N 32
2026-05-24T18:24:20Z,N,31,unavailable,False,BFI IMAX N 31
2026-05-24T18:24:20Z,N,30,unavailable,False,BFI IMAX N 30
2026-05-24T18:24:20Z,N,29,unavailable,False,BFI IMAX N 29
2026-05-24T18:24:20Z,N,28,unavailable,False,BFI IMAX N 28
2026-05-24T18:24:20Z,N,27,unavailable,False,BFI IMAX N 27
2026-05-24T18:24:20Z,A,11,available,False,BFI IMAX A 11
2026-05-24T18:24:20Z,A,10,available,False,BFI IMAX A 10
2026-05-24T18:24:20Z,N,6,sold,False,BFI IMAX N 6
2026-05-24T18:24:20Z,N,5,sold,False,BFI IMAX N 5
2026-05-24T18:24:20Z,N,4,sold,False,BFI IMAX N 4
2026-05-24T18:24:20Z,N,3,sold,False,BFI IMAX N 3
2026-05-24T18:24:20Z,N,2,sold,False,BFI IMAX N 2
2026-05-24T18:24:20Z,N,1,sold,False,BFI IMAX N 1
2026-05-24T18:24:20Z,P,31,unavailable,False,BFI IMAX P 31
2026-05-24T18:24:20Z,A,9,available,False,BFI IMAX A 9
2026-05-24T18:24:20Z,A,8,available,False,BFI IMAX A 8
2026-05-24T18:24:20Z,P,26,unavailable,False,BFI IMAX P 26
2026-05-24T18:24:20Z,P,6,sold,False,BFI IMAX P 6
2026-05-24T18:24:20Z,A,7,available,False,BFI IMAX A 7
2026-05-24T18:24:20Z,A,6,available,False,BFI IMAX A 6
2026-05-24T18:24:20Z,P,1,unavailable,False,BFI IMAX P 1
2026-05-24T18:24:20Z,M,11,sold,False,BFI IMAX M 11
2026-05-24T18:24:20Z,M,10,sold,False,BFI IMAX M 10
2026-05-24T18:24:20Z,M,9,sold,False,BFI IMAX M 9
2026-05-24T18:24:20Z,L,9,sold,False,BFI IMAX L 9
2026-05-24T18:24:20Z,L,25,sold,False,BFI IMAX L 25
2026-05-24T18:24:20Z,L,24,sold,False,BFI IMAX L 24
2026-05-24T18:24:20Z,L,23,sold,False,BFI IMAX L 23
2026-05-24T18:24:20Z,L,22,sold,False,BFI IMAX L 22
2026-05-24T18:24:20Z,L,21,sold,False,BFI IMAX L 21
2026-05-24T18:24:20Z,L,20,sold,False,BFI IMAX L 20
2026-05-24T18:24:20Z,L,19,sold,False,BFI IMAX L 19
2026-05-24T18:24:20Z,L,18,sold,False,BFI IMAX L 18
2026-05-24T18:24:20Z,L,17,sold,False,BFI IMAX L 17
2026-05-24T18:24:20Z,L,16,sold,False,BFI IMAX L 16
2026-05-24T18:24:20Z,L,15,sold,False,BFI IMAX L 15
2026-05-24T18:24:20Z,L,14,sold,False,BFI IMAX L 14
2026-05-24T18:24:20Z,L,13,sold,False,BFI IMAX L 13
2026-05-24T18:24:20Z,L,12,sold,False,BFI IMAX L 12
2026-05-24T18:24:20Z,L,11,sold,False,BFI IMAX L 11
2026-05-24T18:24:20Z,N,26,unavailable,False,BFI IMAX N 26
2026-05-24T18:24:20Z,N,25,unavailable,False,BFI IMAX N 25
2026-05-24T18:24:20Z,N,24,unavailable,False,BFI IMAX N 24
2026-05-24T18:24:20Z,N,23,unavailable,False,BFI IMAX N 23
2026-05-24T18:24:20Z,N,22,sold,False,BFI IMAX N 22
2026-05-24T18:24:20Z,N,21,sold,False,BFI IMAX N 21
2026-05-24T18:24:20Z,N,20,sold,False,BFI IMAX N 20
2026-05-24T18:24:20Z,N,19,sold,False,BFI IMAX N 19
2026-05-24T18:24:20Z,N,18,sold,False,BFI IMAX N 18
2026-05-24T18:24:20Z,N,17,sold,False,BFI IMAX N 17
2026-05-24T18:24:20Z,N,16,sold,False,BFI IMAX N 16
2026-05-24T18:24:20Z,N,15,sold,False,BFI IMAX N 15
2026-05-24T18:24:20Z,N,14,sold,False,BFI IMAX N 14
2026-05-24T18:24:20Z,N,13,sold,False,BFI IMAX N 13
2026-05-24T18:24:20Z,N,12,unavailable,False,BFI IMAX N 12
2026-05-24T18:24:20Z,N,11,unavailable,False,BFI IMAX N 11
2026-05-24T18:24:20Z,N,10,unavailable,False,BFI IMAX N 10
2026-05-24T18:24:20Z,N,9,unavailable,False,BFI IMAX N 9
2026-05-24T18:24:20Z,L,10,sold,False,BFI IMAX L 10
2026-05-24T18:24:20Z,M,26,sold,False,BFI IMAX M 26
2026-05-24T18:24:20Z,M,25,sold,False,BFI IMAX M 25
2026-05-24T18:24:20Z,M,24,sold,False,BFI IMAX M 24
2026-05-24T18:24:20Z,M,23,sold,False,BFI IMAX M 23
2026-05-24T18:24:20Z,M,22,sold,False,BFI IMAX M 22
2026-05-24T18:24:20Z,M,21,sold,False,BFI IMAX M 21
2026-05-24T18:24:20Z,M,20,sold,False,BFI IMAX M 20
2026-05-24T18:24:20Z,M,19,sold,False,BFI IMAX M 19
2026-05-24T18:24:20Z,M,18,sold,False,BFI IMAX M 18
2026-05-24T18:24:20Z,M,17,sold,False,BFI IMAX M 17
2026-05-24T18:24:20Z,M,16,sold,False,BFI IMAX M 16
2026-05-24T18:24:20Z,M,15,sold,False,BFI IMAX M 15
2026-05-24T18:24:20Z,M,14,sold,False,BFI IMAX M 14
2026-05-24T18:24:20Z,M,13,sold,False,BFI IMAX M 13
2026-05-24T18:24:20Z,M,12,sold,False,BFI IMAX M 12
2026-05-24T18:24:20Z,P,30,unavailable,True,BFI IMAX P 30
2026-05-24T18:24:20Z,P,27,unavailable,True,BFI IMAX P 27
2026-05-24T18:24:20Z,P,2,unavailable,True,BFI IMAX P 2
2026-05-24T18:24:20Z,P,5,sold,True,BFI IMAX P 5
2026-05-24T18:24:20Z,P,19,sold,False,BFI IMAX P 19
2026-05-24T18:24:20Z,P,18,sold,False,BFI IMAX P 18
2026-05-24T18:24:20Z,P,17,sold,False,BFI IMAX P 17
2026-05-24T18:24:20Z,P,16,sold,False,BFI IMAX P 16
2026-05-24T18:24:20Z,P,15,sold,False,BFI IMAX P 15
2026-05-24T18:24:20Z,P,14,sold,False,BFI IMAX P 14
2026-05-24T18:24:20Z,P,13,sold,False,BFI IMAX P 13
2026-05-24T18:24:20Z,P,12,sold,False,BFI IMAX P 12
2026-05-24T18:24:20Z,P,11,sold,False,BFI IMAX P 11
2026-05-24T18:24:20Z,P,10,sold,False,BFI IMAX P 10
2026-05-24T18:24:20Z,P,9,sold,False,BFI IMAX P 9
2026-05-24T18:24:20Z,P,8,sold,False,BFI IMAX P 8
2026-05-24T18:24:20Z,P,7,sold,False,BFI IMAX P 7
2026-05-24T18:24:20Z,P,25,sold,False,BFI IMAX P 25
2026-05-24T18:24:20Z,P,24,sold,False,BFI IMAX P 24
2026-05-24T18:24:20Z,P,23,sold,False,BFI IMAX P 23
2026-05-24T18:24:20Z,P,22,sold,False,BFI IMAX P 22
2026-05-24T18:24:20Z,P,21,sold,False,BFI IMAX P 21
2026-05-24T18:24:20Z,P,20,sold,False,BFI IMAX P 20
2026-05-24T18:24:20Z,Q,18,sold,False,BFI IMAX Q 18
2026-05-24T18:24:20Z,Q,17,sold,False,BFI IMAX Q 17
2026-05-24T18:24:20Z,Q,16,sold,False,BFI IMAX Q 16
2026-05-24T18:24:20Z,Q,15,sold,False,BFI IMAX Q 15
2026-05-24T18:24:20Z,Q,14,sold,False,BFI IMAX Q 14
2026-05-24T18:24:20Z,Q,13,sold,False,BFI IMAX Q 13
2026-05-24T18:24:20Z,Q,12,sold,False,BFI IMAX Q 12
2026-05-24T18:24:20Z,Q,11,sold,False,BFI IMAX Q 11
2026-05-24T18:24:20Z,Q,10,sold,False,BFI IMAX Q 10
2026-05-24T18:24:20Z,Q,9,sold,False,BFI IMAX Q 9
2026-05-24T18:24:20Z,Q,8,sold,False,BFI IMAX Q 8
2026-05-24T18:24:20Z,Q,7,sold,False,BFI IMAX Q 7
2026-05-24T18:24:20Z,Q,6,sold,False,BFI IMAX Q 6
2026-05-24T18:24:20Z,Q,5,sold,False,BFI IMAX Q 5
2026-05-24T18:24:20Z,Q,4,sold,False,BFI IMAX Q 4
2026-05-24T18:24:20Z,Q,3,sold,False,BFI IMAX Q 3
2026-05-24T18:24:20Z,Q,2,sold,False,BFI IMAX Q 2
2026-05-24T18:24:20Z,Q,1,sold,False,BFI IMAX Q 1
2026-05-24T18:57:21Z,K,27,unavailable,False,BFI IMAX K 27
2026-05-24T18:57:21Z,K,26,unavailable,False,BFI IMAX K 26
2026-05-24T18:57:21Z,N,8,unavailable,False,BFI IMAX N 8
2026-05-24T18:57:21Z,N,7,unavailable,False,BFI IMAX N 7
2026-05-24T18:57:21Z,P,29,unavailable,True,BFI IMAX P 29
2026-05-24T18:57:21Z,P,28,unavailable,True,BFI IMAX P 28
2026-05-24T18:57:21Z,P,4,unavailable,True,BFI IMAX P 4
2026-05-24T18:57:21Z,P,3,unavailable,True,BFI IMAX P 3
2026-05-24T18:57:21Z,A,5,available,False,BFI IMAX A 5
2026-05-24T18:57:21Z,A,4,available,False,BFI IMAX A 4
2026-05-24T18:57:21Z,A,3,available,False,BFI IMAX A 3
2026-05-24T18:57:21Z,A,2,available,False,BFI IMAX A 2
2026-05-24T18:57:21Z,A,1,available,False,BFI IMAX A 1
2026-05-24T18:57:21Z,B,36,available,False,BFI IMAX B 36
2026-05-24T18:57:21Z,B,35,available,False,BFI IMAX B 35
2026-05-24T18:57:21Z,B,34,available,False,BFI IMAX B 34
2026-05-24T18:57:21Z,B,33,available,False,BFI IMAX B 33
2026-05-24T18:57:21Z,B,32,available,False,BFI IMAX B 32
2026-05-24T18:57:21Z,B,31,available,False,BFI IMAX B 31
2026-05-24T18:57:21Z,B,30,available,False,BFI IMAX B 30
2026-05-24T18:57:21Z,B,29,available,False,BFI IMAX B 29
2026-05-24T18:57:21Z,B,28,available,False,BFI IMAX B 28
2026-05-24T18:57:21Z,B,27,available,False,BFI IMAX B 27
2026-05-24T18:57:21Z,B,26,available,False,BFI IMAX B 26
2026-05-24T18:57:21Z,B,25,available,False,BFI IMAX B 25
2026-05-24T18:57:21Z,B,24,available,False,BFI IMAX B 24
2026-05-24T18:57:21Z,B,23,sold,False,BFI IMAX B 23
2026-05-24T18:57:21Z,B,22,sold,False,BFI IMAX B 22
2026-05-24T18:57:21Z,B,21,sold,False,BFI IMAX B 21
2026-05-24T18:57:21Z,B,20,sold,False,BFI IMAX B 20
2026-05-24T18:57:21Z,B,19,sold,False,BFI IMAX B 19
2026-05-24T18:57:21Z,B,18,sold,False,BFI IMAX B 18
2026-05-24T18:57:21Z,B,17,sold,False,BFI IMAX B 17
2026-05-24T18:57:21Z,B,16,sold,False,BFI IMAX B 16
2026-05-24T18:57:21Z,B,15,available,False,BFI IMAX B 15
2026-05-24T18:57:21Z,B,14,available,False,BFI IMAX B 14
2026-05-24T18:57:21Z,B,13,available,False,BFI IMAX B 13
2026-05-24T18:57:21Z,B,12,available,False,BFI IMAX B 12
2026-05-24T18:57:21Z,B,11,available,False,BFI IMAX B 11
2026-05-24T18:57:21Z,B,10,available,False,BFI IMAX B 10
2026-05-24T18:57:21Z,B,9,available,False,BFI IMAX B 9
2026-05-24T18:57:21Z,B,8,available,False,BFI IMAX B 8
2026-05-24T18:57:21Z,B,7,available,False,BFI IMAX B 7
2026-05-24T18:57:21Z,B,6,available,False,BFI IMAX B 6
2026-05-24T18:57:21Z,B,5,available,False,BFI IMAX B 5
2026-05-24T18:57:21Z,B,4,available,False,BFI IMAX B 4
2026-05-24T18:57:21Z,B,3,available,False,BFI IMAX B 3
2026-05-24T18:57:21Z,B,2,available,False,BFI IMAX B 2
2026-05-24T18:57:21Z,B,1,available,False,BFI IMAX B 1
2026-05-24T18:57:21Z,C,36,available,False,BFI IMAX C 36
2026-05-24T18:57:21Z,C,35,available,False,BFI IMAX C 35
2026-05-24T18:57:21Z,C,34,available,False,BFI IMAX C 34
2026-05-24T18:57:21Z,C,33,available,False,BFI IMAX C 33
2026-05-24T18:57:21Z,C,32,available,False,BFI IMAX C 32
2026-05-24T18:57:21Z,C,31,available,False,BFI IMAX C 31
2026-05-24T18:57:21Z,C,30,available,False,BFI IMAX C 30
2026-05-24T18:57:21Z,C,29,available,False,BFI IMAX C 29
2026-05-24T18:57:21Z,C,28,available,False,BFI IMAX C 28
2026-05-24T18:57:21Z,C,27,available,False,BFI IMAX C 27
2026-05-24T18:57:21Z,C,26,available,False,BFI IMAX C 26
2026-05-24T18:57:21Z,C,25,sold,False,BFI IMAX C 25
2026-05-24T18:57:21Z,C,24,sold,False,BFI IMAX C 24
2026-05-24T18:57:21Z,C,23,sold,False,BFI IMAX C 23
2026-05-24T18:57:21Z,C,22,sold,False,BFI IMAX C 22
2026-05-24T18:57:21Z,C,21,sold,False,BFI IMAX C 21
2026-05-24T18:57:21Z,C,20,sold,False,BFI IMAX C 20
2026-05-24T18:57:21Z,C,19,sold,False,BFI IMAX C 19
2026-05-24T18:57:21Z,C,18,sold,False,BFI IMAX C 18
2026-05-24T18:57:21Z,C,17,sold,False,BFI IMAX C 17
2026-05-24T18:57:21Z,C,16,sold,False,BFI IMAX C 16
2026-05-24T18:57:21Z,C,15,sold,False,BFI IMAX C 15
2026-05-24T18:57:21Z,C,14,sold,False,BFI IMAX C 14
2026-05-24T18:57:21Z,C,13,sold,False,BFI IMAX C 13
2026-05-24T18:57:21Z,C,12,sold,False,BFI IMAX C 12
2026-05-24T18:57:21Z,C,11,sold,False,BFI IMAX C 11
2026-05-24T18:57:21Z,C,10,sold,False,BFI IMAX C 10
2026-05-24T18:57:21Z,C,9,available,False,BFI IMAX C 9
2026-05-24T18:57:21Z,C,8,available,False,BFI IMAX C 8
2026-05-24T18:57:21Z,C,7,available,False,BFI IMAX C 7
2026-05-24T18:57:21Z,C,6,available,False,BFI IMAX C 6
2026-05-24T18:57:21Z,C,5,available,False,BFI IMAX C 5
2026-05-24T18:57:21Z,C,4,available,False,BFI IMAX C 4
2026-05-24T18:57:21Z,C,3,available,False,BFI IMAX C 3
2026-05-24T18:57:21Z,C,2,available,False,BFI IMAX C 2
2026-05-24T18:57:21Z,C,1,available,False,BFI IMAX C 1
2026-05-24T18:57:21Z,D,37,available,False,BFI IMAX D 37
2026-05-24T18:57:21Z,D,36,available,False,BFI IMAX D 36
2026-05-24T18:57:21Z,D,35,available,False,BFI IMAX D 35
2026-05-24T18:57:21Z,D,34,available,False,BFI IMAX D 34
2026-05-24T18:57:21Z,D,33,available,False,BFI IMAX D 33
2026-05-24T18:57:21Z,D,32,available,False,BFI IMAX D 32
2026-05-24T18:57:21Z,D,31,available,False,BFI IMAX D 31
2026-05-24T18:57:21Z,D,30,sold,False,BFI IMAX D 30
2026-05-24T18:57:21Z,D,29,sold,False,BFI IMAX D 29
2026-05-24T18:57:21Z,D,28,sold,False,BFI IMAX D 28
2026-05-24T18:57:21Z,D,27,sold,False,BFI IMAX D 27
2026-05-24T18:57:21Z,D,26,sold,False,BFI IMAX D 26
2026-05-24T18:57:21Z,D,25,sold,False,BFI IMAX D 25
2026-05-24T18:57:21Z,D,24,sold,False,BFI IMAX D 24
2026-05-24T18:57:21Z,D,23,sold,False,BFI IMAX D 23
2026-05-24T18:57:21Z,D,22,sold,False,BFI IMAX D 22
2026-05-24T18:57:21Z,D,21,sold,False,BFI IMAX D 21
2026-05-24T18:57:21Z,D,20,sold,False,BFI IMAX D 20
2026-05-24T18:57:21Z,D,19,sold,False,BFI IMAX D 19
2026-05-24T18:57:21Z,D,18,sold,False,BFI IMAX D 18
2026-05-24T18:57:21Z,D,17,sold,False,BFI IMAX D 17
2026-05-24T18:57:21Z,D,16,sold,False,BFI IMAX D 16
2026-05-24T18:57:21Z,D,15,sold,False,BFI IMAX D 15
2026-05-24T18:57:21Z,D,14,sold,False,BFI IMAX D 14
2026-05-24T18:57:21Z,D,13,sold,False,BFI IMAX D 13
2026-05-24T18:57:21Z,D,12,sold,False,BFI IMAX D 12
2026-05-24T18:57:21Z,D,11,sold,False,BFI IMAX D 11
2026-05-24T18:57:21Z,D,10,sold,False,BFI IMAX D 10
2026-05-24T18:57:21Z,D,9,other,False,BFI IMAX D 9
2026-05-24T18:57:21Z,D,8,available,False,BFI IMAX D 8
2026-05-24T18:57:21Z,D,7,available,False,BFI IMAX D 7
2026-05-24T18:57:21Z,D,6,available,False,BFI IMAX D 6
2026-05-24T18:57:21Z,D,5,available,False,BFI IMAX D 5
2026-05-24T18:57:21Z,D,4,available,False,BFI IMAX D 4
2026-05-24T18:57:21Z,D,3,available,False,BFI IMAX D 3
2026-05-24T18:57:21Z,D,2,available,False,BFI IMAX D 2
2026-05-24T18:57:21Z,D,1,available,False,BFI IMAX D 1
2026-05-24T18:57:21Z,E,37,available,False,BFI IMAX E 37
2026-05-24T18:57:21Z,E,36,available,False,BFI IMAX E 36
2026-05-24T18:57:21Z,E,35,available,False,BFI IMAX E 35
2026-05-24T18:57:21Z,E,34,available,False,BFI IMAX E 34
2026-05-24T18:57:21Z,E,33,available,False,BFI IMAX E 33
2026-05-24T18:57:21Z,E,32,sold,False,BFI IMAX E 32
2026-05-24T18:57:21Z,E,31,sold,False,BFI IMAX E 31
2026-05-24T18:57:21Z,E,30,sold,False,BFI IMAX E 30
2026-05-24T18:57:21Z,E,29,sold,False,BFI IMAX E 29
2026-05-24T18:57:21Z,E,28,sold,False,BFI IMAX E 28
2026-05-24T18:57:21Z,E,27,sold,False,BFI IMAX E 27
2026-05-24T18:57:21Z,E,26,sold,False,BFI IMAX E 26
2026-05-24T18:57:21Z,E,25,sold,False,BFI IMAX E 25
2026-05-24T18:57:21Z,E,24,sold,False,BFI IMAX E 24
2026-05-24T18:57:21Z,E,23,sold,False,BFI IMAX E 23
2026-05-24T18:57:21Z,E,22,sold,False,BFI IMAX E 22
2026-05-24T18:57:21Z,E,21,sold,False,BFI IMAX E 21
2026-05-24T18:57:21Z,E,20,sold,False,BFI IMAX E 20
2026-05-24T18:57:21Z,E,19,sold,False,BFI IMAX E 19
2026-05-24T18:57:21Z,E,18,sold,False,BFI IMAX E 18
2026-05-24T18:57:21Z,E,17,sold,False,BFI IMAX E 17
2026-05-24T18:57:21Z,E,16,sold,False,BFI IMAX E 16
2026-05-24T18:57:21Z,E,15,sold,False,BFI IMAX E 15
2026-05-24T18:57:21Z,E,14,sold,False,BFI IMAX E 14
2026-05-24T18:57:21Z,E,13,sold,False,BFI IMAX E 13
2026-05-24T18:57:21Z,E,12,sold,False,BFI IMAX E 12
2026-05-24T18:57:21Z,E,11,sold,False,BFI IMAX E 11
2026-05-24T18:57:21Z,E,10,sold,False,BFI IMAX E 10
2026-05-24T18:57:21Z,E,9,sold,False,BFI IMAX E 9
2026-05-24T18:57:21Z,E,8,sold,False,BFI IMAX E 8
2026-05-24T18:57:21Z,E,7,sold,False,BFI IMAX E 7
2026-05-24T18:57:21Z,E,6,sold,False,BFI IMAX E 6
2026-05-24T18:57:21Z,E,5,sold,False,BFI IMAX E 5
2026-05-24T18:57:21Z,E,4,available,False,BFI IMAX E 4
2026-05-24T18:57:21Z,E,3,available,False,BFI IMAX E 3
2026-05-24T18:57:21Z,E,2,available,False,BFI IMAX E 2
2026-05-24T18:57:21Z,E,1,available,False,BFI IMAX E 1
2026-05-24T18:57:21Z,F,38,available,False,BFI IMAX F 38
2026-05-24T18:57:21Z,F,37,sold,False,BFI IMAX F 37
2026-05-24T18:57:21Z,F,36,sold,False,BFI IMAX F 36
2026-05-24T18:57:21Z,F,35,sold,False,BFI IMAX F 35
2026-05-24T18:57:21Z,F,34,sold,False,BFI IMAX F 34
2026-05-24T18:57:21Z,F,33,sold,False,BFI IMAX F 33
2026-05-24T18:57:21Z,F,32,sold,False,BFI IMAX F 32
2026-05-24T18:57:21Z,F,31,sold,False,BFI IMAX F 31
2026-05-24T18:57:21Z,F,30,sold,False,BFI IMAX F 30
2026-05-24T18:57:21Z,F,29,sold,False,BFI IMAX F 29
2026-05-24T18:57:21Z,F,28,sold,False,BFI IMAX F 28
2026-05-24T18:57:21Z,F,27,sold,False,BFI IMAX F 27
2026-05-24T18:57:21Z,F,26,sold,False,BFI IMAX F 26
2026-05-24T18:57:21Z,F,25,sold,False,BFI IMAX F 25
2026-05-24T18:57:21Z,F,24,sold,False,BFI IMAX F 24
2026-05-24T18:57:21Z,F,23,sold,False,BFI IMAX F 23
2026-05-24T18:57:21Z,F,22,sold,False,BFI IMAX F 22
2026-05-24T18:57:21Z,F,21,sold,False,BFI IMAX F 21
2026-05-24T18:57:21Z,F,20,sold,False,BFI IMAX F 20
2026-05-24T18:57:21Z,F,19,sold,False,BFI IMAX F 19
2026-05-24T18:57:21Z,F,18,sold,False,BFI IMAX F 18
2026-05-24T18:57:21Z,F,17,sold,False,BFI IMAX F 17
2026-05-24T18:57:21Z,F,16,sold,False,BFI IMAX F 16
2026-05-24T18:57:21Z,F,15,sold,False,BFI IMAX F 15
2026-05-24T18:57:21Z,F,14,sold,False,BFI IMAX F 14
2026-05-24T18:57:21Z,F,13,sold,False,BFI IMAX F 13
2026-05-24T18:57:21Z,F,12,sold,False,BFI IMAX F 12
2026-05-24T18:57:21Z,F,11,sold,False,BFI IMAX F 11
2026-05-24T18:57:21Z,F,10,sold,False,BFI IMAX F 10
2026-05-24T18:57:21Z,F,9,sold,False,BFI IMAX F 9
2026-05-24T18:57:21Z,F,8,sold,False,BFI IMAX F 8
2026-05-24T18:57:21Z,F,7,sold,False,BFI IMAX F 7
2026-05-24T18:57:21Z,F,6,sold,False,BFI IMAX F 6
2026-05-24T18:57:21Z,F,5,sold,False,BFI IMAX F 5
2026-05-24T18:57:21Z,F,4,sold,False,BFI IMAX F 4
2026-05-24T18:57:21Z,F,3,sold,False,BFI IMAX F 3
2026-05-24T18:57:21Z,F,2,sold,False,BFI IMAX F 2
2026-05-24T18:57:21Z,F,1,sold,False,BFI IMAX F 1
2026-05-24T18:57:21Z,G,37,sold,False,BFI IMAX G 37
2026-05-24T18:57:21Z,G,36,sold,False,BFI IMAX G 36
2026-05-24T18:57:21Z,G,35,sold,False,BFI IMAX G 35
2026-05-24T18:57:21Z,G,34,sold,False,BFI IMAX G 34
2026-05-24T18:57:21Z,G,33,sold,False,BFI IMAX G 33
2026-05-24T18:57:21Z,G,32,sold,False,BFI IMAX G 32
2026-05-24T18:57:21Z,G,31,sold,False,BFI IMAX G 31
2026-05-24T18:57:21Z,G,30,sold,False,BFI IMAX G 30
2026-05-24T18:57:21Z,G,29,sold,False,BFI IMAX G 29
2026-05-24T18:57:21Z,G,28,sold,False,BFI IMAX G 28
2026-05-24T18:57:21Z,G,27,sold,False,BFI IMAX G 27
2026-05-24T18:57:21Z,G,26,sold,False,BFI IMAX G 26
2026-05-24T18:57:21Z,G,25,sold,False,BFI IMAX G 25
2026-05-24T18:57:21Z,G,24,sold,False,BFI IMAX G 24
2026-05-24T18:57:21Z,G,23,sold,False,BFI IMAX G 23
2026-05-24T18:57:21Z,G,22,sold,False,BFI IMAX G 22
2026-05-24T18:57:21Z,G,21,sold,False,BFI IMAX G 21
2026-05-24T18:57:21Z,G,20,sold,False,BFI IMAX G 20
2026-05-24T18:57:21Z,G,19,sold,False,BFI IMAX G 19
2026-05-24T18:57:21Z,G,18,sold,False,BFI IMAX G 18
2026-05-24T18:57:21Z,G,17,sold,False,BFI IMAX G 17
2026-05-24T18:57:21Z,G,16,sold,False,BFI IMAX G 16
2026-05-24T18:57:21Z,G,15,sold,False,BFI IMAX G 15
2026-05-24T18:57:21Z,G,14,sold,False,BFI IMAX G 14
2026-05-24T18:57:21Z,G,13,sold,False,BFI IMAX G 13
2026-05-24T18:57:21Z,G,12,sold,False,BFI IMAX G 12
2026-05-24T18:57:21Z,G,11,sold,False,BFI IMAX G 11
2026-05-24T18:57:21Z,G,10,sold,False,BFI IMAX G 10
2026-05-24T18:57:21Z,G,9,sold,False,BFI IMAX G 9
2026-05-24T18:57:21Z,G,8,sold,False,BFI IMAX G 8
2026-05-24T18:57:21Z,G,7,sold,False,BFI IMAX G 7
2026-05-24T18:57:21Z,G,6,sold,False,BFI IMAX G 6
2026-05-24T18:57:21Z,G,5,sold,False,BFI IMAX G 5
2026-05-24T18:57:21Z,G,4,sold,False,BFI IMAX G 4
2026-05-24T18:57:21Z,G,3,sold,False,BFI IMAX G 3
2026-05-24T18:57:21Z,G,2,sold,False,BFI IMAX G 2
2026-05-24T18:57:21Z,G,1,sold,False,BFI IMAX G 1
2026-05-24T18:57:21Z,H,37,sold,False,BFI IMAX H 37
2026-05-24T18:57:21Z,H,36,sold,False,BFI IMAX H 36
2026-05-24T18:57:21Z,H,35,sold,False,BFI IMAX H 35
2026-05-24T18:57:21Z,H,34,sold,False,BFI IMAX H 34
2026-05-24T18:57:21Z,H,33,sold,False,BFI IMAX H 33
2026-05-24T18:57:21Z,H,32,sold,False,BFI IMAX H 32
2026-05-24T18:57:21Z,H,31,sold,False,BFI IMAX H 31
2026-05-24T18:57:21Z,H,30,sold,False,BFI IMAX H 30
2026-05-24T18:57:21Z,H,29,sold,False,BFI IMAX H 29
2026-05-24T18:57:21Z,H,28,sold,False,BFI IMAX H 28
2026-05-24T18:57:21Z,H,27,sold,False,BFI IMAX H 27
2026-05-24T18:57:21Z,H,26,sold,False,BFI IMAX H 26
2026-05-24T18:57:21Z,H,25,sold,False,BFI IMAX H 25
2026-05-24T18:57:21Z,H,24,sold,False,BFI IMAX H 24
2026-05-24T18:57:21Z,H,23,sold,False,BFI IMAX H 23
2026-05-24T18:57:21Z,H,22,sold,False,BFI IMAX H 22
2026-05-24T18:57:21Z,H,21,sold,False,BFI IMAX H 21
2026-05-24T18:57:21Z,H,20,sold,False,BFI IMAX H 20
2026-05-24T18:57:21Z,H,19,sold,False,BFI IMAX H 19
2026-05-24T18:57:21Z,H,18,sold,False,BFI IMAX H 18
2026-05-24T18:57:21Z,H,17,sold,False,BFI IMAX H 17
2026-05-24T18:57:21Z,H,16,sold,False,BFI IMAX H 16
2026-05-24T18:57:21Z,H,15,sold,False,BFI IMAX H 15
2026-05-24T18:57:21Z,H,14,sold,False,BFI IMAX H 14
2026-05-24T18:57:21Z,H,13,sold,False,BFI IMAX H 13
2026-05-24T18:57:21Z,H,12,sold,False,BFI IMAX H 12
2026-05-24T18:57:21Z,H,11,sold,False,BFI IMAX H 11
2026-05-24T18:57:21Z,H,10,sold,False,BFI IMAX H 10
2026-05-24T18:57:21Z,H,9,sold,False,BFI IMAX H 9
2026-05-24T18:57:21Z,H,8,sold,False,BFI IMAX H 8
2026-05-24T18:57:21Z,H,7,sold,False,BFI IMAX H 7
2026-05-24T18:57:21Z,H,6,sold,False,BFI IMAX H 6
2026-05-24T18:57:21Z,H,5,sold,False,BFI IMAX H 5
2026-05-24T18:57:21Z,H,4,sold,False,BFI IMAX H 4
2026-05-24T18:57:21Z,H,3,sold,False,BFI IMAX H 3
2026-05-24T18:57:21Z,H,2,sold,False,BFI IMAX H 2
2026-05-24T18:57:21Z,H,1,sold,False,BFI IMAX H 1
2026-05-24T18:57:21Z,J,36,sold,False,BFI IMAX J 36
2026-05-24T18:57:21Z,J,35,sold,False,BFI IMAX J 35
2026-05-24T18:57:21Z,J,34,sold,False,BFI IMAX J 34
2026-05-24T18:57:21Z,J,33,sold,False,BFI IMAX J 33
2026-05-24T18:57:21Z,J,32,sold,False,BFI IMAX J 32
2026-05-24T18:57:21Z,J,31,sold,False,BFI IMAX J 31
2026-05-24T18:57:21Z,J,30,sold,False,BFI IMAX J 30
2026-05-24T18:57:21Z,J,29,sold,False,BFI IMAX J 29
2026-05-24T18:57:21Z,J,28,sold,False,BFI IMAX J 28
2026-05-24T18:57:21Z,J,27,sold,False,BFI IMAX J 27
2026-05-24T18:57:21Z,J,26,sold,False,BFI IMAX J 26
2026-05-24T18:57:21Z,J,25,sold,False,BFI IMAX J 25
2026-05-24T18:57:21Z,J,24,sold,False,BFI IMAX J 24
2026-05-24T18:57:21Z,J,23,sold,False,BFI IMAX J 23
2026-05-24T18:57:21Z,J,22,sold,False,BFI IMAX J 22
2026-05-24T18:57:21Z,J,21,sold,False,BFI IMAX J 21
2026-05-24T18:57:21Z,J,20,sold,False,BFI IMAX J 20
2026-05-24T18:57:21Z,J,19,sold,False,BFI IMAX J 19
2026-05-24T18:57:21Z,J,18,sold,False,BFI IMAX J 18
2026-05-24T18:57:21Z,J,17,sold,False,BFI IMAX J 17
2026-05-24T18:57:21Z,J,16,sold,False,BFI IMAX J 16
2026-05-24T18:57:21Z,J,15,sold,False,BFI IMAX J 15
2026-05-24T18:57:21Z,J,14,sold,False,BFI IMAX J 14
2026-05-24T18:57:21Z,J,13,sold,False,BFI IMAX J 13
2026-05-24T18:57:21Z,J,12,sold,False,BFI IMAX J 12
2026-05-24T18:57:21Z,J,11,sold,False,BFI IMAX J 11
2026-05-24T18:57:21Z,J,10,sold,False,BFI IMAX J 10
2026-05-24T18:57:21Z,J,9,sold,False,BFI IMAX J 9
2026-05-24T18:57:21Z,J,8,sold,False,BFI IMAX J 8
2026-05-24T18:57:21Z,J,7,sold,False,BFI IMAX J 7
2026-05-24T18:57:21Z,J,6,sold,False,BFI IMAX J 6
2026-05-24T18:57:21Z,J,5,sold,False,BFI IMAX J 5
2026-05-24T18:57:21Z,J,4,sold,False,BFI IMAX J 4
2026-05-24T18:57:21Z,J,3,sold,False,BFI IMAX J 3
2026-05-24T18:57:21Z,J,2,sold,False,BFI IMAX J 2
2026-05-24T18:57:21Z,J,1,sold,False,BFI IMAX J 1
2026-05-24T18:57:21Z,K,36,sold,False,BFI IMAX K 36
2026-05-24T18:57:21Z,K,35,sold,False,BFI IMAX K 35
2026-05-24T18:57:21Z,K,34,sold,False,BFI IMAX K 34
2026-05-24T18:57:21Z,K,33,sold,False,BFI IMAX K 33
2026-05-24T18:57:21Z,K,32,sold,False,BFI IMAX K 32
2026-05-24T18:57:21Z,K,31,sold,False,BFI IMAX K 31
2026-05-24T18:57:21Z,K,30,sold,False,BFI IMAX K 30
2026-05-24T18:57:21Z,K,29,sold,False,BFI IMAX K 29
2026-05-24T18:57:21Z,K,28,sold,False,BFI IMAX K 28
2026-05-24T18:57:21Z,A,13,available,False,BFI IMAX A 13
2026-05-24T18:57:21Z,A,12,available,False,BFI IMAX A 12
2026-05-24T18:57:21Z,K,25,sold,False,BFI IMAX K 25
2026-05-24T18:57:21Z,K,24,sold,False,BFI IMAX K 24
2026-05-24T18:57:21Z,K,23,sold,False,BFI IMAX K 23
2026-05-24T18:57:21Z,K,22,sold,False,BFI IMAX K 22
2026-05-24T18:57:21Z,K,21,sold,False,BFI IMAX K 21
2026-05-24T18:57:21Z,K,20,sold,False,BFI IMAX K 20
2026-05-24T18:57:21Z,K,19,sold,False,BFI IMAX K 19
2026-05-24T18:57:21Z,K,18,sold,False,BFI IMAX K 18
2026-05-24T18:57:21Z,K,17,sold,False,BFI IMAX K 17
2026-05-24T18:57:21Z,K,16,sold,False,BFI IMAX K 16
2026-05-24T18:57:21Z,K,15,sold,False,BFI IMAX K 15
2026-05-24T18:57:21Z,K,14,sold,False,BFI IMAX K 14
2026-05-24T18:57:21Z,K,13,sold,False,BFI IMAX K 13
2026-05-24T18:57:21Z,K,12,sold,False,BFI IMAX K 12
2026-05-24T18:57:21Z,K,11,sold,False,BFI IMAX K 11
2026-05-24T18:57:21Z,K,10,sold,False,BFI IMAX K 10
2026-05-24T18:57:21Z,K,9,sold,False,BFI IMAX K 9
2026-05-24T18:57:21Z,K,8,sold,False,BFI IMAX K 8
2026-05-24T18:57:21Z,K,7,sold,False,BFI IMAX K 7
2026-05-24T18:57:21Z,K,6,sold,False,BFI IMAX K 6
2026-05-24T18:57:21Z,K,5,sold,False,BFI IMAX K 5
2026-05-24T18:57:21Z,K,4,sold,False,BFI IMAX K 4
2026-05-24T18:57:21Z,K,3,sold,False,BFI IMAX K 3
2026-05-24T18:57:21Z,K,2,sold,False,BFI IMAX K 2
2026-05-24T18:57:21Z,K,1,sold,False,BFI IMAX K 1
2026-05-24T18:57:21Z,L,33,sold,False,BFI IMAX L 33
2026-05-24T18:57:21Z,L,32,sold,False,BFI IMAX L 32
2026-05-24T18:57:21Z,L,31,sold,False,BFI IMAX L 31
2026-05-24T18:57:21Z,L,30,sold,False,BFI IMAX L 30
2026-05-24T18:57:21Z,L,29,sold,False,BFI IMAX L 29
2026-05-24T18:57:21Z,L,28,sold,False,BFI IMAX L 28
2026-05-24T18:57:21Z,L,27,sold,False,BFI IMAX L 27
2026-05-24T18:57:21Z,L,26,sold,False,BFI IMAX L 26
2026-05-24T18:57:21Z,L,8,sold,False,BFI IMAX L 8
2026-05-24T18:57:21Z,L,7,sold,False,BFI IMAX L 7
2026-05-24T18:57:21Z,L,6,sold,False,BFI IMAX L 6
2026-05-24T18:57:21Z,L,5,sold,False,BFI IMAX L 5
2026-05-24T18:57:21Z,L,4,sold,False,BFI IMAX L 4
2026-05-24T18:57:21Z,L,3,sold,False,BFI IMAX L 3
2026-05-24T18:57:21Z,L,2,sold,False,BFI IMAX L 2
2026-05-24T18:57:21Z,L,1,sold,False,BFI IMAX L 1
2026-05-24T18:57:21Z,M,34,sold,False,BFI IMAX M 34
2026-05-24T18:57:21Z,M,33,sold,False,BFI IMAX M 33
2026-05-24T18:57:21Z,M,32,sold,False,BFI IMAX M 32
2026-05-24T18:57:21Z,M,31,sold,False,BFI IMAX M 31
2026-05-24T18:57:21Z,M,30,sold,False,BFI IMAX M 30
2026-05-24T18:57:21Z,M,29,sold,False,BFI IMAX M 29
2026-05-24T18:57:21Z,M,28,sold,False,BFI IMAX M 28
2026-05-24T18:57:21Z,M,27,sold,False,BFI IMAX M 27
2026-05-24T18:57:21Z,M,8,sold,False,BFI IMAX M 8
2026-05-24T18:57:21Z,M,7,sold,False,BFI IMAX M 7
2026-05-24T18:57:21Z,M,6,sold,False,BFI IMAX M 6
2026-05-24T18:57:21Z,M,5,sold,False,BFI IMAX M 5
2026-05-24T18:57:21Z,M,4,sold,False,BFI IMAX M 4
2026-05-24T18:57:21Z,M,3,sold,False,BFI IMAX M 3
2026-05-24T18:57:21Z,M,2,sold,False,BFI IMAX M 2
2026-05-24T18:57:21Z,M,1,sold,False,BFI IMAX M 1
2026-05-24T18:57:21Z,N,34,unavailable,False,BFI IMAX N 34
2026-05-24T18:57:21Z,N,33,unavailable,False,BFI IMAX N 33
2026-05-24T18:57:21Z,N,32,unavailable,False,BFI IMAX N 32
2026-05-24T18:57:21Z,N,31,unavailable,False,BFI IMAX N 31
2026-05-24T18:57:21Z,N,30,unavailable,False,BFI IMAX N 30
2026-05-24T18:57:21Z,N,29,unavailable,False,BFI IMAX N 29
2026-05-24T18:57:21Z,N,28,unavailable,False,BFI IMAX N 28
2026-05-24T18:57:21Z,N,27,unavailable,False,BFI IMAX N 27
2026-05-24T18:57:21Z,A,11,available,False,BFI IMAX A 11
2026-05-24T18:57:21Z,A,10,available,False,BFI IMAX A 10
2026-05-24T18:57:21Z,N,6,sold,False,BFI IMAX N 6
2026-05-24T18:57:21Z,N,5,sold,False,BFI IMAX N 5
2026-05-24T18:57:21Z,N,4,sold,False,BFI IMAX N 4
2026-05-24T18:57:21Z,N,3,sold,False,BFI IMAX N 3
2026-05-24T18:57:21Z,N,2,sold,False,BFI IMAX N 2
2026-05-24T18:57:21Z,N,1,sold,False,BFI IMAX N 1
2026-05-24T18:57:21Z,P,31,unavailable,False,BFI IMAX P 31
2026-05-24T18:57:21Z,A,9,available,False,BFI IMAX A 9
2026-05-24T18:57:21Z,A,8,available,False,BFI IMAX A 8
2026-05-24T18:57:21Z,P,26,unavailable,False,BFI IMAX P 26
2026-05-24T18:57:21Z,P,6,sold,False,BFI IMAX P 6
2026-05-24T18:57:21Z,A,7,available,False,BFI IMAX A 7
2026-05-24T18:57:21Z,A,6,available,False,BFI IMAX A 6
2026-05-24T18:57:21Z,P,1,unavailable,False,BFI IMAX P 1
2026-05-24T18:57:21Z,M,11,sold,False,BFI IMAX M 11
2026-05-24T18:57:21Z,M,10,sold,False,BFI IMAX M 10
2026-05-24T18:57:21Z,M,9,sold,False,BFI IMAX M 9
2026-05-24T18:57:21Z,L,9,sold,False,BFI IMAX L 9
2026-05-24T18:57:21Z,L,25,sold,False,BFI IMAX L 25
2026-05-24T18:57:21Z,L,24,sold,False,BFI IMAX L 24
2026-05-24T18:57:21Z,L,23,sold,False,BFI IMAX L 23
2026-05-24T18:57:21Z,L,22,sold,False,BFI IMAX L 22
2026-05-24T18:57:21Z,L,21,sold,False,BFI IMAX L 21
2026-05-24T18:57:21Z,L,20,sold,False,BFI IMAX L 20
2026-05-24T18:57:21Z,L,19,sold,False,BFI IMAX L 19
2026-05-24T18:57:21Z,L,18,sold,False,BFI IMAX L 18
2026-05-24T18:57:21Z,L,17,sold,False,BFI IMAX L 17
2026-05-24T18:57:21Z,L,16,sold,False,BFI IMAX L 16
2026-05-24T18:57:21Z,L,15,sold,False,BFI IMAX L 15
2026-05-24T18:57:21Z,L,14,sold,False,BFI IMAX L 14
2026-05-24T18:57:21Z,L,13,sold,False,BFI IMAX L 13
2026-05-24T18:57:21Z,L,12,sold,False,BFI IMAX L 12
2026-05-24T18:57:21Z,L,11,sold,False,BFI IMAX L 11
2026-05-24T18:57:21Z,N,26,unavailable,False,BFI IMAX N 26
2026-05-24T18:57:21Z,N,25,unavailable,False,BFI IMAX N 25
2026-05-24T18:57:21Z,N,24,unavailable,False,BFI IMAX N 24
2026-05-24T18:57:21Z,N,23,unavailable,False,BFI IMAX N 23
2026-05-24T18:57:21Z,N,22,sold,False,BFI IMAX N 22
2026-05-24T18:57:21Z,N,21,sold,False,BFI IMAX N 21
2026-05-24T18:57:21Z,N,20,sold,False,BFI IMAX N 20
2026-05-24T18:57:21Z,N,19,sold,False,BFI IMAX N 19
2026-05-24T18:57:21Z,N,18,sold,False,BFI IMAX N 18
2026-05-24T18:57:21Z,N,17,sold,False,BFI IMAX N 17
2026-05-24T18:57:21Z,N,16,sold,False,BFI IMAX N 16
2026-05-24T18:57:21Z,N,15,sold,False,BFI IMAX N 15
2026-05-24T18:57:21Z,N,14,sold,False,BFI IMAX N 14
2026-05-24T18:57:21Z,N,13,sold,False,BFI IMAX N 13
2026-05-24T18:57:21Z,N,12,unavailable,False,BFI IMAX N 12
2026-05-24T18:57:21Z,N,11,unavailable,False,BFI IMAX N 11
2026-05-24T18:57:21Z,N,10,unavailable,False,BFI IMAX N 10
2026-05-24T18:57:21Z,N,9,unavailable,False,BFI IMAX N 9
2026-05-24T18:57:21Z,L,10,sold,False,BFI IMAX L 10
2026-05-24T18:57:21Z,M,26,sold,False,BFI IMAX M 26
2026-05-24T18:57:21Z,M,25,sold,False,BFI IMAX M 25
2026-05-24T18:57:21Z,M,24,sold,False,BFI IMAX M 24
2026-05-24T18:57:21Z,M,23,sold,False,BFI IMAX M 23
2026-05-24T18:57:21Z,M,22,sold,False,BFI IMAX M 22
2026-05-24T18:57:21Z,M,21,sold,False,BFI IMAX M 21
2026-05-24T18:57:21Z,M,20,sold,False,BFI IMAX M 20
2026-05-24T18:57:21Z,M,19,sold,False,BFI IMAX M 19
2026-05-24T18:57:21Z,M,18,sold,False,BFI IMAX M 18
2026-05-24T18:57:21Z,M,17,sold,False,BFI IMAX M 17
2026-05-24T18:57:21Z,M,16,sold,False,BFI IMAX M 16
2026-05-24T18:57:21Z,M,15,sold,False,BFI IMAX M 15
2026-05-24T18:57:21Z,M,14,sold,False,BFI IMAX M 14
2026-05-24T18:57:21Z,M,13,sold,False,BFI IMAX M 13
2026-05-24T18:57:21Z,M,12,sold,False,BFI IMAX M 12
2026-05-24T18:57:21Z,P,30,unavailable,True,BFI IMAX P 30
2026-05-24T18:57:21Z,P,27,unavailable,True,BFI IMAX P 27
2026-05-24T18:57:21Z,P,2,unavailable,True,BFI IMAX P 2
2026-05-24T18:57:21Z,P,5,sold,True,BFI IMAX P 5
2026-05-24T18:57:21Z,P,19,sold,False,BFI IMAX P 19
2026-05-24T18:57:21Z,P,18,sold,False,BFI IMAX P 18
2026-05-24T18:57:21Z,P,17,sold,False,BFI IMAX P 17
2026-05-24T18:57:21Z,P,16,sold,False,BFI IMAX P 16
2026-05-24T18:57:21Z,P,15,sold,False,BFI IMAX P 15
2026-05-24T18:57:21Z,P,14,sold,False,BFI IMAX P 14
2026-05-24T18:57:21Z,P,13,sold,False,BFI IMAX P 13
2026-05-24T18:57:21Z,P,12,sold,False,BFI IMAX P 12
2026-05-24T18:57:21Z,P,11,sold,False,BFI IMAX P 11
2026-05-24T18:57:21Z,P,10,sold,False,BFI IMAX P 10
2026-05-24T18:57:21Z,P,9,sold,False,BFI IMAX P 9
2026-05-24T18:57:21Z,P,8,sold,False,BFI IMAX P 8
2026-05-24T18:57:21Z,P,7,sold,False,BFI IMAX P 7
2026-05-24T18:57:21Z,P,25,sold,False,BFI IMAX P 25
2026-05-24T18:57:21Z,P,24,sold,False,BFI IMAX P 24
2026-05-24T18:57:21Z,P,23,sold,False,BFI IMAX P 23
2026-05-24T18:57:21Z,P,22,sold,False,BFI IMAX P 22
2026-05-24T18:57:21Z,P,21,sold,False,BFI IMAX P 21
2026-05-24T18:57:21Z,P,20,sold,False,BFI IMAX P 20
2026-05-24T18:57:21Z,Q,18,sold,False,BFI IMAX Q 18
2026-05-24T18:57:21Z,Q,17,sold,False,BFI IMAX Q 17
2026-05-24T18:57:21Z,Q,16,sold,False,BFI IMAX Q 16
2026-05-24T18:57:21Z,Q,15,sold,False,BFI IMAX Q 15
2026-05-24T18:57:21Z,Q,14,sold,False,BFI IMAX Q 14
2026-05-24T18:57:21Z,Q,13,sold,False,BFI IMAX Q 13
2026-05-24T18:57:21Z,Q,12,sold,False,BFI IMAX Q 12
2026-05-24T18:57:21Z,Q,11,sold,False,BFI IMAX Q 11
2026-05-24T18:57:21Z,Q,10,sold,False,BFI IMAX Q 10
2026-05-24T18:57:21Z,Q,9,sold,False,BFI IMAX Q 9
2026-05-24T18:57:21Z,Q,8,sold,False,BFI IMAX Q 8
2026-05-24T18:57:21Z,Q,7,sold,False,BFI IMAX Q 7
2026-05-24T18:57:21Z,Q,6,sold,False,BFI IMAX Q 6
2026-05-24T18:57:21Z,Q,5,sold,False,BFI IMAX Q 5
2026-05-24T18:57:21Z,Q,4,sold,False,BFI IMAX Q 4
2026-05-24T18:57:21Z,Q,3,sold,False,BFI IMAX Q 3
2026-05-24T18:57:21Z,Q,2,sold,False,BFI IMAX Q 2
2026-05-24T18:57:21Z,Q,1,sold,False,BFI IMAX Q 1
2026-05-24T19:34:32Z,K,27,unavailable,False,BFI IMAX K 27
2026-05-24T19:34:32Z,K,26,unavailable,False,BFI IMAX K 26
2026-05-24T19:34:32Z,N,8,unavailable,False,BFI IMAX N 8
2026-05-24T19:34:32Z,N,7,unavailable,False,BFI IMAX N 7
2026-05-24T19:34:32Z,P,29,unavailable,True,BFI IMAX P 29
2026-05-24T19:34:32Z,P,28,unavailable,True,BFI IMAX P 28
2026-05-24T19:34:32Z,P,4,unavailable,True,BFI IMAX P 4
2026-05-24T19:34:32Z,P,3,unavailable,True,BFI IMAX P 3
2026-05-24T19:34:32Z,A,5,available,False,BFI IMAX A 5
2026-05-24T19:34:32Z,A,4,available,False,BFI IMAX A 4
2026-05-24T19:34:32Z,A,3,available,False,BFI IMAX A 3
2026-05-24T19:34:32Z,A,2,available,False,BFI IMAX A 2
2026-05-24T19:34:32Z,A,1,available,False,BFI IMAX A 1
2026-05-24T19:34:32Z,B,36,available,False,BFI IMAX B 36
2026-05-24T19:34:32Z,B,35,available,False,BFI IMAX B 35
2026-05-24T19:34:32Z,B,34,available,False,BFI IMAX B 34
2026-05-24T19:34:32Z,B,33,available,False,BFI IMAX B 33
2026-05-24T19:34:32Z,B,32,available,False,BFI IMAX B 32
2026-05-24T19:34:32Z,B,31,available,False,BFI IMAX B 31
2026-05-24T19:34:32Z,B,30,available,False,BFI IMAX B 30
2026-05-24T19:34:32Z,B,29,available,False,BFI IMAX B 29
2026-05-24T19:34:32Z,B,28,available,False,BFI IMAX B 28
2026-05-24T19:34:32Z,B,27,available,False,BFI IMAX B 27
2026-05-24T19:34:32Z,B,26,available,False,BFI IMAX B 26
2026-05-24T19:34:32Z,B,25,available,False,BFI IMAX B 25
2026-05-24T19:34:32Z,B,24,available,False,BFI IMAX B 24
2026-05-24T19:34:32Z,B,23,sold,False,BFI IMAX B 23
2026-05-24T19:34:32Z,B,22,sold,False,BFI IMAX B 22
2026-05-24T19:34:32Z,B,21,sold,False,BFI IMAX B 21
2026-05-24T19:34:32Z,B,20,sold,False,BFI IMAX B 20
2026-05-24T19:34:32Z,B,19,sold,False,BFI IMAX B 19
2026-05-24T19:34:32Z,B,18,sold,False,BFI IMAX B 18
2026-05-24T19:34:32Z,B,17,sold,False,BFI IMAX B 17
2026-05-24T19:34:32Z,B,16,sold,False,BFI IMAX B 16
2026-05-24T19:34:32Z,B,15,other,False,BFI IMAX B 15
2026-05-24T19:34:32Z,B,14,available,False,BFI IMAX B 14
2026-05-24T19:34:32Z,B,13,available,False,BFI IMAX B 13
2026-05-24T19:34:32Z,B,12,available,False,BFI IMAX B 12
2026-05-24T19:34:32Z,B,11,available,False,BFI IMAX B 11
2026-05-24T19:34:32Z,B,10,available,False,BFI IMAX B 10
2026-05-24T19:34:32Z,B,9,available,False,BFI IMAX B 9
2026-05-24T19:34:32Z,B,8,available,False,BFI IMAX B 8
2026-05-24T19:34:32Z,B,7,available,False,BFI IMAX B 7
2026-05-24T19:34:32Z,B,6,available,False,BFI IMAX B 6
2026-05-24T19:34:32Z,B,5,available,False,BFI IMAX B 5
2026-05-24T19:34:32Z,B,4,available,False,BFI IMAX B 4
2026-05-24T19:34:32Z,B,3,available,False,BFI IMAX B 3
2026-05-24T19:34:32Z,B,2,available,False,BFI IMAX B 2
2026-05-24T19:34:32Z,B,1,available,False,BFI IMAX B 1
2026-05-24T19:34:32Z,C,36,available,False,BFI IMAX C 36
2026-05-24T19:34:32Z,C,35,available,False,BFI IMAX C 35
2026-05-24T19:34:32Z,C,34,available,False,BFI IMAX C 34
2026-05-24T19:34:32Z,C,33,available,False,BFI IMAX C 33
2026-05-24T19:34:32Z,C,32,available,False,BFI IMAX C 32
2026-05-24T19:34:32Z,C,31,available,False,BFI IMAX C 31
2026-05-24T19:34:32Z,C,30,available,False,BFI IMAX C 30
2026-05-24T19:34:32Z,C,29,available,False,BFI IMAX C 29
2026-05-24T19:34:32Z,C,28,available,False,BFI IMAX C 28
2026-05-24T19:34:32Z,C,27,available,False,BFI IMAX C 27
2026-05-24T19:34:32Z,C,26,available,False,BFI IMAX C 26
2026-05-24T19:34:32Z,C,25,sold,False,BFI IMAX C 25
2026-05-24T19:34:32Z,C,24,sold,False,BFI IMAX C 24
2026-05-24T19:34:32Z,C,23,sold,False,BFI IMAX C 23
2026-05-24T19:34:32Z,C,22,sold,False,BFI IMAX C 22
2026-05-24T19:34:32Z,C,21,sold,False,BFI IMAX C 21
2026-05-24T19:34:32Z,C,20,sold,False,BFI IMAX C 20
2026-05-24T19:34:32Z,C,19,sold,False,BFI IMAX C 19
2026-05-24T19:34:32Z,C,18,sold,False,BFI IMAX C 18
2026-05-24T19:34:32Z,C,17,sold,False,BFI IMAX C 17
2026-05-24T19:34:32Z,C,16,sold,False,BFI IMAX C 16
2026-05-24T19:34:32Z,C,15,sold,False,BFI IMAX C 15
2026-05-24T19:34:32Z,C,14,sold,False,BFI IMAX C 14
2026-05-24T19:34:32Z,C,13,sold,False,BFI IMAX C 13
2026-05-24T19:34:32Z,C,12,sold,False,BFI IMAX C 12
2026-05-24T19:34:32Z,C,11,sold,False,BFI IMAX C 11
2026-05-24T19:34:32Z,C,10,sold,False,BFI IMAX C 10
2026-05-24T19:34:32Z,C,9,available,False,BFI IMAX C 9
2026-05-24T19:34:32Z,C,8,available,False,BFI IMAX C 8
2026-05-24T19:34:32Z,C,7,available,False,BFI IMAX C 7
2026-05-24T19:34:32Z,C,6,available,False,BFI IMAX C 6
2026-05-24T19:34:32Z,C,5,available,False,BFI IMAX C 5
2026-05-24T19:34:32Z,C,4,available,False,BFI IMAX C 4
2026-05-24T19:34:32Z,C,3,available,False,BFI IMAX C 3
2026-05-24T19:34:32Z,C,2,available,False,BFI IMAX C 2
2026-05-24T19:34:32Z,C,1,available,False,BFI IMAX C 1
2026-05-24T19:34:32Z,D,37,available,False,BFI IMAX D 37
2026-05-24T19:34:32Z,D,36,available,False,BFI IMAX D 36
2026-05-24T19:34:32Z,D,35,available,False,BFI IMAX D 35
2026-05-24T19:34:32Z,D,34,available,False,BFI IMAX D 34
2026-05-24T19:34:32Z,D,33,available,False,BFI IMAX D 33
2026-05-24T19:34:32Z,D,32,available,False,BFI IMAX D 32
2026-05-24T19:34:32Z,D,31,available,False,BFI IMAX D 31
2026-05-24T19:34:32Z,D,30,sold,False,BFI IMAX D 30
2026-05-24T19:34:32Z,D,29,sold,False,BFI IMAX D 29
2026-05-24T19:34:32Z,D,28,sold,False,BFI IMAX D 28
2026-05-24T19:34:32Z,D,27,sold,False,BFI IMAX D 27
2026-05-24T19:34:32Z,D,26,sold,False,BFI IMAX D 26
2026-05-24T19:34:32Z,D,25,sold,False,BFI IMAX D 25
2026-05-24T19:34:32Z,D,24,sold,False,BFI IMAX D 24
2026-05-24T19:34:32Z,D,23,sold,False,BFI IMAX D 23
2026-05-24T19:34:32Z,D,22,sold,False,BFI IMAX D 22
2026-05-24T19:34:32Z,D,21,sold,False,BFI IMAX D 21
2026-05-24T19:34:32Z,D,20,sold,False,BFI IMAX D 20
2026-05-24T19:34:32Z,D,19,sold,False,BFI IMAX D 19
2026-05-24T19:34:32Z,D,18,sold,False,BFI IMAX D 18
2026-05-24T19:34:32Z,D,17,sold,False,BFI IMAX D 17
2026-05-24T19:34:32Z,D,16,sold,False,BFI IMAX D 16
2026-05-24T19:34:32Z,D,15,sold,False,BFI IMAX D 15
2026-05-24T19:34:32Z,D,14,sold,False,BFI IMAX D 14
2026-05-24T19:34:32Z,D,13,sold,False,BFI IMAX D 13
2026-05-24T19:34:32Z,D,12,sold,False,BFI IMAX D 12
2026-05-24T19:34:32Z,D,11,sold,False,BFI IMAX D 11
2026-05-24T19:34:32Z,D,10,sold,False,BFI IMAX D 10
2026-05-24T19:34:32Z,D,9,sold,False,BFI IMAX D 9
2026-05-24T19:34:32Z,D,8,sold,False,BFI IMAX D 8
2026-05-24T19:34:32Z,D,7,sold,False,BFI IMAX D 7
2026-05-24T19:34:32Z,D,6,available,False,BFI IMAX D 6
2026-05-24T19:34:32Z,D,5,available,False,BFI IMAX D 5
2026-05-24T19:34:32Z,D,4,available,False,BFI IMAX D 4
2026-05-24T19:34:32Z,D,3,available,False,BFI IMAX D 3
2026-05-24T19:34:32Z,D,2,available,False,BFI IMAX D 2
2026-05-24T19:34:32Z,D,1,available,False,BFI IMAX D 1
2026-05-24T19:34:32Z,E,37,available,False,BFI IMAX E 37
2026-05-24T19:34:32Z,E,36,available,False,BFI IMAX E 36
2026-05-24T19:34:32Z,E,35,available,False,BFI IMAX E 35
2026-05-24T19:34:32Z,E,34,available,False,BFI IMAX E 34
2026-05-24T19:34:32Z,E,33,available,False,BFI IMAX E 33
2026-05-24T19:34:32Z,E,32,sold,False,BFI IMAX E 32
2026-05-24T19:34:32Z,E,31,sold,False,BFI IMAX E 31
2026-05-24T19:34:32Z,E,30,sold,False,BFI IMAX E 30
2026-05-24T19:34:32Z,E,29,sold,False,BFI IMAX E 29
2026-05-24T19:34:32Z,E,28,sold,False,BFI IMAX E 28
2026-05-24T19:34:32Z,E,27,sold,False,BFI IMAX E 27
2026-05-24T19:34:32Z,E,26,sold,False,BFI IMAX E 26
2026-05-24T19:34:32Z,E,25,sold,False,BFI IMAX E 25
2026-05-24T19:34:32Z,E,24,sold,False,BFI IMAX E 24
2026-05-24T19:34:32Z,E,23,sold,False,BFI IMAX E 23
2026-05-24T19:34:32Z,E,22,sold,False,BFI IMAX E 22
2026-05-24T19:34:32Z,E,21,sold,False,BFI IMAX E 21
2026-05-24T19:34:32Z,E,20,sold,False,BFI IMAX E 20
2026-05-24T19:34:32Z,E,19,sold,False,BFI IMAX E 19
2026-05-24T19:34:32Z,E,18,sold,False,BFI IMAX E 18
2026-05-24T19:34:32Z,E,17,sold,False,BFI IMAX E 17
2026-05-24T19:34:32Z,E,16,sold,False,BFI IMAX E 16
2026-05-24T19:34:32Z,E,15,sold,False,BFI IMAX E 15
2026-05-24T19:34:32Z,E,14,sold,False,BFI IMAX E 14
2026-05-24T19:34:32Z,E,13,sold,False,BFI IMAX E 13
2026-05-24T19:34:32Z,E,12,sold,False,BFI IMAX E 12
2026-05-24T19:34:32Z,E,11,sold,False,BFI IMAX E 11
2026-05-24T19:34:32Z,E,10,sold,False,BFI IMAX E 10
2026-05-24T19:34:32Z,E,9,sold,False,BFI IMAX E 9
2026-05-24T19:34:32Z,E,8,sold,False,BFI IMAX E 8
2026-05-24T19:34:32Z,E,7,sold,False,BFI IMAX E 7
2026-05-24T19:34:32Z,E,6,sold,False,BFI IMAX E 6
2026-05-24T19:34:32Z,E,5,sold,False,BFI IMAX E 5
2026-05-24T19:34:32Z,E,4,available,False,BFI IMAX E 4
2026-05-24T19:34:32Z,E,3,available,False,BFI IMAX E 3
2026-05-24T19:34:32Z,E,2,available,False,BFI IMAX E 2
2026-05-24T19:34:32Z,E,1,available,False,BFI IMAX E 1
2026-05-24T19:34:32Z,F,38,available,False,BFI IMAX F 38
2026-05-24T19:34:32Z,F,37,sold,False,BFI IMAX F 37
2026-05-24T19:34:32Z,F,36,sold,False,BFI IMAX F 36
2026-05-24T19:34:32Z,F,35,sold,False,BFI IMAX F 35
2026-05-24T19:34:32Z,F,34,sold,False,BFI IMAX F 34
2026-05-24T19:34:32Z,F,33,sold,False,BFI IMAX F 33
2026-05-24T19:34:32Z,F,32,sold,False,BFI IMAX F 32
2026-05-24T19:34:32Z,F,31,sold,False,BFI IMAX F 31
2026-05-24T19:34:32Z,F,30,sold,False,BFI IMAX F 30
2026-05-24T19:34:32Z,F,29,sold,False,BFI IMAX F 29
2026-05-24T19:34:32Z,F,28,sold,False,BFI IMAX F 28
2026-05-24T19:34:32Z,F,27,sold,False,BFI IMAX F 27
2026-05-24T19:34:32Z,F,26,sold,False,BFI IMAX F 26
2026-05-24T19:34:32Z,F,25,sold,False,BFI IMAX F 25
2026-05-24T19:34:32Z,F,24,sold,False,BFI IMAX F 24
2026-05-24T19:34:32Z,F,23,sold,False,BFI IMAX F 23
2026-05-24T19:34:32Z,F,22,sold,False,BFI IMAX F 22
2026-05-24T19:34:32Z,F,21,sold,False,BFI IMAX F 21
2026-05-24T19:34:32Z,F,20,sold,False,BFI IMAX F 20
2026-05-24T19:34:32Z,F,19,sold,False,BFI IMAX F 19
2026-05-24T19:34:32Z,F,18,sold,False,BFI IMAX F 18
2026-05-24T19:34:32Z,F,17,sold,False,BFI IMAX F 17
2026-05-24T19:34:32Z,F,16,sold,False,BFI IMAX F 16
2026-05-24T19:34:32Z,F,15,sold,False,BFI IMAX F 15
2026-05-24T19:34:32Z,F,14,sold,False,BFI IMAX F 14
2026-05-24T19:34:32Z,F,13,sold,False,BFI IMAX F 13
2026-05-24T19:34:32Z,F,12,sold,False,BFI IMAX F 12
2026-05-24T19:34:32Z,F,11,sold,False,BFI IMAX F 11
2026-05-24T19:34:32Z,F,10,sold,False,BFI IMAX F 10
2026-05-24T19:34:32Z,F,9,sold,False,BFI IMAX F 9
2026-05-24T19:34:32Z,F,8,sold,False,BFI IMAX F 8
2026-05-24T19:34:32Z,F,7,sold,False,BFI IMAX F 7
2026-05-24T19:34:32Z,F,6,sold,False,BFI IMAX F 6
2026-05-24T19:34:32Z,F,5,sold,False,BFI IMAX F 5
2026-05-24T19:34:32Z,F,4,sold,False,BFI IMAX F 4
2026-05-24T19:34:32Z,F,3,sold,False,BFI IMAX F 3
2026-05-24T19:34:32Z,F,2,sold,False,BFI IMAX F 2
2026-05-24T19:34:32Z,F,1,sold,False,BFI IMAX F 1
2026-05-24T19:34:32Z,G,37,sold,False,BFI IMAX G 37
2026-05-24T19:34:32Z,G,36,sold,False,BFI IMAX G 36
2026-05-24T19:34:32Z,G,35,sold,False,BFI IMAX G 35
2026-05-24T19:34:32Z,G,34,sold,False,BFI IMAX G 34
2026-05-24T19:34:32Z,G,33,sold,False,BFI IMAX G 33
2026-05-24T19:34:32Z,G,32,sold,False,BFI IMAX G 32
2026-05-24T19:34:32Z,G,31,sold,False,BFI IMAX G 31
2026-05-24T19:34:32Z,G,30,sold,False,BFI IMAX G 30
2026-05-24T19:34:32Z,G,29,sold,False,BFI IMAX G 29
2026-05-24T19:34:32Z,G,28,sold,False,BFI IMAX G 28
2026-05-24T19:34:32Z,G,27,sold,False,BFI IMAX G 27
2026-05-24T19:34:32Z,G,26,sold,False,BFI IMAX G 26
2026-05-24T19:34:32Z,G,25,sold,False,BFI IMAX G 25
2026-05-24T19:34:32Z,G,24,sold,False,BFI IMAX G 24
2026-05-24T19:34:32Z,G,23,sold,False,BFI IMAX G 23
2026-05-24T19:34:32Z,G,22,sold,False,BFI IMAX G 22
2026-05-24T19:34:32Z,G,21,sold,False,BFI IMAX G 21
2026-05-24T19:34:32Z,G,20,sold,False,BFI IMAX G 20
2026-05-24T19:34:32Z,G,19,sold,False,BFI IMAX G 19
2026-05-24T19:34:32Z,G,18,sold,False,BFI IMAX G 18
2026-05-24T19:34:32Z,G,17,sold,False,BFI IMAX G 17
2026-05-24T19:34:32Z,G,16,sold,False,BFI IMAX G 16
2026-05-24T19:34:32Z,G,15,sold,False,BFI IMAX G 15
2026-05-24T19:34:32Z,G,14,sold,False,BFI IMAX G 14
2026-05-24T19:34:32Z,G,13,sold,False,BFI IMAX G 13
2026-05-24T19:34:32Z,G,12,sold,False,BFI IMAX G 12
2026-05-24T19:34:32Z,G,11,sold,False,BFI IMAX G 11
2026-05-24T19:34:32Z,G,10,sold,False,BFI IMAX G 10
2026-05-24T19:34:32Z,G,9,sold,False,BFI IMAX G 9
2026-05-24T19:34:32Z,G,8,sold,False,BFI IMAX G 8
2026-05-24T19:34:32Z,G,7,sold,False,BFI IMAX G 7
2026-05-24T19:34:32Z,G,6,sold,False,BFI IMAX G 6
2026-05-24T19:34:32Z,G,5,sold,False,BFI IMAX G 5
2026-05-24T19:34:32Z,G,4,sold,False,BFI IMAX G 4
2026-05-24T19:34:32Z,G,3,sold,False,BFI IMAX G 3
2026-05-24T19:34:32Z,G,2,sold,False,BFI IMAX G 2
2026-05-24T19:34:32Z,G,1,sold,False,BFI IMAX G 1
2026-05-24T19:34:32Z,H,37,sold,False,BFI IMAX H 37
2026-05-24T19:34:32Z,H,36,sold,False,BFI IMAX H 36
2026-05-24T19:34:32Z,H,35,sold,False,BFI IMAX H 35
2026-05-24T19:34:32Z,H,34,sold,False,BFI IMAX H 34
2026-05-24T19:34:32Z,H,33,sold,False,BFI IMAX H 33
2026-05-24T19:34:32Z,H,32,sold,False,BFI IMAX H 32
2026-05-24T19:34:32Z,H,31,sold,False,BFI IMAX H 31
2026-05-24T19:34:32Z,H,30,sold,False,BFI IMAX H 30
2026-05-24T19:34:32Z,H,29,sold,False,BFI IMAX H 29
2026-05-24T19:34:32Z,H,28,sold,False,BFI IMAX H 28
2026-05-24T19:34:32Z,H,27,sold,False,BFI IMAX H 27
2026-05-24T19:34:32Z,H,26,sold,False,BFI IMAX H 26
2026-05-24T19:34:32Z,H,25,sold,False,BFI IMAX H 25
2026-05-24T19:34:32Z,H,24,sold,False,BFI IMAX H 24
2026-05-24T19:34:32Z,H,23,sold,False,BFI IMAX H 23
2026-05-24T19:34:32Z,H,22,sold,False,BFI IMAX H 22
2026-05-24T19:34:32Z,H,21,sold,False,BFI IMAX H 21
2026-05-24T19:34:32Z,H,20,sold,False,BFI IMAX H 20
2026-05-24T19:34:32Z,H,19,sold,False,BFI IMAX H 19
2026-05-24T19:34:32Z,H,18,sold,False,BFI IMAX H 18
2026-05-24T19:34:32Z,H,17,sold,False,BFI IMAX H 17
2026-05-24T19:34:32Z,H,16,sold,False,BFI IMAX H 16
2026-05-24T19:34:32Z,H,15,sold,False,BFI IMAX H 15
2026-05-24T19:34:32Z,H,14,sold,False,BFI IMAX H 14
2026-05-24T19:34:32Z,H,13,sold,False,BFI IMAX H 13
2026-05-24T19:34:32Z,H,12,sold,False,BFI IMAX H 12
2026-05-24T19:34:32Z,H,11,sold,False,BFI IMAX H 11
2026-05-24T19:34:32Z,H,10,sold,False,BFI IMAX H 10
2026-05-24T19:34:32Z,H,9,sold,False,BFI IMAX H 9
2026-05-24T19:34:32Z,H,8,sold,False,BFI IMAX H 8
2026-05-24T19:34:32Z,H,7,sold,False,BFI IMAX H 7
2026-05-24T19:34:32Z,H,6,sold,False,BFI IMAX H 6
2026-05-24T19:34:32Z,H,5,sold,False,BFI IMAX H 5
2026-05-24T19:34:32Z,H,4,sold,False,BFI IMAX H 4
2026-05-24T19:34:32Z,H,3,sold,False,BFI IMAX H 3
2026-05-24T19:34:32Z,H,2,sold,False,BFI IMAX H 2
2026-05-24T19:34:32Z,H,1,sold,False,BFI IMAX H 1
2026-05-24T19:34:32Z,J,36,sold,False,BFI IMAX J 36
2026-05-24T19:34:32Z,J,35,sold,False,BFI IMAX J 35
2026-05-24T19:34:32Z,J,34,sold,False,BFI IMAX J 34
2026-05-24T19:34:32Z,J,33,sold,False,BFI IMAX J 33
2026-05-24T19:34:32Z,J,32,sold,False,BFI IMAX J 32
2026-05-24T19:34:32Z,J,31,sold,False,BFI IMAX J 31
2026-05-24T19:34:32Z,J,30,sold,False,BFI IMAX J 30
2026-05-24T19:34:32Z,J,29,sold,False,BFI IMAX J 29
2026-05-24T19:34:32Z,J,28,sold,False,BFI IMAX J 28
2026-05-24T19:34:32Z,J,27,sold,False,BFI IMAX J 27
2026-05-24T19:34:32Z,J,26,sold,False,BFI IMAX J 26
2026-05-24T19:34:32Z,J,25,sold,False,BFI IMAX J 25
2026-05-24T19:34:32Z,J,24,sold,False,BFI IMAX J 24
2026-05-24T19:34:32Z,J,23,sold,False,BFI IMAX J 23
2026-05-24T19:34:32Z,J,22,sold,False,BFI IMAX J 22
2026-05-24T19:34:32Z,J,21,sold,False,BFI IMAX J 21
2026-05-24T19:34:32Z,J,20,sold,False,BFI IMAX J 20
2026-05-24T19:34:32Z,J,19,sold,False,BFI IMAX J 19
2026-05-24T19:34:32Z,J,18,sold,False,BFI IMAX J 18
2026-05-24T19:34:32Z,J,17,sold,False,BFI IMAX J 17
2026-05-24T19:34:32Z,J,16,sold,False,BFI IMAX J 16
2026-05-24T19:34:32Z,J,15,sold,False,BFI IMAX J 15
2026-05-24T19:34:32Z,J,14,sold,False,BFI IMAX J 14
2026-05-24T19:34:32Z,J,13,sold,False,BFI IMAX J 13
2026-05-24T19:34:32Z,J,12,sold,False,BFI IMAX J 12
2026-05-24T19:34:32Z,J,11,sold,False,BFI IMAX J 11
2026-05-24T19:34:32Z,J,10,sold,False,BFI IMAX J 10
2026-05-24T19:34:32Z,J,9,sold,False,BFI IMAX J 9
2026-05-24T19:34:32Z,J,8,sold,False,BFI IMAX J 8
2026-05-24T19:34:32Z,J,7,sold,False,BFI IMAX J 7
2026-05-24T19:34:32Z,J,6,sold,False,BFI IMAX J 6
2026-05-24T19:34:32Z,J,5,sold,False,BFI IMAX J 5
2026-05-24T19:34:32Z,J,4,sold,False,BFI IMAX J 4
2026-05-24T19:34:32Z,J,3,sold,False,BFI IMAX J 3
2026-05-24T19:34:32Z,J,2,sold,False,BFI IMAX J 2
2026-05-24T19:34:32Z,J,1,sold,False,BFI IMAX J 1
2026-05-24T19:34:32Z,K,36,sold,False,BFI IMAX K 36
2026-05-24T19:34:32Z,K,35,sold,False,BFI IMAX K 35
2026-05-24T19:34:32Z,K,34,sold,False,BFI IMAX K 34
2026-05-24T19:34:32Z,K,33,sold,False,BFI IMAX K 33
2026-05-24T19:34:32Z,K,32,sold,False,BFI IMAX K 32
2026-05-24T19:34:32Z,K,31,sold,False,BFI IMAX K 31
2026-05-24T19:34:32Z,K,30,sold,False,BFI IMAX K 30
2026-05-24T19:34:32Z,K,29,sold,False,BFI IMAX K 29
2026-05-24T19:34:32Z,K,28,sold,False,BFI IMAX K 28
2026-05-24T19:34:32Z,A,13,available,False,BFI IMAX A 13
2026-05-24T19:34:32Z,A,12,available,False,BFI IMAX A 12
2026-05-24T19:34:32Z,K,25,sold,False,BFI IMAX K 25
2026-05-24T19:34:32Z,K,24,sold,False,BFI IMAX K 24
2026-05-24T19:34:32Z,K,23,sold,False,BFI IMAX K 23
2026-05-24T19:34:32Z,K,22,sold,False,BFI IMAX K 22
2026-05-24T19:34:32Z,K,21,sold,False,BFI IMAX K 21
2026-05-24T19:34:32Z,K,20,sold,False,BFI IMAX K 20
2026-05-24T19:34:32Z,K,19,sold,False,BFI IMAX K 19
2026-05-24T19:34:32Z,K,18,sold,False,BFI IMAX K 18
2026-05-24T19:34:32Z,K,17,sold,False,BFI IMAX K 17
2026-05-24T19:34:32Z,K,16,sold,False,BFI IMAX K 16
2026-05-24T19:34:32Z,K,15,sold,False,BFI IMAX K 15
2026-05-24T19:34:32Z,K,14,sold,False,BFI IMAX K 14
2026-05-24T19:34:32Z,K,13,sold,False,BFI IMAX K 13
2026-05-24T19:34:32Z,K,12,sold,False,BFI IMAX K 12
2026-05-24T19:34:32Z,K,11,sold,False,BFI IMAX K 11
2026-05-24T19:34:32Z,K,10,sold,False,BFI IMAX K 10
2026-05-24T19:34:32Z,K,9,sold,False,BFI IMAX K 9
2026-05-24T19:34:32Z,K,8,sold,False,BFI IMAX K 8
2026-05-24T19:34:32Z,K,7,sold,False,BFI IMAX K 7
2026-05-24T19:34:32Z,K,6,sold,False,BFI IMAX K 6
2026-05-24T19:34:32Z,K,5,sold,False,BFI IMAX K 5
2026-05-24T19:34:32Z,K,4,sold,False,BFI IMAX K 4
2026-05-24T19:34:32Z,K,3,sold,False,BFI IMAX K 3
2026-05-24T19:34:32Z,K,2,sold,False,BFI IMAX K 2
2026-05-24T19:34:32Z,K,1,sold,False,BFI IMAX K 1
2026-05-24T19:34:32Z,L,33,sold,False,BFI IMAX L 33
2026-05-24T19:34:32Z,L,32,sold,False,BFI IMAX L 32
2026-05-24T19:34:32Z,L,31,sold,False,BFI IMAX L 31
2026-05-24T19:34:32Z,L,30,sold,False,BFI IMAX L 30
2026-05-24T19:34:32Z,L,29,sold,False,BFI IMAX L 29
2026-05-24T19:34:32Z,L,28,sold,False,BFI IMAX L 28
2026-05-24T19:34:32Z,L,27,sold,False,BFI IMAX L 27
2026-05-24T19:34:32Z,L,26,sold,False,BFI IMAX L 26
2026-05-24T19:34:32Z,L,8,sold,False,BFI IMAX L 8
2026-05-24T19:34:32Z,L,7,sold,False,BFI IMAX L 7
2026-05-24T19:34:32Z,L,6,sold,False,BFI IMAX L 6
2026-05-24T19:34:32Z,L,5,sold,False,BFI IMAX L 5
2026-05-24T19:34:32Z,L,4,sold,False,BFI IMAX L 4
2026-05-24T19:34:32Z,L,3,sold,False,BFI IMAX L 3
2026-05-24T19:34:32Z,L,2,sold,False,BFI IMAX L 2
2026-05-24T19:34:32Z,L,1,sold,False,BFI IMAX L 1
2026-05-24T19:34:32Z,M,34,sold,False,BFI IMAX M 34
2026-05-24T19:34:32Z,M,33,sold,False,BFI IMAX M 33
2026-05-24T19:34:32Z,M,32,sold,False,BFI IMAX M 32
2026-05-24T19:34:32Z,M,31,sold,False,BFI IMAX M 31
2026-05-24T19:34:32Z,M,30,sold,False,BFI IMAX M 30
2026-05-24T19:34:32Z,M,29,sold,False,BFI IMAX M 29
2026-05-24T19:34:32Z,M,28,sold,False,BFI IMAX M 28
2026-05-24T19:34:32Z,M,27,sold,False,BFI IMAX M 27
2026-05-24T19:34:32Z,M,8,sold,False,BFI IMAX M 8
2026-05-24T19:34:32Z,M,7,sold,False,BFI IMAX M 7
2026-05-24T19:34:32Z,M,6,sold,False,BFI IMAX M 6
2026-05-24T19:34:32Z,M,5,sold,False,BFI IMAX M 5
2026-05-24T19:34:32Z,M,4,sold,False,BFI IMAX M 4
2026-05-24T19:34:32Z,M,3,sold,False,BFI IMAX M 3
2026-05-24T19:34:32Z,M,2,sold,False,BFI IMAX M 2
2026-05-24T19:34:32Z,M,1,sold,False,BFI IMAX M 1
2026-05-24T19:34:32Z,N,34,unavailable,False,BFI IMAX N 34
2026-05-24T19:34:32Z,N,33,unavailable,False,BFI IMAX N 33
2026-05-24T19:34:32Z,N,32,unavailable,False,BFI IMAX N 32
2026-05-24T19:34:32Z,N,31,unavailable,False,BFI IMAX N 31
2026-05-24T19:34:32Z,N,30,unavailable,False,BFI IMAX N 30
2026-05-24T19:34:32Z,N,29,unavailable,False,BFI IMAX N 29
2026-05-24T19:34:32Z,N,28,unavailable,False,BFI IMAX N 28
2026-05-24T19:34:32Z,N,27,unavailable,False,BFI IMAX N 27
2026-05-24T19:34:32Z,A,11,available,False,BFI IMAX A 11
2026-05-24T19:34:32Z,A,10,available,False,BFI IMAX A 10
2026-05-24T19:34:32Z,N,6,sold,False,BFI IMAX N 6
2026-05-24T19:34:32Z,N,5,sold,False,BFI IMAX N 5
2026-05-24T19:34:32Z,N,4,sold,False,BFI IMAX N 4
2026-05-24T19:34:32Z,N,3,sold,False,BFI IMAX N 3
2026-05-24T19:34:32Z,N,2,sold,False,BFI IMAX N 2
2026-05-24T19:34:32Z,N,1,sold,False,BFI IMAX N 1
2026-05-24T19:34:32Z,P,31,unavailable,False,BFI IMAX P 31
2026-05-24T19:34:32Z,A,9,available,False,BFI IMAX A 9
2026-05-24T19:34:32Z,A,8,available,False,BFI IMAX A 8
2026-05-24T19:34:32Z,P,26,unavailable,False,BFI IMAX P 26
2026-05-24T19:34:32Z,P,6,sold,False,BFI IMAX P 6
2026-05-24T19:34:32Z,A,7,available,False,BFI IMAX A 7
2026-05-24T19:34:32Z,A,6,available,False,BFI IMAX A 6
2026-05-24T19:34:32Z,P,1,unavailable,False,BFI IMAX P 1
2026-05-24T19:34:32Z,M,11,sold,False,BFI IMAX M 11
2026-05-24T19:34:32Z,M,10,sold,False,BFI IMAX M 10
2026-05-24T19:34:32Z,M,9,sold,False,BFI IMAX M 9
2026-05-24T19:34:32Z,L,9,sold,False,BFI IMAX L 9
2026-05-24T19:34:32Z,L,25,sold,False,BFI IMAX L 25
2026-05-24T19:34:32Z,L,24,sold,False,BFI IMAX L 24
2026-05-24T19:34:32Z,L,23,sold,False,BFI IMAX L 23
2026-05-24T19:34:32Z,L,22,sold,False,BFI IMAX L 22
2026-05-24T19:34:32Z,L,21,sold,False,BFI IMAX L 21
2026-05-24T19:34:32Z,L,20,sold,False,BFI IMAX L 20
2026-05-24T19:34:32Z,L,19,sold,False,BFI IMAX L 19
2026-05-24T19:34:32Z,L,18,sold,False,BFI IMAX L 18
2026-05-24T19:34:32Z,L,17,sold,False,BFI IMAX L 17
2026-05-24T19:34:32Z,L,16,sold,False,BFI IMAX L 16
2026-05-24T19:34:32Z,L,15,sold,False,BFI IMAX L 15
2026-05-24T19:34:32Z,L,14,sold,False,BFI IMAX L 14
2026-05-24T19:34:32Z,L,13,sold,False,BFI IMAX L 13
2026-05-24T19:34:32Z,L,12,sold,False,BFI IMAX L 12
2026-05-24T19:34:32Z,L,11,sold,False,BFI IMAX L 11
2026-05-24T19:34:32Z,N,26,unavailable,False,BFI IMAX N 26
2026-05-24T19:34:32Z,N,25,unavailable,False,BFI IMAX N 25
2026-05-24T19:34:32Z,N,24,unavailable,False,BFI IMAX N 24
2026-05-24T19:34:32Z,N,23,unavailable,False,BFI IMAX N 23
2026-05-24T19:34:32Z,N,22,sold,False,BFI IMAX N 22
2026-05-24T19:34:32Z,N,21,sold,False,BFI IMAX N 21
2026-05-24T19:34:32Z,N,20,sold,False,BFI IMAX N 20
2026-05-24T19:34:32Z,N,19,sold,False,BFI IMAX N 19
2026-05-24T19:34:32Z,N,18,sold,False,BFI IMAX N 18
2026-05-24T19:34:32Z,N,17,sold,False,BFI IMAX N 17
2026-05-24T19:34:32Z,N,16,sold,False,BFI IMAX N 16
2026-05-24T19:34:32Z,N,15,sold,False,BFI IMAX N 15
2026-05-24T19:34:32Z,N,14,sold,False,BFI IMAX N 14
2026-05-24T19:34:32Z,N,13,sold,False,BFI IMAX N 13
2026-05-24T19:34:32Z,N,12,unavailable,False,BFI IMAX N 12
2026-05-24T19:34:32Z,N,11,unavailable,False,BFI IMAX N 11
2026-05-24T19:34:32Z,N,10,unavailable,False,BFI IMAX N 10
2026-05-24T19:34:32Z,N,9,unavailable,False,BFI IMAX N 9
2026-05-24T19:34:32Z,L,10,sold,False,BFI IMAX L 10
2026-05-24T19:34:32Z,M,26,sold,False,BFI IMAX M 26
2026-05-24T19:34:32Z,M,25,sold,False,BFI IMAX M 25
2026-05-24T19:34:32Z,M,24,sold,False,BFI IMAX M 24
2026-05-24T19:34:32Z,M,23,sold,False,BFI IMAX M 23
2026-05-24T19:34:32Z,M,22,sold,False,BFI IMAX M 22
2026-05-24T19:34:32Z,M,21,sold,False,BFI IMAX M 21
2026-05-24T19:34:32Z,M,20,sold,False,BFI IMAX M 20
2026-05-24T19:34:32Z,M,19,sold,False,BFI IMAX M 19
2026-05-24T19:34:32Z,M,18,sold,False,BFI IMAX M 18
2026-05-24T19:34:32Z,M,17,sold,False,BFI IMAX M 17
2026-05-24T19:34:32Z,M,16,sold,False,BFI IMAX M 16
2026-05-24T19:34:32Z,M,15,sold,False,BFI IMAX M 15
2026-05-24T19:34:32Z,M,14,sold,False,BFI IMAX M 14
2026-05-24T19:34:32Z,M,13,sold,False,BFI IMAX M 13
2026-05-24T19:34:32Z,M,12,sold,False,BFI IMAX M 12
2026-05-24T19:34:32Z,P,30,unavailable,True,BFI IMAX P 30
2026-05-24T19:34:32Z,P,27,unavailable,True,BFI IMAX P 27
2026-05-24T19:34:32Z,P,2,unavailable,True,BFI IMAX P 2
2026-05-24T19:34:32Z,P,5,sold,True,BFI IMAX P 5
2026-05-24T19:34:32Z,P,19,sold,False,BFI IMAX P 19
2026-05-24T19:34:32Z,P,18,sold,False,BFI IMAX P 18
2026-05-24T19:34:32Z,P,17,sold,False,BFI IMAX P 17
2026-05-24T19:34:32Z,P,16,sold,False,BFI IMAX P 16
2026-05-24T19:34:32Z,P,15,sold,False,BFI IMAX P 15
2026-05-24T19:34:32Z,P,14,sold,False,BFI IMAX P 14
2026-05-24T19:34:32Z,P,13,sold,False,BFI IMAX P 13
2026-05-24T19:34:32Z,P,12,sold,False,BFI IMAX P 12
2026-05-24T19:34:32Z,P,11,sold,False,BFI IMAX P 11
2026-05-24T19:34:32Z,P,10,sold,False,BFI IMAX P 10
2026-05-24T19:34:32Z,P,9,sold,False,BFI IMAX P 9
2026-05-24T19:34:32Z,P,8,sold,False,BFI IMAX P 8
2026-05-24T19:34:32Z,P,7,sold,False,BFI IMAX P 7
2026-05-24T19:34:32Z,P,25,sold,False,BFI IMAX P 25
2026-05-24T19:34:32Z,P,24,sold,False,BFI IMAX P 24
2026-05-24T19:34:32Z,P,23,sold,False,BFI IMAX P 23
2026-05-24T19:34:32Z,P,22,sold,False,BFI IMAX P 22
2026-05-24T19:34:32Z,P,21,sold,False,BFI IMAX P 21
2026-05-24T19:34:32Z,P,20,sold,False,BFI IMAX P 20
2026-05-24T19:34:32Z,Q,18,sold,False,BFI IMAX Q 18
2026-05-24T19:34:32Z,Q,17,sold,False,BFI IMAX Q 17
2026-05-24T19:34:32Z,Q,16,sold,False,BFI IMAX Q 16
2026-05-24T19:34:32Z,Q,15,sold,False,BFI IMAX Q 15
2026-05-24T19:34:32Z,Q,14,sold,False,BFI IMAX Q 14
2026-05-24T19:34:32Z,Q,13,sold,False,BFI IMAX Q 13
2026-05-24T19:34:32Z,Q,12,sold,False,BFI IMAX Q 12
2026-05-24T19:34:32Z,Q,11,sold,False,BFI IMAX Q 11
2026-05-24T19:34:32Z,Q,10,sold,False,BFI IMAX Q 10
2026-05-24T19:34:32Z,Q,9,sold,False,BFI IMAX Q 9
2026-05-24T19:34:32Z,Q,8,sold,False,BFI IMAX Q 8
2026-05-24T19:34:32Z,Q,7,sold,False,BFI IMAX Q 7
2026-05-24T19:34:32Z,Q,6,sold,False,BFI IMAX Q 6
2026-05-24T19:34:32Z,Q,5,sold,False,BFI IMAX Q 5
2026-05-24T19:34:32Z,Q,4,sold,False,BFI IMAX Q 4
2026-05-24T19:34:32Z,Q,3,sold,False,BFI IMAX Q 3
2026-05-24T19:34:32Z,Q,2,sold,False,BFI IMAX Q 2
2026-05-24T19:34:32Z,Q,1,sold,False,BFI IMAX Q 1
2026-05-24T20:00:15Z,K,27,unavailable,False,BFI IMAX K 27
2026-05-24T20:00:15Z,K,26,unavailable,False,BFI IMAX K 26
2026-05-24T20:00:15Z,N,8,unavailable,False,BFI IMAX N 8
2026-05-24T20:00:15Z,N,7,unavailable,False,BFI IMAX N 7
2026-05-24T20:00:15Z,P,29,unavailable,True,BFI IMAX P 29
2026-05-24T20:00:15Z,P,28,unavailable,True,BFI IMAX P 28
2026-05-24T20:00:15Z,P,4,unavailable,True,BFI IMAX P 4
2026-05-24T20:00:15Z,P,3,unavailable,True,BFI IMAX P 3
2026-05-24T20:00:15Z,A,5,available,False,BFI IMAX A 5
2026-05-24T20:00:15Z,A,4,available,False,BFI IMAX A 4
2026-05-24T20:00:15Z,A,3,available,False,BFI IMAX A 3
2026-05-24T20:00:15Z,A,2,available,False,BFI IMAX A 2
2026-05-24T20:00:15Z,A,1,available,False,BFI IMAX A 1
2026-05-24T20:00:15Z,B,36,available,False,BFI IMAX B 36
2026-05-24T20:00:15Z,B,35,available,False,BFI IMAX B 35
2026-05-24T20:00:15Z,B,34,available,False,BFI IMAX B 34
2026-05-24T20:00:15Z,B,33,available,False,BFI IMAX B 33
2026-05-24T20:00:15Z,B,32,available,False,BFI IMAX B 32
2026-05-24T20:00:15Z,B,31,available,False,BFI IMAX B 31
2026-05-24T20:00:15Z,B,30,available,False,BFI IMAX B 30
2026-05-24T20:00:15Z,B,29,available,False,BFI IMAX B 29
2026-05-24T20:00:15Z,B,28,available,False,BFI IMAX B 28
2026-05-24T20:00:15Z,B,27,available,False,BFI IMAX B 27
2026-05-24T20:00:15Z,B,26,available,False,BFI IMAX B 26
2026-05-24T20:00:15Z,B,25,available,False,BFI IMAX B 25
2026-05-24T20:00:15Z,B,24,available,False,BFI IMAX B 24
2026-05-24T20:00:15Z,B,23,sold,False,BFI IMAX B 23
2026-05-24T20:00:15Z,B,22,sold,False,BFI IMAX B 22
2026-05-24T20:00:15Z,B,21,sold,False,BFI IMAX B 21
2026-05-24T20:00:15Z,B,20,sold,False,BFI IMAX B 20
2026-05-24T20:00:15Z,B,19,sold,False,BFI IMAX B 19
2026-05-24T20:00:15Z,B,18,sold,False,BFI IMAX B 18
2026-05-24T20:00:15Z,B,17,sold,False,BFI IMAX B 17
2026-05-24T20:00:15Z,B,16,sold,False,BFI IMAX B 16
2026-05-24T20:00:15Z,B,15,available,False,BFI IMAX B 15
2026-05-24T20:00:15Z,B,14,available,False,BFI IMAX B 14
2026-05-24T20:00:15Z,B,13,available,False,BFI IMAX B 13
2026-05-24T20:00:15Z,B,12,available,False,BFI IMAX B 12
2026-05-24T20:00:15Z,B,11,available,False,BFI IMAX B 11
2026-05-24T20:00:15Z,B,10,available,False,BFI IMAX B 10
2026-05-24T20:00:15Z,B,9,available,False,BFI IMAX B 9
2026-05-24T20:00:15Z,B,8,available,False,BFI IMAX B 8
2026-05-24T20:00:15Z,B,7,available,False,BFI IMAX B 7
2026-05-24T20:00:15Z,B,6,available,False,BFI IMAX B 6
2026-05-24T20:00:15Z,B,5,available,False,BFI IMAX B 5
2026-05-24T20:00:15Z,B,4,available,False,BFI IMAX B 4
2026-05-24T20:00:15Z,B,3,available,False,BFI IMAX B 3
2026-05-24T20:00:15Z,B,2,available,False,BFI IMAX B 2
2026-05-24T20:00:15Z,B,1,available,False,BFI IMAX B 1
2026-05-24T20:00:15Z,C,36,available,False,BFI IMAX C 36
2026-05-24T20:00:15Z,C,35,available,False,BFI IMAX C 35
2026-05-24T20:00:15Z,C,34,available,False,BFI IMAX C 34
2026-05-24T20:00:15Z,C,33,available,False,BFI IMAX C 33
2026-05-24T20:00:15Z,C,32,available,False,BFI IMAX C 32
2026-05-24T20:00:15Z,C,31,available,False,BFI IMAX C 31
2026-05-24T20:00:15Z,C,30,available,False,BFI IMAX C 30
2026-05-24T20:00:15Z,C,29,available,False,BFI IMAX C 29
2026-05-24T20:00:15Z,C,28,available,False,BFI IMAX C 28
2026-05-24T20:00:15Z,C,27,available,False,BFI IMAX C 27
2026-05-24T20:00:15Z,C,26,available,False,BFI IMAX C 26
2026-05-24T20:00:15Z,C,25,sold,False,BFI IMAX C 25
2026-05-24T20:00:15Z,C,24,sold,False,BFI IMAX C 24
2026-05-24T20:00:15Z,C,23,sold,False,BFI IMAX C 23
2026-05-24T20:00:15Z,C,22,sold,False,BFI IMAX C 22
2026-05-24T20:00:15Z,C,21,sold,False,BFI IMAX C 21
2026-05-24T20:00:15Z,C,20,sold,False,BFI IMAX C 20
2026-05-24T20:00:15Z,C,19,sold,False,BFI IMAX C 19
2026-05-24T20:00:15Z,C,18,sold,False,BFI IMAX C 18
2026-05-24T20:00:15Z,C,17,sold,False,BFI IMAX C 17
2026-05-24T20:00:15Z,C,16,sold,False,BFI IMAX C 16
2026-05-24T20:00:15Z,C,15,sold,False,BFI IMAX C 15
2026-05-24T20:00:15Z,C,14,sold,False,BFI IMAX C 14
2026-05-24T20:00:15Z,C,13,sold,False,BFI IMAX C 13
2026-05-24T20:00:15Z,C,12,sold,False,BFI IMAX C 12
2026-05-24T20:00:15Z,C,11,sold,False,BFI IMAX C 11
2026-05-24T20:00:15Z,C,10,sold,False,BFI IMAX C 10
2026-05-24T20:00:15Z,C,9,available,False,BFI IMAX C 9
2026-05-24T20:00:15Z,C,8,available,False,BFI IMAX C 8
2026-05-24T20:00:15Z,C,7,available,False,BFI IMAX C 7
2026-05-24T20:00:15Z,C,6,available,False,BFI IMAX C 6
2026-05-24T20:00:15Z,C,5,available,False,BFI IMAX C 5
2026-05-24T20:00:15Z,C,4,available,False,BFI IMAX C 4
2026-05-24T20:00:15Z,C,3,available,False,BFI IMAX C 3
2026-05-24T20:00:15Z,C,2,available,False,BFI IMAX C 2
2026-05-24T20:00:15Z,C,1,available,False,BFI IMAX C 1
2026-05-24T20:00:15Z,D,37,available,False,BFI IMAX D 37
2026-05-24T20:00:15Z,D,36,available,False,BFI IMAX D 36
2026-05-24T20:00:15Z,D,35,available,False,BFI IMAX D 35
2026-05-24T20:00:15Z,D,34,available,False,BFI IMAX D 34
2026-05-24T20:00:15Z,D,33,available,False,BFI IMAX D 33
2026-05-24T20:00:15Z,D,32,available,False,BFI IMAX D 32
2026-05-24T20:00:15Z,D,31,available,False,BFI IMAX D 31
2026-05-24T20:00:15Z,D,30,sold,False,BFI IMAX D 30
2026-05-24T20:00:15Z,D,29,sold,False,BFI IMAX D 29
2026-05-24T20:00:15Z,D,28,sold,False,BFI IMAX D 28
2026-05-24T20:00:15Z,D,27,sold,False,BFI IMAX D 27
2026-05-24T20:00:15Z,D,26,sold,False,BFI IMAX D 26
2026-05-24T20:00:15Z,D,25,sold,False,BFI IMAX D 25
2026-05-24T20:00:15Z,D,24,sold,False,BFI IMAX D 24
2026-05-24T20:00:15Z,D,23,sold,False,BFI IMAX D 23
2026-05-24T20:00:15Z,D,22,sold,False,BFI IMAX D 22
2026-05-24T20:00:15Z,D,21,sold,False,BFI IMAX D 21
2026-05-24T20:00:15Z,D,20,sold,False,BFI IMAX D 20
2026-05-24T20:00:15Z,D,19,sold,False,BFI IMAX D 19
2026-05-24T20:00:15Z,D,18,sold,False,BFI IMAX D 18
2026-05-24T20:00:15Z,D,17,sold,False,BFI IMAX D 17
2026-05-24T20:00:15Z,D,16,sold,False,BFI IMAX D 16
2026-05-24T20:00:15Z,D,15,sold,False,BFI IMAX D 15
2026-05-24T20:00:15Z,D,14,sold,False,BFI IMAX D 14
2026-05-24T20:00:15Z,D,13,sold,False,BFI IMAX D 13
2026-05-24T20:00:15Z,D,12,sold,False,BFI IMAX D 12
2026-05-24T20:00:15Z,D,11,sold,False,BFI IMAX D 11
2026-05-24T20:00:15Z,D,10,sold,False,BFI IMAX D 10
2026-05-24T20:00:15Z,D,9,sold,False,BFI IMAX D 9
2026-05-24T20:00:15Z,D,8,sold,False,BFI IMAX D 8
2026-05-24T20:00:15Z,D,7,sold,False,BFI IMAX D 7
2026-05-24T20:00:15Z,D,6,available,False,BFI IMAX D 6
2026-05-24T20:00:15Z,D,5,available,False,BFI IMAX D 5
2026-05-24T20:00:15Z,D,4,available,False,BFI IMAX D 4
2026-05-24T20:00:15Z,D,3,available,False,BFI IMAX D 3
2026-05-24T20:00:15Z,D,2,available,False,BFI IMAX D 2
2026-05-24T20:00:15Z,D,1,available,False,BFI IMAX D 1
2026-05-24T20:00:15Z,E,37,available,False,BFI IMAX E 37
2026-05-24T20:00:15Z,E,36,available,False,BFI IMAX E 36
2026-05-24T20:00:15Z,E,35,available,False,BFI IMAX E 35
2026-05-24T20:00:15Z,E,34,available,False,BFI IMAX E 34
2026-05-24T20:00:15Z,E,33,available,False,BFI IMAX E 33
2026-05-24T20:00:15Z,E,32,sold,False,BFI IMAX E 32
2026-05-24T20:00:15Z,E,31,sold,False,BFI IMAX E 31
2026-05-24T20:00:15Z,E,30,sold,False,BFI IMAX E 30
2026-05-24T20:00:15Z,E,29,sold,False,BFI IMAX E 29
2026-05-24T20:00:15Z,E,28,sold,False,BFI IMAX E 28
2026-05-24T20:00:15Z,E,27,sold,False,BFI IMAX E 27
2026-05-24T20:00:15Z,E,26,sold,False,BFI IMAX E 26
2026-05-24T20:00:15Z,E,25,sold,False,BFI IMAX E 25
2026-05-24T20:00:15Z,E,24,sold,False,BFI IMAX E 24
2026-05-24T20:00:15Z,E,23,sold,False,BFI IMAX E 23
2026-05-24T20:00:15Z,E,22,sold,False,BFI IMAX E 22
2026-05-24T20:00:15Z,E,21,sold,False,BFI IMAX E 21
2026-05-24T20:00:15Z,E,20,sold,False,BFI IMAX E 20
2026-05-24T20:00:15Z,E,19,sold,False,BFI IMAX E 19
2026-05-24T20:00:15Z,E,18,sold,False,BFI IMAX E 18
2026-05-24T20:00:15Z,E,17,sold,False,BFI IMAX E 17
2026-05-24T20:00:15Z,E,16,sold,False,BFI IMAX E 16
2026-05-24T20:00:15Z,E,15,sold,False,BFI IMAX E 15
2026-05-24T20:00:15Z,E,14,sold,False,BFI IMAX E 14
2026-05-24T20:00:15Z,E,13,sold,False,BFI IMAX E 13
2026-05-24T20:00:15Z,E,12,sold,False,BFI IMAX E 12
2026-05-24T20:00:15Z,E,11,sold,False,BFI IMAX E 11
2026-05-24T20:00:15Z,E,10,sold,False,BFI IMAX E 10
2026-05-24T20:00:15Z,E,9,sold,False,BFI IMAX E 9
2026-05-24T20:00:15Z,E,8,sold,False,BFI IMAX E 8
2026-05-24T20:00:15Z,E,7,sold,False,BFI IMAX E 7
2026-05-24T20:00:15Z,E,6,sold,False,BFI IMAX E 6
2026-05-24T20:00:15Z,E,5,sold,False,BFI IMAX E 5
2026-05-24T20:00:15Z,E,4,available,False,BFI IMAX E 4
2026-05-24T20:00:15Z,E,3,available,False,BFI IMAX E 3
2026-05-24T20:00:15Z,E,2,available,False,BFI IMAX E 2
2026-05-24T20:00:15Z,E,1,available,False,BFI IMAX E 1
2026-05-24T20:00:15Z,F,38,available,False,BFI IMAX F 38
2026-05-24T20:00:15Z,F,37,sold,False,BFI IMAX F 37
2026-05-24T20:00:15Z,F,36,sold,False,BFI IMAX F 36
2026-05-24T20:00:15Z,F,35,sold,False,BFI IMAX F 35
2026-05-24T20:00:15Z,F,34,sold,False,BFI IMAX F 34
2026-05-24T20:00:15Z,F,33,sold,False,BFI IMAX F 33
2026-05-24T20:00:15Z,F,32,sold,False,BFI IMAX F 32
2026-05-24T20:00:15Z,F,31,sold,False,BFI IMAX F 31
2026-05-24T20:00:15Z,F,30,sold,False,BFI IMAX F 30
2026-05-24T20:00:15Z,F,29,sold,False,BFI IMAX F 29
2026-05-24T20:00:15Z,F,28,sold,False,BFI IMAX F 28
2026-05-24T20:00:15Z,F,27,sold,False,BFI IMAX F 27
2026-05-24T20:00:15Z,F,26,sold,False,BFI IMAX F 26
2026-05-24T20:00:15Z,F,25,sold,False,BFI IMAX F 25
2026-05-24T20:00:15Z,F,24,sold,False,BFI IMAX F 24
2026-05-24T20:00:15Z,F,23,sold,False,BFI IMAX F 23
2026-05-24T20:00:15Z,F,22,sold,False,BFI IMAX F 22
2026-05-24T20:00:15Z,F,21,sold,False,BFI IMAX F 21
2026-05-24T20:00:15Z,F,20,sold,False,BFI IMAX F 20
2026-05-24T20:00:15Z,F,19,sold,False,BFI IMAX F 19
2026-05-24T20:00:15Z,F,18,sold,False,BFI IMAX F 18
2026-05-24T20:00:15Z,F,17,sold,False,BFI IMAX F 17
2026-05-24T20:00:15Z,F,16,sold,False,BFI IMAX F 16
2026-05-24T20:00:15Z,F,15,sold,False,BFI IMAX F 15
2026-05-24T20:00:15Z,F,14,sold,False,BFI IMAX F 14
2026-05-24T20:00:15Z,F,13,sold,False,BFI IMAX F 13
2026-05-24T20:00:15Z,F,12,sold,False,BFI IMAX F 12
2026-05-24T20:00:15Z,F,11,sold,False,BFI IMAX F 11
2026-05-24T20:00:15Z,F,10,sold,False,BFI IMAX F 10
2026-05-24T20:00:15Z,F,9,sold,False,BFI IMAX F 9
2026-05-24T20:00:15Z,F,8,sold,False,BFI IMAX F 8
2026-05-24T20:00:15Z,F,7,sold,False,BFI IMAX F 7
2026-05-24T20:00:15Z,F,6,sold,False,BFI IMAX F 6
2026-05-24T20:00:15Z,F,5,sold,False,BFI IMAX F 5
2026-05-24T20:00:15Z,F,4,sold,False,BFI IMAX F 4
2026-05-24T20:00:15Z,F,3,sold,False,BFI IMAX F 3
2026-05-24T20:00:15Z,F,2,sold,False,BFI IMAX F 2
2026-05-24T20:00:15Z,F,1,sold,False,BFI IMAX F 1
2026-05-24T20:00:15Z,G,37,sold,False,BFI IMAX G 37
2026-05-24T20:00:15Z,G,36,sold,False,BFI IMAX G 36
2026-05-24T20:00:15Z,G,35,sold,False,BFI IMAX G 35
2026-05-24T20:00:15Z,G,34,sold,False,BFI IMAX G 34
2026-05-24T20:00:15Z,G,33,sold,False,BFI IMAX G 33
2026-05-24T20:00:15Z,G,32,sold,False,BFI IMAX G 32
2026-05-24T20:00:15Z,G,31,sold,False,BFI IMAX G 31
2026-05-24T20:00:15Z,G,30,sold,False,BFI IMAX G 30
2026-05-24T20:00:15Z,G,29,sold,False,BFI IMAX G 29
2026-05-24T20:00:15Z,G,28,sold,False,BFI IMAX G 28
2026-05-24T20:00:15Z,G,27,sold,False,BFI IMAX G 27
2026-05-24T20:00:15Z,G,26,sold,False,BFI IMAX G 26
2026-05-24T20:00:15Z,G,25,sold,False,BFI IMAX G 25
2026-05-24T20:00:15Z,G,24,sold,False,BFI IMAX G 24
2026-05-24T20:00:15Z,G,23,sold,False,BFI IMAX G 23
2026-05-24T20:00:15Z,G,22,sold,False,BFI IMAX G 22
2026-05-24T20:00:15Z,G,21,sold,False,BFI IMAX G 21
2026-05-24T20:00:15Z,G,20,sold,False,BFI IMAX G 20
2026-05-24T20:00:15Z,G,19,sold,False,BFI IMAX G 19
2026-05-24T20:00:15Z,G,18,sold,False,BFI IMAX G 18
2026-05-24T20:00:15Z,G,17,sold,False,BFI IMAX G 17
2026-05-24T20:00:15Z,G,16,sold,False,BFI IMAX G 16
2026-05-24T20:00:15Z,G,15,sold,False,BFI IMAX G 15
2026-05-24T20:00:15Z,G,14,sold,False,BFI IMAX G 14
2026-05-24T20:00:15Z,G,13,sold,False,BFI IMAX G 13
2026-05-24T20:00:15Z,G,12,sold,False,BFI IMAX G 12
2026-05-24T20:00:15Z,G,11,sold,False,BFI IMAX G 11
2026-05-24T20:00:15Z,G,10,sold,False,BFI IMAX G 10
2026-05-24T20:00:15Z,G,9,sold,False,BFI IMAX G 9
2026-05-24T20:00:15Z,G,8,sold,False,BFI IMAX G 8
2026-05-24T20:00:15Z,G,7,sold,False,BFI IMAX G 7
2026-05-24T20:00:15Z,G,6,sold,False,BFI IMAX G 6
2026-05-24T20:00:15Z,G,5,sold,False,BFI IMAX G 5
2026-05-24T20:00:15Z,G,4,sold,False,BFI IMAX G 4
2026-05-24T20:00:15Z,G,3,sold,False,BFI IMAX G 3
2026-05-24T20:00:15Z,G,2,sold,False,BFI IMAX G 2
2026-05-24T20:00:15Z,G,1,sold,False,BFI IMAX G 1
2026-05-24T20:00:15Z,H,37,sold,False,BFI IMAX H 37
2026-05-24T20:00:15Z,H,36,sold,False,BFI IMAX H 36
2026-05-24T20:00:15Z,H,35,sold,False,BFI IMAX H 35
2026-05-24T20:00:15Z,H,34,sold,False,BFI IMAX H 34
2026-05-24T20:00:15Z,H,33,sold,False,BFI IMAX H 33
2026-05-24T20:00:15Z,H,32,sold,False,BFI IMAX H 32
2026-05-24T20:00:15Z,H,31,sold,False,BFI IMAX H 31
2026-05-24T20:00:15Z,H,30,sold,False,BFI IMAX H 30
2026-05-24T20:00:15Z,H,29,sold,False,BFI IMAX H 29
2026-05-24T20:00:15Z,H,28,sold,False,BFI IMAX H 28
2026-05-24T20:00:15Z,H,27,sold,False,BFI IMAX H 27
2026-05-24T20:00:15Z,H,26,sold,False,BFI IMAX H 26
2026-05-24T20:00:15Z,H,25,sold,False,BFI IMAX H 25
2026-05-24T20:00:15Z,H,24,sold,False,BFI IMAX H 24
2026-05-24T20:00:15Z,H,23,sold,False,BFI IMAX H 23
2026-05-24T20:00:15Z,H,22,sold,False,BFI IMAX H 22
2026-05-24T20:00:15Z,H,21,sold,False,BFI IMAX H 21
2026-05-24T20:00:15Z,H,20,sold,False,BFI IMAX H 20
2026-05-24T20:00:15Z,H,19,sold,False,BFI IMAX H 19
2026-05-24T20:00:15Z,H,18,sold,False,BFI IMAX H 18
2026-05-24T20:00:15Z,H,17,sold,False,BFI IMAX H 17
2026-05-24T20:00:15Z,H,16,sold,False,BFI IMAX H 16
2026-05-24T20:00:15Z,H,15,sold,False,BFI IMAX H 15
2026-05-24T20:00:15Z,H,14,sold,False,BFI IMAX H 14
2026-05-24T20:00:15Z,H,13,sold,False,BFI IMAX H 13
2026-05-24T20:00:15Z,H,12,sold,False,BFI IMAX H 12
2026-05-24T20:00:15Z,H,11,sold,False,BFI IMAX H 11
2026-05-24T20:00:15Z,H,10,sold,False,BFI IMAX H 10
2026-05-24T20:00:15Z,H,9,sold,False,BFI IMAX H 9
2026-05-24T20:00:15Z,H,8,sold,False,BFI IMAX H 8
2026-05-24T20:00:15Z,H,7,sold,False,BFI IMAX H 7
2026-05-24T20:00:15Z,H,6,sold,False,BFI IMAX H 6
2026-05-24T20:00:15Z,H,5,sold,False,BFI IMAX H 5
2026-05-24T20:00:15Z,H,4,sold,False,BFI IMAX H 4
2026-05-24T20:00:15Z,H,3,sold,False,BFI IMAX H 3
2026-05-24T20:00:15Z,H,2,sold,False,BFI IMAX H 2
2026-05-24T20:00:15Z,H,1,sold,False,BFI IMAX H 1
2026-05-24T20:00:15Z,J,36,sold,False,BFI IMAX J 36
2026-05-24T20:00:15Z,J,35,sold,False,BFI IMAX J 35
2026-05-24T20:00:15Z,J,34,sold,False,BFI IMAX J 34
2026-05-24T20:00:15Z,J,33,sold,False,BFI IMAX J 33
2026-05-24T20:00:15Z,J,32,sold,False,BFI IMAX J 32
2026-05-24T20:00:15Z,J,31,sold,False,BFI IMAX J 31
2026-05-24T20:00:15Z,J,30,sold,False,BFI IMAX J 30
2026-05-24T20:00:15Z,J,29,sold,False,BFI IMAX J 29
2026-05-24T20:00:15Z,J,28,sold,False,BFI IMAX J 28
2026-05-24T20:00:15Z,J,27,sold,False,BFI IMAX J 27
2026-05-24T20:00:15Z,J,26,sold,False,BFI IMAX J 26
2026-05-24T20:00:15Z,J,25,sold,False,BFI IMAX J 25
2026-05-24T20:00:15Z,J,24,sold,False,BFI IMAX J 24
2026-05-24T20:00:15Z,J,23,sold,False,BFI IMAX J 23
2026-05-24T20:00:15Z,J,22,sold,False,BFI IMAX J 22
2026-05-24T20:00:15Z,J,21,sold,False,BFI IMAX J 21
2026-05-24T20:00:15Z,J,20,sold,False,BFI IMAX J 20
2026-05-24T20:00:15Z,J,19,sold,False,BFI IMAX J 19
2026-05-24T20:00:15Z,J,18,sold,False,BFI IMAX J 18
2026-05-24T20:00:15Z,J,17,sold,False,BFI IMAX J 17
2026-05-24T20:00:15Z,J,16,sold,False,BFI IMAX J 16
2026-05-24T20:00:15Z,J,15,sold,False,BFI IMAX J 15
2026-05-24T20:00:15Z,J,14,sold,False,BFI IMAX J 14
2026-05-24T20:00:15Z,J,13,sold,False,BFI IMAX J 13
2026-05-24T20:00:15Z,J,12,sold,False,BFI IMAX J 12
2026-05-24T20:00:15Z,J,11,sold,False,BFI IMAX J 11
2026-05-24T20:00:15Z,J,10,sold,False,BFI IMAX J 10
2026-05-24T20:00:15Z,J,9,sold,False,BFI IMAX J 9
2026-05-24T20:00:15Z,J,8,sold,False,BFI IMAX J 8
2026-05-24T20:00:15Z,J,7,sold,False,BFI IMAX J 7
2026-05-24T20:00:15Z,J,6,sold,False,BFI IMAX J 6
2026-05-24T20:00:15Z,J,5,sold,False,BFI IMAX J 5
2026-05-24T20:00:15Z,J,4,sold,False,BFI IMAX J 4
2026-05-24T20:00:15Z,J,3,sold,False,BFI IMAX J 3
2026-05-24T20:00:15Z,J,2,sold,False,BFI IMAX J 2
2026-05-24T20:00:15Z,J,1,sold,False,BFI IMAX J 1
2026-05-24T20:00:15Z,K,36,sold,False,BFI IMAX K 36
2026-05-24T20:00:15Z,K,35,sold,False,BFI IMAX K 35
2026-05-24T20:00:15Z,K,34,sold,False,BFI IMAX K 34
2026-05-24T20:00:15Z,K,33,sold,False,BFI IMAX K 33
2026-05-24T20:00:15Z,K,32,sold,False,BFI IMAX K 32
2026-05-24T20:00:15Z,K,31,sold,False,BFI IMAX K 31
2026-05-24T20:00:15Z,K,30,sold,False,BFI IMAX K 30
2026-05-24T20:00:15Z,K,29,sold,False,BFI IMAX K 29
2026-05-24T20:00:15Z,K,28,sold,False,BFI IMAX K 28
2026-05-24T20:00:15Z,A,13,available,False,BFI IMAX A 13
2026-05-24T20:00:15Z,A,12,available,False,BFI IMAX A 12
2026-05-24T20:00:15Z,K,25,sold,False,BFI IMAX K 25
2026-05-24T20:00:15Z,K,24,sold,False,BFI IMAX K 24
2026-05-24T20:00:15Z,K,23,sold,False,BFI IMAX K 23
2026-05-24T20:00:15Z,K,22,sold,False,BFI IMAX K 22
2026-05-24T20:00:15Z,K,21,sold,False,BFI IMAX K 21
2026-05-24T20:00:15Z,K,20,sold,False,BFI IMAX K 20
2026-05-24T20:00:15Z,K,19,sold,False,BFI IMAX K 19
2026-05-24T20:00:15Z,K,18,sold,False,BFI IMAX K 18
2026-05-24T20:00:15Z,K,17,sold,False,BFI IMAX K 17
2026-05-24T20:00:15Z,K,16,sold,False,BFI IMAX K 16
2026-05-24T20:00:15Z,K,15,sold,False,BFI IMAX K 15
2026-05-24T20:00:15Z,K,14,sold,False,BFI IMAX K 14
2026-05-24T20:00:15Z,K,13,sold,False,BFI IMAX K 13
2026-05-24T20:00:15Z,K,12,sold,False,BFI IMAX K 12
2026-05-24T20:00:15Z,K,11,sold,False,BFI IMAX K 11
2026-05-24T20:00:15Z,K,10,sold,False,BFI IMAX K 10
2026-05-24T20:00:15Z,K,9,sold,False,BFI IMAX K 9
2026-05-24T20:00:15Z,K,8,sold,False,BFI IMAX K 8
2026-05-24T20:00:15Z,K,7,sold,False,BFI IMAX K 7
2026-05-24T20:00:15Z,K,6,sold,False,BFI IMAX K 6
2026-05-24T20:00:15Z,K,5,sold,False,BFI IMAX K 5
2026-05-24T20:00:15Z,K,4,sold,False,BFI IMAX K 4
2026-05-24T20:00:15Z,K,3,sold,False,BFI IMAX K 3
2026-05-24T20:00:15Z,K,2,sold,False,BFI IMAX K 2
2026-05-24T20:00:15Z,K,1,sold,False,BFI IMAX K 1
2026-05-24T20:00:15Z,L,33,sold,False,BFI IMAX L 33
2026-05-24T20:00:15Z,L,32,sold,False,BFI IMAX L 32
2026-05-24T20:00:15Z,L,31,sold,False,BFI IMAX L 31
2026-05-24T20:00:15Z,L,30,sold,False,BFI IMAX L 30
2026-05-24T20:00:15Z,L,29,sold,False,BFI IMAX L 29
2026-05-24T20:00:15Z,L,28,sold,False,BFI IMAX L 28
2026-05-24T20:00:15Z,L,27,sold,False,BFI IMAX L 27
2026-05-24T20:00:15Z,L,26,sold,False,BFI IMAX L 26
2026-05-24T20:00:15Z,L,8,sold,False,BFI IMAX L 8
2026-05-24T20:00:15Z,L,7,sold,False,BFI IMAX L 7
2026-05-24T20:00:15Z,L,6,sold,False,BFI IMAX L 6
2026-05-24T20:00:15Z,L,5,sold,False,BFI IMAX L 5
2026-05-24T20:00:15Z,L,4,sold,False,BFI IMAX L 4
2026-05-24T20:00:15Z,L,3,sold,False,BFI IMAX L 3
2026-05-24T20:00:15Z,L,2,sold,False,BFI IMAX L 2
2026-05-24T20:00:15Z,L,1,sold,False,BFI IMAX L 1
2026-05-24T20:00:15Z,M,34,sold,False,BFI IMAX M 34
2026-05-24T20:00:15Z,M,33,sold,False,BFI IMAX M 33
2026-05-24T20:00:15Z,M,32,sold,False,BFI IMAX M 32
2026-05-24T20:00:15Z,M,31,sold,False,BFI IMAX M 31
2026-05-24T20:00:15Z,M,30,sold,False,BFI IMAX M 30
2026-05-24T20:00:15Z,M,29,sold,False,BFI IMAX M 29
2026-05-24T20:00:15Z,M,28,sold,False,BFI IMAX M 28
2026-05-24T20:00:15Z,M,27,sold,False,BFI IMAX M 27
2026-05-24T20:00:15Z,M,8,sold,False,BFI IMAX M 8
2026-05-24T20:00:15Z,M,7,sold,False,BFI IMAX M 7
2026-05-24T20:00:15Z,M,6,sold,False,BFI IMAX M 6
2026-05-24T20:00:15Z,M,5,sold,False,BFI IMAX M 5
2026-05-24T20:00:15Z,M,4,sold,False,BFI IMAX M 4
2026-05-24T20:00:15Z,M,3,sold,False,BFI IMAX M 3
2026-05-24T20:00:15Z,M,2,sold,False,BFI IMAX M 2
2026-05-24T20:00:15Z,M,1,sold,False,BFI IMAX M 1
2026-05-24T20:00:15Z,N,34,unavailable,False,BFI IMAX N 34
2026-05-24T20:00:15Z,N,33,unavailable,False,BFI IMAX N 33
2026-05-24T20:00:15Z,N,32,unavailable,False,BFI IMAX N 32
2026-05-24T20:00:15Z,N,31,unavailable,False,BFI IMAX N 31
2026-05-24T20:00:15Z,N,30,unavailable,False,BFI IMAX N 30
2026-05-24T20:00:15Z,N,29,unavailable,False,BFI IMAX N 29
2026-05-24T20:00:15Z,N,28,unavailable,False,BFI IMAX N 28
2026-05-24T20:00:15Z,N,27,unavailable,False,BFI IMAX N 27
2026-05-24T20:00:15Z,A,11,available,False,BFI IMAX A 11
2026-05-24T20:00:15Z,A,10,available,False,BFI IMAX A 10
2026-05-24T20:00:15Z,N,6,sold,False,BFI IMAX N 6
2026-05-24T20:00:15Z,N,5,sold,False,BFI IMAX N 5
2026-05-24T20:00:15Z,N,4,sold,False,BFI IMAX N 4
2026-05-24T20:00:15Z,N,3,sold,False,BFI IMAX N 3
2026-05-24T20:00:15Z,N,2,sold,False,BFI IMAX N 2
2026-05-24T20:00:15Z,N,1,sold,False,BFI IMAX N 1
2026-05-24T20:00:15Z,P,31,unavailable,False,BFI IMAX P 31
2026-05-24T20:00:15Z,A,9,available,False,BFI IMAX A 9
2026-05-24T20:00:15Z,A,8,available,False,BFI IMAX A 8
2026-05-24T20:00:15Z,P,26,unavailable,False,BFI IMAX P 26
2026-05-24T20:00:15Z,P,6,sold,False,BFI IMAX P 6
2026-05-24T20:00:15Z,A,7,available,False,BFI IMAX A 7
2026-05-24T20:00:15Z,A,6,available,False,BFI IMAX A 6
2026-05-24T20:00:15Z,P,1,unavailable,False,BFI IMAX P 1
2026-05-24T20:00:15Z,M,11,sold,False,BFI IMAX M 11
2026-05-24T20:00:15Z,M,10,sold,False,BFI IMAX M 10
2026-05-24T20:00:15Z,M,9,sold,False,BFI IMAX M 9
2026-05-24T20:00:15Z,L,9,sold,False,BFI IMAX L 9
2026-05-24T20:00:15Z,L,25,sold,False,BFI IMAX L 25
2026-05-24T20:00:15Z,L,24,sold,False,BFI IMAX L 24
2026-05-24T20:00:15Z,L,23,sold,False,BFI IMAX L 23
2026-05-24T20:00:15Z,L,22,sold,False,BFI IMAX L 22
2026-05-24T20:00:15Z,L,21,sold,False,BFI IMAX L 21
2026-05-24T20:00:15Z,L,20,sold,False,BFI IMAX L 20
2026-05-24T20:00:15Z,L,19,sold,False,BFI IMAX L 19
2026-05-24T20:00:15Z,L,18,sold,False,BFI IMAX L 18
2026-05-24T20:00:15Z,L,17,sold,False,BFI IMAX L 17
2026-05-24T20:00:15Z,L,16,sold,False,BFI IMAX L 16
2026-05-24T20:00:15Z,L,15,sold,False,BFI IMAX L 15
2026-05-24T20:00:15Z,L,14,sold,False,BFI IMAX L 14
2026-05-24T20:00:15Z,L,13,sold,False,BFI IMAX L 13
2026-05-24T20:00:15Z,L,12,sold,False,BFI IMAX L 12
2026-05-24T20:00:15Z,L,11,sold,False,BFI IMAX L 11
2026-05-24T20:00:15Z,N,26,unavailable,False,BFI IMAX N 26
2026-05-24T20:00:15Z,N,25,unavailable,False,BFI IMAX N 25
2026-05-24T20:00:15Z,N,24,unavailable,False,BFI IMAX N 24
2026-05-24T20:00:15Z,N,23,unavailable,False,BFI IMAX N 23
2026-05-24T20:00:15Z,N,22,sold,False,BFI IMAX N 22
2026-05-24T20:00:15Z,N,21,sold,False,BFI IMAX N 21
2026-05-24T20:00:15Z,N,20,sold,False,BFI IMAX N 20
2026-05-24T20:00:15Z,N,19,sold,False,BFI IMAX N 19
2026-05-24T20:00:15Z,N,18,sold,False,BFI IMAX N 18
2026-05-24T20:00:15Z,N,17,sold,False,BFI IMAX N 17
2026-05-24T20:00:15Z,N,16,sold,False,BFI IMAX N 16
2026-05-24T20:00:15Z,N,15,sold,False,BFI IMAX N 15
2026-05-24T20:00:15Z,N,14,sold,False,BFI IMAX N 14
2026-05-24T20:00:15Z,N,13,sold,False,BFI IMAX N 13
2026-05-24T20:00:15Z,N,12,unavailable,False,BFI IMAX N 12
2026-05-24T20:00:15Z,N,11,unavailable,False,BFI IMAX N 11
2026-05-24T20:00:15Z,N,10,unavailable,False,BFI IMAX N 10
2026-05-24T20:00:15Z,N,9,unavailable,False,BFI IMAX N 9
2026-05-24T20:00:15Z,L,10,sold,False,BFI IMAX L 10
2026-05-24T20:00:15Z,M,26,sold,False,BFI IMAX M 26
2026-05-24T20:00:15Z,M,25,sold,False,BFI IMAX M 25
2026-05-24T20:00:15Z,M,24,sold,False,BFI IMAX M 24
2026-05-24T20:00:15Z,M,23,sold,False,BFI IMAX M 23
2026-05-24T20:00:15Z,M,22,sold,False,BFI IMAX M 22
2026-05-24T20:00:15Z,M,21,sold,False,BFI IMAX M 21
2026-05-24T20:00:15Z,M,20,sold,False,BFI IMAX M 20
2026-05-24T20:00:15Z,M,19,sold,False,BFI IMAX M 19
2026-05-24T20:00:15Z,M,18,sold,False,BFI IMAX M 18
2026-05-24T20:00:15Z,M,17,sold,False,BFI IMAX M 17
2026-05-24T20:00:15Z,M,16,sold,False,BFI IMAX M 16
2026-05-24T20:00:15Z,M,15,sold,False,BFI IMAX M 15
2026-05-24T20:00:15Z,M,14,sold,False,BFI IMAX M 14
2026-05-24T20:00:15Z,M,13,sold,False,BFI IMAX M 13
2026-05-24T20:00:15Z,M,12,sold,False,BFI IMAX M 12
2026-05-24T20:00:15Z,P,30,unavailable,True,BFI IMAX P 30
2026-05-24T20:00:15Z,P,27,unavailable,True,BFI IMAX P 27
2026-05-24T20:00:15Z,P,2,unavailable,True,BFI IMAX P 2
2026-05-24T20:00:15Z,P,5,sold,True,BFI IMAX P 5
2026-05-24T20:00:15Z,P,19,sold,False,BFI IMAX P 19
2026-05-24T20:00:15Z,P,18,sold,False,BFI IMAX P 18
2026-05-24T20:00:15Z,P,17,sold,False,BFI IMAX P 17
2026-05-24T20:00:15Z,P,16,sold,False,BFI IMAX P 16
2026-05-24T20:00:15Z,P,15,sold,False,BFI IMAX P 15
2026-05-24T20:00:15Z,P,14,sold,False,BFI IMAX P 14
2026-05-24T20:00:15Z,P,13,sold,False,BFI IMAX P 13
2026-05-24T20:00:15Z,P,12,sold,False,BFI IMAX P 12
2026-05-24T20:00:15Z,P,11,sold,False,BFI IMAX P 11
2026-05-24T20:00:15Z,P,10,sold,False,BFI IMAX P 10
2026-05-24T20:00:15Z,P,9,sold,False,BFI IMAX P 9
2026-05-24T20:00:15Z,P,8,sold,False,BFI IMAX P 8
2026-05-24T20:00:15Z,P,7,sold,False,BFI IMAX P 7
2026-05-24T20:00:15Z,P,25,sold,False,BFI IMAX P 25
2026-05-24T20:00:15Z,P,24,sold,False,BFI IMAX P 24
2026-05-24T20:00:15Z,P,23,sold,False,BFI IMAX P 23
2026-05-24T20:00:15Z,P,22,sold,False,BFI IMAX P 22
2026-05-24T20:00:15Z,P,21,sold,False,BFI IMAX P 21
2026-05-24T20:00:15Z,P,20,sold,False,BFI IMAX P 20
2026-05-24T20:00:15Z,Q,18,sold,False,BFI IMAX Q 18
2026-05-24T20:00:15Z,Q,17,sold,False,BFI IMAX Q 17
2026-05-24T20:00:15Z,Q,16,sold,False,BFI IMAX Q 16
2026-05-24T20:00:15Z,Q,15,sold,False,BFI IMAX Q 15
2026-05-24T20:00:15Z,Q,14,sold,False,BFI IMAX Q 14
2026-05-24T20:00:15Z,Q,13,sold,False,BFI IMAX Q 13
2026-05-24T20:00:15Z,Q,12,sold,False,BFI IMAX Q 12
2026-05-24T20:00:15Z,Q,11,sold,False,BFI IMAX Q 11
2026-05-24T20:00:15Z,Q,10,sold,False,BFI IMAX Q 10
2026-05-24T20:00:15Z,Q,9,sold,False,BFI IMAX Q 9
2026-05-24T20:00:15Z,Q,8,sold,False,BFI IMAX Q 8
2026-05-24T20:00:15Z,Q,7,sold,False,BFI IMAX Q 7
2026-05-24T20:00:15Z,Q,6,sold,False,BFI IMAX Q 6
2026-05-24T20:00:15Z,Q,5,sold,False,BFI IMAX Q 5
2026-05-24T20:00:15Z,Q,4,sold,False,BFI IMAX Q 4
2026-05-24T20:00:15Z,Q,3,sold,False,BFI IMAX Q 3
2026-05-24T20:00:15Z,Q,2,sold,False,BFI IMAX Q 2
2026-05-24T20:00:15Z,Q,1,sold,False,BFI IMAX Q 1
2026-05-24T20:24:58Z,K,27,unavailable,False,BFI IMAX K 27
2026-05-24T20:24:58Z,K,26,unavailable,False,BFI IMAX K 26
2026-05-24T20:24:58Z,N,8,unavailable,False,BFI IMAX N 8
2026-05-24T20:24:58Z,N,7,unavailable,False,BFI IMAX N 7
2026-05-24T20:24:58Z,P,29,unavailable,True,BFI IMAX P 29
2026-05-24T20:24:58Z,P,28,unavailable,True,BFI IMAX P 28
2026-05-24T20:24:58Z,P,4,unavailable,True,BFI IMAX P 4
2026-05-24T20:24:58Z,P,3,unavailable,True,BFI IMAX P 3
2026-05-24T20:24:58Z,A,5,available,False,BFI IMAX A 5
2026-05-24T20:24:58Z,A,4,available,False,BFI IMAX A 4
2026-05-24T20:24:58Z,A,3,available,False,BFI IMAX A 3
2026-05-24T20:24:58Z,A,2,available,False,BFI IMAX A 2
2026-05-24T20:24:58Z,A,1,available,False,BFI IMAX A 1
2026-05-24T20:24:58Z,B,36,available,False,BFI IMAX B 36
2026-05-24T20:24:58Z,B,35,available,False,BFI IMAX B 35
2026-05-24T20:24:58Z,B,34,available,False,BFI IMAX B 34
2026-05-24T20:24:58Z,B,33,available,False,BFI IMAX B 33
2026-05-24T20:24:58Z,B,32,available,False,BFI IMAX B 32
2026-05-24T20:24:58Z,B,31,available,False,BFI IMAX B 31
2026-05-24T20:24:58Z,B,30,available,False,BFI IMAX B 30
2026-05-24T20:24:58Z,B,29,available,False,BFI IMAX B 29
2026-05-24T20:24:58Z,B,28,available,False,BFI IMAX B 28
2026-05-24T20:24:58Z,B,27,available,False,BFI IMAX B 27
2026-05-24T20:24:58Z,B,26,available,False,BFI IMAX B 26
2026-05-24T20:24:58Z,B,25,available,False,BFI IMAX B 25
2026-05-24T20:24:58Z,B,24,available,False,BFI IMAX B 24
2026-05-24T20:24:58Z,B,23,sold,False,BFI IMAX B 23
2026-05-24T20:24:58Z,B,22,sold,False,BFI IMAX B 22
2026-05-24T20:24:58Z,B,21,sold,False,BFI IMAX B 21
2026-05-24T20:24:58Z,B,20,sold,False,BFI IMAX B 20
2026-05-24T20:24:58Z,B,19,sold,False,BFI IMAX B 19
2026-05-24T20:24:58Z,B,18,sold,False,BFI IMAX B 18
2026-05-24T20:24:58Z,B,17,sold,False,BFI IMAX B 17
2026-05-24T20:24:58Z,B,16,sold,False,BFI IMAX B 16
2026-05-24T20:24:58Z,B,15,available,False,BFI IMAX B 15
2026-05-24T20:24:58Z,B,14,available,False,BFI IMAX B 14
2026-05-24T20:24:58Z,B,13,available,False,BFI IMAX B 13
2026-05-24T20:24:58Z,B,12,available,False,BFI IMAX B 12
2026-05-24T20:24:58Z,B,11,available,False,BFI IMAX B 11
2026-05-24T20:24:58Z,B,10,available,False,BFI IMAX B 10
2026-05-24T20:24:58Z,B,9,available,False,BFI IMAX B 9
2026-05-24T20:24:58Z,B,8,available,False,BFI IMAX B 8
2026-05-24T20:24:58Z,B,7,available,False,BFI IMAX B 7
2026-05-24T20:24:58Z,B,6,available,False,BFI IMAX B 6
2026-05-24T20:24:58Z,B,5,available,False,BFI IMAX B 5
2026-05-24T20:24:58Z,B,4,available,False,BFI IMAX B 4
2026-05-24T20:24:58Z,B,3,available,False,BFI IMAX B 3
2026-05-24T20:24:58Z,B,2,available,False,BFI IMAX B 2
2026-05-24T20:24:58Z,B,1,available,False,BFI IMAX B 1
2026-05-24T20:24:58Z,C,36,available,False,BFI IMAX C 36
2026-05-24T20:24:58Z,C,35,available,False,BFI IMAX C 35
2026-05-24T20:24:58Z,C,34,available,False,BFI IMAX C 34
2026-05-24T20:24:58Z,C,33,available,False,BFI IMAX C 33
2026-05-24T20:24:58Z,C,32,available,False,BFI IMAX C 32
2026-05-24T20:24:58Z,C,31,available,False,BFI IMAX C 31
2026-05-24T20:24:58Z,C,30,available,False,BFI IMAX C 30
2026-05-24T20:24:58Z,C,29,available,False,BFI IMAX C 29
2026-05-24T20:24:58Z,C,28,available,False,BFI IMAX C 28
2026-05-24T20:24:58Z,C,27,available,False,BFI IMAX C 27
2026-05-24T20:24:58Z,C,26,available,False,BFI IMAX C 26
2026-05-24T20:24:58Z,C,25,sold,False,BFI IMAX C 25
2026-05-24T20:24:58Z,C,24,sold,False,BFI IMAX C 24
2026-05-24T20:24:58Z,C,23,sold,False,BFI IMAX C 23
2026-05-24T20:24:58Z,C,22,sold,False,BFI IMAX C 22
2026-05-24T20:24:58Z,C,21,sold,False,BFI IMAX C 21
2026-05-24T20:24:58Z,C,20,sold,False,BFI IMAX C 20
2026-05-24T20:24:58Z,C,19,sold,False,BFI IMAX C 19
2026-05-24T20:24:58Z,C,18,sold,False,BFI IMAX C 18
2026-05-24T20:24:58Z,C,17,sold,False,BFI IMAX C 17
2026-05-24T20:24:58Z,C,16,sold,False,BFI IMAX C 16
2026-05-24T20:24:58Z,C,15,sold,False,BFI IMAX C 15
2026-05-24T20:24:58Z,C,14,sold,False,BFI IMAX C 14
2026-05-24T20:24:58Z,C,13,sold,False,BFI IMAX C 13
2026-05-24T20:24:58Z,C,12,sold,False,BFI IMAX C 12
2026-05-24T20:24:58Z,C,11,sold,False,BFI IMAX C 11
2026-05-24T20:24:58Z,C,10,sold,False,BFI IMAX C 10
2026-05-24T20:24:58Z,C,9,available,False,BFI IMAX C 9
2026-05-24T20:24:58Z,C,8,available,False,BFI IMAX C 8
2026-05-24T20:24:58Z,C,7,available,False,BFI IMAX C 7
2026-05-24T20:24:58Z,C,6,available,False,BFI IMAX C 6
2026-05-24T20:24:58Z,C,5,available,False,BFI IMAX C 5
2026-05-24T20:24:58Z,C,4,available,False,BFI IMAX C 4
2026-05-24T20:24:58Z,C,3,available,False,BFI IMAX C 3
2026-05-24T20:24:58Z,C,2,available,False,BFI IMAX C 2
2026-05-24T20:24:58Z,C,1,available,False,BFI IMAX C 1
2026-05-24T20:24:58Z,D,37,available,False,BFI IMAX D 37
2026-05-24T20:24:58Z,D,36,available,False,BFI IMAX D 36
2026-05-24T20:24:58Z,D,35,available,False,BFI IMAX D 35
2026-05-24T20:24:58Z,D,34,available,False,BFI IMAX D 34
2026-05-24T20:24:58Z,D,33,available,False,BFI IMAX D 33
2026-05-24T20:24:58Z,D,32,available,False,BFI IMAX D 32
2026-05-24T20:24:58Z,D,31,available,False,BFI IMAX D 31
2026-05-24T20:24:58Z,D,30,sold,False,BFI IMAX D 30
2026-05-24T20:24:58Z,D,29,sold,False,BFI IMAX D 29
2026-05-24T20:24:58Z,D,28,sold,False,BFI IMAX D 28
2026-05-24T20:24:58Z,D,27,sold,False,BFI IMAX D 27
2026-05-24T20:24:58Z,D,26,sold,False,BFI IMAX D 26
2026-05-24T20:24:58Z,D,25,sold,False,BFI IMAX D 25
2026-05-24T20:24:58Z,D,24,sold,False,BFI IMAX D 24
2026-05-24T20:24:58Z,D,23,sold,False,BFI IMAX D 23
2026-05-24T20:24:58Z,D,22,sold,False,BFI IMAX D 22
2026-05-24T20:24:58Z,D,21,sold,False,BFI IMAX D 21
2026-05-24T20:24:58Z,D,20,sold,False,BFI IMAX D 20
2026-05-24T20:24:58Z,D,19,sold,False,BFI IMAX D 19
2026-05-24T20:24:58Z,D,18,sold,False,BFI IMAX D 18
2026-05-24T20:24:58Z,D,17,sold,False,BFI IMAX D 17
2026-05-24T20:24:58Z,D,16,sold,False,BFI IMAX D 16
2026-05-24T20:24:58Z,D,15,sold,False,BFI IMAX D 15
2026-05-24T20:24:58Z,D,14,sold,False,BFI IMAX D 14
2026-05-24T20:24:58Z,D,13,sold,False,BFI IMAX D 13
2026-05-24T20:24:58Z,D,12,sold,False,BFI IMAX D 12
2026-05-24T20:24:58Z,D,11,sold,False,BFI IMAX D 11
2026-05-24T20:24:58Z,D,10,sold,False,BFI IMAX D 10
2026-05-24T20:24:58Z,D,9,sold,False,BFI IMAX D 9
2026-05-24T20:24:58Z,D,8,sold,False,BFI IMAX D 8
2026-05-24T20:24:58Z,D,7,sold,False,BFI IMAX D 7
2026-05-24T20:24:58Z,D,6,available,False,BFI IMAX D 6
2026-05-24T20:24:58Z,D,5,available,False,BFI IMAX D 5
2026-05-24T20:24:58Z,D,4,available,False,BFI IMAX D 4
2026-05-24T20:24:58Z,D,3,available,False,BFI IMAX D 3
2026-05-24T20:24:58Z,D,2,available,False,BFI IMAX D 2
2026-05-24T20:24:58Z,D,1,available,False,BFI IMAX D 1
2026-05-24T20:24:58Z,E,37,available,False,BFI IMAX E 37
2026-05-24T20:24:58Z,E,36,available,False,BFI IMAX E 36
2026-05-24T20:24:58Z,E,35,available,False,BFI IMAX E 35
2026-05-24T20:24:58Z,E,34,available,False,BFI IMAX E 34
2026-05-24T20:24:58Z,E,33,available,False,BFI IMAX E 33
2026-05-24T20:24:58Z,E,32,sold,False,BFI IMAX E 32
2026-05-24T20:24:58Z,E,31,sold,False,BFI IMAX E 31
2026-05-24T20:24:58Z,E,30,sold,False,BFI IMAX E 30
2026-05-24T20:24:58Z,E,29,sold,False,BFI IMAX E 29
2026-05-24T20:24:58Z,E,28,sold,False,BFI IMAX E 28
2026-05-24T20:24:58Z,E,27,sold,False,BFI IMAX E 27
2026-05-24T20:24:58Z,E,26,sold,False,BFI IMAX E 26
2026-05-24T20:24:58Z,E,25,sold,False,BFI IMAX E 25
2026-05-24T20:24:58Z,E,24,sold,False,BFI IMAX E 24
2026-05-24T20:24:58Z,E,23,sold,False,BFI IMAX E 23
2026-05-24T20:24:58Z,E,22,sold,False,BFI IMAX E 22
2026-05-24T20:24:58Z,E,21,sold,False,BFI IMAX E 21
2026-05-24T20:24:58Z,E,20,sold,False,BFI IMAX E 20
2026-05-24T20:24:58Z,E,19,sold,False,BFI IMAX E 19
2026-05-24T20:24:58Z,E,18,sold,False,BFI IMAX E 18
2026-05-24T20:24:58Z,E,17,sold,False,BFI IMAX E 17
2026-05-24T20:24:58Z,E,16,sold,False,BFI IMAX E 16
2026-05-24T20:24:58Z,E,15,sold,False,BFI IMAX E 15
2026-05-24T20:24:58Z,E,14,sold,False,BFI IMAX E 14
2026-05-24T20:24:58Z,E,13,sold,False,BFI IMAX E 13
2026-05-24T20:24:58Z,E,12,sold,False,BFI IMAX E 12
2026-05-24T20:24:58Z,E,11,sold,False,BFI IMAX E 11
2026-05-24T20:24:58Z,E,10,sold,False,BFI IMAX E 10
2026-05-24T20:24:58Z,E,9,sold,False,BFI IMAX E 9
2026-05-24T20:24:58Z,E,8,sold,False,BFI IMAX E 8
2026-05-24T20:24:58Z,E,7,sold,False,BFI IMAX E 7
2026-05-24T20:24:58Z,E,6,sold,False,BFI IMAX E 6
2026-05-24T20:24:58Z,E,5,sold,False,BFI IMAX E 5
2026-05-24T20:24:58Z,E,4,available,False,BFI IMAX E 4
2026-05-24T20:24:58Z,E,3,available,False,BFI IMAX E 3
2026-05-24T20:24:58Z,E,2,available,False,BFI IMAX E 2
2026-05-24T20:24:58Z,E,1,available,False,BFI IMAX E 1
2026-05-24T20:24:58Z,F,38,available,False,BFI IMAX F 38
2026-05-24T20:24:58Z,F,37,sold,False,BFI IMAX F 37
2026-05-24T20:24:58Z,F,36,sold,False,BFI IMAX F 36
2026-05-24T20:24:58Z,F,35,sold,False,BFI IMAX F 35
2026-05-24T20:24:58Z,F,34,sold,False,BFI IMAX F 34
2026-05-24T20:24:58Z,F,33,sold,False,BFI IMAX F 33
2026-05-24T20:24:58Z,F,32,sold,False,BFI IMAX F 32
2026-05-24T20:24:58Z,F,31,sold,False,BFI IMAX F 31
2026-05-24T20:24:58Z,F,30,sold,False,BFI IMAX F 30
2026-05-24T20:24:58Z,F,29,sold,False,BFI IMAX F 29
2026-05-24T20:24:58Z,F,28,sold,False,BFI IMAX F 28
2026-05-24T20:24:58Z,F,27,sold,False,BFI IMAX F 27
2026-05-24T20:24:58Z,F,26,sold,False,BFI IMAX F 26
2026-05-24T20:24:58Z,F,25,sold,False,BFI IMAX F 25
2026-05-24T20:24:58Z,F,24,sold,False,BFI IMAX F 24
2026-05-24T20:24:58Z,F,23,sold,False,BFI IMAX F 23
2026-05-24T20:24:58Z,F,22,sold,False,BFI IMAX F 22
2026-05-24T20:24:58Z,F,21,sold,False,BFI IMAX F 21
2026-05-24T20:24:58Z,F,20,sold,False,BFI IMAX F 20
2026-05-24T20:24:58Z,F,19,sold,False,BFI IMAX F 19
2026-05-24T20:24:58Z,F,18,sold,False,BFI IMAX F 18
2026-05-24T20:24:58Z,F,17,sold,False,BFI IMAX F 17
2026-05-24T20:24:58Z,F,16,sold,False,BFI IMAX F 16
2026-05-24T20:24:58Z,F,15,sold,False,BFI IMAX F 15
2026-05-24T20:24:58Z,F,14,sold,False,BFI IMAX F 14
2026-05-24T20:24:58Z,F,13,sold,False,BFI IMAX F 13
2026-05-24T20:24:58Z,F,12,sold,False,BFI IMAX F 12
2026-05-24T20:24:58Z,F,11,sold,False,BFI IMAX F 11
2026-05-24T20:24:58Z,F,10,sold,False,BFI IMAX F 10
2026-05-24T20:24:58Z,F,9,sold,False,BFI IMAX F 9
2026-05-24T20:24:58Z,F,8,sold,False,BFI IMAX F 8
2026-05-24T20:24:58Z,F,7,sold,False,BFI IMAX F 7
2026-05-24T20:24:58Z,F,6,sold,False,BFI IMAX F 6
2026-05-24T20:24:58Z,F,5,sold,False,BFI IMAX F 5
2026-05-24T20:24:58Z,F,4,sold,False,BFI IMAX F 4
2026-05-24T20:24:58Z,F,3,sold,False,BFI IMAX F 3
2026-05-24T20:24:58Z,F,2,sold,False,BFI IMAX F 2
2026-05-24T20:24:58Z,F,1,sold,False,BFI IMAX F 1
2026-05-24T20:24:58Z,G,37,sold,False,BFI IMAX G 37
2026-05-24T20:24:58Z,G,36,sold,False,BFI IMAX G 36
2026-05-24T20:24:58Z,G,35,sold,False,BFI IMAX G 35
2026-05-24T20:24:58Z,G,34,sold,False,BFI IMAX G 34
2026-05-24T20:24:58Z,G,33,sold,False,BFI IMAX G 33
2026-05-24T20:24:58Z,G,32,sold,False,BFI IMAX G 32
2026-05-24T20:24:58Z,G,31,sold,False,BFI IMAX G 31
2026-05-24T20:24:58Z,G,30,sold,False,BFI IMAX G 30
2026-05-24T20:24:58Z,G,29,sold,False,BFI IMAX G 29
2026-05-24T20:24:58Z,G,28,sold,False,BFI IMAX G 28
2026-05-24T20:24:58Z,G,27,sold,False,BFI IMAX G 27
2026-05-24T20:24:58Z,G,26,sold,False,BFI IMAX G 26
2026-05-24T20:24:58Z,G,25,sold,False,BFI IMAX G 25
2026-05-24T20:24:58Z,G,24,sold,False,BFI IMAX G 24
2026-05-24T20:24:58Z,G,23,sold,False,BFI IMAX G 23
2026-05-24T20:24:58Z,G,22,sold,False,BFI IMAX G 22
2026-05-24T20:24:58Z,G,21,sold,False,BFI IMAX G 21
2026-05-24T20:24:58Z,G,20,sold,False,BFI IMAX G 20
2026-05-24T20:24:58Z,G,19,sold,False,BFI IMAX G 19
2026-05-24T20:24:58Z,G,18,sold,False,BFI IMAX G 18
2026-05-24T20:24:58Z,G,17,sold,False,BFI IMAX G 17
2026-05-24T20:24:58Z,G,16,sold,False,BFI IMAX G 16
2026-05-24T20:24:58Z,G,15,sold,False,BFI IMAX G 15
2026-05-24T20:24:58Z,G,14,sold,False,BFI IMAX G 14
2026-05-24T20:24:58Z,G,13,sold,False,BFI IMAX G 13
2026-05-24T20:24:58Z,G,12,sold,False,BFI IMAX G 12
2026-05-24T20:24:58Z,G,11,sold,False,BFI IMAX G 11
2026-05-24T20:24:58Z,G,10,sold,False,BFI IMAX G 10
2026-05-24T20:24:58Z,G,9,sold,False,BFI IMAX G 9
2026-05-24T20:24:58Z,G,8,sold,False,BFI IMAX G 8
2026-05-24T20:24:58Z,G,7,sold,False,BFI IMAX G 7
2026-05-24T20:24:58Z,G,6,sold,False,BFI IMAX G 6
2026-05-24T20:24:58Z,G,5,sold,False,BFI IMAX G 5
2026-05-24T20:24:58Z,G,4,sold,False,BFI IMAX G 4
2026-05-24T20:24:58Z,G,3,sold,False,BFI IMAX G 3
2026-05-24T20:24:58Z,G,2,sold,False,BFI IMAX G 2
2026-05-24T20:24:58Z,G,1,sold,False,BFI IMAX G 1
2026-05-24T20:24:58Z,H,37,sold,False,BFI IMAX H 37
2026-05-24T20:24:58Z,H,36,sold,False,BFI IMAX H 36
2026-05-24T20:24:58Z,H,35,sold,False,BFI IMAX H 35
2026-05-24T20:24:58Z,H,34,sold,False,BFI IMAX H 34
2026-05-24T20:24:58Z,H,33,sold,False,BFI IMAX H 33
2026-05-24T20:24:58Z,H,32,sold,False,BFI IMAX H 32
2026-05-24T20:24:58Z,H,31,sold,False,BFI IMAX H 31
2026-05-24T20:24:58Z,H,30,sold,False,BFI IMAX H 30
2026-05-24T20:24:58Z,H,29,sold,False,BFI IMAX H 29
2026-05-24T20:24:58Z,H,28,sold,False,BFI IMAX H 28
2026-05-24T20:24:58Z,H,27,sold,False,BFI IMAX H 27
2026-05-24T20:24:58Z,H,26,sold,False,BFI IMAX H 26
2026-05-24T20:24:58Z,H,25,sold,False,BFI IMAX H 25
2026-05-24T20:24:58Z,H,24,sold,False,BFI IMAX H 24
2026-05-24T20:24:58Z,H,23,sold,False,BFI IMAX H 23
2026-05-24T20:24:58Z,H,22,sold,False,BFI IMAX H 22
2026-05-24T20:24:58Z,H,21,sold,False,BFI IMAX H 21
2026-05-24T20:24:58Z,H,20,sold,False,BFI IMAX H 20
2026-05-24T20:24:58Z,H,19,sold,False,BFI IMAX H 19
2026-05-24T20:24:58Z,H,18,sold,False,BFI IMAX H 18
2026-05-24T20:24:58Z,H,17,sold,False,BFI IMAX H 17
2026-05-24T20:24:58Z,H,16,sold,False,BFI IMAX H 16
2026-05-24T20:24:58Z,H,15,sold,False,BFI IMAX H 15
2026-05-24T20:24:58Z,H,14,sold,False,BFI IMAX H 14
2026-05-24T20:24:58Z,H,13,sold,False,BFI IMAX H 13
2026-05-24T20:24:58Z,H,12,sold,False,BFI IMAX H 12
2026-05-24T20:24:58Z,H,11,sold,False,BFI IMAX H 11
2026-05-24T20:24:58Z,H,10,sold,False,BFI IMAX H 10
2026-05-24T20:24:58Z,H,9,sold,False,BFI IMAX H 9
2026-05-24T20:24:58Z,H,8,sold,False,BFI IMAX H 8
2026-05-24T20:24:58Z,H,7,sold,False,BFI IMAX H 7
2026-05-24T20:24:58Z,H,6,sold,False,BFI IMAX H 6
2026-05-24T20:24:58Z,H,5,sold,False,BFI IMAX H 5
2026-05-24T20:24:58Z,H,4,sold,False,BFI IMAX H 4
2026-05-24T20:24:58Z,H,3,sold,False,BFI IMAX H 3
2026-05-24T20:24:58Z,H,2,sold,False,BFI IMAX H 2
2026-05-24T20:24:58Z,H,1,sold,False,BFI IMAX H 1
2026-05-24T20:24:58Z,J,36,sold,False,BFI IMAX J 36
2026-05-24T20:24:58Z,J,35,sold,False,BFI IMAX J 35
2026-05-24T20:24:58Z,J,34,sold,False,BFI IMAX J 34
2026-05-24T20:24:58Z,J,33,sold,False,BFI IMAX J 33
2026-05-24T20:24:58Z,J,32,sold,False,BFI IMAX J 32
2026-05-24T20:24:58Z,J,31,sold,False,BFI IMAX J 31
2026-05-24T20:24:58Z,J,30,sold,False,BFI IMAX J 30
2026-05-24T20:24:58Z,J,29,sold,False,BFI IMAX J 29
2026-05-24T20:24:58Z,J,28,sold,False,BFI IMAX J 28
2026-05-24T20:24:58Z,J,27,sold,False,BFI IMAX J 27
2026-05-24T20:24:58Z,J,26,sold,False,BFI IMAX J 26
2026-05-24T20:24:58Z,J,25,sold,False,BFI IMAX J 25
2026-05-24T20:24:58Z,J,24,sold,False,BFI IMAX J 24
2026-05-24T20:24:58Z,J,23,sold,False,BFI IMAX J 23
2026-05-24T20:24:58Z,J,22,sold,False,BFI IMAX J 22
2026-05-24T20:24:58Z,J,21,sold,False,BFI IMAX J 21
2026-05-24T20:24:58Z,J,20,sold,False,BFI IMAX J 20
2026-05-24T20:24:58Z,J,19,sold,False,BFI IMAX J 19
2026-05-24T20:24:58Z,J,18,sold,False,BFI IMAX J 18
2026-05-24T20:24:58Z,J,17,sold,False,BFI IMAX J 17
2026-05-24T20:24:58Z,J,16,sold,False,BFI IMAX J 16
2026-05-24T20:24:58Z,J,15,sold,False,BFI IMAX J 15
2026-05-24T20:24:58Z,J,14,sold,False,BFI IMAX J 14
2026-05-24T20:24:58Z,J,13,sold,False,BFI IMAX J 13
2026-05-24T20:24:58Z,J,12,sold,False,BFI IMAX J 12
2026-05-24T20:24:58Z,J,11,sold,False,BFI IMAX J 11
2026-05-24T20:24:58Z,J,10,sold,False,BFI IMAX J 10
2026-05-24T20:24:58Z,J,9,sold,False,BFI IMAX J 9
2026-05-24T20:24:58Z,J,8,sold,False,BFI IMAX J 8
2026-05-24T20:24:58Z,J,7,sold,False,BFI IMAX J 7
2026-05-24T20:24:58Z,J,6,sold,False,BFI IMAX J 6
2026-05-24T20:24:58Z,J,5,sold,False,BFI IMAX J 5
2026-05-24T20:24:58Z,J,4,sold,False,BFI IMAX J 4
2026-05-24T20:24:58Z,J,3,sold,False,BFI IMAX J 3
2026-05-24T20:24:58Z,J,2,sold,False,BFI IMAX J 2
2026-05-24T20:24:58Z,J,1,sold,False,BFI IMAX J 1
2026-05-24T20:24:58Z,K,36,sold,False,BFI IMAX K 36
2026-05-24T20:24:58Z,K,35,sold,False,BFI IMAX K 35
2026-05-24T20:24:58Z,K,34,sold,False,BFI IMAX K 34
2026-05-24T20:24:58Z,K,33,sold,False,BFI IMAX K 33
2026-05-24T20:24:58Z,K,32,sold,False,BFI IMAX K 32
2026-05-24T20:24:58Z,K,31,sold,False,BFI IMAX K 31
2026-05-24T20:24:58Z,K,30,sold,False,BFI IMAX K 30
2026-05-24T20:24:58Z,K,29,sold,False,BFI IMAX K 29
2026-05-24T20:24:58Z,K,28,sold,False,BFI IMAX K 28
2026-05-24T20:24:58Z,A,13,available,False,BFI IMAX A 13
2026-05-24T20:24:58Z,A,12,available,False,BFI IMAX A 12
2026-05-24T20:24:58Z,K,25,sold,False,BFI IMAX K 25
2026-05-24T20:24:58Z,K,24,sold,False,BFI IMAX K 24
2026-05-24T20:24:58Z,K,23,sold,False,BFI IMAX K 23
2026-05-24T20:24:58Z,K,22,sold,False,BFI IMAX K 22
2026-05-24T20:24:58Z,K,21,sold,False,BFI IMAX K 21
2026-05-24T20:24:58Z,K,20,sold,False,BFI IMAX K 20
2026-05-24T20:24:58Z,K,19,sold,False,BFI IMAX K 19
2026-05-24T20:24:58Z,K,18,sold,False,BFI IMAX K 18
2026-05-24T20:24:58Z,K,17,sold,False,BFI IMAX K 17
2026-05-24T20:24:58Z,K,16,sold,False,BFI IMAX K 16
2026-05-24T20:24:58Z,K,15,sold,False,BFI IMAX K 15
2026-05-24T20:24:58Z,K,14,sold,False,BFI IMAX K 14
2026-05-24T20:24:58Z,K,13,sold,False,BFI IMAX K 13
2026-05-24T20:24:58Z,K,12,sold,False,BFI IMAX K 12
2026-05-24T20:24:58Z,K,11,sold,False,BFI IMAX K 11
2026-05-24T20:24:58Z,K,10,sold,False,BFI IMAX K 10
2026-05-24T20:24:58Z,K,9,sold,False,BFI IMAX K 9
2026-05-24T20:24:58Z,K,8,sold,False,BFI IMAX K 8
2026-05-24T20:24:58Z,K,7,sold,False,BFI IMAX K 7
2026-05-24T20:24:58Z,K,6,sold,False,BFI IMAX K 6
2026-05-24T20:24:58Z,K,5,sold,False,BFI IMAX K 5
2026-05-24T20:24:58Z,K,4,sold,False,BFI IMAX K 4
2026-05-24T20:24:58Z,K,3,sold,False,BFI IMAX K 3
2026-05-24T20:24:58Z,K,2,sold,False,BFI IMAX K 2
2026-05-24T20:24:58Z,K,1,sold,False,BFI IMAX K 1
2026-05-24T20:24:58Z,L,33,sold,False,BFI IMAX L 33
2026-05-24T20:24:58Z,L,32,sold,False,BFI IMAX L 32
2026-05-24T20:24:58Z,L,31,sold,False,BFI IMAX L 31
2026-05-24T20:24:58Z,L,30,sold,False,BFI IMAX L 30
2026-05-24T20:24:58Z,L,29,sold,False,BFI IMAX L 29
2026-05-24T20:24:58Z,L,28,sold,False,BFI IMAX L 28
2026-05-24T20:24:58Z,L,27,sold,False,BFI IMAX L 27
2026-05-24T20:24:58Z,L,26,sold,False,BFI IMAX L 26
2026-05-24T20:24:58Z,L,8,sold,False,BFI IMAX L 8
2026-05-24T20:24:58Z,L,7,sold,False,BFI IMAX L 7
2026-05-24T20:24:58Z,L,6,sold,False,BFI IMAX L 6
2026-05-24T20:24:58Z,L,5,sold,False,BFI IMAX L 5
2026-05-24T20:24:58Z,L,4,sold,False,BFI IMAX L 4
2026-05-24T20:24:58Z,L,3,sold,False,BFI IMAX L 3
2026-05-24T20:24:58Z,L,2,sold,False,BFI IMAX L 2
2026-05-24T20:24:58Z,L,1,sold,False,BFI IMAX L 1
2026-05-24T20:24:58Z,M,34,sold,False,BFI IMAX M 34
2026-05-24T20:24:58Z,M,33,sold,False,BFI IMAX M 33
2026-05-24T20:24:58Z,M,32,sold,False,BFI IMAX M 32
2026-05-24T20:24:58Z,M,31,sold,False,BFI IMAX M 31
2026-05-24T20:24:58Z,M,30,sold,False,BFI IMAX M 30
2026-05-24T20:24:58Z,M,29,sold,False,BFI IMAX M 29
2026-05-24T20:24:58Z,M,28,sold,False,BFI IMAX M 28
2026-05-24T20:24:58Z,M,27,sold,False,BFI IMAX M 27
2026-05-24T20:24:58Z,M,8,sold,False,BFI IMAX M 8
2026-05-24T20:24:58Z,M,7,sold,False,BFI IMAX M 7
2026-05-24T20:24:58Z,M,6,sold,False,BFI IMAX M 6
2026-05-24T20:24:58Z,M,5,sold,False,BFI IMAX M 5
2026-05-24T20:24:58Z,M,4,sold,False,BFI IMAX M 4
2026-05-24T20:24:58Z,M,3,sold,False,BFI IMAX M 3
2026-05-24T20:24:58Z,M,2,sold,False,BFI IMAX M 2
2026-05-24T20:24:58Z,M,1,sold,False,BFI IMAX M 1
2026-05-24T20:24:58Z,N,34,unavailable,False,BFI IMAX N 34
2026-05-24T20:24:58Z,N,33,unavailable,False,BFI IMAX N 33
2026-05-24T20:24:58Z,N,32,unavailable,False,BFI IMAX N 32
2026-05-24T20:24:58Z,N,31,unavailable,False,BFI IMAX N 31
2026-05-24T20:24:58Z,N,30,unavailable,False,BFI IMAX N 30
2026-05-24T20:24:58Z,N,29,unavailable,False,BFI IMAX N 29
2026-05-24T20:24:58Z,N,28,unavailable,False,BFI IMAX N 28
2026-05-24T20:24:58Z,N,27,unavailable,False,BFI IMAX N 27
2026-05-24T20:24:58Z,A,11,available,False,BFI IMAX A 11
2026-05-24T20:24:58Z,A,10,available,False,BFI IMAX A 10
2026-05-24T20:24:58Z,N,6,sold,False,BFI IMAX N 6
2026-05-24T20:24:58Z,N,5,sold,False,BFI IMAX N 5
2026-05-24T20:24:58Z,N,4,sold,False,BFI IMAX N 4
2026-05-24T20:24:58Z,N,3,sold,False,BFI IMAX N 3
2026-05-24T20:24:58Z,N,2,sold,False,BFI IMAX N 2
2026-05-24T20:24:58Z,N,1,sold,False,BFI IMAX N 1
2026-05-24T20:24:58Z,P,31,unavailable,False,BFI IMAX P 31
2026-05-24T20:24:58Z,A,9,available,False,BFI IMAX A 9
2026-05-24T20:24:58Z,A,8,available,False,BFI IMAX A 8
2026-05-24T20:24:58Z,P,26,unavailable,False,BFI IMAX P 26
2026-05-24T20:24:58Z,P,6,sold,False,BFI IMAX P 6
2026-05-24T20:24:58Z,A,7,available,False,BFI IMAX A 7
2026-05-24T20:24:58Z,A,6,available,False,BFI IMAX A 6
2026-05-24T20:24:58Z,P,1,unavailable,False,BFI IMAX P 1
2026-05-24T20:24:58Z,M,11,sold,False,BFI IMAX M 11
2026-05-24T20:24:58Z,M,10,sold,False,BFI IMAX M 10
2026-05-24T20:24:58Z,M,9,sold,False,BFI IMAX M 9
2026-05-24T20:24:58Z,L,9,sold,False,BFI IMAX L 9
2026-05-24T20:24:58Z,L,25,sold,False,BFI IMAX L 25
2026-05-24T20:24:58Z,L,24,sold,False,BFI IMAX L 24
2026-05-24T20:24:58Z,L,23,sold,False,BFI IMAX L 23
2026-05-24T20:24:58Z,L,22,sold,False,BFI IMAX L 22
2026-05-24T20:24:58Z,L,21,sold,False,BFI IMAX L 21
2026-05-24T20:24:58Z,L,20,sold,False,BFI IMAX L 20
2026-05-24T20:24:58Z,L,19,sold,False,BFI IMAX L 19
2026-05-24T20:24:58Z,L,18,sold,False,BFI IMAX L 18
2026-05-24T20:24:58Z,L,17,sold,False,BFI IMAX L 17
2026-05-24T20:24:58Z,L,16,sold,False,BFI IMAX L 16
2026-05-24T20:24:58Z,L,15,sold,False,BFI IMAX L 15
2026-05-24T20:24:58Z,L,14,sold,False,BFI IMAX L 14
2026-05-24T20:24:58Z,L,13,sold,False,BFI IMAX L 13
2026-05-24T20:24:58Z,L,12,sold,False,BFI IMAX L 12
2026-05-24T20:24:58Z,L,11,sold,False,BFI IMAX L 11
2026-05-24T20:24:58Z,N,26,unavailable,False,BFI IMAX N 26
2026-05-24T20:24:58Z,N,25,unavailable,False,BFI IMAX N 25
2026-05-24T20:24:58Z,N,24,unavailable,False,BFI IMAX N 24
2026-05-24T20:24:58Z,N,23,unavailable,False,BFI IMAX N 23
2026-05-24T20:24:58Z,N,22,sold,False,BFI IMAX N 22
2026-05-24T20:24:58Z,N,21,sold,False,BFI IMAX N 21
2026-05-24T20:24:58Z,N,20,sold,False,BFI IMAX N 20
2026-05-24T20:24:58Z,N,19,sold,False,BFI IMAX N 19
2026-05-24T20:24:58Z,N,18,sold,False,BFI IMAX N 18
2026-05-24T20:24:58Z,N,17,sold,False,BFI IMAX N 17
2026-05-24T20:24:58Z,N,16,sold,False,BFI IMAX N 16
2026-05-24T20:24:58Z,N,15,sold,False,BFI IMAX N 15
2026-05-24T20:24:58Z,N,14,sold,False,BFI IMAX N 14
2026-05-24T20:24:58Z,N,13,sold,False,BFI IMAX N 13
2026-05-24T20:24:58Z,N,12,unavailable,False,BFI IMAX N 12
2026-05-24T20:24:58Z,N,11,unavailable,False,BFI IMAX N 11
2026-05-24T20:24:58Z,N,10,unavailable,False,BFI IMAX N 10
2026-05-24T20:24:58Z,N,9,unavailable,False,BFI IMAX N 9
2026-05-24T20:24:58Z,L,10,sold,False,BFI IMAX L 10
2026-05-24T20:24:58Z,M,26,sold,False,BFI IMAX M 26
2026-05-24T20:24:58Z,M,25,sold,False,BFI IMAX M 25
2026-05-24T20:24:58Z,M,24,sold,False,BFI IMAX M 24
2026-05-24T20:24:58Z,M,23,sold,False,BFI IMAX M 23
2026-05-24T20:24:58Z,M,22,sold,False,BFI IMAX M 22
2026-05-24T20:24:58Z,M,21,sold,False,BFI IMAX M 21
2026-05-24T20:24:58Z,M,20,sold,False,BFI IMAX M 20
2026-05-24T20:24:58Z,M,19,sold,False,BFI IMAX M 19
2026-05-24T20:24:58Z,M,18,sold,False,BFI IMAX M 18
2026-05-24T20:24:58Z,M,17,sold,False,BFI IMAX M 17
2026-05-24T20:24:58Z,M,16,sold,False,BFI IMAX M 16
2026-05-24T20:24:58Z,M,15,sold,False,BFI IMAX M 15
2026-05-24T20:24:58Z,M,14,sold,False,BFI IMAX M 14
2026-05-24T20:24:58Z,M,13,sold,False,BFI IMAX M 13
2026-05-24T20:24:58Z,M,12,sold,False,BFI IMAX M 12
2026-05-24T20:24:58Z,P,30,unavailable,True,BFI IMAX P 30
2026-05-24T20:24:58Z,P,27,unavailable,True,BFI IMAX P 27
2026-05-24T20:24:58Z,P,2,unavailable,True,BFI IMAX P 2
2026-05-24T20:24:58Z,P,5,sold,True,BFI IMAX P 5
2026-05-24T20:24:58Z,P,19,sold,False,BFI IMAX P 19
2026-05-24T20:24:58Z,P,18,sold,False,BFI IMAX P 18
2026-05-24T20:24:58Z,P,17,sold,False,BFI IMAX P 17
2026-05-24T20:24:58Z,P,16,sold,False,BFI IMAX P 16
2026-05-24T20:24:58Z,P,15,sold,False,BFI IMAX P 15
2026-05-24T20:24:58Z,P,14,sold,False,BFI IMAX P 14
2026-05-24T20:24:58Z,P,13,sold,False,BFI IMAX P 13
2026-05-24T20:24:58Z,P,12,sold,False,BFI IMAX P 12
2026-05-24T20:24:58Z,P,11,sold,False,BFI IMAX P 11
2026-05-24T20:24:58Z,P,10,sold,False,BFI IMAX P 10
2026-05-24T20:24:58Z,P,9,sold,False,BFI IMAX P 9
2026-05-24T20:24:58Z,P,8,sold,False,BFI IMAX P 8
2026-05-24T20:24:58Z,P,7,sold,False,BFI IMAX P 7
2026-05-24T20:24:58Z,P,25,sold,False,BFI IMAX P 25
2026-05-24T20:24:58Z,P,24,sold,False,BFI IMAX P 24
2026-05-24T20:24:58Z,P,23,sold,False,BFI IMAX P 23
2026-05-24T20:24:58Z,P,22,sold,False,BFI IMAX P 22
2026-05-24T20:24:58Z,P,21,sold,False,BFI IMAX P 21
2026-05-24T20:24:58Z,P,20,sold,False,BFI IMAX P 20
2026-05-24T20:24:58Z,Q,18,sold,False,BFI IMAX Q 18
2026-05-24T20:24:58Z,Q,17,sold,False,BFI IMAX Q 17
2026-05-24T20:24:58Z,Q,16,sold,False,BFI IMAX Q 16
2026-05-24T20:24:58Z,Q,15,sold,False,BFI IMAX Q 15
2026-05-24T20:24:58Z,Q,14,sold,False,BFI IMAX Q 14
2026-05-24T20:24:58Z,Q,13,sold,False,BFI IMAX Q 13
2026-05-24T20:24:58Z,Q,12,sold,False,BFI IMAX Q 12
2026-05-24T20:24:58Z,Q,11,sold,False,BFI IMAX Q 11
2026-05-24T20:24:58Z,Q,10,sold,False,BFI IMAX Q 10
2026-05-24T20:24:58Z,Q,9,sold,False,BFI IMAX Q 9
2026-05-24T20:24:58Z,Q,8,sold,False,BFI IMAX Q 8
2026-05-24T20:24:58Z,Q,7,sold,False,BFI IMAX Q 7
2026-05-24T20:24:58Z,Q,6,sold,False,BFI IMAX Q 6
2026-05-24T20:24:58Z,Q,5,sold,False,BFI IMAX Q 5
2026-05-24T20:24:58Z,Q,4,sold,False,BFI IMAX Q 4
2026-05-24T20:24:58Z,Q,3,sold,False,BFI IMAX Q 3
2026-05-24T20:24:58Z,Q,2,sold,False,BFI IMAX Q 2
2026-05-24T20:24:58Z,Q,1,sold,False,BFI IMAX Q 1
2026-05-24T20:52:33Z,K,27,unavailable,False,BFI IMAX K 27
2026-05-24T20:52:33Z,K,26,unavailable,False,BFI IMAX K 26
2026-05-24T20:52:33Z,N,8,unavailable,False,BFI IMAX N 8
2026-05-24T20:52:33Z,N,7,unavailable,False,BFI IMAX N 7
2026-05-24T20:52:33Z,P,29,unavailable,True,BFI IMAX P 29
2026-05-24T20:52:33Z,P,28,unavailable,True,BFI IMAX P 28
2026-05-24T20:52:33Z,P,4,unavailable,True,BFI IMAX P 4
2026-05-24T20:52:33Z,P,3,unavailable,True,BFI IMAX P 3
2026-05-24T20:52:33Z,A,5,available,False,BFI IMAX A 5
2026-05-24T20:52:33Z,A,4,available,False,BFI IMAX A 4
2026-05-24T20:52:33Z,A,3,available,False,BFI IMAX A 3
2026-05-24T20:52:33Z,A,2,available,False,BFI IMAX A 2
2026-05-24T20:52:33Z,A,1,available,False,BFI IMAX A 1
2026-05-24T20:52:33Z,B,36,available,False,BFI IMAX B 36
2026-05-24T20:52:33Z,B,35,available,False,BFI IMAX B 35
2026-05-24T20:52:33Z,B,34,available,False,BFI IMAX B 34
2026-05-24T20:52:33Z,B,33,available,False,BFI IMAX B 33
2026-05-24T20:52:33Z,B,32,available,False,BFI IMAX B 32
2026-05-24T20:52:33Z,B,31,available,False,BFI IMAX B 31
2026-05-24T20:52:33Z,B,30,available,False,BFI IMAX B 30
2026-05-24T20:52:33Z,B,29,available,False,BFI IMAX B 29
2026-05-24T20:52:33Z,B,28,available,False,BFI IMAX B 28
2026-05-24T20:52:33Z,B,27,available,False,BFI IMAX B 27
2026-05-24T20:52:33Z,B,26,available,False,BFI IMAX B 26
2026-05-24T20:52:33Z,B,25,available,False,BFI IMAX B 25
2026-05-24T20:52:33Z,B,24,available,False,BFI IMAX B 24
2026-05-24T20:52:33Z,B,23,sold,False,BFI IMAX B 23
2026-05-24T20:52:33Z,B,22,sold,False,BFI IMAX B 22
2026-05-24T20:52:33Z,B,21,sold,False,BFI IMAX B 21
2026-05-24T20:52:33Z,B,20,sold,False,BFI IMAX B 20
2026-05-24T20:52:33Z,B,19,sold,False,BFI IMAX B 19
2026-05-24T20:52:33Z,B,18,sold,False,BFI IMAX B 18
2026-05-24T20:52:33Z,B,17,sold,False,BFI IMAX B 17
2026-05-24T20:52:33Z,B,16,sold,False,BFI IMAX B 16
2026-05-24T20:52:33Z,B,15,available,False,BFI IMAX B 15
2026-05-24T20:52:33Z,B,14,available,False,BFI IMAX B 14
2026-05-24T20:52:33Z,B,13,available,False,BFI IMAX B 13
2026-05-24T20:52:33Z,B,12,available,False,BFI IMAX B 12
2026-05-24T20:52:33Z,B,11,available,False,BFI IMAX B 11
2026-05-24T20:52:33Z,B,10,available,False,BFI IMAX B 10
2026-05-24T20:52:33Z,B,9,available,False,BFI IMAX B 9
2026-05-24T20:52:33Z,B,8,available,False,BFI IMAX B 8
2026-05-24T20:52:33Z,B,7,available,False,BFI IMAX B 7
2026-05-24T20:52:33Z,B,6,available,False,BFI IMAX B 6
2026-05-24T20:52:33Z,B,5,available,False,BFI IMAX B 5
2026-05-24T20:52:33Z,B,4,available,False,BFI IMAX B 4
2026-05-24T20:52:33Z,B,3,available,False,BFI IMAX B 3
2026-05-24T20:52:33Z,B,2,available,False,BFI IMAX B 2
2026-05-24T20:52:33Z,B,1,available,False,BFI IMAX B 1
2026-05-24T20:52:33Z,C,36,available,False,BFI IMAX C 36
2026-05-24T20:52:33Z,C,35,available,False,BFI IMAX C 35
2026-05-24T20:52:33Z,C,34,available,False,BFI IMAX C 34
2026-05-24T20:52:33Z,C,33,available,False,BFI IMAX C 33
2026-05-24T20:52:33Z,C,32,available,False,BFI IMAX C 32
2026-05-24T20:52:33Z,C,31,available,False,BFI IMAX C 31
2026-05-24T20:52:33Z,C,30,available,False,BFI IMAX C 30
2026-05-24T20:52:33Z,C,29,available,False,BFI IMAX C 29
2026-05-24T20:52:33Z,C,28,available,False,BFI IMAX C 28
2026-05-24T20:52:33Z,C,27,available,False,BFI IMAX C 27
2026-05-24T20:52:33Z,C,26,available,False,BFI IMAX C 26
2026-05-24T20:52:33Z,C,25,sold,False,BFI IMAX C 25
2026-05-24T20:52:33Z,C,24,sold,False,BFI IMAX C 24
2026-05-24T20:52:33Z,C,23,sold,False,BFI IMAX C 23
2026-05-24T20:52:33Z,C,22,sold,False,BFI IMAX C 22
2026-05-24T20:52:33Z,C,21,sold,False,BFI IMAX C 21
2026-05-24T20:52:33Z,C,20,sold,False,BFI IMAX C 20
2026-05-24T20:52:33Z,C,19,sold,False,BFI IMAX C 19
2026-05-24T20:52:33Z,C,18,sold,False,BFI IMAX C 18
2026-05-24T20:52:33Z,C,17,sold,False,BFI IMAX C 17
2026-05-24T20:52:33Z,C,16,sold,False,BFI IMAX C 16
2026-05-24T20:52:33Z,C,15,sold,False,BFI IMAX C 15
2026-05-24T20:52:33Z,C,14,sold,False,BFI IMAX C 14
2026-05-24T20:52:33Z,C,13,sold,False,BFI IMAX C 13
2026-05-24T20:52:33Z,C,12,sold,False,BFI IMAX C 12
2026-05-24T20:52:33Z,C,11,sold,False,BFI IMAX C 11
2026-05-24T20:52:33Z,C,10,sold,False,BFI IMAX C 10
2026-05-24T20:52:33Z,C,9,available,False,BFI IMAX C 9
2026-05-24T20:52:33Z,C,8,available,False,BFI IMAX C 8
2026-05-24T20:52:33Z,C,7,available,False,BFI IMAX C 7
2026-05-24T20:52:33Z,C,6,available,False,BFI IMAX C 6
2026-05-24T20:52:33Z,C,5,available,False,BFI IMAX C 5
2026-05-24T20:52:33Z,C,4,available,False,BFI IMAX C 4
2026-05-24T20:52:33Z,C,3,available,False,BFI IMAX C 3
2026-05-24T20:52:33Z,C,2,available,False,BFI IMAX C 2
2026-05-24T20:52:33Z,C,1,available,False,BFI IMAX C 1
2026-05-24T20:52:33Z,D,37,available,False,BFI IMAX D 37
2026-05-24T20:52:33Z,D,36,available,False,BFI IMAX D 36
2026-05-24T20:52:33Z,D,35,available,False,BFI IMAX D 35
2026-05-24T20:52:33Z,D,34,available,False,BFI IMAX D 34
2026-05-24T20:52:33Z,D,33,available,False,BFI IMAX D 33
2026-05-24T20:52:33Z,D,32,available,False,BFI IMAX D 32
2026-05-24T20:52:33Z,D,31,available,False,BFI IMAX D 31
2026-05-24T20:52:33Z,D,30,sold,False,BFI IMAX D 30
2026-05-24T20:52:33Z,D,29,sold,False,BFI IMAX D 29
2026-05-24T20:52:33Z,D,28,sold,False,BFI IMAX D 28
2026-05-24T20:52:33Z,D,27,sold,False,BFI IMAX D 27
2026-05-24T20:52:33Z,D,26,sold,False,BFI IMAX D 26
2026-05-24T20:52:33Z,D,25,sold,False,BFI IMAX D 25
2026-05-24T20:52:33Z,D,24,sold,False,BFI IMAX D 24
2026-05-24T20:52:33Z,D,23,sold,False,BFI IMAX D 23
2026-05-24T20:52:33Z,D,22,sold,False,BFI IMAX D 22
2026-05-24T20:52:33Z,D,21,sold,False,BFI IMAX D 21
2026-05-24T20:52:33Z,D,20,sold,False,BFI IMAX D 20
2026-05-24T20:52:33Z,D,19,sold,False,BFI IMAX D 19
2026-05-24T20:52:33Z,D,18,sold,False,BFI IMAX D 18
2026-05-24T20:52:33Z,D,17,sold,False,BFI IMAX D 17
2026-05-24T20:52:33Z,D,16,sold,False,BFI IMAX D 16
2026-05-24T20:52:33Z,D,15,sold,False,BFI IMAX D 15
2026-05-24T20:52:33Z,D,14,sold,False,BFI IMAX D 14
2026-05-24T20:52:33Z,D,13,sold,False,BFI IMAX D 13
2026-05-24T20:52:33Z,D,12,sold,False,BFI IMAX D 12
2026-05-24T20:52:33Z,D,11,sold,False,BFI IMAX D 11
2026-05-24T20:52:33Z,D,10,sold,False,BFI IMAX D 10
2026-05-24T20:52:33Z,D,9,sold,False,BFI IMAX D 9
2026-05-24T20:52:33Z,D,8,sold,False,BFI IMAX D 8
2026-05-24T20:52:33Z,D,7,sold,False,BFI IMAX D 7
2026-05-24T20:52:33Z,D,6,available,False,BFI IMAX D 6
2026-05-24T20:52:33Z,D,5,available,False,BFI IMAX D 5
2026-05-24T20:52:33Z,D,4,available,False,BFI IMAX D 4
2026-05-24T20:52:33Z,D,3,available,False,BFI IMAX D 3
2026-05-24T20:52:33Z,D,2,available,False,BFI IMAX D 2
2026-05-24T20:52:33Z,D,1,available,False,BFI IMAX D 1
2026-05-24T20:52:33Z,E,37,available,False,BFI IMAX E 37
2026-05-24T20:52:33Z,E,36,available,False,BFI IMAX E 36
2026-05-24T20:52:33Z,E,35,available,False,BFI IMAX E 35
2026-05-24T20:52:33Z,E,34,available,False,BFI IMAX E 34
2026-05-24T20:52:33Z,E,33,available,False,BFI IMAX E 33
2026-05-24T20:52:33Z,E,32,sold,False,BFI IMAX E 32
2026-05-24T20:52:33Z,E,31,sold,False,BFI IMAX E 31
2026-05-24T20:52:33Z,E,30,sold,False,BFI IMAX E 30
2026-05-24T20:52:33Z,E,29,sold,False,BFI IMAX E 29
2026-05-24T20:52:33Z,E,28,sold,False,BFI IMAX E 28
2026-05-24T20:52:33Z,E,27,sold,False,BFI IMAX E 27
2026-05-24T20:52:33Z,E,26,sold,False,BFI IMAX E 26
2026-05-24T20:52:33Z,E,25,sold,False,BFI IMAX E 25
2026-05-24T20:52:33Z,E,24,sold,False,BFI IMAX E 24
2026-05-24T20:52:33Z,E,23,sold,False,BFI IMAX E 23
2026-05-24T20:52:33Z,E,22,sold,False,BFI IMAX E 22
2026-05-24T20:52:33Z,E,21,sold,False,BFI IMAX E 21
2026-05-24T20:52:33Z,E,20,sold,False,BFI IMAX E 20
2026-05-24T20:52:33Z,E,19,sold,False,BFI IMAX E 19
2026-05-24T20:52:33Z,E,18,sold,False,BFI IMAX E 18
2026-05-24T20:52:33Z,E,17,sold,False,BFI IMAX E 17
2026-05-24T20:52:33Z,E,16,sold,False,BFI IMAX E 16
2026-05-24T20:52:33Z,E,15,sold,False,BFI IMAX E 15
2026-05-24T20:52:33Z,E,14,sold,False,BFI IMAX E 14
2026-05-24T20:52:33Z,E,13,sold,False,BFI IMAX E 13
2026-05-24T20:52:33Z,E,12,sold,False,BFI IMAX E 12
2026-05-24T20:52:33Z,E,11,sold,False,BFI IMAX E 11
2026-05-24T20:52:33Z,E,10,sold,False,BFI IMAX E 10
2026-05-24T20:52:33Z,E,9,sold,False,BFI IMAX E 9
2026-05-24T20:52:33Z,E,8,sold,False,BFI IMAX E 8
2026-05-24T20:52:33Z,E,7,sold,False,BFI IMAX E 7
2026-05-24T20:52:33Z,E,6,sold,False,BFI IMAX E 6
2026-05-24T20:52:33Z,E,5,sold,False,BFI IMAX E 5
2026-05-24T20:52:33Z,E,4,available,False,BFI IMAX E 4
2026-05-24T20:52:33Z,E,3,available,False,BFI IMAX E 3
2026-05-24T20:52:33Z,E,2,available,False,BFI IMAX E 2
2026-05-24T20:52:33Z,E,1,available,False,BFI IMAX E 1
2026-05-24T20:52:33Z,F,38,available,False,BFI IMAX F 38
2026-05-24T20:52:33Z,F,37,sold,False,BFI IMAX F 37
2026-05-24T20:52:33Z,F,36,sold,False,BFI IMAX F 36
2026-05-24T20:52:33Z,F,35,sold,False,BFI IMAX F 35
2026-05-24T20:52:33Z,F,34,sold,False,BFI IMAX F 34
2026-05-24T20:52:33Z,F,33,sold,False,BFI IMAX F 33
2026-05-24T20:52:33Z,F,32,sold,False,BFI IMAX F 32
2026-05-24T20:52:33Z,F,31,sold,False,BFI IMAX F 31
2026-05-24T20:52:33Z,F,30,sold,False,BFI IMAX F 30
2026-05-24T20:52:33Z,F,29,sold,False,BFI IMAX F 29
2026-05-24T20:52:33Z,F,28,sold,False,BFI IMAX F 28
2026-05-24T20:52:33Z,F,27,sold,False,BFI IMAX F 27
2026-05-24T20:52:33Z,F,26,sold,False,BFI IMAX F 26
2026-05-24T20:52:33Z,F,25,sold,False,BFI IMAX F 25
2026-05-24T20:52:33Z,F,24,sold,False,BFI IMAX F 24
2026-05-24T20:52:33Z,F,23,sold,False,BFI IMAX F 23
2026-05-24T20:52:33Z,F,22,sold,False,BFI IMAX F 22
2026-05-24T20:52:33Z,F,21,sold,False,BFI IMAX F 21
2026-05-24T20:52:33Z,F,20,sold,False,BFI IMAX F 20
2026-05-24T20:52:33Z,F,19,sold,False,BFI IMAX F 19
2026-05-24T20:52:33Z,F,18,sold,False,BFI IMAX F 18
2026-05-24T20:52:33Z,F,17,sold,False,BFI IMAX F 17
2026-05-24T20:52:33Z,F,16,sold,False,BFI IMAX F 16
2026-05-24T20:52:33Z,F,15,sold,False,BFI IMAX F 15
2026-05-24T20:52:33Z,F,14,sold,False,BFI IMAX F 14
2026-05-24T20:52:33Z,F,13,sold,False,BFI IMAX F 13
2026-05-24T20:52:33Z,F,12,sold,False,BFI IMAX F 12
2026-05-24T20:52:33Z,F,11,sold,False,BFI IMAX F 11
2026-05-24T20:52:33Z,F,10,sold,False,BFI IMAX F 10
2026-05-24T20:52:33Z,F,9,sold,False,BFI IMAX F 9
2026-05-24T20:52:33Z,F,8,sold,False,BFI IMAX F 8
2026-05-24T20:52:33Z,F,7,sold,False,BFI IMAX F 7
2026-05-24T20:52:33Z,F,6,sold,False,BFI IMAX F 6
2026-05-24T20:52:33Z,F,5,sold,False,BFI IMAX F 5
2026-05-24T20:52:33Z,F,4,sold,False,BFI IMAX F 4
2026-05-24T20:52:33Z,F,3,sold,False,BFI IMAX F 3
2026-05-24T20:52:33Z,F,2,sold,False,BFI IMAX F 2
2026-05-24T20:52:33Z,F,1,sold,False,BFI IMAX F 1
2026-05-24T20:52:33Z,G,37,sold,False,BFI IMAX G 37
2026-05-24T20:52:33Z,G,36,sold,False,BFI IMAX G 36
2026-05-24T20:52:33Z,G,35,sold,False,BFI IMAX G 35
2026-05-24T20:52:33Z,G,34,sold,False,BFI IMAX G 34
2026-05-24T20:52:33Z,G,33,sold,False,BFI IMAX G 33
2026-05-24T20:52:33Z,G,32,sold,False,BFI IMAX G 32
2026-05-24T20:52:33Z,G,31,sold,False,BFI IMAX G 31
2026-05-24T20:52:33Z,G,30,sold,False,BFI IMAX G 30
2026-05-24T20:52:33Z,G,29,sold,False,BFI IMAX G 29
2026-05-24T20:52:33Z,G,28,sold,False,BFI IMAX G 28
2026-05-24T20:52:33Z,G,27,sold,False,BFI IMAX G 27
2026-05-24T20:52:33Z,G,26,sold,False,BFI IMAX G 26
2026-05-24T20:52:33Z,G,25,sold,False,BFI IMAX G 25
2026-05-24T20:52:33Z,G,24,sold,False,BFI IMAX G 24
2026-05-24T20:52:33Z,G,23,sold,False,BFI IMAX G 23
2026-05-24T20:52:33Z,G,22,sold,False,BFI IMAX G 22
2026-05-24T20:52:33Z,G,21,sold,False,BFI IMAX G 21
2026-05-24T20:52:33Z,G,20,sold,False,BFI IMAX G 20
2026-05-24T20:52:33Z,G,19,sold,False,BFI IMAX G 19
2026-05-24T20:52:33Z,G,18,sold,False,BFI IMAX G 18
2026-05-24T20:52:33Z,G,17,sold,False,BFI IMAX G 17
2026-05-24T20:52:33Z,G,16,sold,False,BFI IMAX G 16
2026-05-24T20:52:33Z,G,15,sold,False,BFI IMAX G 15
2026-05-24T20:52:33Z,G,14,sold,False,BFI IMAX G 14
2026-05-24T20:52:33Z,G,13,sold,False,BFI IMAX G 13
2026-05-24T20:52:33Z,G,12,sold,False,BFI IMAX G 12
2026-05-24T20:52:33Z,G,11,sold,False,BFI IMAX G 11
2026-05-24T20:52:33Z,G,10,sold,False,BFI IMAX G 10
2026-05-24T20:52:33Z,G,9,sold,False,BFI IMAX G 9
2026-05-24T20:52:33Z,G,8,sold,False,BFI IMAX G 8
2026-05-24T20:52:33Z,G,7,sold,False,BFI IMAX G 7
2026-05-24T20:52:33Z,G,6,sold,False,BFI IMAX G 6
2026-05-24T20:52:33Z,G,5,sold,False,BFI IMAX G 5
2026-05-24T20:52:33Z,G,4,sold,False,BFI IMAX G 4
2026-05-24T20:52:33Z,G,3,sold,False,BFI IMAX G 3
2026-05-24T20:52:33Z,G,2,sold,False,BFI IMAX G 2
2026-05-24T20:52:33Z,G,1,sold,False,BFI IMAX G 1
2026-05-24T20:52:33Z,H,37,sold,False,BFI IMAX H 37
2026-05-24T20:52:33Z,H,36,sold,False,BFI IMAX H 36
2026-05-24T20:52:33Z,H,35,sold,False,BFI IMAX H 35
2026-05-24T20:52:33Z,H,34,sold,False,BFI IMAX H 34
2026-05-24T20:52:33Z,H,33,sold,False,BFI IMAX H 33
2026-05-24T20:52:33Z,H,32,sold,False,BFI IMAX H 32
2026-05-24T20:52:33Z,H,31,sold,False,BFI IMAX H 31
2026-05-24T20:52:33Z,H,30,sold,False,BFI IMAX H 30
2026-05-24T20:52:33Z,H,29,sold,False,BFI IMAX H 29
2026-05-24T20:52:33Z,H,28,sold,False,BFI IMAX H 28
2026-05-24T20:52:33Z,H,27,sold,False,BFI IMAX H 27
2026-05-24T20:52:33Z,H,26,sold,False,BFI IMAX H 26
2026-05-24T20:52:33Z,H,25,sold,False,BFI IMAX H 25
2026-05-24T20:52:33Z,H,24,sold,False,BFI IMAX H 24
2026-05-24T20:52:33Z,H,23,sold,False,BFI IMAX H 23
2026-05-24T20:52:33Z,H,22,sold,False,BFI IMAX H 22
2026-05-24T20:52:33Z,H,21,sold,False,BFI IMAX H 21
2026-05-24T20:52:33Z,H,20,sold,False,BFI IMAX H 20
2026-05-24T20:52:33Z,H,19,sold,False,BFI IMAX H 19
2026-05-24T20:52:33Z,H,18,sold,False,BFI IMAX H 18
2026-05-24T20:52:33Z,H,17,sold,False,BFI IMAX H 17
2026-05-24T20:52:33Z,H,16,sold,False,BFI IMAX H 16
2026-05-24T20:52:33Z,H,15,sold,False,BFI IMAX H 15
2026-05-24T20:52:33Z,H,14,sold,False,BFI IMAX H 14
2026-05-24T20:52:33Z,H,13,sold,False,BFI IMAX H 13
2026-05-24T20:52:33Z,H,12,sold,False,BFI IMAX H 12
2026-05-24T20:52:33Z,H,11,sold,False,BFI IMAX H 11
2026-05-24T20:52:33Z,H,10,sold,False,BFI IMAX H 10
2026-05-24T20:52:33Z,H,9,sold,False,BFI IMAX H 9
2026-05-24T20:52:33Z,H,8,sold,False,BFI IMAX H 8
2026-05-24T20:52:33Z,H,7,sold,False,BFI IMAX H 7
2026-05-24T20:52:33Z,H,6,sold,False,BFI IMAX H 6
2026-05-24T20:52:33Z,H,5,sold,False,BFI IMAX H 5
2026-05-24T20:52:33Z,H,4,sold,False,BFI IMAX H 4
2026-05-24T20:52:33Z,H,3,sold,False,BFI IMAX H 3
2026-05-24T20:52:33Z,H,2,sold,False,BFI IMAX H 2
2026-05-24T20:52:33Z,H,1,sold,False,BFI IMAX H 1
2026-05-24T20:52:33Z,J,36,sold,False,BFI IMAX J 36
2026-05-24T20:52:33Z,J,35,sold,False,BFI IMAX J 35
2026-05-24T20:52:33Z,J,34,sold,False,BFI IMAX J 34
2026-05-24T20:52:33Z,J,33,sold,False,BFI IMAX J 33
2026-05-24T20:52:33Z,J,32,sold,False,BFI IMAX J 32
2026-05-24T20:52:33Z,J,31,sold,False,BFI IMAX J 31
2026-05-24T20:52:33Z,J,30,sold,False,BFI IMAX J 30
2026-05-24T20:52:33Z,J,29,sold,False,BFI IMAX J 29
2026-05-24T20:52:33Z,J,28,sold,False,BFI IMAX J 28
2026-05-24T20:52:33Z,J,27,sold,False,BFI IMAX J 27
2026-05-24T20:52:33Z,J,26,sold,False,BFI IMAX J 26
2026-05-24T20:52:33Z,J,25,sold,False,BFI IMAX J 25
2026-05-24T20:52:33Z,J,24,sold,False,BFI IMAX J 24
2026-05-24T20:52:33Z,J,23,sold,False,BFI IMAX J 23
2026-05-24T20:52:33Z,J,22,sold,False,BFI IMAX J 22
2026-05-24T20:52:33Z,J,21,sold,False,BFI IMAX J 21
2026-05-24T20:52:33Z,J,20,sold,False,BFI IMAX J 20
2026-05-24T20:52:33Z,J,19,sold,False,BFI IMAX J 19
2026-05-24T20:52:33Z,J,18,sold,False,BFI IMAX J 18
2026-05-24T20:52:33Z,J,17,sold,False,BFI IMAX J 17
2026-05-24T20:52:33Z,J,16,sold,False,BFI IMAX J 16
2026-05-24T20:52:33Z,J,15,sold,False,BFI IMAX J 15
2026-05-24T20:52:33Z,J,14,sold,False,BFI IMAX J 14
2026-05-24T20:52:33Z,J,13,sold,False,BFI IMAX J 13
2026-05-24T20:52:33Z,J,12,sold,False,BFI IMAX J 12
2026-05-24T20:52:33Z,J,11,sold,False,BFI IMAX J 11
2026-05-24T20:52:33Z,J,10,sold,False,BFI IMAX J 10
2026-05-24T20:52:33Z,J,9,sold,False,BFI IMAX J 9
2026-05-24T20:52:33Z,J,8,sold,False,BFI IMAX J 8
2026-05-24T20:52:33Z,J,7,sold,False,BFI IMAX J 7
2026-05-24T20:52:33Z,J,6,sold,False,BFI IMAX J 6
2026-05-24T20:52:33Z,J,5,sold,False,BFI IMAX J 5
2026-05-24T20:52:33Z,J,4,sold,False,BFI IMAX J 4
2026-05-24T20:52:33Z,J,3,sold,False,BFI IMAX J 3
2026-05-24T20:52:33Z,J,2,sold,False,BFI IMAX J 2
2026-05-24T20:52:33Z,J,1,sold,False,BFI IMAX J 1
2026-05-24T20:52:33Z,K,36,sold,False,BFI IMAX K 36
2026-05-24T20:52:33Z,K,35,sold,False,BFI IMAX K 35
2026-05-24T20:52:33Z,K,34,sold,False,BFI IMAX K 34
2026-05-24T20:52:33Z,K,33,sold,False,BFI IMAX K 33
2026-05-24T20:52:33Z,K,32,sold,False,BFI IMAX K 32
2026-05-24T20:52:33Z,K,31,sold,False,BFI IMAX K 31
2026-05-24T20:52:33Z,K,30,sold,False,BFI IMAX K 30
2026-05-24T20:52:33Z,K,29,sold,False,BFI IMAX K 29
2026-05-24T20:52:33Z,K,28,sold,False,BFI IMAX K 28
2026-05-24T20:52:33Z,A,13,available,False,BFI IMAX A 13
2026-05-24T20:52:33Z,A,12,available,False,BFI IMAX A 12
2026-05-24T20:52:33Z,K,25,sold,False,BFI IMAX K 25
2026-05-24T20:52:33Z,K,24,sold,False,BFI IMAX K 24
2026-05-24T20:52:33Z,K,23,sold,False,BFI IMAX K 23
2026-05-24T20:52:33Z,K,22,sold,False,BFI IMAX K 22
2026-05-24T20:52:33Z,K,21,sold,False,BFI IMAX K 21
2026-05-24T20:52:33Z,K,20,sold,False,BFI IMAX K 20
2026-05-24T20:52:33Z,K,19,sold,False,BFI IMAX K 19
2026-05-24T20:52:33Z,K,18,sold,False,BFI IMAX K 18
2026-05-24T20:52:33Z,K,17,sold,False,BFI IMAX K 17
2026-05-24T20:52:33Z,K,16,sold,False,BFI IMAX K 16
2026-05-24T20:52:33Z,K,15,sold,False,BFI IMAX K 15
2026-05-24T20:52:33Z,K,14,sold,False,BFI IMAX K 14
2026-05-24T20:52:33Z,K,13,sold,False,BFI IMAX K 13
2026-05-24T20:52:33Z,K,12,sold,False,BFI IMAX K 12
2026-05-24T20:52:33Z,K,11,sold,False,BFI IMAX K 11
2026-05-24T20:52:33Z,K,10,sold,False,BFI IMAX K 10
2026-05-24T20:52:33Z,K,9,sold,False,BFI IMAX K 9
2026-05-24T20:52:33Z,K,8,sold,False,BFI IMAX K 8
2026-05-24T20:52:33Z,K,7,sold,False,BFI IMAX K 7
2026-05-24T20:52:33Z,K,6,sold,False,BFI IMAX K 6
2026-05-24T20:52:33Z,K,5,sold,False,BFI IMAX K 5
2026-05-24T20:52:33Z,K,4,sold,False,BFI IMAX K 4
2026-05-24T20:52:33Z,K,3,sold,False,BFI IMAX K 3
2026-05-24T20:52:33Z,K,2,sold,False,BFI IMAX K 2
2026-05-24T20:52:33Z,K,1,sold,False,BFI IMAX K 1
2026-05-24T20:52:33Z,L,33,sold,False,BFI IMAX L 33
2026-05-24T20:52:33Z,L,32,sold,False,BFI IMAX L 32
2026-05-24T20:52:33Z,L,31,sold,False,BFI IMAX L 31
2026-05-24T20:52:33Z,L,30,sold,False,BFI IMAX L 30
2026-05-24T20:52:33Z,L,29,sold,False,BFI IMAX L 29
2026-05-24T20:52:33Z,L,28,sold,False,BFI IMAX L 28
2026-05-24T20:52:33Z,L,27,sold,False,BFI IMAX L 27
2026-05-24T20:52:33Z,L,26,sold,False,BFI IMAX L 26
2026-05-24T20:52:33Z,L,8,sold,False,BFI IMAX L 8
2026-05-24T20:52:33Z,L,7,sold,False,BFI IMAX L 7
2026-05-24T20:52:33Z,L,6,sold,False,BFI IMAX L 6
2026-05-24T20:52:33Z,L,5,sold,False,BFI IMAX L 5
2026-05-24T20:52:33Z,L,4,sold,False,BFI IMAX L 4
2026-05-24T20:52:33Z,L,3,sold,False,BFI IMAX L 3
2026-05-24T20:52:33Z,L,2,sold,False,BFI IMAX L 2
2026-05-24T20:52:33Z,L,1,sold,False,BFI IMAX L 1
2026-05-24T20:52:33Z,M,34,sold,False,BFI IMAX M 34
2026-05-24T20:52:33Z,M,33,sold,False,BFI IMAX M 33
2026-05-24T20:52:33Z,M,32,sold,False,BFI IMAX M 32
2026-05-24T20:52:33Z,M,31,sold,False,BFI IMAX M 31
2026-05-24T20:52:33Z,M,30,sold,False,BFI IMAX M 30
2026-05-24T20:52:33Z,M,29,sold,False,BFI IMAX M 29
2026-05-24T20:52:33Z,M,28,sold,False,BFI IMAX M 28
2026-05-24T20:52:33Z,M,27,sold,False,BFI IMAX M 27
2026-05-24T20:52:33Z,M,8,sold,False,BFI IMAX M 8
2026-05-24T20:52:33Z,M,7,sold,False,BFI IMAX M 7
2026-05-24T20:52:33Z,M,6,sold,False,BFI IMAX M 6
2026-05-24T20:52:33Z,M,5,sold,False,BFI IMAX M 5
2026-05-24T20:52:33Z,M,4,sold,False,BFI IMAX M 4
2026-05-24T20:52:33Z,M,3,sold,False,BFI IMAX M 3
2026-05-24T20:52:33Z,M,2,sold,False,BFI IMAX M 2
2026-05-24T20:52:33Z,M,1,sold,False,BFI IMAX M 1
2026-05-24T20:52:33Z,N,34,unavailable,False,BFI IMAX N 34
2026-05-24T20:52:33Z,N,33,unavailable,False,BFI IMAX N 33
2026-05-24T20:52:33Z,N,32,unavailable,False,BFI IMAX N 32
2026-05-24T20:52:33Z,N,31,unavailable,False,BFI IMAX N 31
2026-05-24T20:52:33Z,N,30,unavailable,False,BFI IMAX N 30
2026-05-24T20:52:33Z,N,29,unavailable,False,BFI IMAX N 29
2026-05-24T20:52:33Z,N,28,unavailable,False,BFI IMAX N 28
2026-05-24T20:52:33Z,N,27,unavailable,False,BFI IMAX N 27
2026-05-24T20:52:33Z,A,11,available,False,BFI IMAX A 11
2026-05-24T20:52:33Z,A,10,available,False,BFI IMAX A 10
2026-05-24T20:52:33Z,N,6,sold,False,BFI IMAX N 6
2026-05-24T20:52:33Z,N,5,sold,False,BFI IMAX N 5
2026-05-24T20:52:33Z,N,4,sold,False,BFI IMAX N 4
2026-05-24T20:52:33Z,N,3,sold,False,BFI IMAX N 3
2026-05-24T20:52:33Z,N,2,sold,False,BFI IMAX N 2
2026-05-24T20:52:33Z,N,1,sold,False,BFI IMAX N 1
2026-05-24T20:52:33Z,P,31,unavailable,False,BFI IMAX P 31
2026-05-24T20:52:33Z,A,9,available,False,BFI IMAX A 9
2026-05-24T20:52:33Z,A,8,available,False,BFI IMAX A 8
2026-05-24T20:52:33Z,P,26,unavailable,False,BFI IMAX P 26
2026-05-24T20:52:33Z,P,6,sold,False,BFI IMAX P 6
2026-05-24T20:52:33Z,A,7,available,False,BFI IMAX A 7
2026-05-24T20:52:33Z,A,6,available,False,BFI IMAX A 6
2026-05-24T20:52:33Z,P,1,unavailable,False,BFI IMAX P 1
2026-05-24T20:52:33Z,M,11,sold,False,BFI IMAX M 11
2026-05-24T20:52:33Z,M,10,sold,False,BFI IMAX M 10
2026-05-24T20:52:33Z,M,9,sold,False,BFI IMAX M 9
2026-05-24T20:52:33Z,L,9,sold,False,BFI IMAX L 9
2026-05-24T20:52:33Z,L,25,sold,False,BFI IMAX L 25
2026-05-24T20:52:33Z,L,24,sold,False,BFI IMAX L 24
2026-05-24T20:52:33Z,L,23,sold,False,BFI IMAX L 23
2026-05-24T20:52:33Z,L,22,sold,False,BFI IMAX L 22
2026-05-24T20:52:33Z,L,21,sold,False,BFI IMAX L 21
2026-05-24T20:52:33Z,L,20,sold,False,BFI IMAX L 20
2026-05-24T20:52:33Z,L,19,sold,False,BFI IMAX L 19
2026-05-24T20:52:33Z,L,18,sold,False,BFI IMAX L 18
2026-05-24T20:52:33Z,L,17,sold,False,BFI IMAX L 17
2026-05-24T20:52:33Z,L,16,sold,False,BFI IMAX L 16
2026-05-24T20:52:33Z,L,15,sold,False,BFI IMAX L 15
2026-05-24T20:52:33Z,L,14,sold,False,BFI IMAX L 14
2026-05-24T20:52:33Z,L,13,sold,False,BFI IMAX L 13
2026-05-24T20:52:33Z,L,12,sold,False,BFI IMAX L 12
2026-05-24T20:52:33Z,L,11,sold,False,BFI IMAX L 11
2026-05-24T20:52:33Z,N,26,unavailable,False,BFI IMAX N 26
2026-05-24T20:52:33Z,N,25,unavailable,False,BFI IMAX N 25
2026-05-24T20:52:33Z,N,24,unavailable,False,BFI IMAX N 24
2026-05-24T20:52:33Z,N,23,unavailable,False,BFI IMAX N 23
2026-05-24T20:52:33Z,N,22,sold,False,BFI IMAX N 22
2026-05-24T20:52:33Z,N,21,sold,False,BFI IMAX N 21
2026-05-24T20:52:33Z,N,20,sold,False,BFI IMAX N 20
2026-05-24T20:52:33Z,N,19,sold,False,BFI IMAX N 19
2026-05-24T20:52:33Z,N,18,sold,False,BFI IMAX N 18
2026-05-24T20:52:33Z,N,17,sold,False,BFI IMAX N 17
2026-05-24T20:52:33Z,N,16,sold,False,BFI IMAX N 16
2026-05-24T20:52:33Z,N,15,sold,False,BFI IMAX N 15
2026-05-24T20:52:33Z,N,14,sold,False,BFI IMAX N 14
2026-05-24T20:52:33Z,N,13,sold,False,BFI IMAX N 13
2026-05-24T20:52:33Z,N,12,unavailable,False,BFI IMAX N 12
2026-05-24T20:52:33Z,N,11,unavailable,False,BFI IMAX N 11
2026-05-24T20:52:33Z,N,10,unavailable,False,BFI IMAX N 10
2026-05-24T20:52:33Z,N,9,unavailable,False,BFI IMAX N 9
2026-05-24T20:52:33Z,L,10,sold,False,BFI IMAX L 10
2026-05-24T20:52:33Z,M,26,sold,False,BFI IMAX M 26
2026-05-24T20:52:33Z,M,25,sold,False,BFI IMAX M 25
2026-05-24T20:52:33Z,M,24,sold,False,BFI IMAX M 24
2026-05-24T20:52:33Z,M,23,sold,False,BFI IMAX M 23
2026-05-24T20:52:33Z,M,22,sold,False,BFI IMAX M 22
2026-05-24T20:52:33Z,M,21,sold,False,BFI IMAX M 21
2026-05-24T20:52:33Z,M,20,sold,False,BFI IMAX M 20
2026-05-24T20:52:33Z,M,19,sold,False,BFI IMAX M 19
2026-05-24T20:52:33Z,M,18,sold,False,BFI IMAX M 18
2026-05-24T20:52:33Z,M,17,sold,False,BFI IMAX M 17
2026-05-24T20:52:33Z,M,16,sold,False,BFI IMAX M 16
2026-05-24T20:52:33Z,M,15,sold,False,BFI IMAX M 15
2026-05-24T20:52:33Z,M,14,sold,False,BFI IMAX M 14
2026-05-24T20:52:33Z,M,13,sold,False,BFI IMAX M 13
2026-05-24T20:52:33Z,M,12,sold,False,BFI IMAX M 12
2026-05-24T20:52:33Z,P,30,unavailable,True,BFI IMAX P 30
2026-05-24T20:52:33Z,P,27,unavailable,True,BFI IMAX P 27
2026-05-24T20:52:33Z,P,2,unavailable,True,BFI IMAX P 2
2026-05-24T20:52:33Z,P,5,sold,True,BFI IMAX P 5
2026-05-24T20:52:33Z,P,19,sold,False,BFI IMAX P 19
2026-05-24T20:52:33Z,P,18,sold,False,BFI IMAX P 18
2026-05-24T20:52:33Z,P,17,sold,False,BFI IMAX P 17
2026-05-24T20:52:33Z,P,16,sold,False,BFI IMAX P 16
2026-05-24T20:52:33Z,P,15,sold,False,BFI IMAX P 15
2026-05-24T20:52:33Z,P,14,sold,False,BFI IMAX P 14
2026-05-24T20:52:33Z,P,13,sold,False,BFI IMAX P 13
2026-05-24T20:52:33Z,P,12,sold,False,BFI IMAX P 12
2026-05-24T20:52:33Z,P,11,sold,False,BFI IMAX P 11
2026-05-24T20:52:33Z,P,10,sold,False,BFI IMAX P 10
2026-05-24T20:52:33Z,P,9,sold,False,BFI IMAX P 9
2026-05-24T20:52:33Z,P,8,sold,False,BFI IMAX P 8
2026-05-24T20:52:33Z,P,7,sold,False,BFI IMAX P 7
2026-05-24T20:52:33Z,P,25,sold,False,BFI IMAX P 25
2026-05-24T20:52:33Z,P,24,sold,False,BFI IMAX P 24
2026-05-24T20:52:33Z,P,23,sold,False,BFI IMAX P 23
2026-05-24T20:52:33Z,P,22,sold,False,BFI IMAX P 22
2026-05-24T20:52:33Z,P,21,sold,False,BFI IMAX P 21
2026-05-24T20:52:33Z,P,20,sold,False,BFI IMAX P 20
2026-05-24T20:52:33Z,Q,18,sold,False,BFI IMAX Q 18
2026-05-24T20:52:33Z,Q,17,sold,False,BFI IMAX Q 17
2026-05-24T20:52:33Z,Q,16,sold,False,BFI IMAX Q 16
2026-05-24T20:52:33Z,Q,15,sold,False,BFI IMAX Q 15
2026-05-24T20:52:33Z,Q,14,sold,False,BFI IMAX Q 14
2026-05-24T20:52:33Z,Q,13,sold,False,BFI IMAX Q 13
2026-05-24T20:52:33Z,Q,12,sold,False,BFI IMAX Q 12
2026-05-24T20:52:33Z,Q,11,sold,False,BFI IMAX Q 11
2026-05-24T20:52:33Z,Q,10,sold,False,BFI IMAX Q 10
2026-05-24T20:52:33Z,Q,9,sold,False,BFI IMAX Q 9
2026-05-24T20:52:33Z,Q,8,sold,False,BFI IMAX Q 8
2026-05-24T20:52:33Z,Q,7,sold,False,BFI IMAX Q 7
2026-05-24T20:52:33Z,Q,6,sold,False,BFI IMAX Q 6
2026-05-24T20:52:33Z,Q,5,sold,False,BFI IMAX Q 5
2026-05-24T20:52:33Z,Q,4,sold,False,BFI IMAX Q 4
2026-05-24T20:52:33Z,Q,3,sold,False,BFI IMAX Q 3
2026-05-24T20:52:33Z,Q,2,sold,False,BFI IMAX Q 2
2026-05-24T20:52:33Z,Q,1,sold,False,BFI IMAX Q 1
2026-05-24T21:23:25Z,K,27,unavailable,False,BFI IMAX K 27
2026-05-24T21:23:25Z,K,26,unavailable,False,BFI IMAX K 26
2026-05-24T21:23:25Z,N,8,unavailable,False,BFI IMAX N 8
2026-05-24T21:23:25Z,N,7,unavailable,False,BFI IMAX N 7
2026-05-24T21:23:25Z,P,29,unavailable,True,BFI IMAX P 29
2026-05-24T21:23:25Z,P,28,unavailable,True,BFI IMAX P 28
2026-05-24T21:23:25Z,P,4,unavailable,True,BFI IMAX P 4
2026-05-24T21:23:25Z,P,3,unavailable,True,BFI IMAX P 3
2026-05-24T21:23:25Z,A,5,available,False,BFI IMAX A 5
2026-05-24T21:23:25Z,A,4,available,False,BFI IMAX A 4
2026-05-24T21:23:25Z,A,3,available,False,BFI IMAX A 3
2026-05-24T21:23:25Z,A,2,available,False,BFI IMAX A 2
2026-05-24T21:23:25Z,A,1,available,False,BFI IMAX A 1
2026-05-24T21:23:25Z,B,36,available,False,BFI IMAX B 36
2026-05-24T21:23:25Z,B,35,available,False,BFI IMAX B 35
2026-05-24T21:23:25Z,B,34,available,False,BFI IMAX B 34
2026-05-24T21:23:25Z,B,33,available,False,BFI IMAX B 33
2026-05-24T21:23:25Z,B,32,available,False,BFI IMAX B 32
2026-05-24T21:23:25Z,B,31,available,False,BFI IMAX B 31
2026-05-24T21:23:25Z,B,30,available,False,BFI IMAX B 30
2026-05-24T21:23:25Z,B,29,available,False,BFI IMAX B 29
2026-05-24T21:23:25Z,B,28,available,False,BFI IMAX B 28
2026-05-24T21:23:25Z,B,27,available,False,BFI IMAX B 27
2026-05-24T21:23:25Z,B,26,available,False,BFI IMAX B 26
2026-05-24T21:23:25Z,B,25,available,False,BFI IMAX B 25
2026-05-24T21:23:25Z,B,24,available,False,BFI IMAX B 24
2026-05-24T21:23:25Z,B,23,sold,False,BFI IMAX B 23
2026-05-24T21:23:25Z,B,22,sold,False,BFI IMAX B 22
2026-05-24T21:23:25Z,B,21,sold,False,BFI IMAX B 21
2026-05-24T21:23:25Z,B,20,sold,False,BFI IMAX B 20
2026-05-24T21:23:25Z,B,19,sold,False,BFI IMAX B 19
2026-05-24T21:23:25Z,B,18,sold,False,BFI IMAX B 18
2026-05-24T21:23:25Z,B,17,sold,False,BFI IMAX B 17
2026-05-24T21:23:25Z,B,16,sold,False,BFI IMAX B 16
2026-05-24T21:23:25Z,B,15,available,False,BFI IMAX B 15
2026-05-24T21:23:25Z,B,14,available,False,BFI IMAX B 14
2026-05-24T21:23:25Z,B,13,available,False,BFI IMAX B 13
2026-05-24T21:23:25Z,B,12,available,False,BFI IMAX B 12
2026-05-24T21:23:25Z,B,11,available,False,BFI IMAX B 11
2026-05-24T21:23:25Z,B,10,available,False,BFI IMAX B 10
2026-05-24T21:23:25Z,B,9,available,False,BFI IMAX B 9
2026-05-24T21:23:25Z,B,8,available,False,BFI IMAX B 8
2026-05-24T21:23:25Z,B,7,available,False,BFI IMAX B 7
2026-05-24T21:23:25Z,B,6,available,False,BFI IMAX B 6
2026-05-24T21:23:25Z,B,5,available,False,BFI IMAX B 5
2026-05-24T21:23:25Z,B,4,available,False,BFI IMAX B 4
2026-05-24T21:23:25Z,B,3,available,False,BFI IMAX B 3
2026-05-24T21:23:25Z,B,2,available,False,BFI IMAX B 2
2026-05-24T21:23:25Z,B,1,available,False,BFI IMAX B 1
2026-05-24T21:23:25Z,C,36,available,False,BFI IMAX C 36
2026-05-24T21:23:25Z,C,35,available,False,BFI IMAX C 35
2026-05-24T21:23:25Z,C,34,available,False,BFI IMAX C 34
2026-05-24T21:23:25Z,C,33,available,False,BFI IMAX C 33
2026-05-24T21:23:25Z,C,32,available,False,BFI IMAX C 32
2026-05-24T21:23:25Z,C,31,available,False,BFI IMAX C 31
2026-05-24T21:23:25Z,C,30,available,False,BFI IMAX C 30
2026-05-24T21:23:25Z,C,29,available,False,BFI IMAX C 29
2026-05-24T21:23:25Z,C,28,available,False,BFI IMAX C 28
2026-05-24T21:23:25Z,C,27,available,False,BFI IMAX C 27
2026-05-24T21:23:25Z,C,26,available,False,BFI IMAX C 26
2026-05-24T21:23:25Z,C,25,sold,False,BFI IMAX C 25
2026-05-24T21:23:25Z,C,24,sold,False,BFI IMAX C 24
2026-05-24T21:23:25Z,C,23,sold,False,BFI IMAX C 23
2026-05-24T21:23:25Z,C,22,sold,False,BFI IMAX C 22
2026-05-24T21:23:25Z,C,21,sold,False,BFI IMAX C 21
2026-05-24T21:23:25Z,C,20,sold,False,BFI IMAX C 20
2026-05-24T21:23:25Z,C,19,sold,False,BFI IMAX C 19
2026-05-24T21:23:25Z,C,18,sold,False,BFI IMAX C 18
2026-05-24T21:23:25Z,C,17,sold,False,BFI IMAX C 17
2026-05-24T21:23:25Z,C,16,sold,False,BFI IMAX C 16
2026-05-24T21:23:25Z,C,15,sold,False,BFI IMAX C 15
2026-05-24T21:23:25Z,C,14,sold,False,BFI IMAX C 14
2026-05-24T21:23:25Z,C,13,sold,False,BFI IMAX C 13
2026-05-24T21:23:25Z,C,12,sold,False,BFI IMAX C 12
2026-05-24T21:23:25Z,C,11,sold,False,BFI IMAX C 11
2026-05-24T21:23:25Z,C,10,sold,False,BFI IMAX C 10
2026-05-24T21:23:25Z,C,9,available,False,BFI IMAX C 9
2026-05-24T21:23:25Z,C,8,available,False,BFI IMAX C 8
2026-05-24T21:23:25Z,C,7,available,False,BFI IMAX C 7
2026-05-24T21:23:25Z,C,6,available,False,BFI IMAX C 6
2026-05-24T21:23:25Z,C,5,available,False,BFI IMAX C 5
2026-05-24T21:23:25Z,C,4,available,False,BFI IMAX C 4
2026-05-24T21:23:25Z,C,3,available,False,BFI IMAX C 3
2026-05-24T21:23:25Z,C,2,available,False,BFI IMAX C 2
2026-05-24T21:23:25Z,C,1,available,False,BFI IMAX C 1
2026-05-24T21:23:25Z,D,37,available,False,BFI IMAX D 37
2026-05-24T21:23:25Z,D,36,available,False,BFI IMAX D 36
2026-05-24T21:23:25Z,D,35,available,False,BFI IMAX D 35
2026-05-24T21:23:25Z,D,34,available,False,BFI IMAX D 34
2026-05-24T21:23:25Z,D,33,available,False,BFI IMAX D 33
2026-05-24T21:23:25Z,D,32,available,False,BFI IMAX D 32
2026-05-24T21:23:25Z,D,31,available,False,BFI IMAX D 31
2026-05-24T21:23:25Z,D,30,sold,False,BFI IMAX D 30
2026-05-24T21:23:25Z,D,29,sold,False,BFI IMAX D 29
2026-05-24T21:23:25Z,D,28,sold,False,BFI IMAX D 28
2026-05-24T21:23:25Z,D,27,sold,False,BFI IMAX D 27
2026-05-24T21:23:25Z,D,26,sold,False,BFI IMAX D 26
2026-05-24T21:23:25Z,D,25,sold,False,BFI IMAX D 25
2026-05-24T21:23:25Z,D,24,sold,False,BFI IMAX D 24
2026-05-24T21:23:25Z,D,23,sold,False,BFI IMAX D 23
2026-05-24T21:23:25Z,D,22,sold,False,BFI IMAX D 22
2026-05-24T21:23:25Z,D,21,sold,False,BFI IMAX D 21
2026-05-24T21:23:25Z,D,20,sold,False,BFI IMAX D 20
2026-05-24T21:23:25Z,D,19,sold,False,BFI IMAX D 19
2026-05-24T21:23:25Z,D,18,sold,False,BFI IMAX D 18
2026-05-24T21:23:25Z,D,17,sold,False,BFI IMAX D 17
2026-05-24T21:23:25Z,D,16,sold,False,BFI IMAX D 16
2026-05-24T21:23:25Z,D,15,sold,False,BFI IMAX D 15
2026-05-24T21:23:25Z,D,14,sold,False,BFI IMAX D 14
2026-05-24T21:23:25Z,D,13,sold,False,BFI IMAX D 13
2026-05-24T21:23:25Z,D,12,sold,False,BFI IMAX D 12
2026-05-24T21:23:25Z,D,11,sold,False,BFI IMAX D 11
2026-05-24T21:23:25Z,D,10,sold,False,BFI IMAX D 10
2026-05-24T21:23:25Z,D,9,sold,False,BFI IMAX D 9
2026-05-24T21:23:25Z,D,8,sold,False,BFI IMAX D 8
2026-05-24T21:23:25Z,D,7,sold,False,BFI IMAX D 7
2026-05-24T21:23:25Z,D,6,available,False,BFI IMAX D 6
2026-05-24T21:23:25Z,D,5,available,False,BFI IMAX D 5
2026-05-24T21:23:25Z,D,4,available,False,BFI IMAX D 4
2026-05-24T21:23:25Z,D,3,available,False,BFI IMAX D 3
2026-05-24T21:23:25Z,D,2,available,False,BFI IMAX D 2
2026-05-24T21:23:25Z,D,1,available,False,BFI IMAX D 1
2026-05-24T21:23:25Z,E,37,available,False,BFI IMAX E 37
2026-05-24T21:23:25Z,E,36,available,False,BFI IMAX E 36
2026-05-24T21:23:25Z,E,35,available,False,BFI IMAX E 35
2026-05-24T21:23:25Z,E,34,available,False,BFI IMAX E 34
2026-05-24T21:23:25Z,E,33,available,False,BFI IMAX E 33
2026-05-24T21:23:25Z,E,32,sold,False,BFI IMAX E 32
2026-05-24T21:23:25Z,E,31,sold,False,BFI IMAX E 31
2026-05-24T21:23:25Z,E,30,sold,False,BFI IMAX E 30
2026-05-24T21:23:25Z,E,29,sold,False,BFI IMAX E 29
2026-05-24T21:23:25Z,E,28,sold,False,BFI IMAX E 28
2026-05-24T21:23:25Z,E,27,sold,False,BFI IMAX E 27
2026-05-24T21:23:25Z,E,26,sold,False,BFI IMAX E 26
2026-05-24T21:23:25Z,E,25,sold,False,BFI IMAX E 25
2026-05-24T21:23:25Z,E,24,sold,False,BFI IMAX E 24
2026-05-24T21:23:25Z,E,23,sold,False,BFI IMAX E 23
2026-05-24T21:23:25Z,E,22,sold,False,BFI IMAX E 22
2026-05-24T21:23:25Z,E,21,sold,False,BFI IMAX E 21
2026-05-24T21:23:25Z,E,20,sold,False,BFI IMAX E 20
2026-05-24T21:23:25Z,E,19,sold,False,BFI IMAX E 19
2026-05-24T21:23:25Z,E,18,sold,False,BFI IMAX E 18
2026-05-24T21:23:25Z,E,17,sold,False,BFI IMAX E 17
2026-05-24T21:23:25Z,E,16,sold,False,BFI IMAX E 16
2026-05-24T21:23:25Z,E,15,sold,False,BFI IMAX E 15
2026-05-24T21:23:25Z,E,14,sold,False,BFI IMAX E 14
2026-05-24T21:23:25Z,E,13,sold,False,BFI IMAX E 13
2026-05-24T21:23:25Z,E,12,sold,False,BFI IMAX E 12
2026-05-24T21:23:25Z,E,11,sold,False,BFI IMAX E 11
2026-05-24T21:23:25Z,E,10,sold,False,BFI IMAX E 10
2026-05-24T21:23:25Z,E,9,sold,False,BFI IMAX E 9
2026-05-24T21:23:25Z,E,8,sold,False,BFI IMAX E 8
2026-05-24T21:23:25Z,E,7,sold,False,BFI IMAX E 7
2026-05-24T21:23:25Z,E,6,sold,False,BFI IMAX E 6
2026-05-24T21:23:25Z,E,5,sold,False,BFI IMAX E 5
2026-05-24T21:23:25Z,E,4,available,False,BFI IMAX E 4
2026-05-24T21:23:25Z,E,3,available,False,BFI IMAX E 3
2026-05-24T21:23:25Z,E,2,available,False,BFI IMAX E 2
2026-05-24T21:23:25Z,E,1,available,False,BFI IMAX E 1
2026-05-24T21:23:25Z,F,38,available,False,BFI IMAX F 38
2026-05-24T21:23:25Z,F,37,sold,False,BFI IMAX F 37
2026-05-24T21:23:25Z,F,36,sold,False,BFI IMAX F 36
2026-05-24T21:23:25Z,F,35,sold,False,BFI IMAX F 35
2026-05-24T21:23:25Z,F,34,sold,False,BFI IMAX F 34
2026-05-24T21:23:25Z,F,33,sold,False,BFI IMAX F 33
2026-05-24T21:23:25Z,F,32,sold,False,BFI IMAX F 32
2026-05-24T21:23:25Z,F,31,sold,False,BFI IMAX F 31
2026-05-24T21:23:25Z,F,30,sold,False,BFI IMAX F 30
2026-05-24T21:23:25Z,F,29,sold,False,BFI IMAX F 29
2026-05-24T21:23:25Z,F,28,sold,False,BFI IMAX F 28
2026-05-24T21:23:25Z,F,27,sold,False,BFI IMAX F 27
2026-05-24T21:23:25Z,F,26,sold,False,BFI IMAX F 26
2026-05-24T21:23:25Z,F,25,sold,False,BFI IMAX F 25
2026-05-24T21:23:25Z,F,24,sold,False,BFI IMAX F 24
2026-05-24T21:23:25Z,F,23,sold,False,BFI IMAX F 23
2026-05-24T21:23:25Z,F,22,sold,False,BFI IMAX F 22
2026-05-24T21:23:25Z,F,21,sold,False,BFI IMAX F 21
2026-05-24T21:23:25Z,F,20,sold,False,BFI IMAX F 20
2026-05-24T21:23:25Z,F,19,sold,False,BFI IMAX F 19
2026-05-24T21:23:25Z,F,18,sold,False,BFI IMAX F 18
2026-05-24T21:23:25Z,F,17,sold,False,BFI IMAX F 17
2026-05-24T21:23:25Z,F,16,sold,False,BFI IMAX F 16
2026-05-24T21:23:25Z,F,15,sold,False,BFI IMAX F 15
2026-05-24T21:23:25Z,F,14,sold,False,BFI IMAX F 14
2026-05-24T21:23:25Z,F,13,sold,False,BFI IMAX F 13
2026-05-24T21:23:25Z,F,12,sold,False,BFI IMAX F 12
2026-05-24T21:23:25Z,F,11,sold,False,BFI IMAX F 11
2026-05-24T21:23:25Z,F,10,sold,False,BFI IMAX F 10
2026-05-24T21:23:25Z,F,9,sold,False,BFI IMAX F 9
2026-05-24T21:23:25Z,F,8,sold,False,BFI IMAX F 8
2026-05-24T21:23:25Z,F,7,sold,False,BFI IMAX F 7
2026-05-24T21:23:25Z,F,6,sold,False,BFI IMAX F 6
2026-05-24T21:23:25Z,F,5,sold,False,BFI IMAX F 5
2026-05-24T21:23:25Z,F,4,sold,False,BFI IMAX F 4
2026-05-24T21:23:25Z,F,3,sold,False,BFI IMAX F 3
2026-05-24T21:23:25Z,F,2,sold,False,BFI IMAX F 2
2026-05-24T21:23:25Z,F,1,sold,False,BFI IMAX F 1
2026-05-24T21:23:25Z,G,37,sold,False,BFI IMAX G 37
2026-05-24T21:23:25Z,G,36,sold,False,BFI IMAX G 36
2026-05-24T21:23:25Z,G,35,sold,False,BFI IMAX G 35
2026-05-24T21:23:25Z,G,34,sold,False,BFI IMAX G 34
2026-05-24T21:23:25Z,G,33,sold,False,BFI IMAX G 33
2026-05-24T21:23:25Z,G,32,sold,False,BFI IMAX G 32
2026-05-24T21:23:25Z,G,31,sold,False,BFI IMAX G 31
2026-05-24T21:23:25Z,G,30,sold,False,BFI IMAX G 30
2026-05-24T21:23:25Z,G,29,sold,False,BFI IMAX G 29
2026-05-24T21:23:25Z,G,28,sold,False,BFI IMAX G 28
2026-05-24T21:23:25Z,G,27,sold,False,BFI IMAX G 27
2026-05-24T21:23:25Z,G,26,sold,False,BFI IMAX G 26
2026-05-24T21:23:25Z,G,25,sold,False,BFI IMAX G 25
2026-05-24T21:23:25Z,G,24,sold,False,BFI IMAX G 24
2026-05-24T21:23:25Z,G,23,sold,False,BFI IMAX G 23
2026-05-24T21:23:25Z,G,22,sold,False,BFI IMAX G 22
2026-05-24T21:23:25Z,G,21,sold,False,BFI IMAX G 21
2026-05-24T21:23:25Z,G,20,sold,False,BFI IMAX G 20
2026-05-24T21:23:25Z,G,19,sold,False,BFI IMAX G 19
2026-05-24T21:23:25Z,G,18,sold,False,BFI IMAX G 18
2026-05-24T21:23:25Z,G,17,sold,False,BFI IMAX G 17
2026-05-24T21:23:25Z,G,16,sold,False,BFI IMAX G 16
2026-05-24T21:23:25Z,G,15,sold,False,BFI IMAX G 15
2026-05-24T21:23:25Z,G,14,sold,False,BFI IMAX G 14
2026-05-24T21:23:25Z,G,13,sold,False,BFI IMAX G 13
2026-05-24T21:23:25Z,G,12,sold,False,BFI IMAX G 12
2026-05-24T21:23:25Z,G,11,sold,False,BFI IMAX G 11
2026-05-24T21:23:25Z,G,10,sold,False,BFI IMAX G 10
2026-05-24T21:23:25Z,G,9,sold,False,BFI IMAX G 9
2026-05-24T21:23:25Z,G,8,sold,False,BFI IMAX G 8
2026-05-24T21:23:25Z,G,7,sold,False,BFI IMAX G 7
2026-05-24T21:23:25Z,G,6,sold,False,BFI IMAX G 6
2026-05-24T21:23:25Z,G,5,sold,False,BFI IMAX G 5
2026-05-24T21:23:25Z,G,4,sold,False,BFI IMAX G 4
2026-05-24T21:23:25Z,G,3,sold,False,BFI IMAX G 3
2026-05-24T21:23:25Z,G,2,sold,False,BFI IMAX G 2
2026-05-24T21:23:25Z,G,1,sold,False,BFI IMAX G 1
2026-05-24T21:23:25Z,H,37,sold,False,BFI IMAX H 37
2026-05-24T21:23:25Z,H,36,sold,False,BFI IMAX H 36
2026-05-24T21:23:25Z,H,35,sold,False,BFI IMAX H 35
2026-05-24T21:23:25Z,H,34,sold,False,BFI IMAX H 34
2026-05-24T21:23:25Z,H,33,sold,False,BFI IMAX H 33
2026-05-24T21:23:25Z,H,32,sold,False,BFI IMAX H 32
2026-05-24T21:23:25Z,H,31,sold,False,BFI IMAX H 31
2026-05-24T21:23:25Z,H,30,sold,False,BFI IMAX H 30
2026-05-24T21:23:25Z,H,29,sold,False,BFI IMAX H 29
2026-05-24T21:23:25Z,H,28,sold,False,BFI IMAX H 28
2026-05-24T21:23:25Z,H,27,sold,False,BFI IMAX H 27
2026-05-24T21:23:25Z,H,26,sold,False,BFI IMAX H 26
2026-05-24T21:23:25Z,H,25,sold,False,BFI IMAX H 25
2026-05-24T21:23:25Z,H,24,sold,False,BFI IMAX H 24
2026-05-24T21:23:25Z,H,23,sold,False,BFI IMAX H 23
2026-05-24T21:23:25Z,H,22,sold,False,BFI IMAX H 22
2026-05-24T21:23:25Z,H,21,sold,False,BFI IMAX H 21
2026-05-24T21:23:25Z,H,20,sold,False,BFI IMAX H 20
2026-05-24T21:23:25Z,H,19,sold,False,BFI IMAX H 19
2026-05-24T21:23:25Z,H,18,sold,False,BFI IMAX H 18
2026-05-24T21:23:25Z,H,17,sold,False,BFI IMAX H 17
2026-05-24T21:23:25Z,H,16,sold,False,BFI IMAX H 16
2026-05-24T21:23:25Z,H,15,sold,False,BFI IMAX H 15
2026-05-24T21:23:25Z,H,14,sold,False,BFI IMAX H 14
2026-05-24T21:23:25Z,H,13,sold,False,BFI IMAX H 13
2026-05-24T21:23:25Z,H,12,sold,False,BFI IMAX H 12
2026-05-24T21:23:25Z,H,11,sold,False,BFI IMAX H 11
2026-05-24T21:23:25Z,H,10,sold,False,BFI IMAX H 10
2026-05-24T21:23:25Z,H,9,sold,False,BFI IMAX H 9
2026-05-24T21:23:25Z,H,8,sold,False,BFI IMAX H 8
2026-05-24T21:23:25Z,H,7,sold,False,BFI IMAX H 7
2026-05-24T21:23:25Z,H,6,sold,False,BFI IMAX H 6
2026-05-24T21:23:25Z,H,5,sold,False,BFI IMAX H 5
2026-05-24T21:23:25Z,H,4,sold,False,BFI IMAX H 4
2026-05-24T21:23:25Z,H,3,sold,False,BFI IMAX H 3
2026-05-24T21:23:25Z,H,2,sold,False,BFI IMAX H 2
2026-05-24T21:23:25Z,H,1,sold,False,BFI IMAX H 1
2026-05-24T21:23:25Z,J,36,sold,False,BFI IMAX J 36
2026-05-24T21:23:25Z,J,35,sold,False,BFI IMAX J 35
2026-05-24T21:23:25Z,J,34,sold,False,BFI IMAX J 34
2026-05-24T21:23:25Z,J,33,sold,False,BFI IMAX J 33
2026-05-24T21:23:25Z,J,32,sold,False,BFI IMAX J 32
2026-05-24T21:23:25Z,J,31,sold,False,BFI IMAX J 31
2026-05-24T21:23:25Z,J,30,sold,False,BFI IMAX J 30
2026-05-24T21:23:25Z,J,29,sold,False,BFI IMAX J 29
2026-05-24T21:23:25Z,J,28,sold,False,BFI IMAX J 28
2026-05-24T21:23:25Z,J,27,sold,False,BFI IMAX J 27
2026-05-24T21:23:25Z,J,26,sold,False,BFI IMAX J 26
2026-05-24T21:23:25Z,J,25,sold,False,BFI IMAX J 25
2026-05-24T21:23:25Z,J,24,sold,False,BFI IMAX J 24
2026-05-24T21:23:25Z,J,23,sold,False,BFI IMAX J 23
2026-05-24T21:23:25Z,J,22,sold,False,BFI IMAX J 22
2026-05-24T21:23:25Z,J,21,sold,False,BFI IMAX J 21
2026-05-24T21:23:25Z,J,20,sold,False,BFI IMAX J 20
2026-05-24T21:23:25Z,J,19,sold,False,BFI IMAX J 19
2026-05-24T21:23:25Z,J,18,sold,False,BFI IMAX J 18
2026-05-24T21:23:25Z,J,17,sold,False,BFI IMAX J 17
2026-05-24T21:23:25Z,J,16,sold,False,BFI IMAX J 16
2026-05-24T21:23:25Z,J,15,sold,False,BFI IMAX J 15
2026-05-24T21:23:25Z,J,14,sold,False,BFI IMAX J 14
2026-05-24T21:23:25Z,J,13,sold,False,BFI IMAX J 13
2026-05-24T21:23:25Z,J,12,sold,False,BFI IMAX J 12
2026-05-24T21:23:25Z,J,11,sold,False,BFI IMAX J 11
2026-05-24T21:23:25Z,J,10,sold,False,BFI IMAX J 10
2026-05-24T21:23:25Z,J,9,sold,False,BFI IMAX J 9
2026-05-24T21:23:25Z,J,8,sold,False,BFI IMAX J 8
2026-05-24T21:23:25Z,J,7,sold,False,BFI IMAX J 7
2026-05-24T21:23:25Z,J,6,sold,False,BFI IMAX J 6
2026-05-24T21:23:25Z,J,5,sold,False,BFI IMAX J 5
2026-05-24T21:23:25Z,J,4,sold,False,BFI IMAX J 4
2026-05-24T21:23:25Z,J,3,sold,False,BFI IMAX J 3
2026-05-24T21:23:25Z,J,2,sold,False,BFI IMAX J 2
2026-05-24T21:23:25Z,J,1,sold,False,BFI IMAX J 1
2026-05-24T21:23:25Z,K,36,sold,False,BFI IMAX K 36
2026-05-24T21:23:25Z,K,35,sold,False,BFI IMAX K 35
2026-05-24T21:23:25Z,K,34,sold,False,BFI IMAX K 34
2026-05-24T21:23:25Z,K,33,sold,False,BFI IMAX K 33
2026-05-24T21:23:25Z,K,32,sold,False,BFI IMAX K 32
2026-05-24T21:23:25Z,K,31,sold,False,BFI IMAX K 31
2026-05-24T21:23:25Z,K,30,sold,False,BFI IMAX K 30
2026-05-24T21:23:25Z,K,29,sold,False,BFI IMAX K 29
2026-05-24T21:23:25Z,K,28,sold,False,BFI IMAX K 28
2026-05-24T21:23:25Z,A,13,available,False,BFI IMAX A 13
2026-05-24T21:23:25Z,A,12,available,False,BFI IMAX A 12
2026-05-24T21:23:25Z,K,25,sold,False,BFI IMAX K 25
2026-05-24T21:23:25Z,K,24,sold,False,BFI IMAX K 24
2026-05-24T21:23:25Z,K,23,sold,False,BFI IMAX K 23
2026-05-24T21:23:25Z,K,22,sold,False,BFI IMAX K 22
2026-05-24T21:23:25Z,K,21,sold,False,BFI IMAX K 21
2026-05-24T21:23:25Z,K,20,sold,False,BFI IMAX K 20
2026-05-24T21:23:25Z,K,19,sold,False,BFI IMAX K 19
2026-05-24T21:23:25Z,K,18,sold,False,BFI IMAX K 18
2026-05-24T21:23:25Z,K,17,sold,False,BFI IMAX K 17
2026-05-24T21:23:25Z,K,16,sold,False,BFI IMAX K 16
2026-05-24T21:23:25Z,K,15,sold,False,BFI IMAX K 15
2026-05-24T21:23:25Z,K,14,sold,False,BFI IMAX K 14
2026-05-24T21:23:25Z,K,13,sold,False,BFI IMAX K 13
2026-05-24T21:23:25Z,K,12,sold,False,BFI IMAX K 12
2026-05-24T21:23:25Z,K,11,sold,False,BFI IMAX K 11
2026-05-24T21:23:25Z,K,10,sold,False,BFI IMAX K 10
2026-05-24T21:23:25Z,K,9,sold,False,BFI IMAX K 9
2026-05-24T21:23:25Z,K,8,sold,False,BFI IMAX K 8
2026-05-24T21:23:25Z,K,7,sold,False,BFI IMAX K 7
2026-05-24T21:23:25Z,K,6,sold,False,BFI IMAX K 6
2026-05-24T21:23:25Z,K,5,sold,False,BFI IMAX K 5
2026-05-24T21:23:25Z,K,4,sold,False,BFI IMAX K 4
2026-05-24T21:23:25Z,K,3,sold,False,BFI IMAX K 3
2026-05-24T21:23:25Z,K,2,sold,False,BFI IMAX K 2
2026-05-24T21:23:25Z,K,1,sold,False,BFI IMAX K 1
2026-05-24T21:23:25Z,L,33,sold,False,BFI IMAX L 33
2026-05-24T21:23:25Z,L,32,sold,False,BFI IMAX L 32
2026-05-24T21:23:25Z,L,31,sold,False,BFI IMAX L 31
2026-05-24T21:23:25Z,L,30,sold,False,BFI IMAX L 30
2026-05-24T21:23:25Z,L,29,sold,False,BFI IMAX L 29
2026-05-24T21:23:25Z,L,28,sold,False,BFI IMAX L 28
2026-05-24T21:23:25Z,L,27,sold,False,BFI IMAX L 27
2026-05-24T21:23:25Z,L,26,sold,False,BFI IMAX L 26
2026-05-24T21:23:25Z,L,8,sold,False,BFI IMAX L 8
2026-05-24T21:23:25Z,L,7,sold,False,BFI IMAX L 7
2026-05-24T21:23:25Z,L,6,sold,False,BFI IMAX L 6
2026-05-24T21:23:25Z,L,5,sold,False,BFI IMAX L 5
2026-05-24T21:23:25Z,L,4,sold,False,BFI IMAX L 4
2026-05-24T21:23:25Z,L,3,sold,False,BFI IMAX L 3
2026-05-24T21:23:25Z,L,2,sold,False,BFI IMAX L 2
2026-05-24T21:23:25Z,L,1,sold,False,BFI IMAX L 1
2026-05-24T21:23:25Z,M,34,sold,False,BFI IMAX M 34
2026-05-24T21:23:25Z,M,33,sold,False,BFI IMAX M 33
2026-05-24T21:23:25Z,M,32,sold,False,BFI IMAX M 32
2026-05-24T21:23:25Z,M,31,sold,False,BFI IMAX M 31
2026-05-24T21:23:25Z,M,30,sold,False,BFI IMAX M 30
2026-05-24T21:23:25Z,M,29,sold,False,BFI IMAX M 29
2026-05-24T21:23:25Z,M,28,sold,False,BFI IMAX M 28
2026-05-24T21:23:25Z,M,27,sold,False,BFI IMAX M 27
2026-05-24T21:23:25Z,M,8,sold,False,BFI IMAX M 8
2026-05-24T21:23:25Z,M,7,sold,False,BFI IMAX M 7
2026-05-24T21:23:25Z,M,6,sold,False,BFI IMAX M 6
2026-05-24T21:23:25Z,M,5,sold,False,BFI IMAX M 5
2026-05-24T21:23:25Z,M,4,sold,False,BFI IMAX M 4
2026-05-24T21:23:25Z,M,3,sold,False,BFI IMAX M 3
2026-05-24T21:23:25Z,M,2,sold,False,BFI IMAX M 2
2026-05-24T21:23:25Z,M,1,sold,False,BFI IMAX M 1
2026-05-24T21:23:25Z,N,34,unavailable,False,BFI IMAX N 34
2026-05-24T21:23:25Z,N,33,unavailable,False,BFI IMAX N 33
2026-05-24T21:23:25Z,N,32,unavailable,False,BFI IMAX N 32
2026-05-24T21:23:25Z,N,31,unavailable,False,BFI IMAX N 31
2026-05-24T21:23:25Z,N,30,unavailable,False,BFI IMAX N 30
2026-05-24T21:23:25Z,N,29,unavailable,False,BFI IMAX N 29
2026-05-24T21:23:25Z,N,28,unavailable,False,BFI IMAX N 28
2026-05-24T21:23:25Z,N,27,unavailable,False,BFI IMAX N 27
2026-05-24T21:23:25Z,A,11,available,False,BFI IMAX A 11
2026-05-24T21:23:25Z,A,10,available,False,BFI IMAX A 10
2026-05-24T21:23:25Z,N,6,sold,False,BFI IMAX N 6
2026-05-24T21:23:25Z,N,5,sold,False,BFI IMAX N 5
2026-05-24T21:23:25Z,N,4,sold,False,BFI IMAX N 4
2026-05-24T21:23:25Z,N,3,sold,False,BFI IMAX N 3
2026-05-24T21:23:25Z,N,2,sold,False,BFI IMAX N 2
2026-05-24T21:23:25Z,N,1,sold,False,BFI IMAX N 1
2026-05-24T21:23:25Z,P,31,unavailable,False,BFI IMAX P 31
2026-05-24T21:23:25Z,A,9,available,False,BFI IMAX A 9
2026-05-24T21:23:25Z,A,8,available,False,BFI IMAX A 8
2026-05-24T21:23:25Z,P,26,unavailable,False,BFI IMAX P 26
2026-05-24T21:23:25Z,P,6,sold,False,BFI IMAX P 6
2026-05-24T21:23:25Z,A,7,available,False,BFI IMAX A 7
2026-05-24T21:23:25Z,A,6,available,False,BFI IMAX A 6
2026-05-24T21:23:25Z,P,1,unavailable,False,BFI IMAX P 1
2026-05-24T21:23:25Z,M,11,sold,False,BFI IMAX M 11
2026-05-24T21:23:25Z,M,10,sold,False,BFI IMAX M 10
2026-05-24T21:23:25Z,M,9,sold,False,BFI IMAX M 9
2026-05-24T21:23:25Z,L,9,sold,False,BFI IMAX L 9
2026-05-24T21:23:25Z,L,25,sold,False,BFI IMAX L 25
2026-05-24T21:23:25Z,L,24,sold,False,BFI IMAX L 24
2026-05-24T21:23:25Z,L,23,sold,False,BFI IMAX L 23
2026-05-24T21:23:25Z,L,22,sold,False,BFI IMAX L 22
2026-05-24T21:23:25Z,L,21,sold,False,BFI IMAX L 21
2026-05-24T21:23:25Z,L,20,sold,False,BFI IMAX L 20
2026-05-24T21:23:25Z,L,19,sold,False,BFI IMAX L 19
2026-05-24T21:23:25Z,L,18,sold,False,BFI IMAX L 18
2026-05-24T21:23:25Z,L,17,sold,False,BFI IMAX L 17
2026-05-24T21:23:25Z,L,16,sold,False,BFI IMAX L 16
2026-05-24T21:23:25Z,L,15,sold,False,BFI IMAX L 15
2026-05-24T21:23:25Z,L,14,sold,False,BFI IMAX L 14
2026-05-24T21:23:25Z,L,13,sold,False,BFI IMAX L 13
2026-05-24T21:23:25Z,L,12,sold,False,BFI IMAX L 12
2026-05-24T21:23:25Z,L,11,sold,False,BFI IMAX L 11
2026-05-24T21:23:25Z,N,26,unavailable,False,BFI IMAX N 26
2026-05-24T21:23:25Z,N,25,unavailable,False,BFI IMAX N 25
2026-05-24T21:23:25Z,N,24,unavailable,False,BFI IMAX N 24
2026-05-24T21:23:25Z,N,23,unavailable,False,BFI IMAX N 23
2026-05-24T21:23:25Z,N,22,sold,False,BFI IMAX N 22
2026-05-24T21:23:25Z,N,21,sold,False,BFI IMAX N 21
2026-05-24T21:23:25Z,N,20,sold,False,BFI IMAX N 20
2026-05-24T21:23:25Z,N,19,sold,False,BFI IMAX N 19
2026-05-24T21:23:25Z,N,18,sold,False,BFI IMAX N 18
2026-05-24T21:23:25Z,N,17,sold,False,BFI IMAX N 17
2026-05-24T21:23:25Z,N,16,sold,False,BFI IMAX N 16
2026-05-24T21:23:25Z,N,15,sold,False,BFI IMAX N 15
2026-05-24T21:23:25Z,N,14,sold,False,BFI IMAX N 14
2026-05-24T21:23:25Z,N,13,sold,False,BFI IMAX N 13
2026-05-24T21:23:25Z,N,12,unavailable,False,BFI IMAX N 12
2026-05-24T21:23:25Z,N,11,unavailable,False,BFI IMAX N 11
2026-05-24T21:23:25Z,N,10,unavailable,False,BFI IMAX N 10
2026-05-24T21:23:25Z,N,9,unavailable,False,BFI IMAX N 9
2026-05-24T21:23:25Z,L,10,sold,False,BFI IMAX L 10
2026-05-24T21:23:25Z,M,26,sold,False,BFI IMAX M 26
2026-05-24T21:23:25Z,M,25,sold,False,BFI IMAX M 25
2026-05-24T21:23:25Z,M,24,sold,False,BFI IMAX M 24
2026-05-24T21:23:25Z,M,23,sold,False,BFI IMAX M 23
2026-05-24T21:23:25Z,M,22,sold,False,BFI IMAX M 22
2026-05-24T21:23:25Z,M,21,sold,False,BFI IMAX M 21
2026-05-24T21:23:25Z,M,20,sold,False,BFI IMAX M 20
2026-05-24T21:23:25Z,M,19,sold,False,BFI IMAX M 19
2026-05-24T21:23:25Z,M,18,sold,False,BFI IMAX M 18
2026-05-24T21:23:25Z,M,17,sold,False,BFI IMAX M 17
2026-05-24T21:23:25Z,M,16,sold,False,BFI IMAX M 16
2026-05-24T21:23:25Z,M,15,sold,False,BFI IMAX M 15
2026-05-24T21:23:25Z,M,14,sold,False,BFI IMAX M 14
2026-05-24T21:23:25Z,M,13,sold,False,BFI IMAX M 13
2026-05-24T21:23:25Z,M,12,sold,False,BFI IMAX M 12
2026-05-24T21:23:25Z,P,30,unavailable,True,BFI IMAX P 30
2026-05-24T21:23:25Z,P,27,unavailable,True,BFI IMAX P 27
2026-05-24T21:23:25Z,P,2,unavailable,True,BFI IMAX P 2
2026-05-24T21:23:25Z,P,5,sold,True,BFI IMAX P 5
2026-05-24T21:23:25Z,P,19,sold,False,BFI IMAX P 19
2026-05-24T21:23:25Z,P,18,sold,False,BFI IMAX P 18
2026-05-24T21:23:25Z,P,17,sold,False,BFI IMAX P 17
2026-05-24T21:23:25Z,P,16,sold,False,BFI IMAX P 16
2026-05-24T21:23:25Z,P,15,sold,False,BFI IMAX P 15
2026-05-24T21:23:25Z,P,14,sold,False,BFI IMAX P 14
2026-05-24T21:23:25Z,P,13,sold,False,BFI IMAX P 13
2026-05-24T21:23:25Z,P,12,sold,False,BFI IMAX P 12
2026-05-24T21:23:25Z,P,11,sold,False,BFI IMAX P 11
2026-05-24T21:23:25Z,P,10,sold,False,BFI IMAX P 10
2026-05-24T21:23:25Z,P,9,sold,False,BFI IMAX P 9
2026-05-24T21:23:25Z,P,8,sold,False,BFI IMAX P 8
2026-05-24T21:23:25Z,P,7,sold,False,BFI IMAX P 7
2026-05-24T21:23:25Z,P,25,sold,False,BFI IMAX P 25
2026-05-24T21:23:25Z,P,24,sold,False,BFI IMAX P 24
2026-05-24T21:23:25Z,P,23,sold,False,BFI IMAX P 23
2026-05-24T21:23:25Z,P,22,sold,False,BFI IMAX P 22
2026-05-24T21:23:25Z,P,21,sold,False,BFI IMAX P 21
2026-05-24T21:23:25Z,P,20,sold,False,BFI IMAX P 20
2026-05-24T21:23:25Z,Q,18,sold,False,BFI IMAX Q 18
2026-05-24T21:23:25Z,Q,17,sold,False,BFI IMAX Q 17
2026-05-24T21:23:25Z,Q,16,sold,False,BFI IMAX Q 16
2026-05-24T21:23:25Z,Q,15,sold,False,BFI IMAX Q 15
2026-05-24T21:23:25Z,Q,14,sold,False,BFI IMAX Q 14
2026-05-24T21:23:25Z,Q,13,sold,False,BFI IMAX Q 13
2026-05-24T21:23:25Z,Q,12,sold,False,BFI IMAX Q 12
2026-05-24T21:23:25Z,Q,11,sold,False,BFI IMAX Q 11
2026-05-24T21:23:25Z,Q,10,sold,False,BFI IMAX Q 10
2026-05-24T21:23:25Z,Q,9,sold,False,BFI IMAX Q 9
2026-05-24T21:23:25Z,Q,8,sold,False,BFI IMAX Q 8
2026-05-24T21:23:25Z,Q,7,sold,False,BFI IMAX Q 7
2026-05-24T21:23:25Z,Q,6,sold,False,BFI IMAX Q 6
2026-05-24T21:23:25Z,Q,5,sold,False,BFI IMAX Q 5
2026-05-24T21:23:25Z,Q,4,sold,False,BFI IMAX Q 4
2026-05-24T21:23:25Z,Q,3,sold,False,BFI IMAX Q 3
2026-05-24T21:23:25Z,Q,2,sold,False,BFI IMAX Q 2
2026-05-24T21:23:25Z,Q,1,sold,False,BFI IMAX Q 1
2026-05-24T21:53:09Z,K,27,unavailable,False,BFI IMAX K 27
2026-05-24T21:53:09Z,K,26,unavailable,False,BFI IMAX K 26
2026-05-24T21:53:09Z,N,8,unavailable,False,BFI IMAX N 8
2026-05-24T21:53:09Z,N,7,unavailable,False,BFI IMAX N 7
2026-05-24T21:53:09Z,P,29,unavailable,True,BFI IMAX P 29
2026-05-24T21:53:09Z,P,28,unavailable,True,BFI IMAX P 28
2026-05-24T21:53:09Z,P,4,unavailable,True,BFI IMAX P 4
2026-05-24T21:53:09Z,P,3,unavailable,True,BFI IMAX P 3
2026-05-24T21:53:09Z,A,5,available,False,BFI IMAX A 5
2026-05-24T21:53:09Z,A,4,available,False,BFI IMAX A 4
2026-05-24T21:53:09Z,A,3,available,False,BFI IMAX A 3
2026-05-24T21:53:09Z,A,2,available,False,BFI IMAX A 2
2026-05-24T21:53:09Z,A,1,available,False,BFI IMAX A 1
2026-05-24T21:53:09Z,B,36,available,False,BFI IMAX B 36
2026-05-24T21:53:09Z,B,35,available,False,BFI IMAX B 35
2026-05-24T21:53:09Z,B,34,available,False,BFI IMAX B 34
2026-05-24T21:53:09Z,B,33,available,False,BFI IMAX B 33
2026-05-24T21:53:09Z,B,32,available,False,BFI IMAX B 32
2026-05-24T21:53:09Z,B,31,available,False,BFI IMAX B 31
2026-05-24T21:53:09Z,B,30,available,False,BFI IMAX B 30
2026-05-24T21:53:09Z,B,29,available,False,BFI IMAX B 29
2026-05-24T21:53:09Z,B,28,available,False,BFI IMAX B 28
2026-05-24T21:53:09Z,B,27,available,False,BFI IMAX B 27
2026-05-24T21:53:09Z,B,26,available,False,BFI IMAX B 26
2026-05-24T21:53:09Z,B,25,available,False,BFI IMAX B 25
2026-05-24T21:53:09Z,B,24,available,False,BFI IMAX B 24
2026-05-24T21:53:09Z,B,23,sold,False,BFI IMAX B 23
2026-05-24T21:53:09Z,B,22,sold,False,BFI IMAX B 22
2026-05-24T21:53:09Z,B,21,sold,False,BFI IMAX B 21
2026-05-24T21:53:09Z,B,20,sold,False,BFI IMAX B 20
2026-05-24T21:53:09Z,B,19,sold,False,BFI IMAX B 19
2026-05-24T21:53:09Z,B,18,sold,False,BFI IMAX B 18
2026-05-24T21:53:09Z,B,17,sold,False,BFI IMAX B 17
2026-05-24T21:53:09Z,B,16,sold,False,BFI IMAX B 16
2026-05-24T21:53:09Z,B,15,available,False,BFI IMAX B 15
2026-05-24T21:53:09Z,B,14,available,False,BFI IMAX B 14
2026-05-24T21:53:09Z,B,13,available,False,BFI IMAX B 13
2026-05-24T21:53:09Z,B,12,available,False,BFI IMAX B 12
2026-05-24T21:53:09Z,B,11,available,False,BFI IMAX B 11
2026-05-24T21:53:09Z,B,10,available,False,BFI IMAX B 10
2026-05-24T21:53:09Z,B,9,available,False,BFI IMAX B 9
2026-05-24T21:53:09Z,B,8,available,False,BFI IMAX B 8
2026-05-24T21:53:09Z,B,7,available,False,BFI IMAX B 7
2026-05-24T21:53:09Z,B,6,available,False,BFI IMAX B 6
2026-05-24T21:53:09Z,B,5,available,False,BFI IMAX B 5
2026-05-24T21:53:09Z,B,4,available,False,BFI IMAX B 4
2026-05-24T21:53:09Z,B,3,available,False,BFI IMAX B 3
2026-05-24T21:53:09Z,B,2,available,False,BFI IMAX B 2
2026-05-24T21:53:09Z,B,1,available,False,BFI IMAX B 1
2026-05-24T21:53:09Z,C,36,available,False,BFI IMAX C 36
2026-05-24T21:53:09Z,C,35,available,False,BFI IMAX C 35
2026-05-24T21:53:09Z,C,34,available,False,BFI IMAX C 34
2026-05-24T21:53:09Z,C,33,available,False,BFI IMAX C 33
2026-05-24T21:53:09Z,C,32,available,False,BFI IMAX C 32
2026-05-24T21:53:09Z,C,31,available,False,BFI IMAX C 31
2026-05-24T21:53:09Z,C,30,available,False,BFI IMAX C 30
2026-05-24T21:53:09Z,C,29,available,False,BFI IMAX C 29
2026-05-24T21:53:09Z,C,28,available,False,BFI IMAX C 28
2026-05-24T21:53:09Z,C,27,available,False,BFI IMAX C 27
2026-05-24T21:53:09Z,C,26,available,False,BFI IMAX C 26
2026-05-24T21:53:09Z,C,25,sold,False,BFI IMAX C 25
2026-05-24T21:53:09Z,C,24,sold,False,BFI IMAX C 24
2026-05-24T21:53:09Z,C,23,sold,False,BFI IMAX C 23
2026-05-24T21:53:09Z,C,22,sold,False,BFI IMAX C 22
2026-05-24T21:53:09Z,C,21,sold,False,BFI IMAX C 21
2026-05-24T21:53:09Z,C,20,sold,False,BFI IMAX C 20
2026-05-24T21:53:09Z,C,19,sold,False,BFI IMAX C 19
2026-05-24T21:53:09Z,C,18,sold,False,BFI IMAX C 18
2026-05-24T21:53:09Z,C,17,sold,False,BFI IMAX C 17
2026-05-24T21:53:09Z,C,16,sold,False,BFI IMAX C 16
2026-05-24T21:53:09Z,C,15,sold,False,BFI IMAX C 15
2026-05-24T21:53:09Z,C,14,sold,False,BFI IMAX C 14
2026-05-24T21:53:09Z,C,13,sold,False,BFI IMAX C 13
2026-05-24T21:53:09Z,C,12,sold,False,BFI IMAX C 12
2026-05-24T21:53:09Z,C,11,sold,False,BFI IMAX C 11
2026-05-24T21:53:09Z,C,10,sold,False,BFI IMAX C 10
2026-05-24T21:53:09Z,C,9,available,False,BFI IMAX C 9
2026-05-24T21:53:09Z,C,8,available,False,BFI IMAX C 8
2026-05-24T21:53:09Z,C,7,available,False,BFI IMAX C 7
2026-05-24T21:53:09Z,C,6,available,False,BFI IMAX C 6
2026-05-24T21:53:09Z,C,5,available,False,BFI IMAX C 5
2026-05-24T21:53:09Z,C,4,available,False,BFI IMAX C 4
2026-05-24T21:53:09Z,C,3,available,False,BFI IMAX C 3
2026-05-24T21:53:09Z,C,2,available,False,BFI IMAX C 2
2026-05-24T21:53:09Z,C,1,available,False,BFI IMAX C 1
2026-05-24T21:53:09Z,D,37,available,False,BFI IMAX D 37
2026-05-24T21:53:09Z,D,36,available,False,BFI IMAX D 36
2026-05-24T21:53:09Z,D,35,available,False,BFI IMAX D 35
2026-05-24T21:53:09Z,D,34,available,False,BFI IMAX D 34
2026-05-24T21:53:09Z,D,33,available,False,BFI IMAX D 33
2026-05-24T21:53:09Z,D,32,available,False,BFI IMAX D 32
2026-05-24T21:53:09Z,D,31,available,False,BFI IMAX D 31
2026-05-24T21:53:09Z,D,30,sold,False,BFI IMAX D 30
2026-05-24T21:53:09Z,D,29,sold,False,BFI IMAX D 29
2026-05-24T21:53:09Z,D,28,sold,False,BFI IMAX D 28
2026-05-24T21:53:09Z,D,27,sold,False,BFI IMAX D 27
2026-05-24T21:53:09Z,D,26,sold,False,BFI IMAX D 26
2026-05-24T21:53:09Z,D,25,sold,False,BFI IMAX D 25
2026-05-24T21:53:09Z,D,24,sold,False,BFI IMAX D 24
2026-05-24T21:53:09Z,D,23,sold,False,BFI IMAX D 23
2026-05-24T21:53:09Z,D,22,sold,False,BFI IMAX D 22
2026-05-24T21:53:09Z,D,21,sold,False,BFI IMAX D 21
2026-05-24T21:53:09Z,D,20,sold,False,BFI IMAX D 20
2026-05-24T21:53:09Z,D,19,sold,False,BFI IMAX D 19
2026-05-24T21:53:09Z,D,18,sold,False,BFI IMAX D 18
2026-05-24T21:53:09Z,D,17,sold,False,BFI IMAX D 17
2026-05-24T21:53:09Z,D,16,sold,False,BFI IMAX D 16
2026-05-24T21:53:09Z,D,15,sold,False,BFI IMAX D 15
2026-05-24T21:53:09Z,D,14,sold,False,BFI IMAX D 14
2026-05-24T21:53:09Z,D,13,sold,False,BFI IMAX D 13
2026-05-24T21:53:09Z,D,12,sold,False,BFI IMAX D 12
2026-05-24T21:53:09Z,D,11,sold,False,BFI IMAX D 11
2026-05-24T21:53:09Z,D,10,sold,False,BFI IMAX D 10
2026-05-24T21:53:09Z,D,9,sold,False,BFI IMAX D 9
2026-05-24T21:53:09Z,D,8,sold,False,BFI IMAX D 8
2026-05-24T21:53:09Z,D,7,sold,False,BFI IMAX D 7
2026-05-24T21:53:09Z,D,6,available,False,BFI IMAX D 6
2026-05-24T21:53:09Z,D,5,available,False,BFI IMAX D 5
2026-05-24T21:53:09Z,D,4,available,False,BFI IMAX D 4
2026-05-24T21:53:09Z,D,3,available,False,BFI IMAX D 3
2026-05-24T21:53:09Z,D,2,available,False,BFI IMAX D 2
2026-05-24T21:53:09Z,D,1,available,False,BFI IMAX D 1
2026-05-24T21:53:09Z,E,37,available,False,BFI IMAX E 37
2026-05-24T21:53:09Z,E,36,available,False,BFI IMAX E 36
2026-05-24T21:53:09Z,E,35,available,False,BFI IMAX E 35
2026-05-24T21:53:09Z,E,34,available,False,BFI IMAX E 34
2026-05-24T21:53:09Z,E,33,available,False,BFI IMAX E 33
2026-05-24T21:53:09Z,E,32,sold,False,BFI IMAX E 32
2026-05-24T21:53:09Z,E,31,sold,False,BFI IMAX E 31
2026-05-24T21:53:09Z,E,30,sold,False,BFI IMAX E 30
2026-05-24T21:53:09Z,E,29,sold,False,BFI IMAX E 29
2026-05-24T21:53:09Z,E,28,sold,False,BFI IMAX E 28
2026-05-24T21:53:09Z,E,27,sold,False,BFI IMAX E 27
2026-05-24T21:53:09Z,E,26,sold,False,BFI IMAX E 26
2026-05-24T21:53:09Z,E,25,sold,False,BFI IMAX E 25
2026-05-24T21:53:09Z,E,24,sold,False,BFI IMAX E 24
2026-05-24T21:53:09Z,E,23,sold,False,BFI IMAX E 23
2026-05-24T21:53:09Z,E,22,sold,False,BFI IMAX E 22
2026-05-24T21:53:09Z,E,21,sold,False,BFI IMAX E 21
2026-05-24T21:53:09Z,E,20,sold,False,BFI IMAX E 20
2026-05-24T21:53:09Z,E,19,sold,False,BFI IMAX E 19
2026-05-24T21:53:09Z,E,18,sold,False,BFI IMAX E 18
2026-05-24T21:53:09Z,E,17,sold,False,BFI IMAX E 17
2026-05-24T21:53:09Z,E,16,sold,False,BFI IMAX E 16
2026-05-24T21:53:09Z,E,15,sold,False,BFI IMAX E 15
2026-05-24T21:53:09Z,E,14,sold,False,BFI IMAX E 14
2026-05-24T21:53:09Z,E,13,sold,False,BFI IMAX E 13
2026-05-24T21:53:09Z,E,12,sold,False,BFI IMAX E 12
2026-05-24T21:53:09Z,E,11,sold,False,BFI IMAX E 11
2026-05-24T21:53:09Z,E,10,sold,False,BFI IMAX E 10
2026-05-24T21:53:09Z,E,9,sold,False,BFI IMAX E 9
2026-05-24T21:53:09Z,E,8,sold,False,BFI IMAX E 8
2026-05-24T21:53:09Z,E,7,sold,False,BFI IMAX E 7
2026-05-24T21:53:09Z,E,6,sold,False,BFI IMAX E 6
2026-05-24T21:53:09Z,E,5,sold,False,BFI IMAX E 5
2026-05-24T21:53:09Z,E,4,available,False,BFI IMAX E 4
2026-05-24T21:53:09Z,E,3,available,False,BFI IMAX E 3
2026-05-24T21:53:09Z,E,2,available,False,BFI IMAX E 2
2026-05-24T21:53:09Z,E,1,available,False,BFI IMAX E 1
2026-05-24T21:53:09Z,F,38,available,False,BFI IMAX F 38
2026-05-24T21:53:09Z,F,37,sold,False,BFI IMAX F 37
2026-05-24T21:53:09Z,F,36,sold,False,BFI IMAX F 36
2026-05-24T21:53:09Z,F,35,sold,False,BFI IMAX F 35
2026-05-24T21:53:09Z,F,34,sold,False,BFI IMAX F 34
2026-05-24T21:53:09Z,F,33,sold,False,BFI IMAX F 33
2026-05-24T21:53:09Z,F,32,sold,False,BFI IMAX F 32
2026-05-24T21:53:09Z,F,31,sold,False,BFI IMAX F 31
2026-05-24T21:53:09Z,F,30,sold,False,BFI IMAX F 30
2026-05-24T21:53:09Z,F,29,sold,False,BFI IMAX F 29
2026-05-24T21:53:09Z,F,28,sold,False,BFI IMAX F 28
2026-05-24T21:53:09Z,F,27,sold,False,BFI IMAX F 27
2026-05-24T21:53:09Z,F,26,sold,False,BFI IMAX F 26
2026-05-24T21:53:09Z,F,25,sold,False,BFI IMAX F 25
2026-05-24T21:53:09Z,F,24,sold,False,BFI IMAX F 24
2026-05-24T21:53:09Z,F,23,sold,False,BFI IMAX F 23
2026-05-24T21:53:09Z,F,22,sold,False,BFI IMAX F 22
2026-05-24T21:53:09Z,F,21,sold,False,BFI IMAX F 21
2026-05-24T21:53:09Z,F,20,sold,False,BFI IMAX F 20
2026-05-24T21:53:09Z,F,19,sold,False,BFI IMAX F 19
2026-05-24T21:53:09Z,F,18,sold,False,BFI IMAX F 18
2026-05-24T21:53:09Z,F,17,sold,False,BFI IMAX F 17
2026-05-24T21:53:09Z,F,16,sold,False,BFI IMAX F 16
2026-05-24T21:53:09Z,F,15,sold,False,BFI IMAX F 15
2026-05-24T21:53:09Z,F,14,sold,False,BFI IMAX F 14
2026-05-24T21:53:09Z,F,13,sold,False,BFI IMAX F 13
2026-05-24T21:53:09Z,F,12,sold,False,BFI IMAX F 12
2026-05-24T21:53:09Z,F,11,sold,False,BFI IMAX F 11
2026-05-24T21:53:09Z,F,10,sold,False,BFI IMAX F 10
2026-05-24T21:53:09Z,F,9,sold,False,BFI IMAX F 9
2026-05-24T21:53:09Z,F,8,sold,False,BFI IMAX F 8
2026-05-24T21:53:09Z,F,7,sold,False,BFI IMAX F 7
2026-05-24T21:53:09Z,F,6,sold,False,BFI IMAX F 6
2026-05-24T21:53:09Z,F,5,sold,False,BFI IMAX F 5
2026-05-24T21:53:09Z,F,4,sold,False,BFI IMAX F 4
2026-05-24T21:53:09Z,F,3,sold,False,BFI IMAX F 3
2026-05-24T21:53:09Z,F,2,sold,False,BFI IMAX F 2
2026-05-24T21:53:09Z,F,1,sold,False,BFI IMAX F 1
2026-05-24T21:53:09Z,G,37,sold,False,BFI IMAX G 37
2026-05-24T21:53:09Z,G,36,sold,False,BFI IMAX G 36
2026-05-24T21:53:09Z,G,35,sold,False,BFI IMAX G 35
2026-05-24T21:53:09Z,G,34,sold,False,BFI IMAX G 34
2026-05-24T21:53:09Z,G,33,sold,False,BFI IMAX G 33
2026-05-24T21:53:09Z,G,32,sold,False,BFI IMAX G 32
2026-05-24T21:53:09Z,G,31,sold,False,BFI IMAX G 31
2026-05-24T21:53:09Z,G,30,sold,False,BFI IMAX G 30
2026-05-24T21:53:09Z,G,29,sold,False,BFI IMAX G 29
2026-05-24T21:53:09Z,G,28,sold,False,BFI IMAX G 28
2026-05-24T21:53:09Z,G,27,sold,False,BFI IMAX G 27
2026-05-24T21:53:09Z,G,26,sold,False,BFI IMAX G 26
2026-05-24T21:53:09Z,G,25,sold,False,BFI IMAX G 25
2026-05-24T21:53:09Z,G,24,sold,False,BFI IMAX G 24
2026-05-24T21:53:09Z,G,23,sold,False,BFI IMAX G 23
2026-05-24T21:53:09Z,G,22,sold,False,BFI IMAX G 22
2026-05-24T21:53:09Z,G,21,sold,False,BFI IMAX G 21
2026-05-24T21:53:09Z,G,20,sold,False,BFI IMAX G 20
2026-05-24T21:53:09Z,G,19,sold,False,BFI IMAX G 19
2026-05-24T21:53:09Z,G,18,sold,False,BFI IMAX G 18
2026-05-24T21:53:09Z,G,17,sold,False,BFI IMAX G 17
2026-05-24T21:53:09Z,G,16,sold,False,BFI IMAX G 16
2026-05-24T21:53:09Z,G,15,sold,False,BFI IMAX G 15
2026-05-24T21:53:09Z,G,14,sold,False,BFI IMAX G 14
2026-05-24T21:53:09Z,G,13,sold,False,BFI IMAX G 13
2026-05-24T21:53:09Z,G,12,sold,False,BFI IMAX G 12
2026-05-24T21:53:09Z,G,11,sold,False,BFI IMAX G 11
2026-05-24T21:53:09Z,G,10,sold,False,BFI IMAX G 10
2026-05-24T21:53:09Z,G,9,sold,False,BFI IMAX G 9
2026-05-24T21:53:09Z,G,8,sold,False,BFI IMAX G 8
2026-05-24T21:53:09Z,G,7,sold,False,BFI IMAX G 7
2026-05-24T21:53:09Z,G,6,sold,False,BFI IMAX G 6
2026-05-24T21:53:09Z,G,5,sold,False,BFI IMAX G 5
2026-05-24T21:53:09Z,G,4,sold,False,BFI IMAX G 4
2026-05-24T21:53:09Z,G,3,sold,False,BFI IMAX G 3
2026-05-24T21:53:09Z,G,2,sold,False,BFI IMAX G 2
2026-05-24T21:53:09Z,G,1,sold,False,BFI IMAX G 1
2026-05-24T21:53:09Z,H,37,sold,False,BFI IMAX H 37
2026-05-24T21:53:09Z,H,36,sold,False,BFI IMAX H 36
2026-05-24T21:53:09Z,H,35,sold,False,BFI IMAX H 35
2026-05-24T21:53:09Z,H,34,sold,False,BFI IMAX H 34
2026-05-24T21:53:09Z,H,33,sold,False,BFI IMAX H 33
2026-05-24T21:53:09Z,H,32,sold,False,BFI IMAX H 32
2026-05-24T21:53:09Z,H,31,sold,False,BFI IMAX H 31
2026-05-24T21:53:09Z,H,30,sold,False,BFI IMAX H 30
2026-05-24T21:53:09Z,H,29,sold,False,BFI IMAX H 29
2026-05-24T21:53:09Z,H,28,sold,False,BFI IMAX H 28
2026-05-24T21:53:09Z,H,27,sold,False,BFI IMAX H 27
2026-05-24T21:53:09Z,H,26,sold,False,BFI IMAX H 26
2026-05-24T21:53:09Z,H,25,sold,False,BFI IMAX H 25
2026-05-24T21:53:09Z,H,24,sold,False,BFI IMAX H 24
2026-05-24T21:53:09Z,H,23,sold,False,BFI IMAX H 23
2026-05-24T21:53:09Z,H,22,sold,False,BFI IMAX H 22
2026-05-24T21:53:09Z,H,21,sold,False,BFI IMAX H 21
2026-05-24T21:53:09Z,H,20,sold,False,BFI IMAX H 20
2026-05-24T21:53:09Z,H,19,sold,False,BFI IMAX H 19
2026-05-24T21:53:09Z,H,18,sold,False,BFI IMAX H 18
2026-05-24T21:53:09Z,H,17,sold,False,BFI IMAX H 17
2026-05-24T21:53:09Z,H,16,sold,False,BFI IMAX H 16
2026-05-24T21:53:09Z,H,15,sold,False,BFI IMAX H 15
2026-05-24T21:53:09Z,H,14,sold,False,BFI IMAX H 14
2026-05-24T21:53:09Z,H,13,sold,False,BFI IMAX H 13
2026-05-24T21:53:09Z,H,12,sold,False,BFI IMAX H 12
2026-05-24T21:53:09Z,H,11,sold,False,BFI IMAX H 11
2026-05-24T21:53:09Z,H,10,sold,False,BFI IMAX H 10
2026-05-24T21:53:09Z,H,9,sold,False,BFI IMAX H 9
2026-05-24T21:53:09Z,H,8,sold,False,BFI IMAX H 8
2026-05-24T21:53:09Z,H,7,sold,False,BFI IMAX H 7
2026-05-24T21:53:09Z,H,6,sold,False,BFI IMAX H 6
2026-05-24T21:53:09Z,H,5,sold,False,BFI IMAX H 5
2026-05-24T21:53:09Z,H,4,sold,False,BFI IMAX H 4
2026-05-24T21:53:09Z,H,3,sold,False,BFI IMAX H 3
2026-05-24T21:53:09Z,H,2,sold,False,BFI IMAX H 2
2026-05-24T21:53:09Z,H,1,sold,False,BFI IMAX H 1
2026-05-24T21:53:09Z,J,36,sold,False,BFI IMAX J 36
2026-05-24T21:53:09Z,J,35,sold,False,BFI IMAX J 35
2026-05-24T21:53:09Z,J,34,sold,False,BFI IMAX J 34
2026-05-24T21:53:09Z,J,33,sold,False,BFI IMAX J 33
2026-05-24T21:53:09Z,J,32,sold,False,BFI IMAX J 32
2026-05-24T21:53:09Z,J,31,sold,False,BFI IMAX J 31
2026-05-24T21:53:09Z,J,30,sold,False,BFI IMAX J 30
2026-05-24T21:53:09Z,J,29,sold,False,BFI IMAX J 29
2026-05-24T21:53:09Z,J,28,sold,False,BFI IMAX J 28
2026-05-24T21:53:09Z,J,27,sold,False,BFI IMAX J 27
2026-05-24T21:53:09Z,J,26,sold,False,BFI IMAX J 26
2026-05-24T21:53:09Z,J,25,sold,False,BFI IMAX J 25
2026-05-24T21:53:09Z,J,24,sold,False,BFI IMAX J 24
2026-05-24T21:53:09Z,J,23,sold,False,BFI IMAX J 23
2026-05-24T21:53:09Z,J,22,sold,False,BFI IMAX J 22
2026-05-24T21:53:09Z,J,21,sold,False,BFI IMAX J 21
2026-05-24T21:53:09Z,J,20,sold,False,BFI IMAX J 20
2026-05-24T21:53:09Z,J,19,sold,False,BFI IMAX J 19
2026-05-24T21:53:09Z,J,18,sold,False,BFI IMAX J 18
2026-05-24T21:53:09Z,J,17,sold,False,BFI IMAX J 17
2026-05-24T21:53:09Z,J,16,sold,False,BFI IMAX J 16
2026-05-24T21:53:09Z,J,15,sold,False,BFI IMAX J 15
2026-05-24T21:53:09Z,J,14,sold,False,BFI IMAX J 14
2026-05-24T21:53:09Z,J,13,sold,False,BFI IMAX J 13
2026-05-24T21:53:09Z,J,12,sold,False,BFI IMAX J 12
2026-05-24T21:53:09Z,J,11,sold,False,BFI IMAX J 11
2026-05-24T21:53:09Z,J,10,sold,False,BFI IMAX J 10
2026-05-24T21:53:09Z,J,9,sold,False,BFI IMAX J 9
2026-05-24T21:53:09Z,J,8,sold,False,BFI IMAX J 8
2026-05-24T21:53:09Z,J,7,sold,False,BFI IMAX J 7
2026-05-24T21:53:09Z,J,6,sold,False,BFI IMAX J 6
2026-05-24T21:53:09Z,J,5,sold,False,BFI IMAX J 5
2026-05-24T21:53:09Z,J,4,sold,False,BFI IMAX J 4
2026-05-24T21:53:09Z,J,3,sold,False,BFI IMAX J 3
2026-05-24T21:53:09Z,J,2,sold,False,BFI IMAX J 2
2026-05-24T21:53:09Z,J,1,sold,False,BFI IMAX J 1
2026-05-24T21:53:09Z,K,36,sold,False,BFI IMAX K 36
2026-05-24T21:53:09Z,K,35,sold,False,BFI IMAX K 35
2026-05-24T21:53:09Z,K,34,sold,False,BFI IMAX K 34
2026-05-24T21:53:09Z,K,33,sold,False,BFI IMAX K 33
2026-05-24T21:53:09Z,K,32,sold,False,BFI IMAX K 32
2026-05-24T21:53:09Z,K,31,sold,False,BFI IMAX K 31
2026-05-24T21:53:09Z,K,30,sold,False,BFI IMAX K 30
2026-05-24T21:53:09Z,K,29,sold,False,BFI IMAX K 29
2026-05-24T21:53:09Z,K,28,sold,False,BFI IMAX K 28
2026-05-24T21:53:09Z,A,13,available,False,BFI IMAX A 13
2026-05-24T21:53:09Z,A,12,available,False,BFI IMAX A 12
2026-05-24T21:53:09Z,K,25,sold,False,BFI IMAX K 25
2026-05-24T21:53:09Z,K,24,sold,False,BFI IMAX K 24
2026-05-24T21:53:09Z,K,23,sold,False,BFI IMAX K 23
2026-05-24T21:53:09Z,K,22,sold,False,BFI IMAX K 22
2026-05-24T21:53:09Z,K,21,sold,False,BFI IMAX K 21
2026-05-24T21:53:09Z,K,20,sold,False,BFI IMAX K 20
2026-05-24T21:53:09Z,K,19,sold,False,BFI IMAX K 19
2026-05-24T21:53:09Z,K,18,sold,False,BFI IMAX K 18
2026-05-24T21:53:09Z,K,17,sold,False,BFI IMAX K 17
2026-05-24T21:53:09Z,K,16,sold,False,BFI IMAX K 16
2026-05-24T21:53:09Z,K,15,sold,False,BFI IMAX K 15
2026-05-24T21:53:09Z,K,14,sold,False,BFI IMAX K 14
2026-05-24T21:53:09Z,K,13,sold,False,BFI IMAX K 13
2026-05-24T21:53:09Z,K,12,sold,False,BFI IMAX K 12
2026-05-24T21:53:09Z,K,11,sold,False,BFI IMAX K 11
2026-05-24T21:53:09Z,K,10,sold,False,BFI IMAX K 10
2026-05-24T21:53:09Z,K,9,sold,False,BFI IMAX K 9
2026-05-24T21:53:09Z,K,8,sold,False,BFI IMAX K 8
2026-05-24T21:53:09Z,K,7,sold,False,BFI IMAX K 7
2026-05-24T21:53:09Z,K,6,sold,False,BFI IMAX K 6
2026-05-24T21:53:09Z,K,5,sold,False,BFI IMAX K 5
2026-05-24T21:53:09Z,K,4,sold,False,BFI IMAX K 4
2026-05-24T21:53:09Z,K,3,sold,False,BFI IMAX K 3
2026-05-24T21:53:09Z,K,2,sold,False,BFI IMAX K 2
2026-05-24T21:53:09Z,K,1,sold,False,BFI IMAX K 1
2026-05-24T21:53:09Z,L,33,sold,False,BFI IMAX L 33
2026-05-24T21:53:09Z,L,32,sold,False,BFI IMAX L 32
2026-05-24T21:53:09Z,L,31,sold,False,BFI IMAX L 31
2026-05-24T21:53:09Z,L,30,sold,False,BFI IMAX L 30
2026-05-24T21:53:09Z,L,29,sold,False,BFI IMAX L 29
2026-05-24T21:53:09Z,L,28,sold,False,BFI IMAX L 28
2026-05-24T21:53:09Z,L,27,sold,False,BFI IMAX L 27
2026-05-24T21:53:09Z,L,26,sold,False,BFI IMAX L 26
2026-05-24T21:53:09Z,L,8,sold,False,BFI IMAX L 8
2026-05-24T21:53:09Z,L,7,sold,False,BFI IMAX L 7
2026-05-24T21:53:09Z,L,6,sold,False,BFI IMAX L 6
2026-05-24T21:53:09Z,L,5,sold,False,BFI IMAX L 5
2026-05-24T21:53:09Z,L,4,sold,False,BFI IMAX L 4
2026-05-24T21:53:09Z,L,3,sold,False,BFI IMAX L 3
2026-05-24T21:53:09Z,L,2,sold,False,BFI IMAX L 2
2026-05-24T21:53:09Z,L,1,sold,False,BFI IMAX L 1
2026-05-24T21:53:09Z,M,34,sold,False,BFI IMAX M 34
2026-05-24T21:53:09Z,M,33,sold,False,BFI IMAX M 33
2026-05-24T21:53:09Z,M,32,sold,False,BFI IMAX M 32
2026-05-24T21:53:09Z,M,31,sold,False,BFI IMAX M 31
2026-05-24T21:53:09Z,M,30,sold,False,BFI IMAX M 30
2026-05-24T21:53:09Z,M,29,sold,False,BFI IMAX M 29
2026-05-24T21:53:09Z,M,28,sold,False,BFI IMAX M 28
2026-05-24T21:53:09Z,M,27,sold,False,BFI IMAX M 27
2026-05-24T21:53:09Z,M,8,sold,False,BFI IMAX M 8
2026-05-24T21:53:09Z,M,7,sold,False,BFI IMAX M 7
2026-05-24T21:53:09Z,M,6,sold,False,BFI IMAX M 6
2026-05-24T21:53:09Z,M,5,sold,False,BFI IMAX M 5
2026-05-24T21:53:09Z,M,4,sold,False,BFI IMAX M 4
2026-05-24T21:53:09Z,M,3,sold,False,BFI IMAX M 3
2026-05-24T21:53:09Z,M,2,sold,False,BFI IMAX M 2
2026-05-24T21:53:09Z,M,1,sold,False,BFI IMAX M 1
2026-05-24T21:53:09Z,N,34,unavailable,False,BFI IMAX N 34
2026-05-24T21:53:09Z,N,33,unavailable,False,BFI IMAX N 33
2026-05-24T21:53:09Z,N,32,unavailable,False,BFI IMAX N 32
2026-05-24T21:53:09Z,N,31,unavailable,False,BFI IMAX N 31
2026-05-24T21:53:09Z,N,30,unavailable,False,BFI IMAX N 30
2026-05-24T21:53:09Z,N,29,unavailable,False,BFI IMAX N 29
2026-05-24T21:53:09Z,N,28,unavailable,False,BFI IMAX N 28
2026-05-24T21:53:09Z,N,27,unavailable,False,BFI IMAX N 27
2026-05-24T21:53:09Z,A,11,available,False,BFI IMAX A 11
2026-05-24T21:53:09Z,A,10,available,False,BFI IMAX A 10
2026-05-24T21:53:09Z,N,6,sold,False,BFI IMAX N 6
2026-05-24T21:53:09Z,N,5,sold,False,BFI IMAX N 5
2026-05-24T21:53:09Z,N,4,sold,False,BFI IMAX N 4
2026-05-24T21:53:09Z,N,3,sold,False,BFI IMAX N 3
2026-05-24T21:53:09Z,N,2,sold,False,BFI IMAX N 2
2026-05-24T21:53:09Z,N,1,sold,False,BFI IMAX N 1
2026-05-24T21:53:09Z,P,31,unavailable,False,BFI IMAX P 31
2026-05-24T21:53:09Z,A,9,available,False,BFI IMAX A 9
2026-05-24T21:53:09Z,A,8,available,False,BFI IMAX A 8
2026-05-24T21:53:09Z,P,26,unavailable,False,BFI IMAX P 26
2026-05-24T21:53:09Z,P,6,sold,False,BFI IMAX P 6
2026-05-24T21:53:09Z,A,7,available,False,BFI IMAX A 7
2026-05-24T21:53:09Z,A,6,available,False,BFI IMAX A 6
2026-05-24T21:53:09Z,P,1,unavailable,False,BFI IMAX P 1
2026-05-24T21:53:09Z,M,11,sold,False,BFI IMAX M 11
2026-05-24T21:53:09Z,M,10,sold,False,BFI IMAX M 10
2026-05-24T21:53:09Z,M,9,sold,False,BFI IMAX M 9
2026-05-24T21:53:09Z,L,9,sold,False,BFI IMAX L 9
2026-05-24T21:53:09Z,L,25,sold,False,BFI IMAX L 25
2026-05-24T21:53:09Z,L,24,sold,False,BFI IMAX L 24
2026-05-24T21:53:09Z,L,23,sold,False,BFI IMAX L 23
2026-05-24T21:53:09Z,L,22,sold,False,BFI IMAX L 22
2026-05-24T21:53:09Z,L,21,sold,False,BFI IMAX L 21
2026-05-24T21:53:09Z,L,20,sold,False,BFI IMAX L 20
2026-05-24T21:53:09Z,L,19,sold,False,BFI IMAX L 19
2026-05-24T21:53:09Z,L,18,sold,False,BFI IMAX L 18
2026-05-24T21:53:09Z,L,17,sold,False,BFI IMAX L 17
2026-05-24T21:53:09Z,L,16,sold,False,BFI IMAX L 16
2026-05-24T21:53:09Z,L,15,sold,False,BFI IMAX L 15
2026-05-24T21:53:09Z,L,14,sold,False,BFI IMAX L 14
2026-05-24T21:53:09Z,L,13,sold,False,BFI IMAX L 13
2026-05-24T21:53:09Z,L,12,sold,False,BFI IMAX L 12
2026-05-24T21:53:09Z,L,11,sold,False,BFI IMAX L 11
2026-05-24T21:53:09Z,N,26,unavailable,False,BFI IMAX N 26
2026-05-24T21:53:09Z,N,25,unavailable,False,BFI IMAX N 25
2026-05-24T21:53:09Z,N,24,unavailable,False,BFI IMAX N 24
2026-05-24T21:53:09Z,N,23,unavailable,False,BFI IMAX N 23
2026-05-24T21:53:09Z,N,22,sold,False,BFI IMAX N 22
2026-05-24T21:53:09Z,N,21,sold,False,BFI IMAX N 21
2026-05-24T21:53:09Z,N,20,sold,False,BFI IMAX N 20
2026-05-24T21:53:09Z,N,19,sold,False,BFI IMAX N 19
2026-05-24T21:53:09Z,N,18,sold,False,BFI IMAX N 18
2026-05-24T21:53:09Z,N,17,sold,False,BFI IMAX N 17
2026-05-24T21:53:09Z,N,16,sold,False,BFI IMAX N 16
2026-05-24T21:53:09Z,N,15,sold,False,BFI IMAX N 15
2026-05-24T21:53:09Z,N,14,sold,False,BFI IMAX N 14
2026-05-24T21:53:09Z,N,13,sold,False,BFI IMAX N 13
2026-05-24T21:53:09Z,N,12,unavailable,False,BFI IMAX N 12
2026-05-24T21:53:09Z,N,11,unavailable,False,BFI IMAX N 11
2026-05-24T21:53:09Z,N,10,unavailable,False,BFI IMAX N 10
2026-05-24T21:53:09Z,N,9,unavailable,False,BFI IMAX N 9
2026-05-24T21:53:09Z,L,10,sold,False,BFI IMAX L 10
2026-05-24T21:53:09Z,M,26,sold,False,BFI IMAX M 26
2026-05-24T21:53:09Z,M,25,sold,False,BFI IMAX M 25
2026-05-24T21:53:09Z,M,24,sold,False,BFI IMAX M 24
2026-05-24T21:53:09Z,M,23,sold,False,BFI IMAX M 23
2026-05-24T21:53:09Z,M,22,sold,False,BFI IMAX M 22
2026-05-24T21:53:09Z,M,21,sold,False,BFI IMAX M 21
2026-05-24T21:53:09Z,M,20,sold,False,BFI IMAX M 20
2026-05-24T21:53:09Z,M,19,sold,False,BFI IMAX M 19
2026-05-24T21:53:09Z,M,18,sold,False,BFI IMAX M 18
2026-05-24T21:53:09Z,M,17,sold,False,BFI IMAX M 17
2026-05-24T21:53:09Z,M,16,sold,False,BFI IMAX M 16
2026-05-24T21:53:09Z,M,15,sold,False,BFI IMAX M 15
2026-05-24T21:53:09Z,M,14,sold,False,BFI IMAX M 14
2026-05-24T21:53:09Z,M,13,sold,False,BFI IMAX M 13
2026-05-24T21:53:09Z,M,12,sold,False,BFI IMAX M 12
2026-05-24T21:53:09Z,P,30,unavailable,True,BFI IMAX P 30
2026-05-24T21:53:09Z,P,27,unavailable,True,BFI IMAX P 27
2026-05-24T21:53:09Z,P,2,unavailable,True,BFI IMAX P 2
2026-05-24T21:53:09Z,P,5,sold,True,BFI IMAX P 5
2026-05-24T21:53:09Z,P,19,sold,False,BFI IMAX P 19
2026-05-24T21:53:09Z,P,18,sold,False,BFI IMAX P 18
2026-05-24T21:53:09Z,P,17,sold,False,BFI IMAX P 17
2026-05-24T21:53:09Z,P,16,sold,False,BFI IMAX P 16
2026-05-24T21:53:09Z,P,15,sold,False,BFI IMAX P 15
2026-05-24T21:53:09Z,P,14,sold,False,BFI IMAX P 14
2026-05-24T21:53:09Z,P,13,sold,False,BFI IMAX P 13
2026-05-24T21:53:09Z,P,12,sold,False,BFI IMAX P 12
2026-05-24T21:53:09Z,P,11,sold,False,BFI IMAX P 11
2026-05-24T21:53:09Z,P,10,sold,False,BFI IMAX P 10
2026-05-24T21:53:09Z,P,9,sold,False,BFI IMAX P 9
2026-05-24T21:53:09Z,P,8,sold,False,BFI IMAX P 8
2026-05-24T21:53:09Z,P,7,sold,False,BFI IMAX P 7
2026-05-24T21:53:09Z,P,25,sold,False,BFI IMAX P 25
2026-05-24T21:53:09Z,P,24,sold,False,BFI IMAX P 24
2026-05-24T21:53:09Z,P,23,sold,False,BFI IMAX P 23
2026-05-24T21:53:09Z,P,22,sold,False,BFI IMAX P 22
2026-05-24T21:53:09Z,P,21,sold,False,BFI IMAX P 21
2026-05-24T21:53:09Z,P,20,sold,False,BFI IMAX P 20
2026-05-24T21:53:09Z,Q,18,sold,False,BFI IMAX Q 18
2026-05-24T21:53:09Z,Q,17,sold,False,BFI IMAX Q 17
2026-05-24T21:53:09Z,Q,16,sold,False,BFI IMAX Q 16
2026-05-24T21:53:09Z,Q,15,sold,False,BFI IMAX Q 15
2026-05-24T21:53:09Z,Q,14,sold,False,BFI IMAX Q 14
2026-05-24T21:53:09Z,Q,13,sold,False,BFI IMAX Q 13
2026-05-24T21:53:09Z,Q,12,sold,False,BFI IMAX Q 12
2026-05-24T21:53:09Z,Q,11,sold,False,BFI IMAX Q 11
2026-05-24T21:53:09Z,Q,10,sold,False,BFI IMAX Q 10
2026-05-24T21:53:09Z,Q,9,sold,False,BFI IMAX Q 9
2026-05-24T21:53:09Z,Q,8,sold,False,BFI IMAX Q 8
2026-05-24T21:53:09Z,Q,7,sold,False,BFI IMAX Q 7
2026-05-24T21:53:09Z,Q,6,sold,False,BFI IMAX Q 6
2026-05-24T21:53:09Z,Q,5,sold,False,BFI IMAX Q 5
2026-05-24T21:53:09Z,Q,4,sold,False,BFI IMAX Q 4
2026-05-24T21:53:09Z,Q,3,sold,False,BFI IMAX Q 3
2026-05-24T21:53:09Z,Q,2,sold,False,BFI IMAX Q 2
2026-05-24T21:53:09Z,Q,1,sold,False,BFI IMAX Q 1
2026-05-24T22:24:11Z,K,27,unavailable,False,BFI IMAX K 27
2026-05-24T22:24:11Z,K,26,unavailable,False,BFI IMAX K 26
2026-05-24T22:24:11Z,N,8,unavailable,False,BFI IMAX N 8
2026-05-24T22:24:11Z,N,7,unavailable,False,BFI IMAX N 7
2026-05-24T22:24:11Z,P,29,unavailable,True,BFI IMAX P 29
2026-05-24T22:24:11Z,P,28,unavailable,True,BFI IMAX P 28
2026-05-24T22:24:11Z,P,4,unavailable,True,BFI IMAX P 4
2026-05-24T22:24:11Z,P,3,unavailable,True,BFI IMAX P 3
2026-05-24T22:24:11Z,A,5,available,False,BFI IMAX A 5
2026-05-24T22:24:11Z,A,4,available,False,BFI IMAX A 4
2026-05-24T22:24:11Z,A,3,available,False,BFI IMAX A 3
2026-05-24T22:24:11Z,A,2,available,False,BFI IMAX A 2
2026-05-24T22:24:11Z,A,1,available,False,BFI IMAX A 1
2026-05-24T22:24:11Z,B,36,available,False,BFI IMAX B 36
2026-05-24T22:24:11Z,B,35,available,False,BFI IMAX B 35
2026-05-24T22:24:11Z,B,34,available,False,BFI IMAX B 34
2026-05-24T22:24:11Z,B,33,available,False,BFI IMAX B 33
2026-05-24T22:24:11Z,B,32,available,False,BFI IMAX B 32
2026-05-24T22:24:11Z,B,31,available,False,BFI IMAX B 31
2026-05-24T22:24:11Z,B,30,available,False,BFI IMAX B 30
2026-05-24T22:24:11Z,B,29,available,False,BFI IMAX B 29
2026-05-24T22:24:11Z,B,28,available,False,BFI IMAX B 28
2026-05-24T22:24:11Z,B,27,available,False,BFI IMAX B 27
2026-05-24T22:24:11Z,B,26,available,False,BFI IMAX B 26
2026-05-24T22:24:11Z,B,25,available,False,BFI IMAX B 25
2026-05-24T22:24:11Z,B,24,available,False,BFI IMAX B 24
2026-05-24T22:24:11Z,B,23,sold,False,BFI IMAX B 23
2026-05-24T22:24:11Z,B,22,sold,False,BFI IMAX B 22
2026-05-24T22:24:11Z,B,21,sold,False,BFI IMAX B 21
2026-05-24T22:24:11Z,B,20,sold,False,BFI IMAX B 20
2026-05-24T22:24:11Z,B,19,sold,False,BFI IMAX B 19
2026-05-24T22:24:11Z,B,18,sold,False,BFI IMAX B 18
2026-05-24T22:24:11Z,B,17,sold,False,BFI IMAX B 17
2026-05-24T22:24:11Z,B,16,sold,False,BFI IMAX B 16
2026-05-24T22:24:11Z,B,15,available,False,BFI IMAX B 15
2026-05-24T22:24:11Z,B,14,available,False,BFI IMAX B 14
2026-05-24T22:24:11Z,B,13,available,False,BFI IMAX B 13
2026-05-24T22:24:11Z,B,12,available,False,BFI IMAX B 12
2026-05-24T22:24:11Z,B,11,available,False,BFI IMAX B 11
2026-05-24T22:24:11Z,B,10,available,False,BFI IMAX B 10
2026-05-24T22:24:11Z,B,9,available,False,BFI IMAX B 9
2026-05-24T22:24:11Z,B,8,available,False,BFI IMAX B 8
2026-05-24T22:24:11Z,B,7,available,False,BFI IMAX B 7
2026-05-24T22:24:11Z,B,6,available,False,BFI IMAX B 6
2026-05-24T22:24:11Z,B,5,available,False,BFI IMAX B 5
2026-05-24T22:24:11Z,B,4,available,False,BFI IMAX B 4
2026-05-24T22:24:11Z,B,3,available,False,BFI IMAX B 3
2026-05-24T22:24:11Z,B,2,available,False,BFI IMAX B 2
2026-05-24T22:24:11Z,B,1,available,False,BFI IMAX B 1
2026-05-24T22:24:11Z,C,36,available,False,BFI IMAX C 36
2026-05-24T22:24:11Z,C,35,available,False,BFI IMAX C 35
2026-05-24T22:24:11Z,C,34,available,False,BFI IMAX C 34
2026-05-24T22:24:11Z,C,33,available,False,BFI IMAX C 33
2026-05-24T22:24:11Z,C,32,available,False,BFI IMAX C 32
2026-05-24T22:24:11Z,C,31,available,False,BFI IMAX C 31
2026-05-24T22:24:11Z,C,30,available,False,BFI IMAX C 30
2026-05-24T22:24:11Z,C,29,available,False,BFI IMAX C 29
2026-05-24T22:24:11Z,C,28,available,False,BFI IMAX C 28
2026-05-24T22:24:11Z,C,27,available,False,BFI IMAX C 27
2026-05-24T22:24:11Z,C,26,available,False,BFI IMAX C 26
2026-05-24T22:24:11Z,C,25,sold,False,BFI IMAX C 25
2026-05-24T22:24:11Z,C,24,sold,False,BFI IMAX C 24
2026-05-24T22:24:11Z,C,23,sold,False,BFI IMAX C 23
2026-05-24T22:24:11Z,C,22,sold,False,BFI IMAX C 22
2026-05-24T22:24:11Z,C,21,sold,False,BFI IMAX C 21
2026-05-24T22:24:11Z,C,20,sold,False,BFI IMAX C 20
2026-05-24T22:24:11Z,C,19,sold,False,BFI IMAX C 19
2026-05-24T22:24:11Z,C,18,sold,False,BFI IMAX C 18
2026-05-24T22:24:11Z,C,17,sold,False,BFI IMAX C 17
2026-05-24T22:24:11Z,C,16,sold,False,BFI IMAX C 16
2026-05-24T22:24:11Z,C,15,sold,False,BFI IMAX C 15
2026-05-24T22:24:11Z,C,14,sold,False,BFI IMAX C 14
2026-05-24T22:24:11Z,C,13,sold,False,BFI IMAX C 13
2026-05-24T22:24:11Z,C,12,sold,False,BFI IMAX C 12
2026-05-24T22:24:11Z,C,11,sold,False,BFI IMAX C 11
2026-05-24T22:24:11Z,C,10,sold,False,BFI IMAX C 10
2026-05-24T22:24:11Z,C,9,available,False,BFI IMAX C 9
2026-05-24T22:24:11Z,C,8,available,False,BFI IMAX C 8
2026-05-24T22:24:11Z,C,7,available,False,BFI IMAX C 7
2026-05-24T22:24:11Z,C,6,available,False,BFI IMAX C 6
2026-05-24T22:24:11Z,C,5,available,False,BFI IMAX C 5
2026-05-24T22:24:11Z,C,4,available,False,BFI IMAX C 4
2026-05-24T22:24:11Z,C,3,available,False,BFI IMAX C 3
2026-05-24T22:24:11Z,C,2,available,False,BFI IMAX C 2
2026-05-24T22:24:11Z,C,1,available,False,BFI IMAX C 1
2026-05-24T22:24:11Z,D,37,available,False,BFI IMAX D 37
2026-05-24T22:24:11Z,D,36,available,False,BFI IMAX D 36
2026-05-24T22:24:11Z,D,35,available,False,BFI IMAX D 35
2026-05-24T22:24:11Z,D,34,available,False,BFI IMAX D 34
2026-05-24T22:24:11Z,D,33,available,False,BFI IMAX D 33
2026-05-24T22:24:11Z,D,32,available,False,BFI IMAX D 32
2026-05-24T22:24:11Z,D,31,available,False,BFI IMAX D 31
2026-05-24T22:24:11Z,D,30,sold,False,BFI IMAX D 30
2026-05-24T22:24:11Z,D,29,sold,False,BFI IMAX D 29
2026-05-24T22:24:11Z,D,28,sold,False,BFI IMAX D 28
2026-05-24T22:24:11Z,D,27,sold,False,BFI IMAX D 27
2026-05-24T22:24:11Z,D,26,sold,False,BFI IMAX D 26
2026-05-24T22:24:11Z,D,25,sold,False,BFI IMAX D 25
2026-05-24T22:24:11Z,D,24,sold,False,BFI IMAX D 24
2026-05-24T22:24:11Z,D,23,sold,False,BFI IMAX D 23
2026-05-24T22:24:11Z,D,22,sold,False,BFI IMAX D 22
2026-05-24T22:24:11Z,D,21,sold,False,BFI IMAX D 21
2026-05-24T22:24:11Z,D,20,sold,False,BFI IMAX D 20
2026-05-24T22:24:11Z,D,19,sold,False,BFI IMAX D 19
2026-05-24T22:24:11Z,D,18,sold,False,BFI IMAX D 18
2026-05-24T22:24:11Z,D,17,sold,False,BFI IMAX D 17
2026-05-24T22:24:11Z,D,16,sold,False,BFI IMAX D 16
2026-05-24T22:24:11Z,D,15,sold,False,BFI IMAX D 15
2026-05-24T22:24:11Z,D,14,sold,False,BFI IMAX D 14
2026-05-24T22:24:11Z,D,13,sold,False,BFI IMAX D 13
2026-05-24T22:24:11Z,D,12,sold,False,BFI IMAX D 12
2026-05-24T22:24:11Z,D,11,sold,False,BFI IMAX D 11
2026-05-24T22:24:11Z,D,10,sold,False,BFI IMAX D 10
2026-05-24T22:24:11Z,D,9,sold,False,BFI IMAX D 9
2026-05-24T22:24:11Z,D,8,sold,False,BFI IMAX D 8
2026-05-24T22:24:11Z,D,7,sold,False,BFI IMAX D 7
2026-05-24T22:24:11Z,D,6,available,False,BFI IMAX D 6
2026-05-24T22:24:11Z,D,5,available,False,BFI IMAX D 5
2026-05-24T22:24:11Z,D,4,available,False,BFI IMAX D 4
2026-05-24T22:24:11Z,D,3,available,False,BFI IMAX D 3
2026-05-24T22:24:11Z,D,2,available,False,BFI IMAX D 2
2026-05-24T22:24:11Z,D,1,available,False,BFI IMAX D 1
2026-05-24T22:24:11Z,E,37,available,False,BFI IMAX E 37
2026-05-24T22:24:11Z,E,36,available,False,BFI IMAX E 36
2026-05-24T22:24:11Z,E,35,available,False,BFI IMAX E 35
2026-05-24T22:24:11Z,E,34,available,False,BFI IMAX E 34
2026-05-24T22:24:11Z,E,33,available,False,BFI IMAX E 33
2026-05-24T22:24:11Z,E,32,sold,False,BFI IMAX E 32
2026-05-24T22:24:11Z,E,31,sold,False,BFI IMAX E 31
2026-05-24T22:24:11Z,E,30,sold,False,BFI IMAX E 30
2026-05-24T22:24:11Z,E,29,sold,False,BFI IMAX E 29
2026-05-24T22:24:11Z,E,28,sold,False,BFI IMAX E 28
2026-05-24T22:24:11Z,E,27,sold,False,BFI IMAX E 27
2026-05-24T22:24:11Z,E,26,sold,False,BFI IMAX E 26
2026-05-24T22:24:11Z,E,25,sold,False,BFI IMAX E 25
2026-05-24T22:24:11Z,E,24,sold,False,BFI IMAX E 24
2026-05-24T22:24:11Z,E,23,sold,False,BFI IMAX E 23
2026-05-24T22:24:11Z,E,22,sold,False,BFI IMAX E 22
2026-05-24T22:24:11Z,E,21,sold,False,BFI IMAX E 21
2026-05-24T22:24:11Z,E,20,sold,False,BFI IMAX E 20
2026-05-24T22:24:11Z,E,19,sold,False,BFI IMAX E 19
2026-05-24T22:24:11Z,E,18,sold,False,BFI IMAX E 18
2026-05-24T22:24:11Z,E,17,sold,False,BFI IMAX E 17
2026-05-24T22:24:11Z,E,16,sold,False,BFI IMAX E 16
2026-05-24T22:24:11Z,E,15,sold,False,BFI IMAX E 15
2026-05-24T22:24:11Z,E,14,sold,False,BFI IMAX E 14
2026-05-24T22:24:11Z,E,13,sold,False,BFI IMAX E 13
2026-05-24T22:24:11Z,E,12,sold,False,BFI IMAX E 12
2026-05-24T22:24:11Z,E,11,sold,False,BFI IMAX E 11
2026-05-24T22:24:11Z,E,10,sold,False,BFI IMAX E 10
2026-05-24T22:24:11Z,E,9,sold,False,BFI IMAX E 9
2026-05-24T22:24:11Z,E,8,sold,False,BFI IMAX E 8
2026-05-24T22:24:11Z,E,7,sold,False,BFI IMAX E 7
2026-05-24T22:24:11Z,E,6,sold,False,BFI IMAX E 6
2026-05-24T22:24:11Z,E,5,sold,False,BFI IMAX E 5
2026-05-24T22:24:11Z,E,4,available,False,BFI IMAX E 4
2026-05-24T22:24:11Z,E,3,available,False,BFI IMAX E 3
2026-05-24T22:24:11Z,E,2,available,False,BFI IMAX E 2
2026-05-24T22:24:11Z,E,1,available,False,BFI IMAX E 1
2026-05-24T22:24:11Z,F,38,available,False,BFI IMAX F 38
2026-05-24T22:24:11Z,F,37,sold,False,BFI IMAX F 37
2026-05-24T22:24:11Z,F,36,sold,False,BFI IMAX F 36
2026-05-24T22:24:11Z,F,35,sold,False,BFI IMAX F 35
2026-05-24T22:24:11Z,F,34,sold,False,BFI IMAX F 34
2026-05-24T22:24:11Z,F,33,sold,False,BFI IMAX F 33
2026-05-24T22:24:11Z,F,32,sold,False,BFI IMAX F 32
2026-05-24T22:24:11Z,F,31,sold,False,BFI IMAX F 31
2026-05-24T22:24:11Z,F,30,sold,False,BFI IMAX F 30
2026-05-24T22:24:11Z,F,29,sold,False,BFI IMAX F 29
2026-05-24T22:24:11Z,F,28,sold,False,BFI IMAX F 28
2026-05-24T22:24:11Z,F,27,sold,False,BFI IMAX F 27
2026-05-24T22:24:11Z,F,26,sold,False,BFI IMAX F 26
2026-05-24T22:24:11Z,F,25,sold,False,BFI IMAX F 25
2026-05-24T22:24:11Z,F,24,sold,False,BFI IMAX F 24
2026-05-24T22:24:11Z,F,23,sold,False,BFI IMAX F 23
2026-05-24T22:24:11Z,F,22,sold,False,BFI IMAX F 22
2026-05-24T22:24:11Z,F,21,sold,False,BFI IMAX F 21
2026-05-24T22:24:11Z,F,20,sold,False,BFI IMAX F 20
2026-05-24T22:24:11Z,F,19,sold,False,BFI IMAX F 19
2026-05-24T22:24:11Z,F,18,sold,False,BFI IMAX F 18
2026-05-24T22:24:11Z,F,17,sold,False,BFI IMAX F 17
2026-05-24T22:24:11Z,F,16,sold,False,BFI IMAX F 16
2026-05-24T22:24:11Z,F,15,sold,False,BFI IMAX F 15
2026-05-24T22:24:11Z,F,14,sold,False,BFI IMAX F 14
2026-05-24T22:24:11Z,F,13,sold,False,BFI IMAX F 13
2026-05-24T22:24:11Z,F,12,sold,False,BFI IMAX F 12
2026-05-24T22:24:11Z,F,11,sold,False,BFI IMAX F 11
2026-05-24T22:24:11Z,F,10,sold,False,BFI IMAX F 10
2026-05-24T22:24:11Z,F,9,sold,False,BFI IMAX F 9
2026-05-24T22:24:11Z,F,8,sold,False,BFI IMAX F 8
2026-05-24T22:24:11Z,F,7,sold,False,BFI IMAX F 7
2026-05-24T22:24:11Z,F,6,sold,False,BFI IMAX F 6
2026-05-24T22:24:11Z,F,5,sold,False,BFI IMAX F 5
2026-05-24T22:24:11Z,F,4,sold,False,BFI IMAX F 4
2026-05-24T22:24:11Z,F,3,sold,False,BFI IMAX F 3
2026-05-24T22:24:11Z,F,2,sold,False,BFI IMAX F 2
2026-05-24T22:24:11Z,F,1,sold,False,BFI IMAX F 1
2026-05-24T22:24:11Z,G,37,sold,False,BFI IMAX G 37
2026-05-24T22:24:11Z,G,36,sold,False,BFI IMAX G 36
2026-05-24T22:24:11Z,G,35,sold,False,BFI IMAX G 35
2026-05-24T22:24:11Z,G,34,sold,False,BFI IMAX G 34
2026-05-24T22:24:11Z,G,33,sold,False,BFI IMAX G 33
2026-05-24T22:24:11Z,G,32,sold,False,BFI IMAX G 32
2026-05-24T22:24:11Z,G,31,sold,False,BFI IMAX G 31
2026-05-24T22:24:11Z,G,30,sold,False,BFI IMAX G 30
2026-05-24T22:24:11Z,G,29,sold,False,BFI IMAX G 29
2026-05-24T22:24:11Z,G,28,sold,False,BFI IMAX G 28
2026-05-24T22:24:11Z,G,27,sold,False,BFI IMAX G 27
2026-05-24T22:24:11Z,G,26,sold,False,BFI IMAX G 26
2026-05-24T22:24:11Z,G,25,sold,False,BFI IMAX G 25
2026-05-24T22:24:11Z,G,24,sold,False,BFI IMAX G 24
2026-05-24T22:24:11Z,G,23,sold,False,BFI IMAX G 23
2026-05-24T22:24:11Z,G,22,sold,False,BFI IMAX G 22
2026-05-24T22:24:11Z,G,21,sold,False,BFI IMAX G 21
2026-05-24T22:24:11Z,G,20,sold,False,BFI IMAX G 20
2026-05-24T22:24:11Z,G,19,sold,False,BFI IMAX G 19
2026-05-24T22:24:11Z,G,18,sold,False,BFI IMAX G 18
2026-05-24T22:24:11Z,G,17,sold,False,BFI IMAX G 17
2026-05-24T22:24:11Z,G,16,sold,False,BFI IMAX G 16
2026-05-24T22:24:11Z,G,15,sold,False,BFI IMAX G 15
2026-05-24T22:24:11Z,G,14,sold,False,BFI IMAX G 14
2026-05-24T22:24:11Z,G,13,sold,False,BFI IMAX G 13
2026-05-24T22:24:11Z,G,12,sold,False,BFI IMAX G 12
2026-05-24T22:24:11Z,G,11,sold,False,BFI IMAX G 11
2026-05-24T22:24:11Z,G,10,sold,False,BFI IMAX G 10
2026-05-24T22:24:11Z,G,9,sold,False,BFI IMAX G 9
2026-05-24T22:24:11Z,G,8,sold,False,BFI IMAX G 8
2026-05-24T22:24:11Z,G,7,sold,False,BFI IMAX G 7
2026-05-24T22:24:11Z,G,6,sold,False,BFI IMAX G 6
2026-05-24T22:24:11Z,G,5,sold,False,BFI IMAX G 5
2026-05-24T22:24:11Z,G,4,sold,False,BFI IMAX G 4
2026-05-24T22:24:11Z,G,3,sold,False,BFI IMAX G 3
2026-05-24T22:24:11Z,G,2,sold,False,BFI IMAX G 2
2026-05-24T22:24:11Z,G,1,sold,False,BFI IMAX G 1
2026-05-24T22:24:11Z,H,37,sold,False,BFI IMAX H 37
2026-05-24T22:24:11Z,H,36,sold,False,BFI IMAX H 36
2026-05-24T22:24:11Z,H,35,sold,False,BFI IMAX H 35
2026-05-24T22:24:11Z,H,34,sold,False,BFI IMAX H 34
2026-05-24T22:24:11Z,H,33,sold,False,BFI IMAX H 33
2026-05-24T22:24:11Z,H,32,sold,False,BFI IMAX H 32
2026-05-24T22:24:11Z,H,31,sold,False,BFI IMAX H 31
2026-05-24T22:24:11Z,H,30,sold,False,BFI IMAX H 30
2026-05-24T22:24:11Z,H,29,sold,False,BFI IMAX H 29
2026-05-24T22:24:11Z,H,28,sold,False,BFI IMAX H 28
2026-05-24T22:24:11Z,H,27,sold,False,BFI IMAX H 27
2026-05-24T22:24:11Z,H,26,sold,False,BFI IMAX H 26
2026-05-24T22:24:11Z,H,25,sold,False,BFI IMAX H 25
2026-05-24T22:24:11Z,H,24,sold,False,BFI IMAX H 24
2026-05-24T22:24:11Z,H,23,sold,False,BFI IMAX H 23
2026-05-24T22:24:11Z,H,22,sold,False,BFI IMAX H 22
2026-05-24T22:24:11Z,H,21,sold,False,BFI IMAX H 21
2026-05-24T22:24:11Z,H,20,sold,False,BFI IMAX H 20
2026-05-24T22:24:11Z,H,19,sold,False,BFI IMAX H 19
2026-05-24T22:24:11Z,H,18,sold,False,BFI IMAX H 18
2026-05-24T22:24:11Z,H,17,sold,False,BFI IMAX H 17
2026-05-24T22:24:11Z,H,16,sold,False,BFI IMAX H 16
2026-05-24T22:24:11Z,H,15,sold,False,BFI IMAX H 15
2026-05-24T22:24:11Z,H,14,sold,False,BFI IMAX H 14
2026-05-24T22:24:11Z,H,13,sold,False,BFI IMAX H 13
2026-05-24T22:24:11Z,H,12,sold,False,BFI IMAX H 12
2026-05-24T22:24:11Z,H,11,sold,False,BFI IMAX H 11
2026-05-24T22:24:11Z,H,10,sold,False,BFI IMAX H 10
2026-05-24T22:24:11Z,H,9,sold,False,BFI IMAX H 9
2026-05-24T22:24:11Z,H,8,sold,False,BFI IMAX H 8
2026-05-24T22:24:11Z,H,7,sold,False,BFI IMAX H 7
2026-05-24T22:24:11Z,H,6,sold,False,BFI IMAX H 6
2026-05-24T22:24:11Z,H,5,sold,False,BFI IMAX H 5
2026-05-24T22:24:11Z,H,4,sold,False,BFI IMAX H 4
2026-05-24T22:24:11Z,H,3,sold,False,BFI IMAX H 3
2026-05-24T22:24:11Z,H,2,sold,False,BFI IMAX H 2
2026-05-24T22:24:11Z,H,1,sold,False,BFI IMAX H 1
2026-05-24T22:24:11Z,J,36,sold,False,BFI IMAX J 36
2026-05-24T22:24:11Z,J,35,sold,False,BFI IMAX J 35
2026-05-24T22:24:11Z,J,34,sold,False,BFI IMAX J 34
2026-05-24T22:24:11Z,J,33,sold,False,BFI IMAX J 33
2026-05-24T22:24:11Z,J,32,sold,False,BFI IMAX J 32
2026-05-24T22:24:11Z,J,31,sold,False,BFI IMAX J 31
2026-05-24T22:24:11Z,J,30,sold,False,BFI IMAX J 30
2026-05-24T22:24:11Z,J,29,sold,False,BFI IMAX J 29
2026-05-24T22:24:11Z,J,28,sold,False,BFI IMAX J 28
2026-05-24T22:24:11Z,J,27,sold,False,BFI IMAX J 27
2026-05-24T22:24:11Z,J,26,sold,False,BFI IMAX J 26
2026-05-24T22:24:11Z,J,25,sold,False,BFI IMAX J 25
2026-05-24T22:24:11Z,J,24,sold,False,BFI IMAX J 24
2026-05-24T22:24:11Z,J,23,sold,False,BFI IMAX J 23
2026-05-24T22:24:11Z,J,22,sold,False,BFI IMAX J 22
2026-05-24T22:24:11Z,J,21,sold,False,BFI IMAX J 21
2026-05-24T22:24:11Z,J,20,sold,False,BFI IMAX J 20
2026-05-24T22:24:11Z,J,19,sold,False,BFI IMAX J 19
2026-05-24T22:24:11Z,J,18,sold,False,BFI IMAX J 18
2026-05-24T22:24:11Z,J,17,sold,False,BFI IMAX J 17
2026-05-24T22:24:11Z,J,16,sold,False,BFI IMAX J 16
2026-05-24T22:24:11Z,J,15,sold,False,BFI IMAX J 15
2026-05-24T22:24:11Z,J,14,sold,False,BFI IMAX J 14
2026-05-24T22:24:11Z,J,13,sold,False,BFI IMAX J 13
2026-05-24T22:24:11Z,J,12,sold,False,BFI IMAX J 12
2026-05-24T22:24:11Z,J,11,sold,False,BFI IMAX J 11
2026-05-24T22:24:11Z,J,10,sold,False,BFI IMAX J 10
2026-05-24T22:24:11Z,J,9,sold,False,BFI IMAX J 9
2026-05-24T22:24:11Z,J,8,sold,False,BFI IMAX J 8
2026-05-24T22:24:11Z,J,7,sold,False,BFI IMAX J 7
2026-05-24T22:24:11Z,J,6,sold,False,BFI IMAX J 6
2026-05-24T22:24:11Z,J,5,sold,False,BFI IMAX J 5
2026-05-24T22:24:11Z,J,4,sold,False,BFI IMAX J 4
2026-05-24T22:24:11Z,J,3,sold,False,BFI IMAX J 3
2026-05-24T22:24:11Z,J,2,sold,False,BFI IMAX J 2
2026-05-24T22:24:11Z,J,1,sold,False,BFI IMAX J 1
2026-05-24T22:24:11Z,K,36,sold,False,BFI IMAX K 36
2026-05-24T22:24:11Z,K,35,sold,False,BFI IMAX K 35
2026-05-24T22:24:11Z,K,34,sold,False,BFI IMAX K 34
2026-05-24T22:24:11Z,K,33,sold,False,BFI IMAX K 33
2026-05-24T22:24:11Z,K,32,sold,False,BFI IMAX K 32
2026-05-24T22:24:11Z,K,31,sold,False,BFI IMAX K 31
2026-05-24T22:24:11Z,K,30,sold,False,BFI IMAX K 30
2026-05-24T22:24:11Z,K,29,sold,False,BFI IMAX K 29
2026-05-24T22:24:11Z,K,28,sold,False,BFI IMAX K 28
2026-05-24T22:24:11Z,A,13,available,False,BFI IMAX A 13
2026-05-24T22:24:11Z,A,12,available,False,BFI IMAX A 12
2026-05-24T22:24:11Z,K,25,sold,False,BFI IMAX K 25
2026-05-24T22:24:11Z,K,24,sold,False,BFI IMAX K 24
2026-05-24T22:24:11Z,K,23,sold,False,BFI IMAX K 23
2026-05-24T22:24:11Z,K,22,sold,False,BFI IMAX K 22
2026-05-24T22:24:11Z,K,21,sold,False,BFI IMAX K 21
2026-05-24T22:24:11Z,K,20,sold,False,BFI IMAX K 20
2026-05-24T22:24:11Z,K,19,sold,False,BFI IMAX K 19
2026-05-24T22:24:11Z,K,18,sold,False,BFI IMAX K 18
2026-05-24T22:24:11Z,K,17,sold,False,BFI IMAX K 17
2026-05-24T22:24:11Z,K,16,sold,False,BFI IMAX K 16
2026-05-24T22:24:11Z,K,15,sold,False,BFI IMAX K 15
2026-05-24T22:24:11Z,K,14,sold,False,BFI IMAX K 14
2026-05-24T22:24:11Z,K,13,sold,False,BFI IMAX K 13
2026-05-24T22:24:11Z,K,12,sold,False,BFI IMAX K 12
2026-05-24T22:24:11Z,K,11,sold,False,BFI IMAX K 11
2026-05-24T22:24:11Z,K,10,sold,False,BFI IMAX K 10
2026-05-24T22:24:11Z,K,9,sold,False,BFI IMAX K 9
2026-05-24T22:24:11Z,K,8,sold,False,BFI IMAX K 8
2026-05-24T22:24:11Z,K,7,sold,False,BFI IMAX K 7
2026-05-24T22:24:11Z,K,6,sold,False,BFI IMAX K 6
2026-05-24T22:24:11Z,K,5,sold,False,BFI IMAX K 5
2026-05-24T22:24:11Z,K,4,sold,False,BFI IMAX K 4
2026-05-24T22:24:11Z,K,3,sold,False,BFI IMAX K 3
2026-05-24T22:24:11Z,K,2,sold,False,BFI IMAX K 2
2026-05-24T22:24:11Z,K,1,sold,False,BFI IMAX K 1
2026-05-24T22:24:11Z,L,33,sold,False,BFI IMAX L 33
2026-05-24T22:24:11Z,L,32,sold,False,BFI IMAX L 32
2026-05-24T22:24:11Z,L,31,sold,False,BFI IMAX L 31
2026-05-24T22:24:11Z,L,30,sold,False,BFI IMAX L 30
2026-05-24T22:24:11Z,L,29,sold,False,BFI IMAX L 29
2026-05-24T22:24:11Z,L,28,sold,False,BFI IMAX L 28
2026-05-24T22:24:11Z,L,27,sold,False,BFI IMAX L 27
2026-05-24T22:24:11Z,L,26,sold,False,BFI IMAX L 26
2026-05-24T22:24:11Z,L,8,sold,False,BFI IMAX L 8
2026-05-24T22:24:11Z,L,7,sold,False,BFI IMAX L 7
2026-05-24T22:24:11Z,L,6,sold,False,BFI IMAX L 6
2026-05-24T22:24:11Z,L,5,sold,False,BFI IMAX L 5
2026-05-24T22:24:11Z,L,4,sold,False,BFI IMAX L 4
2026-05-24T22:24:11Z,L,3,sold,False,BFI IMAX L 3
2026-05-24T22:24:11Z,L,2,sold,False,BFI IMAX L 2
2026-05-24T22:24:11Z,L,1,sold,False,BFI IMAX L 1
2026-05-24T22:24:11Z,M,34,sold,False,BFI IMAX M 34
2026-05-24T22:24:11Z,M,33,sold,False,BFI IMAX M 33
2026-05-24T22:24:11Z,M,32,sold,False,BFI IMAX M 32
2026-05-24T22:24:11Z,M,31,sold,False,BFI IMAX M 31
2026-05-24T22:24:11Z,M,30,sold,False,BFI IMAX M 30
2026-05-24T22:24:11Z,M,29,sold,False,BFI IMAX M 29
2026-05-24T22:24:11Z,M,28,sold,False,BFI IMAX M 28
2026-05-24T22:24:11Z,M,27,sold,False,BFI IMAX M 27
2026-05-24T22:24:11Z,M,8,sold,False,BFI IMAX M 8
2026-05-24T22:24:11Z,M,7,sold,False,BFI IMAX M 7
2026-05-24T22:24:11Z,M,6,sold,False,BFI IMAX M 6
2026-05-24T22:24:11Z,M,5,sold,False,BFI IMAX M 5
2026-05-24T22:24:11Z,M,4,sold,False,BFI IMAX M 4
2026-05-24T22:24:11Z,M,3,sold,False,BFI IMAX M 3
2026-05-24T22:24:11Z,M,2,sold,False,BFI IMAX M 2
2026-05-24T22:24:11Z,M,1,sold,False,BFI IMAX M 1
2026-05-24T22:24:11Z,N,34,unavailable,False,BFI IMAX N 34
2026-05-24T22:24:11Z,N,33,unavailable,False,BFI IMAX N 33
2026-05-24T22:24:11Z,N,32,unavailable,False,BFI IMAX N 32
2026-05-24T22:24:11Z,N,31,unavailable,False,BFI IMAX N 31
2026-05-24T22:24:11Z,N,30,unavailable,False,BFI IMAX N 30
2026-05-24T22:24:11Z,N,29,unavailable,False,BFI IMAX N 29
2026-05-24T22:24:11Z,N,28,unavailable,False,BFI IMAX N 28
2026-05-24T22:24:11Z,N,27,unavailable,False,BFI IMAX N 27
2026-05-24T22:24:11Z,A,11,available,False,BFI IMAX A 11
2026-05-24T22:24:11Z,A,10,available,False,BFI IMAX A 10
2026-05-24T22:24:11Z,N,6,sold,False,BFI IMAX N 6
2026-05-24T22:24:11Z,N,5,sold,False,BFI IMAX N 5
2026-05-24T22:24:11Z,N,4,sold,False,BFI IMAX N 4
2026-05-24T22:24:11Z,N,3,sold,False,BFI IMAX N 3
2026-05-24T22:24:11Z,N,2,sold,False,BFI IMAX N 2
2026-05-24T22:24:11Z,N,1,sold,False,BFI IMAX N 1
2026-05-24T22:24:11Z,P,31,unavailable,False,BFI IMAX P 31
2026-05-24T22:24:11Z,A,9,available,False,BFI IMAX A 9
2026-05-24T22:24:11Z,A,8,available,False,BFI IMAX A 8
2026-05-24T22:24:11Z,P,26,unavailable,False,BFI IMAX P 26
2026-05-24T22:24:11Z,P,6,sold,False,BFI IMAX P 6
2026-05-24T22:24:11Z,A,7,available,False,BFI IMAX A 7
2026-05-24T22:24:11Z,A,6,available,False,BFI IMAX A 6
2026-05-24T22:24:11Z,P,1,unavailable,False,BFI IMAX P 1
2026-05-24T22:24:11Z,M,11,sold,False,BFI IMAX M 11
2026-05-24T22:24:11Z,M,10,sold,False,BFI IMAX M 10
2026-05-24T22:24:11Z,M,9,sold,False,BFI IMAX M 9
2026-05-24T22:24:11Z,L,9,sold,False,BFI IMAX L 9
2026-05-24T22:24:11Z,L,25,sold,False,BFI IMAX L 25
2026-05-24T22:24:11Z,L,24,sold,False,BFI IMAX L 24
2026-05-24T22:24:11Z,L,23,sold,False,BFI IMAX L 23
2026-05-24T22:24:11Z,L,22,sold,False,BFI IMAX L 22
2026-05-24T22:24:11Z,L,21,sold,False,BFI IMAX L 21
2026-05-24T22:24:11Z,L,20,sold,False,BFI IMAX L 20
2026-05-24T22:24:11Z,L,19,sold,False,BFI IMAX L 19
2026-05-24T22:24:11Z,L,18,sold,False,BFI IMAX L 18
2026-05-24T22:24:11Z,L,17,sold,False,BFI IMAX L 17
2026-05-24T22:24:11Z,L,16,sold,False,BFI IMAX L 16
2026-05-24T22:24:11Z,L,15,sold,False,BFI IMAX L 15
2026-05-24T22:24:11Z,L,14,sold,False,BFI IMAX L 14
2026-05-24T22:24:11Z,L,13,sold,False,BFI IMAX L 13
2026-05-24T22:24:11Z,L,12,sold,False,BFI IMAX L 12
2026-05-24T22:24:11Z,L,11,sold,False,BFI IMAX L 11
2026-05-24T22:24:11Z,N,26,unavailable,False,BFI IMAX N 26
2026-05-24T22:24:11Z,N,25,unavailable,False,BFI IMAX N 25
2026-05-24T22:24:11Z,N,24,unavailable,False,BFI IMAX N 24
2026-05-24T22:24:11Z,N,23,unavailable,False,BFI IMAX N 23
2026-05-24T22:24:11Z,N,22,sold,False,BFI IMAX N 22
2026-05-24T22:24:11Z,N,21,sold,False,BFI IMAX N 21
2026-05-24T22:24:11Z,N,20,sold,False,BFI IMAX N 20
2026-05-24T22:24:11Z,N,19,sold,False,BFI IMAX N 19
2026-05-24T22:24:11Z,N,18,sold,False,BFI IMAX N 18
2026-05-24T22:24:11Z,N,17,sold,False,BFI IMAX N 17
2026-05-24T22:24:11Z,N,16,sold,False,BFI IMAX N 16
2026-05-24T22:24:11Z,N,15,sold,False,BFI IMAX N 15
2026-05-24T22:24:11Z,N,14,sold,False,BFI IMAX N 14
2026-05-24T22:24:11Z,N,13,sold,False,BFI IMAX N 13
2026-05-24T22:24:11Z,N,12,unavailable,False,BFI IMAX N 12
2026-05-24T22:24:11Z,N,11,unavailable,False,BFI IMAX N 11
2026-05-24T22:24:11Z,N,10,unavailable,False,BFI IMAX N 10
2026-05-24T22:24:11Z,N,9,unavailable,False,BFI IMAX N 9
2026-05-24T22:24:11Z,L,10,sold,False,BFI IMAX L 10
2026-05-24T22:24:11Z,M,26,sold,False,BFI IMAX M 26
2026-05-24T22:24:11Z,M,25,sold,False,BFI IMAX M 25
2026-05-24T22:24:11Z,M,24,sold,False,BFI IMAX M 24
2026-05-24T22:24:11Z,M,23,sold,False,BFI IMAX M 23
2026-05-24T22:24:11Z,M,22,sold,False,BFI IMAX M 22
2026-05-24T22:24:11Z,M,21,sold,False,BFI IMAX M 21
2026-05-24T22:24:11Z,M,20,sold,False,BFI IMAX M 20
2026-05-24T22:24:11Z,M,19,sold,False,BFI IMAX M 19
2026-05-24T22:24:11Z,M,18,sold,False,BFI IMAX M 18
2026-05-24T22:24:11Z,M,17,sold,False,BFI IMAX M 17
2026-05-24T22:24:11Z,M,16,sold,False,BFI IMAX M 16
2026-05-24T22:24:11Z,M,15,sold,False,BFI IMAX M 15
2026-05-24T22:24:11Z,M,14,sold,False,BFI IMAX M 14
2026-05-24T22:24:11Z,M,13,sold,False,BFI IMAX M 13
2026-05-24T22:24:11Z,M,12,sold,False,BFI IMAX M 12
2026-05-24T22:24:11Z,P,30,unavailable,True,BFI IMAX P 30
2026-05-24T22:24:11Z,P,27,unavailable,True,BFI IMAX P 27
2026-05-24T22:24:11Z,P,2,unavailable,True,BFI IMAX P 2
2026-05-24T22:24:11Z,P,5,sold,True,BFI IMAX P 5
2026-05-24T22:24:11Z,P,19,sold,False,BFI IMAX P 19
2026-05-24T22:24:11Z,P,18,sold,False,BFI IMAX P 18
2026-05-24T22:24:11Z,P,17,sold,False,BFI IMAX P 17
2026-05-24T22:24:11Z,P,16,sold,False,BFI IMAX P 16
2026-05-24T22:24:11Z,P,15,sold,False,BFI IMAX P 15
2026-05-24T22:24:11Z,P,14,sold,False,BFI IMAX P 14
2026-05-24T22:24:11Z,P,13,sold,False,BFI IMAX P 13
2026-05-24T22:24:11Z,P,12,sold,False,BFI IMAX P 12
2026-05-24T22:24:11Z,P,11,sold,False,BFI IMAX P 11
2026-05-24T22:24:11Z,P,10,sold,False,BFI IMAX P 10
2026-05-24T22:24:11Z,P,9,sold,False,BFI IMAX P 9
2026-05-24T22:24:11Z,P,8,sold,False,BFI IMAX P 8
2026-05-24T22:24:11Z,P,7,sold,False,BFI IMAX P 7
2026-05-24T22:24:11Z,P,25,sold,False,BFI IMAX P 25
2026-05-24T22:24:11Z,P,24,sold,False,BFI IMAX P 24
2026-05-24T22:24:11Z,P,23,sold,False,BFI IMAX P 23
2026-05-24T22:24:11Z,P,22,sold,False,BFI IMAX P 22
2026-05-24T22:24:11Z,P,21,sold,False,BFI IMAX P 21
2026-05-24T22:24:11Z,P,20,sold,False,BFI IMAX P 20
2026-05-24T22:24:11Z,Q,18,sold,False,BFI IMAX Q 18
2026-05-24T22:24:11Z,Q,17,sold,False,BFI IMAX Q 17
2026-05-24T22:24:11Z,Q,16,sold,False,BFI IMAX Q 16
2026-05-24T22:24:11Z,Q,15,sold,False,BFI IMAX Q 15
2026-05-24T22:24:11Z,Q,14,sold,False,BFI IMAX Q 14
2026-05-24T22:24:11Z,Q,13,sold,False,BFI IMAX Q 13
2026-05-24T22:24:11Z,Q,12,sold,False,BFI IMAX Q 12
2026-05-24T22:24:11Z,Q,11,sold,False,BFI IMAX Q 11
2026-05-24T22:24:11Z,Q,10,sold,False,BFI IMAX Q 10
2026-05-24T22:24:11Z,Q,9,sold,False,BFI IMAX Q 9
2026-05-24T22:24:11Z,Q,8,sold,False,BFI IMAX Q 8
2026-05-24T22:24:11Z,Q,7,sold,False,BFI IMAX Q 7
2026-05-24T22:24:11Z,Q,6,sold,False,BFI IMAX Q 6
2026-05-24T22:24:11Z,Q,5,sold,False,BFI IMAX Q 5
2026-05-24T22:24:11Z,Q,4,sold,False,BFI IMAX Q 4
2026-05-24T22:24:11Z,Q,3,sold,False,BFI IMAX Q 3
2026-05-24T22:24:11Z,Q,2,sold,False,BFI IMAX Q 2
2026-05-24T22:24:11Z,Q,1,sold,False,BFI IMAX Q 1
2026-05-24T22:53:17Z,K,27,unavailable,False,BFI IMAX K 27
2026-05-24T22:53:17Z,K,26,unavailable,False,BFI IMAX K 26
2026-05-24T22:53:17Z,N,8,unavailable,False,BFI IMAX N 8
2026-05-24T22:53:17Z,N,7,unavailable,False,BFI IMAX N 7
2026-05-24T22:53:17Z,P,29,unavailable,True,BFI IMAX P 29
2026-05-24T22:53:17Z,P,28,unavailable,True,BFI IMAX P 28
2026-05-24T22:53:17Z,P,4,unavailable,True,BFI IMAX P 4
2026-05-24T22:53:17Z,P,3,unavailable,True,BFI IMAX P 3
2026-05-24T22:53:17Z,A,5,available,False,BFI IMAX A 5
2026-05-24T22:53:17Z,A,4,available,False,BFI IMAX A 4
2026-05-24T22:53:17Z,A,3,available,False,BFI IMAX A 3
2026-05-24T22:53:17Z,A,2,available,False,BFI IMAX A 2
2026-05-24T22:53:17Z,A,1,available,False,BFI IMAX A 1
2026-05-24T22:53:17Z,B,36,available,False,BFI IMAX B 36
2026-05-24T22:53:17Z,B,35,available,False,BFI IMAX B 35
2026-05-24T22:53:17Z,B,34,available,False,BFI IMAX B 34
2026-05-24T22:53:17Z,B,33,available,False,BFI IMAX B 33
2026-05-24T22:53:17Z,B,32,available,False,BFI IMAX B 32
2026-05-24T22:53:17Z,B,31,available,False,BFI IMAX B 31
2026-05-24T22:53:17Z,B,30,available,False,BFI IMAX B 30
2026-05-24T22:53:17Z,B,29,available,False,BFI IMAX B 29
2026-05-24T22:53:17Z,B,28,available,False,BFI IMAX B 28
2026-05-24T22:53:17Z,B,27,available,False,BFI IMAX B 27
2026-05-24T22:53:17Z,B,26,available,False,BFI IMAX B 26
2026-05-24T22:53:17Z,B,25,available,False,BFI IMAX B 25
2026-05-24T22:53:17Z,B,24,available,False,BFI IMAX B 24
2026-05-24T22:53:17Z,B,23,sold,False,BFI IMAX B 23
2026-05-24T22:53:17Z,B,22,sold,False,BFI IMAX B 22
2026-05-24T22:53:17Z,B,21,sold,False,BFI IMAX B 21
2026-05-24T22:53:17Z,B,20,sold,False,BFI IMAX B 20
2026-05-24T22:53:17Z,B,19,sold,False,BFI IMAX B 19
2026-05-24T22:53:17Z,B,18,sold,False,BFI IMAX B 18
2026-05-24T22:53:17Z,B,17,sold,False,BFI IMAX B 17
2026-05-24T22:53:17Z,B,16,sold,False,BFI IMAX B 16
2026-05-24T22:53:17Z,B,15,available,False,BFI IMAX B 15
2026-05-24T22:53:17Z,B,14,available,False,BFI IMAX B 14
2026-05-24T22:53:17Z,B,13,available,False,BFI IMAX B 13
2026-05-24T22:53:17Z,B,12,available,False,BFI IMAX B 12
2026-05-24T22:53:17Z,B,11,available,False,BFI IMAX B 11
2026-05-24T22:53:17Z,B,10,available,False,BFI IMAX B 10
2026-05-24T22:53:17Z,B,9,available,False,BFI IMAX B 9
2026-05-24T22:53:17Z,B,8,available,False,BFI IMAX B 8
2026-05-24T22:53:17Z,B,7,available,False,BFI IMAX B 7
2026-05-24T22:53:17Z,B,6,available,False,BFI IMAX B 6
2026-05-24T22:53:17Z,B,5,available,False,BFI IMAX B 5
2026-05-24T22:53:17Z,B,4,available,False,BFI IMAX B 4
2026-05-24T22:53:17Z,B,3,available,False,BFI IMAX B 3
2026-05-24T22:53:17Z,B,2,available,False,BFI IMAX B 2
2026-05-24T22:53:17Z,B,1,available,False,BFI IMAX B 1
2026-05-24T22:53:17Z,C,36,available,False,BFI IMAX C 36
2026-05-24T22:53:17Z,C,35,available,False,BFI IMAX C 35
2026-05-24T22:53:17Z,C,34,available,False,BFI IMAX C 34
2026-05-24T22:53:17Z,C,33,available,False,BFI IMAX C 33
2026-05-24T22:53:17Z,C,32,available,False,BFI IMAX C 32
2026-05-24T22:53:17Z,C,31,available,False,BFI IMAX C 31
2026-05-24T22:53:17Z,C,30,available,False,BFI IMAX C 30
2026-05-24T22:53:17Z,C,29,available,False,BFI IMAX C 29
2026-05-24T22:53:17Z,C,28,available,False,BFI IMAX C 28
2026-05-24T22:53:17Z,C,27,available,False,BFI IMAX C 27
2026-05-24T22:53:17Z,C,26,available,False,BFI IMAX C 26
2026-05-24T22:53:17Z,C,25,sold,False,BFI IMAX C 25
2026-05-24T22:53:17Z,C,24,sold,False,BFI IMAX C 24
2026-05-24T22:53:17Z,C,23,sold,False,BFI IMAX C 23
2026-05-24T22:53:17Z,C,22,sold,False,BFI IMAX C 22
2026-05-24T22:53:17Z,C,21,sold,False,BFI IMAX C 21
2026-05-24T22:53:17Z,C,20,sold,False,BFI IMAX C 20
2026-05-24T22:53:17Z,C,19,sold,False,BFI IMAX C 19
2026-05-24T22:53:17Z,C,18,sold,False,BFI IMAX C 18
2026-05-24T22:53:17Z,C,17,sold,False,BFI IMAX C 17
2026-05-24T22:53:17Z,C,16,sold,False,BFI IMAX C 16
2026-05-24T22:53:17Z,C,15,sold,False,BFI IMAX C 15
2026-05-24T22:53:17Z,C,14,sold,False,BFI IMAX C 14
2026-05-24T22:53:17Z,C,13,sold,False,BFI IMAX C 13
2026-05-24T22:53:17Z,C,12,sold,False,BFI IMAX C 12
2026-05-24T22:53:17Z,C,11,sold,False,BFI IMAX C 11
2026-05-24T22:53:17Z,C,10,sold,False,BFI IMAX C 10
2026-05-24T22:53:17Z,C,9,available,False,BFI IMAX C 9
2026-05-24T22:53:17Z,C,8,available,False,BFI IMAX C 8
2026-05-24T22:53:17Z,C,7,available,False,BFI IMAX C 7
2026-05-24T22:53:17Z,C,6,available,False,BFI IMAX C 6
2026-05-24T22:53:17Z,C,5,available,False,BFI IMAX C 5
2026-05-24T22:53:17Z,C,4,available,False,BFI IMAX C 4
2026-05-24T22:53:17Z,C,3,available,False,BFI IMAX C 3
2026-05-24T22:53:17Z,C,2,available,False,BFI IMAX C 2
2026-05-24T22:53:17Z,C,1,available,False,BFI IMAX C 1
2026-05-24T22:53:17Z,D,37,available,False,BFI IMAX D 37
2026-05-24T22:53:17Z,D,36,available,False,BFI IMAX D 36
2026-05-24T22:53:17Z,D,35,available,False,BFI IMAX D 35
2026-05-24T22:53:17Z,D,34,available,False,BFI IMAX D 34
2026-05-24T22:53:17Z,D,33,available,False,BFI IMAX D 33
2026-05-24T22:53:17Z,D,32,available,False,BFI IMAX D 32
2026-05-24T22:53:17Z,D,31,available,False,BFI IMAX D 31
2026-05-24T22:53:17Z,D,30,sold,False,BFI IMAX D 30
2026-05-24T22:53:17Z,D,29,sold,False,BFI IMAX D 29
2026-05-24T22:53:17Z,D,28,sold,False,BFI IMAX D 28
2026-05-24T22:53:17Z,D,27,sold,False,BFI IMAX D 27
2026-05-24T22:53:17Z,D,26,sold,False,BFI IMAX D 26
2026-05-24T22:53:17Z,D,25,sold,False,BFI IMAX D 25
2026-05-24T22:53:17Z,D,24,sold,False,BFI IMAX D 24
2026-05-24T22:53:17Z,D,23,sold,False,BFI IMAX D 23
2026-05-24T22:53:17Z,D,22,sold,False,BFI IMAX D 22
2026-05-24T22:53:17Z,D,21,sold,False,BFI IMAX D 21
2026-05-24T22:53:17Z,D,20,sold,False,BFI IMAX D 20
2026-05-24T22:53:17Z,D,19,sold,False,BFI IMAX D 19
2026-05-24T22:53:17Z,D,18,sold,False,BFI IMAX D 18
2026-05-24T22:53:17Z,D,17,sold,False,BFI IMAX D 17
2026-05-24T22:53:17Z,D,16,sold,False,BFI IMAX D 16
2026-05-24T22:53:17Z,D,15,sold,False,BFI IMAX D 15
2026-05-24T22:53:17Z,D,14,sold,False,BFI IMAX D 14
2026-05-24T22:53:17Z,D,13,sold,False,BFI IMAX D 13
2026-05-24T22:53:17Z,D,12,sold,False,BFI IMAX D 12
2026-05-24T22:53:17Z,D,11,sold,False,BFI IMAX D 11
2026-05-24T22:53:17Z,D,10,sold,False,BFI IMAX D 10
2026-05-24T22:53:17Z,D,9,sold,False,BFI IMAX D 9
2026-05-24T22:53:17Z,D,8,sold,False,BFI IMAX D 8
2026-05-24T22:53:17Z,D,7,sold,False,BFI IMAX D 7
2026-05-24T22:53:17Z,D,6,available,False,BFI IMAX D 6
2026-05-24T22:53:17Z,D,5,available,False,BFI IMAX D 5
2026-05-24T22:53:17Z,D,4,available,False,BFI IMAX D 4
2026-05-24T22:53:17Z,D,3,available,False,BFI IMAX D 3
2026-05-24T22:53:17Z,D,2,available,False,BFI IMAX D 2
2026-05-24T22:53:17Z,D,1,available,False,BFI IMAX D 1
2026-05-24T22:53:17Z,E,37,available,False,BFI IMAX E 37
2026-05-24T22:53:17Z,E,36,available,False,BFI IMAX E 36
2026-05-24T22:53:17Z,E,35,available,False,BFI IMAX E 35
2026-05-24T22:53:17Z,E,34,sold,False,BFI IMAX E 34
2026-05-24T22:53:17Z,E,33,sold,False,BFI IMAX E 33
2026-05-24T22:53:17Z,E,32,sold,False,BFI IMAX E 32
2026-05-24T22:53:17Z,E,31,sold,False,BFI IMAX E 31
2026-05-24T22:53:17Z,E,30,sold,False,BFI IMAX E 30
2026-05-24T22:53:17Z,E,29,sold,False,BFI IMAX E 29
2026-05-24T22:53:17Z,E,28,sold,False,BFI IMAX E 28
2026-05-24T22:53:17Z,E,27,sold,False,BFI IMAX E 27
2026-05-24T22:53:17Z,E,26,sold,False,BFI IMAX E 26
2026-05-24T22:53:17Z,E,25,sold,False,BFI IMAX E 25
2026-05-24T22:53:17Z,E,24,sold,False,BFI IMAX E 24
2026-05-24T22:53:17Z,E,23,sold,False,BFI IMAX E 23
2026-05-24T22:53:17Z,E,22,sold,False,BFI IMAX E 22
2026-05-24T22:53:17Z,E,21,sold,False,BFI IMAX E 21
2026-05-24T22:53:17Z,E,20,sold,False,BFI IMAX E 20
2026-05-24T22:53:17Z,E,19,sold,False,BFI IMAX E 19
2026-05-24T22:53:17Z,E,18,sold,False,BFI IMAX E 18
2026-05-24T22:53:17Z,E,17,sold,False,BFI IMAX E 17
2026-05-24T22:53:17Z,E,16,sold,False,BFI IMAX E 16
2026-05-24T22:53:17Z,E,15,sold,False,BFI IMAX E 15
2026-05-24T22:53:17Z,E,14,sold,False,BFI IMAX E 14
2026-05-24T22:53:17Z,E,13,sold,False,BFI IMAX E 13
2026-05-24T22:53:17Z,E,12,sold,False,BFI IMAX E 12
2026-05-24T22:53:17Z,E,11,sold,False,BFI IMAX E 11
2026-05-24T22:53:17Z,E,10,sold,False,BFI IMAX E 10
2026-05-24T22:53:17Z,E,9,sold,False,BFI IMAX E 9
2026-05-24T22:53:17Z,E,8,sold,False,BFI IMAX E 8
2026-05-24T22:53:17Z,E,7,sold,False,BFI IMAX E 7
2026-05-24T22:53:17Z,E,6,sold,False,BFI IMAX E 6
2026-05-24T22:53:17Z,E,5,sold,False,BFI IMAX E 5
2026-05-24T22:53:17Z,E,4,available,False,BFI IMAX E 4
2026-05-24T22:53:17Z,E,3,available,False,BFI IMAX E 3
2026-05-24T22:53:17Z,E,2,available,False,BFI IMAX E 2
2026-05-24T22:53:17Z,E,1,available,False,BFI IMAX E 1
2026-05-24T22:53:17Z,F,38,available,False,BFI IMAX F 38
2026-05-24T22:53:17Z,F,37,sold,False,BFI IMAX F 37
2026-05-24T22:53:17Z,F,36,sold,False,BFI IMAX F 36
2026-05-24T22:53:17Z,F,35,sold,False,BFI IMAX F 35
2026-05-24T22:53:17Z,F,34,sold,False,BFI IMAX F 34
2026-05-24T22:53:17Z,F,33,sold,False,BFI IMAX F 33
2026-05-24T22:53:17Z,F,32,sold,False,BFI IMAX F 32
2026-05-24T22:53:17Z,F,31,sold,False,BFI IMAX F 31
2026-05-24T22:53:17Z,F,30,sold,False,BFI IMAX F 30
2026-05-24T22:53:17Z,F,29,sold,False,BFI IMAX F 29
2026-05-24T22:53:17Z,F,28,sold,False,BFI IMAX F 28
2026-05-24T22:53:17Z,F,27,sold,False,BFI IMAX F 27
2026-05-24T22:53:17Z,F,26,sold,False,BFI IMAX F 26
2026-05-24T22:53:17Z,F,25,sold,False,BFI IMAX F 25
2026-05-24T22:53:17Z,F,24,sold,False,BFI IMAX F 24
2026-05-24T22:53:17Z,F,23,sold,False,BFI IMAX F 23
2026-05-24T22:53:17Z,F,22,sold,False,BFI IMAX F 22
2026-05-24T22:53:17Z,F,21,sold,False,BFI IMAX F 21
2026-05-24T22:53:17Z,F,20,sold,False,BFI IMAX F 20
2026-05-24T22:53:17Z,F,19,sold,False,BFI IMAX F 19
2026-05-24T22:53:17Z,F,18,sold,False,BFI IMAX F 18
2026-05-24T22:53:17Z,F,17,sold,False,BFI IMAX F 17
2026-05-24T22:53:17Z,F,16,sold,False,BFI IMAX F 16
2026-05-24T22:53:17Z,F,15,sold,False,BFI IMAX F 15
2026-05-24T22:53:17Z,F,14,sold,False,BFI IMAX F 14
2026-05-24T22:53:17Z,F,13,sold,False,BFI IMAX F 13
2026-05-24T22:53:17Z,F,12,sold,False,BFI IMAX F 12
2026-05-24T22:53:17Z,F,11,sold,False,BFI IMAX F 11
2026-05-24T22:53:17Z,F,10,sold,False,BFI IMAX F 10
2026-05-24T22:53:17Z,F,9,sold,False,BFI IMAX F 9
2026-05-24T22:53:17Z,F,8,sold,False,BFI IMAX F 8
2026-05-24T22:53:17Z,F,7,sold,False,BFI IMAX F 7
2026-05-24T22:53:17Z,F,6,sold,False,BFI IMAX F 6
2026-05-24T22:53:17Z,F,5,sold,False,BFI IMAX F 5
2026-05-24T22:53:17Z,F,4,sold,False,BFI IMAX F 4
2026-05-24T22:53:17Z,F,3,sold,False,BFI IMAX F 3
2026-05-24T22:53:17Z,F,2,sold,False,BFI IMAX F 2
2026-05-24T22:53:17Z,F,1,sold,False,BFI IMAX F 1
2026-05-24T22:53:17Z,G,37,sold,False,BFI IMAX G 37
2026-05-24T22:53:17Z,G,36,sold,False,BFI IMAX G 36
2026-05-24T22:53:17Z,G,35,sold,False,BFI IMAX G 35
2026-05-24T22:53:17Z,G,34,sold,False,BFI IMAX G 34
2026-05-24T22:53:17Z,G,33,sold,False,BFI IMAX G 33
2026-05-24T22:53:17Z,G,32,sold,False,BFI IMAX G 32
2026-05-24T22:53:17Z,G,31,sold,False,BFI IMAX G 31
2026-05-24T22:53:17Z,G,30,sold,False,BFI IMAX G 30
2026-05-24T22:53:17Z,G,29,sold,False,BFI IMAX G 29
2026-05-24T22:53:17Z,G,28,sold,False,BFI IMAX G 28
2026-05-24T22:53:17Z,G,27,sold,False,BFI IMAX G 27
2026-05-24T22:53:17Z,G,26,sold,False,BFI IMAX G 26
2026-05-24T22:53:17Z,G,25,sold,False,BFI IMAX G 25
2026-05-24T22:53:17Z,G,24,sold,False,BFI IMAX G 24
2026-05-24T22:53:17Z,G,23,sold,False,BFI IMAX G 23
2026-05-24T22:53:17Z,G,22,sold,False,BFI IMAX G 22
2026-05-24T22:53:17Z,G,21,sold,False,BFI IMAX G 21
2026-05-24T22:53:17Z,G,20,sold,False,BFI IMAX G 20
2026-05-24T22:53:17Z,G,19,sold,False,BFI IMAX G 19
2026-05-24T22:53:17Z,G,18,sold,False,BFI IMAX G 18
2026-05-24T22:53:17Z,G,17,sold,False,BFI IMAX G 17
2026-05-24T22:53:17Z,G,16,sold,False,BFI IMAX G 16
2026-05-24T22:53:17Z,G,15,sold,False,BFI IMAX G 15
2026-05-24T22:53:17Z,G,14,sold,False,BFI IMAX G 14
2026-05-24T22:53:17Z,G,13,sold,False,BFI IMAX G 13
2026-05-24T22:53:17Z,G,12,sold,False,BFI IMAX G 12
2026-05-24T22:53:17Z,G,11,sold,False,BFI IMAX G 11
2026-05-24T22:53:17Z,G,10,sold,False,BFI IMAX G 10
2026-05-24T22:53:17Z,G,9,sold,False,BFI IMAX G 9
2026-05-24T22:53:17Z,G,8,sold,False,BFI IMAX G 8
2026-05-24T22:53:17Z,G,7,sold,False,BFI IMAX G 7
2026-05-24T22:53:17Z,G,6,sold,False,BFI IMAX G 6
2026-05-24T22:53:17Z,G,5,sold,False,BFI IMAX G 5
2026-05-24T22:53:17Z,G,4,sold,False,BFI IMAX G 4
2026-05-24T22:53:17Z,G,3,sold,False,BFI IMAX G 3
2026-05-24T22:53:17Z,G,2,sold,False,BFI IMAX G 2
2026-05-24T22:53:17Z,G,1,sold,False,BFI IMAX G 1
2026-05-24T22:53:17Z,H,37,sold,False,BFI IMAX H 37
2026-05-24T22:53:17Z,H,36,sold,False,BFI IMAX H 36
2026-05-24T22:53:17Z,H,35,sold,False,BFI IMAX H 35
2026-05-24T22:53:17Z,H,34,sold,False,BFI IMAX H 34
2026-05-24T22:53:17Z,H,33,sold,False,BFI IMAX H 33
2026-05-24T22:53:17Z,H,32,sold,False,BFI IMAX H 32
2026-05-24T22:53:17Z,H,31,sold,False,BFI IMAX H 31
2026-05-24T22:53:17Z,H,30,sold,False,BFI IMAX H 30
2026-05-24T22:53:17Z,H,29,sold,False,BFI IMAX H 29
2026-05-24T22:53:17Z,H,28,sold,False,BFI IMAX H 28
2026-05-24T22:53:17Z,H,27,sold,False,BFI IMAX H 27
2026-05-24T22:53:17Z,H,26,sold,False,BFI IMAX H 26
2026-05-24T22:53:17Z,H,25,sold,False,BFI IMAX H 25
2026-05-24T22:53:17Z,H,24,sold,False,BFI IMAX H 24
2026-05-24T22:53:17Z,H,23,sold,False,BFI IMAX H 23
2026-05-24T22:53:17Z,H,22,sold,False,BFI IMAX H 22
2026-05-24T22:53:17Z,H,21,sold,False,BFI IMAX H 21
2026-05-24T22:53:17Z,H,20,sold,False,BFI IMAX H 20
2026-05-24T22:53:17Z,H,19,sold,False,BFI IMAX H 19
2026-05-24T22:53:17Z,H,18,sold,False,BFI IMAX H 18
2026-05-24T22:53:17Z,H,17,sold,False,BFI IMAX H 17
2026-05-24T22:53:17Z,H,16,sold,False,BFI IMAX H 16
2026-05-24T22:53:17Z,H,15,sold,False,BFI IMAX H 15
2026-05-24T22:53:17Z,H,14,sold,False,BFI IMAX H 14
2026-05-24T22:53:17Z,H,13,sold,False,BFI IMAX H 13
2026-05-24T22:53:17Z,H,12,sold,False,BFI IMAX H 12
2026-05-24T22:53:17Z,H,11,sold,False,BFI IMAX H 11
2026-05-24T22:53:17Z,H,10,sold,False,BFI IMAX H 10
2026-05-24T22:53:17Z,H,9,sold,False,BFI IMAX H 9
2026-05-24T22:53:17Z,H,8,sold,False,BFI IMAX H 8
2026-05-24T22:53:17Z,H,7,sold,False,BFI IMAX H 7
2026-05-24T22:53:17Z,H,6,sold,False,BFI IMAX H 6
2026-05-24T22:53:17Z,H,5,sold,False,BFI IMAX H 5
2026-05-24T22:53:17Z,H,4,sold,False,BFI IMAX H 4
2026-05-24T22:53:17Z,H,3,sold,False,BFI IMAX H 3
2026-05-24T22:53:17Z,H,2,sold,False,BFI IMAX H 2
2026-05-24T22:53:17Z,H,1,sold,False,BFI IMAX H 1
2026-05-24T22:53:17Z,J,36,sold,False,BFI IMAX J 36
2026-05-24T22:53:17Z,J,35,sold,False,BFI IMAX J 35
2026-05-24T22:53:17Z,J,34,sold,False,BFI IMAX J 34
2026-05-24T22:53:17Z,J,33,sold,False,BFI IMAX J 33
2026-05-24T22:53:17Z,J,32,sold,False,BFI IMAX J 32
2026-05-24T22:53:17Z,J,31,sold,False,BFI IMAX J 31
2026-05-24T22:53:17Z,J,30,sold,False,BFI IMAX J 30
2026-05-24T22:53:17Z,J,29,sold,False,BFI IMAX J 29
2026-05-24T22:53:17Z,J,28,sold,False,BFI IMAX J 28
2026-05-24T22:53:17Z,J,27,sold,False,BFI IMAX J 27
2026-05-24T22:53:17Z,J,26,sold,False,BFI IMAX J 26
2026-05-24T22:53:17Z,J,25,sold,False,BFI IMAX J 25
2026-05-24T22:53:17Z,J,24,sold,False,BFI IMAX J 24
2026-05-24T22:53:17Z,J,23,sold,False,BFI IMAX J 23
2026-05-24T22:53:17Z,J,22,sold,False,BFI IMAX J 22
2026-05-24T22:53:17Z,J,21,sold,False,BFI IMAX J 21
2026-05-24T22:53:17Z,J,20,sold,False,BFI IMAX J 20
2026-05-24T22:53:17Z,J,19,sold,False,BFI IMAX J 19
2026-05-24T22:53:17Z,J,18,sold,False,BFI IMAX J 18
2026-05-24T22:53:17Z,J,17,sold,False,BFI IMAX J 17
2026-05-24T22:53:17Z,J,16,sold,False,BFI IMAX J 16
2026-05-24T22:53:17Z,J,15,sold,False,BFI IMAX J 15
2026-05-24T22:53:17Z,J,14,sold,False,BFI IMAX J 14
2026-05-24T22:53:17Z,J,13,sold,False,BFI IMAX J 13
2026-05-24T22:53:17Z,J,12,sold,False,BFI IMAX J 12
2026-05-24T22:53:17Z,J,11,sold,False,BFI IMAX J 11
2026-05-24T22:53:17Z,J,10,sold,False,BFI IMAX J 10
2026-05-24T22:53:17Z,J,9,sold,False,BFI IMAX J 9
2026-05-24T22:53:17Z,J,8,sold,False,BFI IMAX J 8
2026-05-24T22:53:17Z,J,7,sold,False,BFI IMAX J 7
2026-05-24T22:53:17Z,J,6,sold,False,BFI IMAX J 6
2026-05-24T22:53:17Z,J,5,sold,False,BFI IMAX J 5
2026-05-24T22:53:17Z,J,4,sold,False,BFI IMAX J 4
2026-05-24T22:53:17Z,J,3,sold,False,BFI IMAX J 3
2026-05-24T22:53:17Z,J,2,sold,False,BFI IMAX J 2
2026-05-24T22:53:17Z,J,1,sold,False,BFI IMAX J 1
2026-05-24T22:53:17Z,K,36,sold,False,BFI IMAX K 36
2026-05-24T22:53:17Z,K,35,sold,False,BFI IMAX K 35
2026-05-24T22:53:17Z,K,34,sold,False,BFI IMAX K 34
2026-05-24T22:53:17Z,K,33,sold,False,BFI IMAX K 33
2026-05-24T22:53:17Z,K,32,sold,False,BFI IMAX K 32
2026-05-24T22:53:17Z,K,31,sold,False,BFI IMAX K 31
2026-05-24T22:53:17Z,K,30,sold,False,BFI IMAX K 30
2026-05-24T22:53:17Z,K,29,sold,False,BFI IMAX K 29
2026-05-24T22:53:17Z,K,28,sold,False,BFI IMAX K 28
2026-05-24T22:53:17Z,A,13,available,False,BFI IMAX A 13
2026-05-24T22:53:17Z,A,12,available,False,BFI IMAX A 12
2026-05-24T22:53:17Z,K,25,sold,False,BFI IMAX K 25
2026-05-24T22:53:17Z,K,24,sold,False,BFI IMAX K 24
2026-05-24T22:53:17Z,K,23,sold,False,BFI IMAX K 23
2026-05-24T22:53:17Z,K,22,sold,False,BFI IMAX K 22
2026-05-24T22:53:17Z,K,21,sold,False,BFI IMAX K 21
2026-05-24T22:53:17Z,K,20,sold,False,BFI IMAX K 20
2026-05-24T22:53:17Z,K,19,sold,False,BFI IMAX K 19
2026-05-24T22:53:17Z,K,18,sold,False,BFI IMAX K 18
2026-05-24T22:53:17Z,K,17,sold,False,BFI IMAX K 17
2026-05-24T22:53:17Z,K,16,sold,False,BFI IMAX K 16
2026-05-24T22:53:17Z,K,15,sold,False,BFI IMAX K 15
2026-05-24T22:53:17Z,K,14,sold,False,BFI IMAX K 14
2026-05-24T22:53:17Z,K,13,sold,False,BFI IMAX K 13
2026-05-24T22:53:17Z,K,12,sold,False,BFI IMAX K 12
2026-05-24T22:53:17Z,K,11,sold,False,BFI IMAX K 11
2026-05-24T22:53:17Z,K,10,sold,False,BFI IMAX K 10
2026-05-24T22:53:17Z,K,9,sold,False,BFI IMAX K 9
2026-05-24T22:53:17Z,K,8,sold,False,BFI IMAX K 8
2026-05-24T22:53:17Z,K,7,sold,False,BFI IMAX K 7
2026-05-24T22:53:17Z,K,6,sold,False,BFI IMAX K 6
2026-05-24T22:53:17Z,K,5,sold,False,BFI IMAX K 5
2026-05-24T22:53:17Z,K,4,sold,False,BFI IMAX K 4
2026-05-24T22:53:17Z,K,3,sold,False,BFI IMAX K 3
2026-05-24T22:53:17Z,K,2,sold,False,BFI IMAX K 2
2026-05-24T22:53:17Z,K,1,sold,False,BFI IMAX K 1
2026-05-24T22:53:17Z,L,33,sold,False,BFI IMAX L 33
2026-05-24T22:53:17Z,L,32,sold,False,BFI IMAX L 32
2026-05-24T22:53:17Z,L,31,sold,False,BFI IMAX L 31
2026-05-24T22:53:17Z,L,30,sold,False,BFI IMAX L 30
2026-05-24T22:53:17Z,L,29,sold,False,BFI IMAX L 29
2026-05-24T22:53:17Z,L,28,sold,False,BFI IMAX L 28
2026-05-24T22:53:17Z,L,27,sold,False,BFI IMAX L 27
2026-05-24T22:53:17Z,L,26,sold,False,BFI IMAX L 26
2026-05-24T22:53:17Z,L,8,sold,False,BFI IMAX L 8
2026-05-24T22:53:17Z,L,7,sold,False,BFI IMAX L 7
2026-05-24T22:53:17Z,L,6,sold,False,BFI IMAX L 6
2026-05-24T22:53:17Z,L,5,sold,False,BFI IMAX L 5
2026-05-24T22:53:17Z,L,4,sold,False,BFI IMAX L 4
2026-05-24T22:53:17Z,L,3,sold,False,BFI IMAX L 3
2026-05-24T22:53:17Z,L,2,sold,False,BFI IMAX L 2
2026-05-24T22:53:17Z,L,1,sold,False,BFI IMAX L 1
2026-05-24T22:53:17Z,M,34,sold,False,BFI IMAX M 34
2026-05-24T22:53:17Z,M,33,sold,False,BFI IMAX M 33
2026-05-24T22:53:17Z,M,32,sold,False,BFI IMAX M 32
2026-05-24T22:53:17Z,M,31,sold,False,BFI IMAX M 31
2026-05-24T22:53:17Z,M,30,sold,False,BFI IMAX M 30
2026-05-24T22:53:17Z,M,29,sold,False,BFI IMAX M 29
2026-05-24T22:53:17Z,M,28,sold,False,BFI IMAX M 28
2026-05-24T22:53:17Z,M,27,sold,False,BFI IMAX M 27
2026-05-24T22:53:17Z,M,8,sold,False,BFI IMAX M 8
2026-05-24T22:53:17Z,M,7,sold,False,BFI IMAX M 7
2026-05-24T22:53:17Z,M,6,sold,False,BFI IMAX M 6
2026-05-24T22:53:17Z,M,5,sold,False,BFI IMAX M 5
2026-05-24T22:53:17Z,M,4,sold,False,BFI IMAX M 4
2026-05-24T22:53:17Z,M,3,sold,False,BFI IMAX M 3
2026-05-24T22:53:17Z,M,2,sold,False,BFI IMAX M 2
2026-05-24T22:53:17Z,M,1,sold,False,BFI IMAX M 1
2026-05-24T22:53:17Z,N,34,unavailable,False,BFI IMAX N 34
2026-05-24T22:53:17Z,N,33,unavailable,False,BFI IMAX N 33
2026-05-24T22:53:17Z,N,32,unavailable,False,BFI IMAX N 32
2026-05-24T22:53:17Z,N,31,unavailable,False,BFI IMAX N 31
2026-05-24T22:53:17Z,N,30,unavailable,False,BFI IMAX N 30
2026-05-24T22:53:17Z,N,29,unavailable,False,BFI IMAX N 29
2026-05-24T22:53:17Z,N,28,unavailable,False,BFI IMAX N 28
2026-05-24T22:53:17Z,N,27,unavailable,False,BFI IMAX N 27
2026-05-24T22:53:17Z,A,11,available,False,BFI IMAX A 11
2026-05-24T22:53:17Z,A,10,available,False,BFI IMAX A 10
2026-05-24T22:53:17Z,N,6,sold,False,BFI IMAX N 6
2026-05-24T22:53:17Z,N,5,sold,False,BFI IMAX N 5
2026-05-24T22:53:17Z,N,4,sold,False,BFI IMAX N 4
2026-05-24T22:53:17Z,N,3,sold,False,BFI IMAX N 3
2026-05-24T22:53:17Z,N,2,sold,False,BFI IMAX N 2
2026-05-24T22:53:17Z,N,1,sold,False,BFI IMAX N 1
2026-05-24T22:53:17Z,P,31,unavailable,False,BFI IMAX P 31
2026-05-24T22:53:17Z,A,9,available,False,BFI IMAX A 9
2026-05-24T22:53:17Z,A,8,available,False,BFI IMAX A 8
2026-05-24T22:53:17Z,P,26,unavailable,False,BFI IMAX P 26
2026-05-24T22:53:17Z,P,6,sold,False,BFI IMAX P 6
2026-05-24T22:53:17Z,A,7,available,False,BFI IMAX A 7
2026-05-24T22:53:17Z,A,6,available,False,BFI IMAX A 6
2026-05-24T22:53:17Z,P,1,unavailable,False,BFI IMAX P 1
2026-05-24T22:53:17Z,M,11,sold,False,BFI IMAX M 11
2026-05-24T22:53:17Z,M,10,sold,False,BFI IMAX M 10
2026-05-24T22:53:17Z,M,9,sold,False,BFI IMAX M 9
2026-05-24T22:53:17Z,L,9,sold,False,BFI IMAX L 9
2026-05-24T22:53:17Z,L,25,sold,False,BFI IMAX L 25
2026-05-24T22:53:17Z,L,24,sold,False,BFI IMAX L 24
2026-05-24T22:53:17Z,L,23,sold,False,BFI IMAX L 23
2026-05-24T22:53:17Z,L,22,sold,False,BFI IMAX L 22
2026-05-24T22:53:17Z,L,21,sold,False,BFI IMAX L 21
2026-05-24T22:53:17Z,L,20,sold,False,BFI IMAX L 20
2026-05-24T22:53:17Z,L,19,sold,False,BFI IMAX L 19
2026-05-24T22:53:17Z,L,18,sold,False,BFI IMAX L 18
2026-05-24T22:53:17Z,L,17,sold,False,BFI IMAX L 17
2026-05-24T22:53:17Z,L,16,sold,False,BFI IMAX L 16
2026-05-24T22:53:17Z,L,15,sold,False,BFI IMAX L 15
2026-05-24T22:53:17Z,L,14,sold,False,BFI IMAX L 14
2026-05-24T22:53:17Z,L,13,sold,False,BFI IMAX L 13
2026-05-24T22:53:17Z,L,12,sold,False,BFI IMAX L 12
2026-05-24T22:53:17Z,L,11,sold,False,BFI IMAX L 11
2026-05-24T22:53:17Z,N,26,unavailable,False,BFI IMAX N 26
2026-05-24T22:53:17Z,N,25,unavailable,False,BFI IMAX N 25
2026-05-24T22:53:17Z,N,24,unavailable,False,BFI IMAX N 24
2026-05-24T22:53:17Z,N,23,unavailable,False,BFI IMAX N 23
2026-05-24T22:53:17Z,N,22,sold,False,BFI IMAX N 22
2026-05-24T22:53:17Z,N,21,sold,False,BFI IMAX N 21
2026-05-24T22:53:17Z,N,20,sold,False,BFI IMAX N 20
2026-05-24T22:53:17Z,N,19,sold,False,BFI IMAX N 19
2026-05-24T22:53:17Z,N,18,sold,False,BFI IMAX N 18
2026-05-24T22:53:17Z,N,17,sold,False,BFI IMAX N 17
2026-05-24T22:53:17Z,N,16,sold,False,BFI IMAX N 16
2026-05-24T22:53:17Z,N,15,sold,False,BFI IMAX N 15
2026-05-24T22:53:17Z,N,14,sold,False,BFI IMAX N 14
2026-05-24T22:53:17Z,N,13,sold,False,BFI IMAX N 13
2026-05-24T22:53:17Z,N,12,unavailable,False,BFI IMAX N 12
2026-05-24T22:53:17Z,N,11,unavailable,False,BFI IMAX N 11
2026-05-24T22:53:17Z,N,10,unavailable,False,BFI IMAX N 10
2026-05-24T22:53:17Z,N,9,unavailable,False,BFI IMAX N 9
2026-05-24T22:53:17Z,L,10,sold,False,BFI IMAX L 10
2026-05-24T22:53:17Z,M,26,sold,False,BFI IMAX M 26
2026-05-24T22:53:17Z,M,25,sold,False,BFI IMAX M 25
2026-05-24T22:53:17Z,M,24,sold,False,BFI IMAX M 24
2026-05-24T22:53:17Z,M,23,sold,False,BFI IMAX M 23
2026-05-24T22:53:17Z,M,22,sold,False,BFI IMAX M 22
2026-05-24T22:53:17Z,M,21,sold,False,BFI IMAX M 21
2026-05-24T22:53:17Z,M,20,sold,False,BFI IMAX M 20
2026-05-24T22:53:17Z,M,19,sold,False,BFI IMAX M 19
2026-05-24T22:53:17Z,M,18,sold,False,BFI IMAX M 18
2026-05-24T22:53:17Z,M,17,sold,False,BFI IMAX M 17
2026-05-24T22:53:17Z,M,16,sold,False,BFI IMAX M 16
2026-05-24T22:53:17Z,M,15,sold,False,BFI IMAX M 15
2026-05-24T22:53:17Z,M,14,sold,False,BFI IMAX M 14
2026-05-24T22:53:17Z,M,13,sold,False,BFI IMAX M 13
2026-05-24T22:53:17Z,M,12,sold,False,BFI IMAX M 12
2026-05-24T22:53:17Z,P,30,unavailable,True,BFI IMAX P 30
2026-05-24T22:53:17Z,P,27,unavailable,True,BFI IMAX P 27
2026-05-24T22:53:17Z,P,2,unavailable,True,BFI IMAX P 2
2026-05-24T22:53:17Z,P,5,sold,True,BFI IMAX P 5
2026-05-24T22:53:17Z,P,19,sold,False,BFI IMAX P 19
2026-05-24T22:53:17Z,P,18,sold,False,BFI IMAX P 18
2026-05-24T22:53:17Z,P,17,sold,False,BFI IMAX P 17
2026-05-24T22:53:17Z,P,16,sold,False,BFI IMAX P 16
2026-05-24T22:53:17Z,P,15,sold,False,BFI IMAX P 15
2026-05-24T22:53:17Z,P,14,sold,False,BFI IMAX P 14
2026-05-24T22:53:17Z,P,13,sold,False,BFI IMAX P 13
2026-05-24T22:53:17Z,P,12,sold,False,BFI IMAX P 12
2026-05-24T22:53:17Z,P,11,sold,False,BFI IMAX P 11
2026-05-24T22:53:17Z,P,10,sold,False,BFI IMAX P 10
2026-05-24T22:53:17Z,P,9,sold,False,BFI IMAX P 9
2026-05-24T22:53:17Z,P,8,sold,False,BFI IMAX P 8
2026-05-24T22:53:17Z,P,7,sold,False,BFI IMAX P 7
2026-05-24T22:53:17Z,P,25,sold,False,BFI IMAX P 25
2026-05-24T22:53:17Z,P,24,sold,False,BFI IMAX P 24
2026-05-24T22:53:17Z,P,23,sold,False,BFI IMAX P 23
2026-05-24T22:53:17Z,P,22,sold,False,BFI IMAX P 22
2026-05-24T22:53:17Z,P,21,sold,False,BFI IMAX P 21
2026-05-24T22:53:17Z,P,20,sold,False,BFI IMAX P 20
2026-05-24T22:53:17Z,Q,18,sold,False,BFI IMAX Q 18
2026-05-24T22:53:17Z,Q,17,sold,False,BFI IMAX Q 17
2026-05-24T22:53:17Z,Q,16,sold,False,BFI IMAX Q 16
2026-05-24T22:53:17Z,Q,15,sold,False,BFI IMAX Q 15
2026-05-24T22:53:17Z,Q,14,sold,False,BFI IMAX Q 14
2026-05-24T22:53:17Z,Q,13,sold,False,BFI IMAX Q 13
2026-05-24T22:53:17Z,Q,12,sold,False,BFI IMAX Q 12
2026-05-24T22:53:17Z,Q,11,sold,False,BFI IMAX Q 11
2026-05-24T22:53:17Z,Q,10,sold,False,BFI IMAX Q 10
2026-05-24T22:53:17Z,Q,9,sold,False,BFI IMAX Q 9
2026-05-24T22:53:17Z,Q,8,sold,False,BFI IMAX Q 8
2026-05-24T22:53:17Z,Q,7,sold,False,BFI IMAX Q 7
2026-05-24T22:53:17Z,Q,6,sold,False,BFI IMAX Q 6
2026-05-24T22:53:17Z,Q,5,sold,False,BFI IMAX Q 5
2026-05-24T22:53:17Z,Q,4,sold,False,BFI IMAX Q 4
2026-05-24T22:53:17Z,Q,3,sold,False,BFI IMAX Q 3
2026-05-24T22:53:17Z,Q,2,sold,False,BFI IMAX Q 2
2026-05-24T22:53:17Z,Q,1,sold,False,BFI IMAX Q 1
2026-05-24T23:26:36Z,K,27,unavailable,False,BFI IMAX K 27
2026-05-24T23:26:36Z,K,26,unavailable,False,BFI IMAX K 26
2026-05-24T23:26:36Z,N,8,unavailable,False,BFI IMAX N 8
2026-05-24T23:26:36Z,N,7,unavailable,False,BFI IMAX N 7
2026-05-24T23:26:36Z,P,29,unavailable,True,BFI IMAX P 29
2026-05-24T23:26:36Z,P,28,unavailable,True,BFI IMAX P 28
2026-05-24T23:26:36Z,P,4,unavailable,True,BFI IMAX P 4
2026-05-24T23:26:36Z,P,3,unavailable,True,BFI IMAX P 3
2026-05-24T23:26:36Z,A,5,available,False,BFI IMAX A 5
2026-05-24T23:26:36Z,A,4,available,False,BFI IMAX A 4
2026-05-24T23:26:36Z,A,3,available,False,BFI IMAX A 3
2026-05-24T23:26:36Z,A,2,available,False,BFI IMAX A 2
2026-05-24T23:26:36Z,A,1,available,False,BFI IMAX A 1
2026-05-24T23:26:36Z,B,36,available,False,BFI IMAX B 36
2026-05-24T23:26:36Z,B,35,available,False,BFI IMAX B 35
2026-05-24T23:26:36Z,B,34,available,False,BFI IMAX B 34
2026-05-24T23:26:36Z,B,33,available,False,BFI IMAX B 33
2026-05-24T23:26:36Z,B,32,available,False,BFI IMAX B 32
2026-05-24T23:26:36Z,B,31,available,False,BFI IMAX B 31
2026-05-24T23:26:36Z,B,30,available,False,BFI IMAX B 30
2026-05-24T23:26:36Z,B,29,available,False,BFI IMAX B 29
2026-05-24T23:26:36Z,B,28,available,False,BFI IMAX B 28
2026-05-24T23:26:36Z,B,27,available,False,BFI IMAX B 27
2026-05-24T23:26:36Z,B,26,available,False,BFI IMAX B 26
2026-05-24T23:26:36Z,B,25,available,False,BFI IMAX B 25
2026-05-24T23:26:36Z,B,24,available,False,BFI IMAX B 24
2026-05-24T23:26:36Z,B,23,sold,False,BFI IMAX B 23
2026-05-24T23:26:36Z,B,22,sold,False,BFI IMAX B 22
2026-05-24T23:26:36Z,B,21,sold,False,BFI IMAX B 21
2026-05-24T23:26:36Z,B,20,sold,False,BFI IMAX B 20
2026-05-24T23:26:36Z,B,19,sold,False,BFI IMAX B 19
2026-05-24T23:26:36Z,B,18,sold,False,BFI IMAX B 18
2026-05-24T23:26:36Z,B,17,sold,False,BFI IMAX B 17
2026-05-24T23:26:36Z,B,16,sold,False,BFI IMAX B 16
2026-05-24T23:26:36Z,B,15,available,False,BFI IMAX B 15
2026-05-24T23:26:36Z,B,14,available,False,BFI IMAX B 14
2026-05-24T23:26:36Z,B,13,available,False,BFI IMAX B 13
2026-05-24T23:26:36Z,B,12,available,False,BFI IMAX B 12
2026-05-24T23:26:36Z,B,11,available,False,BFI IMAX B 11
2026-05-24T23:26:36Z,B,10,available,False,BFI IMAX B 10
2026-05-24T23:26:36Z,B,9,available,False,BFI IMAX B 9
2026-05-24T23:26:36Z,B,8,available,False,BFI IMAX B 8
2026-05-24T23:26:36Z,B,7,available,False,BFI IMAX B 7
2026-05-24T23:26:36Z,B,6,available,False,BFI IMAX B 6
2026-05-24T23:26:36Z,B,5,available,False,BFI IMAX B 5
2026-05-24T23:26:36Z,B,4,available,False,BFI IMAX B 4
2026-05-24T23:26:36Z,B,3,available,False,BFI IMAX B 3
2026-05-24T23:26:36Z,B,2,available,False,BFI IMAX B 2
2026-05-24T23:26:36Z,B,1,available,False,BFI IMAX B 1
2026-05-24T23:26:36Z,C,36,available,False,BFI IMAX C 36
2026-05-24T23:26:36Z,C,35,available,False,BFI IMAX C 35
2026-05-24T23:26:36Z,C,34,available,False,BFI IMAX C 34
2026-05-24T23:26:36Z,C,33,available,False,BFI IMAX C 33
2026-05-24T23:26:36Z,C,32,available,False,BFI IMAX C 32
2026-05-24T23:26:36Z,C,31,available,False,BFI IMAX C 31
2026-05-24T23:26:36Z,C,30,available,False,BFI IMAX C 30
2026-05-24T23:26:36Z,C,29,available,False,BFI IMAX C 29
2026-05-24T23:26:36Z,C,28,available,False,BFI IMAX C 28
2026-05-24T23:26:36Z,C,27,available,False,BFI IMAX C 27
2026-05-24T23:26:36Z,C,26,available,False,BFI IMAX C 26
2026-05-24T23:26:36Z,C,25,sold,False,BFI IMAX C 25
2026-05-24T23:26:36Z,C,24,sold,False,BFI IMAX C 24
2026-05-24T23:26:36Z,C,23,sold,False,BFI IMAX C 23
2026-05-24T23:26:36Z,C,22,sold,False,BFI IMAX C 22
2026-05-24T23:26:36Z,C,21,sold,False,BFI IMAX C 21
2026-05-24T23:26:36Z,C,20,sold,False,BFI IMAX C 20
2026-05-24T23:26:36Z,C,19,sold,False,BFI IMAX C 19
2026-05-24T23:26:36Z,C,18,sold,False,BFI IMAX C 18
2026-05-24T23:26:36Z,C,17,sold,False,BFI IMAX C 17
2026-05-24T23:26:36Z,C,16,sold,False,BFI IMAX C 16
2026-05-24T23:26:36Z,C,15,sold,False,BFI IMAX C 15
2026-05-24T23:26:36Z,C,14,sold,False,BFI IMAX C 14
2026-05-24T23:26:36Z,C,13,sold,False,BFI IMAX C 13
2026-05-24T23:26:36Z,C,12,sold,False,BFI IMAX C 12
2026-05-24T23:26:36Z,C,11,sold,False,BFI IMAX C 11
2026-05-24T23:26:36Z,C,10,sold,False,BFI IMAX C 10
2026-05-24T23:26:36Z,C,9,available,False,BFI IMAX C 9
2026-05-24T23:26:36Z,C,8,available,False,BFI IMAX C 8
2026-05-24T23:26:36Z,C,7,available,False,BFI IMAX C 7
2026-05-24T23:26:36Z,C,6,available,False,BFI IMAX C 6
2026-05-24T23:26:36Z,C,5,available,False,BFI IMAX C 5
2026-05-24T23:26:36Z,C,4,available,False,BFI IMAX C 4
2026-05-24T23:26:36Z,C,3,available,False,BFI IMAX C 3
2026-05-24T23:26:36Z,C,2,available,False,BFI IMAX C 2
2026-05-24T23:26:36Z,C,1,available,False,BFI IMAX C 1
2026-05-24T23:26:36Z,D,37,available,False,BFI IMAX D 37
2026-05-24T23:26:36Z,D,36,available,False,BFI IMAX D 36
2026-05-24T23:26:36Z,D,35,available,False,BFI IMAX D 35
2026-05-24T23:26:36Z,D,34,available,False,BFI IMAX D 34
2026-05-24T23:26:36Z,D,33,available,False,BFI IMAX D 33
2026-05-24T23:26:36Z,D,32,available,False,BFI IMAX D 32
2026-05-24T23:26:36Z,D,31,available,False,BFI IMAX D 31
2026-05-24T23:26:36Z,D,30,sold,False,BFI IMAX D 30
2026-05-24T23:26:36Z,D,29,sold,False,BFI IMAX D 29
2026-05-24T23:26:36Z,D,28,sold,False,BFI IMAX D 28
2026-05-24T23:26:36Z,D,27,sold,False,BFI IMAX D 27
2026-05-24T23:26:36Z,D,26,sold,False,BFI IMAX D 26
2026-05-24T23:26:36Z,D,25,sold,False,BFI IMAX D 25
2026-05-24T23:26:36Z,D,24,sold,False,BFI IMAX D 24
2026-05-24T23:26:36Z,D,23,sold,False,BFI IMAX D 23
2026-05-24T23:26:36Z,D,22,sold,False,BFI IMAX D 22
2026-05-24T23:26:36Z,D,21,sold,False,BFI IMAX D 21
2026-05-24T23:26:36Z,D,20,sold,False,BFI IMAX D 20
2026-05-24T23:26:36Z,D,19,sold,False,BFI IMAX D 19
2026-05-24T23:26:36Z,D,18,sold,False,BFI IMAX D 18
2026-05-24T23:26:36Z,D,17,sold,False,BFI IMAX D 17
2026-05-24T23:26:36Z,D,16,sold,False,BFI IMAX D 16
2026-05-24T23:26:36Z,D,15,sold,False,BFI IMAX D 15
2026-05-24T23:26:36Z,D,14,sold,False,BFI IMAX D 14
2026-05-24T23:26:36Z,D,13,sold,False,BFI IMAX D 13
2026-05-24T23:26:36Z,D,12,sold,False,BFI IMAX D 12
2026-05-24T23:26:36Z,D,11,sold,False,BFI IMAX D 11
2026-05-24T23:26:36Z,D,10,sold,False,BFI IMAX D 10
2026-05-24T23:26:36Z,D,9,sold,False,BFI IMAX D 9
2026-05-24T23:26:36Z,D,8,sold,False,BFI IMAX D 8
2026-05-24T23:26:36Z,D,7,sold,False,BFI IMAX D 7
2026-05-24T23:26:36Z,D,6,available,False,BFI IMAX D 6
2026-05-24T23:26:36Z,D,5,available,False,BFI IMAX D 5
2026-05-24T23:26:36Z,D,4,available,False,BFI IMAX D 4
2026-05-24T23:26:36Z,D,3,available,False,BFI IMAX D 3
2026-05-24T23:26:36Z,D,2,available,False,BFI IMAX D 2
2026-05-24T23:26:36Z,D,1,available,False,BFI IMAX D 1
2026-05-24T23:26:36Z,E,37,available,False,BFI IMAX E 37
2026-05-24T23:26:36Z,E,36,available,False,BFI IMAX E 36
2026-05-24T23:26:36Z,E,35,available,False,BFI IMAX E 35
2026-05-24T23:26:36Z,E,34,sold,False,BFI IMAX E 34
2026-05-24T23:26:36Z,E,33,sold,False,BFI IMAX E 33
2026-05-24T23:26:36Z,E,32,sold,False,BFI IMAX E 32
2026-05-24T23:26:36Z,E,31,sold,False,BFI IMAX E 31
2026-05-24T23:26:36Z,E,30,sold,False,BFI IMAX E 30
2026-05-24T23:26:36Z,E,29,sold,False,BFI IMAX E 29
2026-05-24T23:26:36Z,E,28,sold,False,BFI IMAX E 28
2026-05-24T23:26:36Z,E,27,sold,False,BFI IMAX E 27
2026-05-24T23:26:36Z,E,26,sold,False,BFI IMAX E 26
2026-05-24T23:26:36Z,E,25,sold,False,BFI IMAX E 25
2026-05-24T23:26:36Z,E,24,sold,False,BFI IMAX E 24
2026-05-24T23:26:36Z,E,23,sold,False,BFI IMAX E 23
2026-05-24T23:26:36Z,E,22,sold,False,BFI IMAX E 22
2026-05-24T23:26:36Z,E,21,sold,False,BFI IMAX E 21
2026-05-24T23:26:36Z,E,20,sold,False,BFI IMAX E 20
2026-05-24T23:26:36Z,E,19,sold,False,BFI IMAX E 19
2026-05-24T23:26:36Z,E,18,sold,False,BFI IMAX E 18
2026-05-24T23:26:36Z,E,17,sold,False,BFI IMAX E 17
2026-05-24T23:26:36Z,E,16,sold,False,BFI IMAX E 16
2026-05-24T23:26:36Z,E,15,sold,False,BFI IMAX E 15
2026-05-24T23:26:36Z,E,14,sold,False,BFI IMAX E 14
2026-05-24T23:26:36Z,E,13,sold,False,BFI IMAX E 13
2026-05-24T23:26:36Z,E,12,sold,False,BFI IMAX E 12
2026-05-24T23:26:36Z,E,11,sold,False,BFI IMAX E 11
2026-05-24T23:26:36Z,E,10,sold,False,BFI IMAX E 10
2026-05-24T23:26:36Z,E,9,sold,False,BFI IMAX E 9
2026-05-24T23:26:36Z,E,8,sold,False,BFI IMAX E 8
2026-05-24T23:26:36Z,E,7,sold,False,BFI IMAX E 7
2026-05-24T23:26:36Z,E,6,sold,False,BFI IMAX E 6
2026-05-24T23:26:36Z,E,5,sold,False,BFI IMAX E 5
2026-05-24T23:26:36Z,E,4,available,False,BFI IMAX E 4
2026-05-24T23:26:36Z,E,3,available,False,BFI IMAX E 3
2026-05-24T23:26:36Z,E,2,available,False,BFI IMAX E 2
2026-05-24T23:26:36Z,E,1,available,False,BFI IMAX E 1
2026-05-24T23:26:36Z,F,38,available,False,BFI IMAX F 38
2026-05-24T23:26:36Z,F,37,sold,False,BFI IMAX F 37
2026-05-24T23:26:36Z,F,36,sold,False,BFI IMAX F 36
2026-05-24T23:26:36Z,F,35,sold,False,BFI IMAX F 35
2026-05-24T23:26:36Z,F,34,sold,False,BFI IMAX F 34
2026-05-24T23:26:36Z,F,33,sold,False,BFI IMAX F 33
2026-05-24T23:26:36Z,F,32,sold,False,BFI IMAX F 32
2026-05-24T23:26:36Z,F,31,sold,False,BFI IMAX F 31
2026-05-24T23:26:36Z,F,30,sold,False,BFI IMAX F 30
2026-05-24T23:26:36Z,F,29,sold,False,BFI IMAX F 29
2026-05-24T23:26:36Z,F,28,sold,False,BFI IMAX F 28
2026-05-24T23:26:36Z,F,27,sold,False,BFI IMAX F 27
2026-05-24T23:26:36Z,F,26,sold,False,BFI IMAX F 26
2026-05-24T23:26:36Z,F,25,sold,False,BFI IMAX F 25
2026-05-24T23:26:36Z,F,24,sold,False,BFI IMAX F 24
2026-05-24T23:26:36Z,F,23,sold,False,BFI IMAX F 23
2026-05-24T23:26:36Z,F,22,sold,False,BFI IMAX F 22
2026-05-24T23:26:36Z,F,21,sold,False,BFI IMAX F 21
2026-05-24T23:26:36Z,F,20,sold,False,BFI IMAX F 20
2026-05-24T23:26:36Z,F,19,sold,False,BFI IMAX F 19
2026-05-24T23:26:36Z,F,18,sold,False,BFI IMAX F 18
2026-05-24T23:26:36Z,F,17,sold,False,BFI IMAX F 17
2026-05-24T23:26:36Z,F,16,sold,False,BFI IMAX F 16
2026-05-24T23:26:36Z,F,15,sold,False,BFI IMAX F 15
2026-05-24T23:26:36Z,F,14,sold,False,BFI IMAX F 14
2026-05-24T23:26:36Z,F,13,sold,False,BFI IMAX F 13
2026-05-24T23:26:36Z,F,12,sold,False,BFI IMAX F 12
2026-05-24T23:26:36Z,F,11,sold,False,BFI IMAX F 11
2026-05-24T23:26:36Z,F,10,sold,False,BFI IMAX F 10
2026-05-24T23:26:36Z,F,9,sold,False,BFI IMAX F 9
2026-05-24T23:26:36Z,F,8,sold,False,BFI IMAX F 8
2026-05-24T23:26:36Z,F,7,sold,False,BFI IMAX F 7
2026-05-24T23:26:36Z,F,6,sold,False,BFI IMAX F 6
2026-05-24T23:26:36Z,F,5,sold,False,BFI IMAX F 5
2026-05-24T23:26:36Z,F,4,sold,False,BFI IMAX F 4
2026-05-24T23:26:36Z,F,3,sold,False,BFI IMAX F 3
2026-05-24T23:26:36Z,F,2,sold,False,BFI IMAX F 2
2026-05-24T23:26:36Z,F,1,sold,False,BFI IMAX F 1
2026-05-24T23:26:36Z,G,37,sold,False,BFI IMAX G 37
2026-05-24T23:26:36Z,G,36,sold,False,BFI IMAX G 36
2026-05-24T23:26:36Z,G,35,sold,False,BFI IMAX G 35
2026-05-24T23:26:36Z,G,34,sold,False,BFI IMAX G 34
2026-05-24T23:26:36Z,G,33,sold,False,BFI IMAX G 33
2026-05-24T23:26:36Z,G,32,sold,False,BFI IMAX G 32
2026-05-24T23:26:36Z,G,31,sold,False,BFI IMAX G 31
2026-05-24T23:26:36Z,G,30,sold,False,BFI IMAX G 30
2026-05-24T23:26:36Z,G,29,sold,False,BFI IMAX G 29
2026-05-24T23:26:36Z,G,28,sold,False,BFI IMAX G 28
2026-05-24T23:26:36Z,G,27,sold,False,BFI IMAX G 27
2026-05-24T23:26:36Z,G,26,sold,False,BFI IMAX G 26
2026-05-24T23:26:36Z,G,25,sold,False,BFI IMAX G 25
2026-05-24T23:26:36Z,G,24,sold,False,BFI IMAX G 24
2026-05-24T23:26:36Z,G,23,sold,False,BFI IMAX G 23
2026-05-24T23:26:36Z,G,22,sold,False,BFI IMAX G 22
2026-05-24T23:26:36Z,G,21,sold,False,BFI IMAX G 21
2026-05-24T23:26:36Z,G,20,sold,False,BFI IMAX G 20
2026-05-24T23:26:36Z,G,19,sold,False,BFI IMAX G 19
2026-05-24T23:26:36Z,G,18,sold,False,BFI IMAX G 18
2026-05-24T23:26:36Z,G,17,sold,False,BFI IMAX G 17
2026-05-24T23:26:36Z,G,16,sold,False,BFI IMAX G 16
2026-05-24T23:26:36Z,G,15,sold,False,BFI IMAX G 15
2026-05-24T23:26:36Z,G,14,sold,False,BFI IMAX G 14
2026-05-24T23:26:36Z,G,13,sold,False,BFI IMAX G 13
2026-05-24T23:26:36Z,G,12,sold,False,BFI IMAX G 12
2026-05-24T23:26:36Z,G,11,sold,False,BFI IMAX G 11
2026-05-24T23:26:36Z,G,10,sold,False,BFI IMAX G 10
2026-05-24T23:26:36Z,G,9,sold,False,BFI IMAX G 9
2026-05-24T23:26:36Z,G,8,sold,False,BFI IMAX G 8
2026-05-24T23:26:36Z,G,7,sold,False,BFI IMAX G 7
2026-05-24T23:26:36Z,G,6,sold,False,BFI IMAX G 6
2026-05-24T23:26:36Z,G,5,sold,False,BFI IMAX G 5
2026-05-24T23:26:36Z,G,4,sold,False,BFI IMAX G 4
2026-05-24T23:26:36Z,G,3,sold,False,BFI IMAX G 3
2026-05-24T23:26:36Z,G,2,sold,False,BFI IMAX G 2
2026-05-24T23:26:36Z,G,1,sold,False,BFI IMAX G 1
2026-05-24T23:26:36Z,H,37,sold,False,BFI IMAX H 37
2026-05-24T23:26:36Z,H,36,sold,False,BFI IMAX H 36
2026-05-24T23:26:36Z,H,35,sold,False,BFI IMAX H 35
2026-05-24T23:26:36Z,H,34,sold,False,BFI IMAX H 34
2026-05-24T23:26:36Z,H,33,sold,False,BFI IMAX H 33
2026-05-24T23:26:36Z,H,32,sold,False,BFI IMAX H 32
2026-05-24T23:26:36Z,H,31,sold,False,BFI IMAX H 31
2026-05-24T23:26:36Z,H,30,sold,False,BFI IMAX H 30
2026-05-24T23:26:36Z,H,29,sold,False,BFI IMAX H 29
2026-05-24T23:26:36Z,H,28,sold,False,BFI IMAX H 28
2026-05-24T23:26:36Z,H,27,sold,False,BFI IMAX H 27
2026-05-24T23:26:36Z,H,26,sold,False,BFI IMAX H 26
2026-05-24T23:26:36Z,H,25,sold,False,BFI IMAX H 25
2026-05-24T23:26:36Z,H,24,sold,False,BFI IMAX H 24
2026-05-24T23:26:36Z,H,23,sold,False,BFI IMAX H 23
2026-05-24T23:26:36Z,H,22,sold,False,BFI IMAX H 22
2026-05-24T23:26:36Z,H,21,sold,False,BFI IMAX H 21
2026-05-24T23:26:36Z,H,20,sold,False,BFI IMAX H 20
2026-05-24T23:26:36Z,H,19,sold,False,BFI IMAX H 19
2026-05-24T23:26:36Z,H,18,sold,False,BFI IMAX H 18
2026-05-24T23:26:36Z,H,17,sold,False,BFI IMAX H 17
2026-05-24T23:26:36Z,H,16,sold,False,BFI IMAX H 16
2026-05-24T23:26:36Z,H,15,sold,False,BFI IMAX H 15
2026-05-24T23:26:36Z,H,14,sold,False,BFI IMAX H 14
2026-05-24T23:26:36Z,H,13,sold,False,BFI IMAX H 13
2026-05-24T23:26:36Z,H,12,sold,False,BFI IMAX H 12
2026-05-24T23:26:36Z,H,11,sold,False,BFI IMAX H 11
2026-05-24T23:26:36Z,H,10,sold,False,BFI IMAX H 10
2026-05-24T23:26:36Z,H,9,sold,False,BFI IMAX H 9
2026-05-24T23:26:36Z,H,8,sold,False,BFI IMAX H 8
2026-05-24T23:26:36Z,H,7,sold,False,BFI IMAX H 7
2026-05-24T23:26:36Z,H,6,sold,False,BFI IMAX H 6
2026-05-24T23:26:36Z,H,5,sold,False,BFI IMAX H 5
2026-05-24T23:26:36Z,H,4,sold,False,BFI IMAX H 4
2026-05-24T23:26:36Z,H,3,sold,False,BFI IMAX H 3
2026-05-24T23:26:36Z,H,2,sold,False,BFI IMAX H 2
2026-05-24T23:26:36Z,H,1,sold,False,BFI IMAX H 1
2026-05-24T23:26:36Z,J,36,sold,False,BFI IMAX J 36
2026-05-24T23:26:36Z,J,35,sold,False,BFI IMAX J 35
2026-05-24T23:26:36Z,J,34,sold,False,BFI IMAX J 34
2026-05-24T23:26:36Z,J,33,sold,False,BFI IMAX J 33
2026-05-24T23:26:36Z,J,32,sold,False,BFI IMAX J 32
2026-05-24T23:26:36Z,J,31,sold,False,BFI IMAX J 31
2026-05-24T23:26:36Z,J,30,sold,False,BFI IMAX J 30
2026-05-24T23:26:36Z,J,29,sold,False,BFI IMAX J 29
2026-05-24T23:26:36Z,J,28,sold,False,BFI IMAX J 28
2026-05-24T23:26:36Z,J,27,sold,False,BFI IMAX J 27
2026-05-24T23:26:36Z,J,26,sold,False,BFI IMAX J 26
2026-05-24T23:26:36Z,J,25,sold,False,BFI IMAX J 25
2026-05-24T23:26:36Z,J,24,sold,False,BFI IMAX J 24
2026-05-24T23:26:36Z,J,23,sold,False,BFI IMAX J 23
2026-05-24T23:26:36Z,J,22,sold,False,BFI IMAX J 22
2026-05-24T23:26:36Z,J,21,sold,False,BFI IMAX J 21
2026-05-24T23:26:36Z,J,20,sold,False,BFI IMAX J 20
2026-05-24T23:26:36Z,J,19,sold,False,BFI IMAX J 19
2026-05-24T23:26:36Z,J,18,sold,False,BFI IMAX J 18
2026-05-24T23:26:36Z,J,17,sold,False,BFI IMAX J 17
2026-05-24T23:26:36Z,J,16,sold,False,BFI IMAX J 16
2026-05-24T23:26:36Z,J,15,sold,False,BFI IMAX J 15
2026-05-24T23:26:36Z,J,14,sold,False,BFI IMAX J 14
2026-05-24T23:26:36Z,J,13,sold,False,BFI IMAX J 13
2026-05-24T23:26:36Z,J,12,sold,False,BFI IMAX J 12
2026-05-24T23:26:36Z,J,11,sold,False,BFI IMAX J 11
2026-05-24T23:26:36Z,J,10,sold,False,BFI IMAX J 10
2026-05-24T23:26:36Z,J,9,sold,False,BFI IMAX J 9
2026-05-24T23:26:36Z,J,8,sold,False,BFI IMAX J 8
2026-05-24T23:26:36Z,J,7,sold,False,BFI IMAX J 7
2026-05-24T23:26:36Z,J,6,sold,False,BFI IMAX J 6
2026-05-24T23:26:36Z,J,5,sold,False,BFI IMAX J 5
2026-05-24T23:26:36Z,J,4,sold,False,BFI IMAX J 4
2026-05-24T23:26:36Z,J,3,sold,False,BFI IMAX J 3
2026-05-24T23:26:36Z,J,2,sold,False,BFI IMAX J 2
2026-05-24T23:26:36Z,J,1,sold,False,BFI IMAX J 1
2026-05-24T23:26:36Z,K,36,sold,False,BFI IMAX K 36
2026-05-24T23:26:36Z,K,35,sold,False,BFI IMAX K 35
2026-05-24T23:26:36Z,K,34,sold,False,BFI IMAX K 34
2026-05-24T23:26:36Z,K,33,sold,False,BFI IMAX K 33
2026-05-24T23:26:36Z,K,32,sold,False,BFI IMAX K 32
2026-05-24T23:26:36Z,K,31,sold,False,BFI IMAX K 31
2026-05-24T23:26:36Z,K,30,sold,False,BFI IMAX K 30
2026-05-24T23:26:36Z,K,29,sold,False,BFI IMAX K 29
2026-05-24T23:26:36Z,K,28,sold,False,BFI IMAX K 28
2026-05-24T23:26:36Z,A,13,available,False,BFI IMAX A 13
2026-05-24T23:26:36Z,A,12,available,False,BFI IMAX A 12
2026-05-24T23:26:36Z,K,25,sold,False,BFI IMAX K 25
2026-05-24T23:26:36Z,K,24,sold,False,BFI IMAX K 24
2026-05-24T23:26:36Z,K,23,sold,False,BFI IMAX K 23
2026-05-24T23:26:36Z,K,22,sold,False,BFI IMAX K 22
2026-05-24T23:26:36Z,K,21,sold,False,BFI IMAX K 21
2026-05-24T23:26:36Z,K,20,sold,False,BFI IMAX K 20
2026-05-24T23:26:36Z,K,19,sold,False,BFI IMAX K 19
2026-05-24T23:26:36Z,K,18,sold,False,BFI IMAX K 18
2026-05-24T23:26:36Z,K,17,sold,False,BFI IMAX K 17
2026-05-24T23:26:36Z,K,16,sold,False,BFI IMAX K 16
2026-05-24T23:26:36Z,K,15,sold,False,BFI IMAX K 15
2026-05-24T23:26:36Z,K,14,sold,False,BFI IMAX K 14
2026-05-24T23:26:36Z,K,13,sold,False,BFI IMAX K 13
2026-05-24T23:26:36Z,K,12,sold,False,BFI IMAX K 12
2026-05-24T23:26:36Z,K,11,sold,False,BFI IMAX K 11
2026-05-24T23:26:36Z,K,10,sold,False,BFI IMAX K 10
2026-05-24T23:26:36Z,K,9,sold,False,BFI IMAX K 9
2026-05-24T23:26:36Z,K,8,sold,False,BFI IMAX K 8
2026-05-24T23:26:36Z,K,7,sold,False,BFI IMAX K 7
2026-05-24T23:26:36Z,K,6,sold,False,BFI IMAX K 6
2026-05-24T23:26:36Z,K,5,sold,False,BFI IMAX K 5
2026-05-24T23:26:36Z,K,4,sold,False,BFI IMAX K 4
2026-05-24T23:26:36Z,K,3,sold,False,BFI IMAX K 3
2026-05-24T23:26:36Z,K,2,sold,False,BFI IMAX K 2
2026-05-24T23:26:36Z,K,1,sold,False,BFI IMAX K 1
2026-05-24T23:26:36Z,L,33,sold,False,BFI IMAX L 33
2026-05-24T23:26:36Z,L,32,sold,False,BFI IMAX L 32
2026-05-24T23:26:36Z,L,31,sold,False,BFI IMAX L 31
2026-05-24T23:26:36Z,L,30,sold,False,BFI IMAX L 30
2026-05-24T23:26:36Z,L,29,sold,False,BFI IMAX L 29
2026-05-24T23:26:36Z,L,28,sold,False,BFI IMAX L 28
2026-05-24T23:26:36Z,L,27,sold,False,BFI IMAX L 27
2026-05-24T23:26:36Z,L,26,sold,False,BFI IMAX L 26
2026-05-24T23:26:36Z,L,8,sold,False,BFI IMAX L 8
2026-05-24T23:26:36Z,L,7,sold,False,BFI IMAX L 7
2026-05-24T23:26:36Z,L,6,sold,False,BFI IMAX L 6
2026-05-24T23:26:36Z,L,5,sold,False,BFI IMAX L 5
2026-05-24T23:26:36Z,L,4,sold,False,BFI IMAX L 4
2026-05-24T23:26:36Z,L,3,sold,False,BFI IMAX L 3
2026-05-24T23:26:36Z,L,2,sold,False,BFI IMAX L 2
2026-05-24T23:26:36Z,L,1,sold,False,BFI IMAX L 1
2026-05-24T23:26:36Z,M,34,sold,False,BFI IMAX M 34
2026-05-24T23:26:36Z,M,33,sold,False,BFI IMAX M 33
2026-05-24T23:26:36Z,M,32,sold,False,BFI IMAX M 32
2026-05-24T23:26:36Z,M,31,sold,False,BFI IMAX M 31
2026-05-24T23:26:36Z,M,30,sold,False,BFI IMAX M 30
2026-05-24T23:26:36Z,M,29,sold,False,BFI IMAX M 29
2026-05-24T23:26:36Z,M,28,sold,False,BFI IMAX M 28
2026-05-24T23:26:36Z,M,27,sold,False,BFI IMAX M 27
2026-05-24T23:26:36Z,M,8,sold,False,BFI IMAX M 8
2026-05-24T23:26:36Z,M,7,sold,False,BFI IMAX M 7
2026-05-24T23:26:36Z,M,6,sold,False,BFI IMAX M 6
2026-05-24T23:26:36Z,M,5,sold,False,BFI IMAX M 5
2026-05-24T23:26:36Z,M,4,sold,False,BFI IMAX M 4
2026-05-24T23:26:36Z,M,3,sold,False,BFI IMAX M 3
2026-05-24T23:26:36Z,M,2,sold,False,BFI IMAX M 2
2026-05-24T23:26:36Z,M,1,sold,False,BFI IMAX M 1
2026-05-24T23:26:36Z,N,34,unavailable,False,BFI IMAX N 34
2026-05-24T23:26:36Z,N,33,unavailable,False,BFI IMAX N 33
2026-05-24T23:26:36Z,N,32,unavailable,False,BFI IMAX N 32
2026-05-24T23:26:36Z,N,31,unavailable,False,BFI IMAX N 31
2026-05-24T23:26:36Z,N,30,unavailable,False,BFI IMAX N 30
2026-05-24T23:26:36Z,N,29,unavailable,False,BFI IMAX N 29
2026-05-24T23:26:36Z,N,28,unavailable,False,BFI IMAX N 28
2026-05-24T23:26:36Z,N,27,unavailable,False,BFI IMAX N 27
2026-05-24T23:26:36Z,A,11,available,False,BFI IMAX A 11
2026-05-24T23:26:36Z,A,10,available,False,BFI IMAX A 10
2026-05-24T23:26:36Z,N,6,sold,False,BFI IMAX N 6
2026-05-24T23:26:36Z,N,5,sold,False,BFI IMAX N 5
2026-05-24T23:26:36Z,N,4,sold,False,BFI IMAX N 4
2026-05-24T23:26:36Z,N,3,sold,False,BFI IMAX N 3
2026-05-24T23:26:36Z,N,2,sold,False,BFI IMAX N 2
2026-05-24T23:26:36Z,N,1,sold,False,BFI IMAX N 1
2026-05-24T23:26:36Z,P,31,unavailable,False,BFI IMAX P 31
2026-05-24T23:26:36Z,A,9,available,False,BFI IMAX A 9
2026-05-24T23:26:36Z,A,8,available,False,BFI IMAX A 8
2026-05-24T23:26:36Z,P,26,unavailable,False,BFI IMAX P 26
2026-05-24T23:26:36Z,P,6,sold,False,BFI IMAX P 6
2026-05-24T23:26:36Z,A,7,available,False,BFI IMAX A 7
2026-05-24T23:26:36Z,A,6,available,False,BFI IMAX A 6
2026-05-24T23:26:36Z,P,1,unavailable,False,BFI IMAX P 1
2026-05-24T23:26:36Z,M,11,sold,False,BFI IMAX M 11
2026-05-24T23:26:36Z,M,10,sold,False,BFI IMAX M 10
2026-05-24T23:26:36Z,M,9,sold,False,BFI IMAX M 9
2026-05-24T23:26:36Z,L,9,sold,False,BFI IMAX L 9
2026-05-24T23:26:36Z,L,25,sold,False,BFI IMAX L 25
2026-05-24T23:26:36Z,L,24,sold,False,BFI IMAX L 24
2026-05-24T23:26:36Z,L,23,sold,False,BFI IMAX L 23
2026-05-24T23:26:36Z,L,22,sold,False,BFI IMAX L 22
2026-05-24T23:26:36Z,L,21,sold,False,BFI IMAX L 21
2026-05-24T23:26:36Z,L,20,sold,False,BFI IMAX L 20
2026-05-24T23:26:36Z,L,19,sold,False,BFI IMAX L 19
2026-05-24T23:26:36Z,L,18,sold,False,BFI IMAX L 18
2026-05-24T23:26:36Z,L,17,sold,False,BFI IMAX L 17
2026-05-24T23:26:36Z,L,16,sold,False,BFI IMAX L 16
2026-05-24T23:26:36Z,L,15,sold,False,BFI IMAX L 15
2026-05-24T23:26:36Z,L,14,sold,False,BFI IMAX L 14
2026-05-24T23:26:36Z,L,13,sold,False,BFI IMAX L 13
2026-05-24T23:26:36Z,L,12,sold,False,BFI IMAX L 12
2026-05-24T23:26:36Z,L,11,sold,False,BFI IMAX L 11
2026-05-24T23:26:36Z,N,26,unavailable,False,BFI IMAX N 26
2026-05-24T23:26:36Z,N,25,unavailable,False,BFI IMAX N 25
2026-05-24T23:26:36Z,N,24,unavailable,False,BFI IMAX N 24
2026-05-24T23:26:36Z,N,23,unavailable,False,BFI IMAX N 23
2026-05-24T23:26:36Z,N,22,sold,False,BFI IMAX N 22
2026-05-24T23:26:36Z,N,21,sold,False,BFI IMAX N 21
2026-05-24T23:26:36Z,N,20,sold,False,BFI IMAX N 20
2026-05-24T23:26:36Z,N,19,sold,False,BFI IMAX N 19
2026-05-24T23:26:36Z,N,18,sold,False,BFI IMAX N 18
2026-05-24T23:26:36Z,N,17,sold,False,BFI IMAX N 17
2026-05-24T23:26:36Z,N,16,sold,False,BFI IMAX N 16
2026-05-24T23:26:36Z,N,15,sold,False,BFI IMAX N 15
2026-05-24T23:26:36Z,N,14,sold,False,BFI IMAX N 14
2026-05-24T23:26:36Z,N,13,sold,False,BFI IMAX N 13
2026-05-24T23:26:36Z,N,12,unavailable,False,BFI IMAX N 12
2026-05-24T23:26:36Z,N,11,unavailable,False,BFI IMAX N 11
2026-05-24T23:26:36Z,N,10,unavailable,False,BFI IMAX N 10
2026-05-24T23:26:36Z,N,9,unavailable,False,BFI IMAX N 9
2026-05-24T23:26:36Z,L,10,sold,False,BFI IMAX L 10
2026-05-24T23:26:36Z,M,26,sold,False,BFI IMAX M 26
2026-05-24T23:26:36Z,M,25,sold,False,BFI IMAX M 25
2026-05-24T23:26:36Z,M,24,sold,False,BFI IMAX M 24
2026-05-24T23:26:36Z,M,23,sold,False,BFI IMAX M 23
2026-05-24T23:26:36Z,M,22,sold,False,BFI IMAX M 22
2026-05-24T23:26:36Z,M,21,sold,False,BFI IMAX M 21
2026-05-24T23:26:36Z,M,20,sold,False,BFI IMAX M 20
2026-05-24T23:26:36Z,M,19,sold,False,BFI IMAX M 19
2026-05-24T23:26:36Z,M,18,sold,False,BFI IMAX M 18
2026-05-24T23:26:36Z,M,17,sold,False,BFI IMAX M 17
2026-05-24T23:26:36Z,M,16,sold,False,BFI IMAX M 16
2026-05-24T23:26:36Z,M,15,sold,False,BFI IMAX M 15
2026-05-24T23:26:36Z,M,14,sold,False,BFI IMAX M 14
2026-05-24T23:26:36Z,M,13,sold,False,BFI IMAX M 13
2026-05-24T23:26:36Z,M,12,sold,False,BFI IMAX M 12
2026-05-24T23:26:36Z,P,30,unavailable,True,BFI IMAX P 30
2026-05-24T23:26:36Z,P,27,unavailable,True,BFI IMAX P 27
2026-05-24T23:26:36Z,P,2,unavailable,True,BFI IMAX P 2
2026-05-24T23:26:36Z,P,5,sold,True,BFI IMAX P 5
2026-05-24T23:26:36Z,P,19,sold,False,BFI IMAX P 19
2026-05-24T23:26:36Z,P,18,sold,False,BFI IMAX P 18
2026-05-24T23:26:36Z,P,17,sold,False,BFI IMAX P 17
2026-05-24T23:26:36Z,P,16,sold,False,BFI IMAX P 16
2026-05-24T23:26:36Z,P,15,sold,False,BFI IMAX P 15
2026-05-24T23:26:36Z,P,14,sold,False,BFI IMAX P 14
2026-05-24T23:26:36Z,P,13,sold,False,BFI IMAX P 13
2026-05-24T23:26:36Z,P,12,sold,False,BFI IMAX P 12
2026-05-24T23:26:36Z,P,11,sold,False,BFI IMAX P 11
2026-05-24T23:26:36Z,P,10,sold,False,BFI IMAX P 10
2026-05-24T23:26:36Z,P,9,sold,False,BFI IMAX P 9
2026-05-24T23:26:36Z,P,8,sold,False,BFI IMAX P 8
2026-05-24T23:26:36Z,P,7,sold,False,BFI IMAX P 7
2026-05-24T23:26:36Z,P,25,sold,False,BFI IMAX P 25
2026-05-24T23:26:36Z,P,24,sold,False,BFI IMAX P 24
2026-05-24T23:26:36Z,P,23,sold,False,BFI IMAX P 23
2026-05-24T23:26:36Z,P,22,sold,False,BFI IMAX P 22
2026-05-24T23:26:36Z,P,21,sold,False,BFI IMAX P 21
2026-05-24T23:26:36Z,P,20,sold,False,BFI IMAX P 20
2026-05-24T23:26:36Z,Q,18,sold,False,BFI IMAX Q 18
2026-05-24T23:26:36Z,Q,17,sold,False,BFI IMAX Q 17
2026-05-24T23:26:36Z,Q,16,sold,False,BFI IMAX Q 16
2026-05-24T23:26:36Z,Q,15,sold,False,BFI IMAX Q 15
2026-05-24T23:26:36Z,Q,14,sold,False,BFI IMAX Q 14
2026-05-24T23:26:36Z,Q,13,sold,False,BFI IMAX Q 13
2026-05-24T23:26:36Z,Q,12,sold,False,BFI IMAX Q 12
2026-05-24T23:26:36Z,Q,11,sold,False,BFI IMAX Q 11
2026-05-24T23:26:36Z,Q,10,sold,False,BFI IMAX Q 10
2026-05-24T23:26:36Z,Q,9,sold,False,BFI IMAX Q 9
2026-05-24T23:26:36Z,Q,8,sold,False,BFI IMAX Q 8
2026-05-24T23:26:36Z,Q,7,sold,False,BFI IMAX Q 7
2026-05-24T23:26:36Z,Q,6,sold,False,BFI IMAX Q 6
2026-05-24T23:26:36Z,Q,5,sold,False,BFI IMAX Q 5
2026-05-24T23:26:36Z,Q,4,sold,False,BFI IMAX Q 4
2026-05-24T23:26:36Z,Q,3,sold,False,BFI IMAX Q 3
2026-05-24T23:26:36Z,Q,2,sold,False,BFI IMAX Q 2
2026-05-24T23:26:36Z,Q,1,sold,False,BFI IMAX Q 1
2026-05-24T23:53:57Z,K,27,unavailable,False,BFI IMAX K 27
2026-05-24T23:53:57Z,K,26,unavailable,False,BFI IMAX K 26
2026-05-24T23:53:57Z,N,8,unavailable,False,BFI IMAX N 8
2026-05-24T23:53:57Z,N,7,unavailable,False,BFI IMAX N 7
2026-05-24T23:53:57Z,P,29,unavailable,True,BFI IMAX P 29
2026-05-24T23:53:57Z,P,28,unavailable,True,BFI IMAX P 28
2026-05-24T23:53:57Z,P,4,unavailable,True,BFI IMAX P 4
2026-05-24T23:53:57Z,P,3,unavailable,True,BFI IMAX P 3
2026-05-24T23:53:57Z,A,5,available,False,BFI IMAX A 5
2026-05-24T23:53:57Z,A,4,available,False,BFI IMAX A 4
2026-05-24T23:53:57Z,A,3,available,False,BFI IMAX A 3
2026-05-24T23:53:57Z,A,2,available,False,BFI IMAX A 2
2026-05-24T23:53:57Z,A,1,available,False,BFI IMAX A 1
2026-05-24T23:53:57Z,B,36,available,False,BFI IMAX B 36
2026-05-24T23:53:57Z,B,35,available,False,BFI IMAX B 35
2026-05-24T23:53:57Z,B,34,available,False,BFI IMAX B 34
2026-05-24T23:53:57Z,B,33,available,False,BFI IMAX B 33
2026-05-24T23:53:57Z,B,32,available,False,BFI IMAX B 32
2026-05-24T23:53:57Z,B,31,available,False,BFI IMAX B 31
2026-05-24T23:53:57Z,B,30,available,False,BFI IMAX B 30
2026-05-24T23:53:57Z,B,29,available,False,BFI IMAX B 29
2026-05-24T23:53:57Z,B,28,available,False,BFI IMAX B 28
2026-05-24T23:53:57Z,B,27,available,False,BFI IMAX B 27
2026-05-24T23:53:57Z,B,26,available,False,BFI IMAX B 26
2026-05-24T23:53:57Z,B,25,available,False,BFI IMAX B 25
2026-05-24T23:53:57Z,B,24,available,False,BFI IMAX B 24
2026-05-24T23:53:57Z,B,23,sold,False,BFI IMAX B 23
2026-05-24T23:53:57Z,B,22,sold,False,BFI IMAX B 22
2026-05-24T23:53:57Z,B,21,sold,False,BFI IMAX B 21
2026-05-24T23:53:57Z,B,20,sold,False,BFI IMAX B 20
2026-05-24T23:53:57Z,B,19,sold,False,BFI IMAX B 19
2026-05-24T23:53:57Z,B,18,sold,False,BFI IMAX B 18
2026-05-24T23:53:57Z,B,17,sold,False,BFI IMAX B 17
2026-05-24T23:53:57Z,B,16,sold,False,BFI IMAX B 16
2026-05-24T23:53:57Z,B,15,available,False,BFI IMAX B 15
2026-05-24T23:53:57Z,B,14,available,False,BFI IMAX B 14
2026-05-24T23:53:57Z,B,13,available,False,BFI IMAX B 13
2026-05-24T23:53:57Z,B,12,available,False,BFI IMAX B 12
2026-05-24T23:53:57Z,B,11,available,False,BFI IMAX B 11
2026-05-24T23:53:57Z,B,10,available,False,BFI IMAX B 10
2026-05-24T23:53:57Z,B,9,available,False,BFI IMAX B 9
2026-05-24T23:53:57Z,B,8,available,False,BFI IMAX B 8
2026-05-24T23:53:57Z,B,7,available,False,BFI IMAX B 7
2026-05-24T23:53:57Z,B,6,available,False,BFI IMAX B 6
2026-05-24T23:53:57Z,B,5,available,False,BFI IMAX B 5
2026-05-24T23:53:57Z,B,4,available,False,BFI IMAX B 4
2026-05-24T23:53:57Z,B,3,available,False,BFI IMAX B 3
2026-05-24T23:53:57Z,B,2,available,False,BFI IMAX B 2
2026-05-24T23:53:57Z,B,1,available,False,BFI IMAX B 1
2026-05-24T23:53:57Z,C,36,available,False,BFI IMAX C 36
2026-05-24T23:53:57Z,C,35,available,False,BFI IMAX C 35
2026-05-24T23:53:57Z,C,34,available,False,BFI IMAX C 34
2026-05-24T23:53:57Z,C,33,available,False,BFI IMAX C 33
2026-05-24T23:53:57Z,C,32,available,False,BFI IMAX C 32
2026-05-24T23:53:57Z,C,31,available,False,BFI IMAX C 31
2026-05-24T23:53:57Z,C,30,available,False,BFI IMAX C 30
2026-05-24T23:53:57Z,C,29,available,False,BFI IMAX C 29
2026-05-24T23:53:57Z,C,28,available,False,BFI IMAX C 28
2026-05-24T23:53:57Z,C,27,available,False,BFI IMAX C 27
2026-05-24T23:53:57Z,C,26,available,False,BFI IMAX C 26
2026-05-24T23:53:57Z,C,25,sold,False,BFI IMAX C 25
2026-05-24T23:53:57Z,C,24,sold,False,BFI IMAX C 24
2026-05-24T23:53:57Z,C,23,sold,False,BFI IMAX C 23
2026-05-24T23:53:57Z,C,22,sold,False,BFI IMAX C 22
2026-05-24T23:53:57Z,C,21,sold,False,BFI IMAX C 21
2026-05-24T23:53:57Z,C,20,sold,False,BFI IMAX C 20
2026-05-24T23:53:57Z,C,19,sold,False,BFI IMAX C 19
2026-05-24T23:53:57Z,C,18,sold,False,BFI IMAX C 18
2026-05-24T23:53:57Z,C,17,sold,False,BFI IMAX C 17
2026-05-24T23:53:57Z,C,16,sold,False,BFI IMAX C 16
2026-05-24T23:53:57Z,C,15,sold,False,BFI IMAX C 15
2026-05-24T23:53:57Z,C,14,sold,False,BFI IMAX C 14
2026-05-24T23:53:57Z,C,13,sold,False,BFI IMAX C 13
2026-05-24T23:53:57Z,C,12,sold,False,BFI IMAX C 12
2026-05-24T23:53:57Z,C,11,sold,False,BFI IMAX C 11
2026-05-24T23:53:57Z,C,10,sold,False,BFI IMAX C 10
2026-05-24T23:53:57Z,C,9,available,False,BFI IMAX C 9
2026-05-24T23:53:57Z,C,8,available,False,BFI IMAX C 8
2026-05-24T23:53:57Z,C,7,available,False,BFI IMAX C 7
2026-05-24T23:53:57Z,C,6,available,False,BFI IMAX C 6
2026-05-24T23:53:57Z,C,5,available,False,BFI IMAX C 5
2026-05-24T23:53:57Z,C,4,available,False,BFI IMAX C 4
2026-05-24T23:53:57Z,C,3,available,False,BFI IMAX C 3
2026-05-24T23:53:57Z,C,2,available,False,BFI IMAX C 2
2026-05-24T23:53:57Z,C,1,available,False,BFI IMAX C 1
2026-05-24T23:53:57Z,D,37,available,False,BFI IMAX D 37
2026-05-24T23:53:57Z,D,36,available,False,BFI IMAX D 36
2026-05-24T23:53:57Z,D,35,available,False,BFI IMAX D 35
2026-05-24T23:53:57Z,D,34,available,False,BFI IMAX D 34
2026-05-24T23:53:57Z,D,33,available,False,BFI IMAX D 33
2026-05-24T23:53:57Z,D,32,available,False,BFI IMAX D 32
2026-05-24T23:53:57Z,D,31,available,False,BFI IMAX D 31
2026-05-24T23:53:57Z,D,30,sold,False,BFI IMAX D 30
2026-05-24T23:53:57Z,D,29,sold,False,BFI IMAX D 29
2026-05-24T23:53:57Z,D,28,sold,False,BFI IMAX D 28
2026-05-24T23:53:57Z,D,27,sold,False,BFI IMAX D 27
2026-05-24T23:53:57Z,D,26,sold,False,BFI IMAX D 26
2026-05-24T23:53:57Z,D,25,sold,False,BFI IMAX D 25
2026-05-24T23:53:57Z,D,24,sold,False,BFI IMAX D 24
2026-05-24T23:53:57Z,D,23,sold,False,BFI IMAX D 23
2026-05-24T23:53:57Z,D,22,sold,False,BFI IMAX D 22
2026-05-24T23:53:57Z,D,21,sold,False,BFI IMAX D 21
2026-05-24T23:53:57Z,D,20,sold,False,BFI IMAX D 20
2026-05-24T23:53:57Z,D,19,sold,False,BFI IMAX D 19
2026-05-24T23:53:57Z,D,18,sold,False,BFI IMAX D 18
2026-05-24T23:53:57Z,D,17,sold,False,BFI IMAX D 17
2026-05-24T23:53:57Z,D,16,sold,False,BFI IMAX D 16
2026-05-24T23:53:57Z,D,15,sold,False,BFI IMAX D 15
2026-05-24T23:53:57Z,D,14,sold,False,BFI IMAX D 14
2026-05-24T23:53:57Z,D,13,sold,False,BFI IMAX D 13
2026-05-24T23:53:57Z,D,12,sold,False,BFI IMAX D 12
2026-05-24T23:53:57Z,D,11,sold,False,BFI IMAX D 11
2026-05-24T23:53:57Z,D,10,sold,False,BFI IMAX D 10
2026-05-24T23:53:57Z,D,9,sold,False,BFI IMAX D 9
2026-05-24T23:53:57Z,D,8,sold,False,BFI IMAX D 8
2026-05-24T23:53:57Z,D,7,sold,False,BFI IMAX D 7
2026-05-24T23:53:57Z,D,6,available,False,BFI IMAX D 6
2026-05-24T23:53:57Z,D,5,available,False,BFI IMAX D 5
2026-05-24T23:53:57Z,D,4,available,False,BFI IMAX D 4
2026-05-24T23:53:57Z,D,3,available,False,BFI IMAX D 3
2026-05-24T23:53:57Z,D,2,available,False,BFI IMAX D 2
2026-05-24T23:53:57Z,D,1,available,False,BFI IMAX D 1
2026-05-24T23:53:57Z,E,37,available,False,BFI IMAX E 37
2026-05-24T23:53:57Z,E,36,available,False,BFI IMAX E 36
2026-05-24T23:53:57Z,E,35,available,False,BFI IMAX E 35
2026-05-24T23:53:57Z,E,34,sold,False,BFI IMAX E 34
2026-05-24T23:53:57Z,E,33,sold,False,BFI IMAX E 33
2026-05-24T23:53:57Z,E,32,sold,False,BFI IMAX E 32
2026-05-24T23:53:57Z,E,31,sold,False,BFI IMAX E 31
2026-05-24T23:53:57Z,E,30,sold,False,BFI IMAX E 30
2026-05-24T23:53:57Z,E,29,sold,False,BFI IMAX E 29
2026-05-24T23:53:57Z,E,28,sold,False,BFI IMAX E 28
2026-05-24T23:53:57Z,E,27,sold,False,BFI IMAX E 27
2026-05-24T23:53:57Z,E,26,sold,False,BFI IMAX E 26
2026-05-24T23:53:57Z,E,25,sold,False,BFI IMAX E 25
2026-05-24T23:53:57Z,E,24,sold,False,BFI IMAX E 24
2026-05-24T23:53:57Z,E,23,sold,False,BFI IMAX E 23
2026-05-24T23:53:57Z,E,22,sold,False,BFI IMAX E 22
2026-05-24T23:53:57Z,E,21,sold,False,BFI IMAX E 21
2026-05-24T23:53:57Z,E,20,sold,False,BFI IMAX E 20
2026-05-24T23:53:57Z,E,19,sold,False,BFI IMAX E 19
2026-05-24T23:53:57Z,E,18,sold,False,BFI IMAX E 18
2026-05-24T23:53:57Z,E,17,sold,False,BFI IMAX E 17
2026-05-24T23:53:57Z,E,16,sold,False,BFI IMAX E 16
2026-05-24T23:53:57Z,E,15,sold,False,BFI IMAX E 15
2026-05-24T23:53:57Z,E,14,sold,False,BFI IMAX E 14
2026-05-24T23:53:57Z,E,13,sold,False,BFI IMAX E 13
2026-05-24T23:53:57Z,E,12,sold,False,BFI IMAX E 12
2026-05-24T23:53:57Z,E,11,sold,False,BFI IMAX E 11
2026-05-24T23:53:57Z,E,10,sold,False,BFI IMAX E 10
2026-05-24T23:53:57Z,E,9,sold,False,BFI IMAX E 9
2026-05-24T23:53:57Z,E,8,sold,False,BFI IMAX E 8
2026-05-24T23:53:57Z,E,7,sold,False,BFI IMAX E 7
2026-05-24T23:53:57Z,E,6,sold,False,BFI IMAX E 6
2026-05-24T23:53:57Z,E,5,sold,False,BFI IMAX E 5
2026-05-24T23:53:57Z,E,4,available,False,BFI IMAX E 4
2026-05-24T23:53:57Z,E,3,available,False,BFI IMAX E 3
2026-05-24T23:53:57Z,E,2,available,False,BFI IMAX E 2
2026-05-24T23:53:57Z,E,1,available,False,BFI IMAX E 1
2026-05-24T23:53:57Z,F,38,available,False,BFI IMAX F 38
2026-05-24T23:53:57Z,F,37,sold,False,BFI IMAX F 37
2026-05-24T23:53:57Z,F,36,sold,False,BFI IMAX F 36
2026-05-24T23:53:57Z,F,35,sold,False,BFI IMAX F 35
2026-05-24T23:53:57Z,F,34,sold,False,BFI IMAX F 34
2026-05-24T23:53:57Z,F,33,sold,False,BFI IMAX F 33
2026-05-24T23:53:57Z,F,32,sold,False,BFI IMAX F 32
2026-05-24T23:53:57Z,F,31,sold,False,BFI IMAX F 31
2026-05-24T23:53:57Z,F,30,sold,False,BFI IMAX F 30
2026-05-24T23:53:57Z,F,29,sold,False,BFI IMAX F 29
2026-05-24T23:53:57Z,F,28,sold,False,BFI IMAX F 28
2026-05-24T23:53:57Z,F,27,sold,False,BFI IMAX F 27
2026-05-24T23:53:57Z,F,26,sold,False,BFI IMAX F 26
2026-05-24T23:53:57Z,F,25,sold,False,BFI IMAX F 25
2026-05-24T23:53:57Z,F,24,sold,False,BFI IMAX F 24
2026-05-24T23:53:57Z,F,23,sold,False,BFI IMAX F 23
2026-05-24T23:53:57Z,F,22,sold,False,BFI IMAX F 22
2026-05-24T23:53:57Z,F,21,sold,False,BFI IMAX F 21
2026-05-24T23:53:57Z,F,20,sold,False,BFI IMAX F 20
2026-05-24T23:53:57Z,F,19,sold,False,BFI IMAX F 19
2026-05-24T23:53:57Z,F,18,sold,False,BFI IMAX F 18
2026-05-24T23:53:57Z,F,17,sold,False,BFI IMAX F 17
2026-05-24T23:53:57Z,F,16,sold,False,BFI IMAX F 16
2026-05-24T23:53:57Z,F,15,sold,False,BFI IMAX F 15
2026-05-24T23:53:57Z,F,14,sold,False,BFI IMAX F 14
2026-05-24T23:53:57Z,F,13,sold,False,BFI IMAX F 13
2026-05-24T23:53:57Z,F,12,sold,False,BFI IMAX F 12
2026-05-24T23:53:57Z,F,11,sold,False,BFI IMAX F 11
2026-05-24T23:53:57Z,F,10,sold,False,BFI IMAX F 10
2026-05-24T23:53:57Z,F,9,sold,False,BFI IMAX F 9
2026-05-24T23:53:57Z,F,8,sold,False,BFI IMAX F 8
2026-05-24T23:53:57Z,F,7,sold,False,BFI IMAX F 7
2026-05-24T23:53:57Z,F,6,sold,False,BFI IMAX F 6
2026-05-24T23:53:57Z,F,5,sold,False,BFI IMAX F 5
2026-05-24T23:53:57Z,F,4,sold,False,BFI IMAX F 4
2026-05-24T23:53:57Z,F,3,sold,False,BFI IMAX F 3
2026-05-24T23:53:57Z,F,2,sold,False,BFI IMAX F 2
2026-05-24T23:53:57Z,F,1,sold,False,BFI IMAX F 1
2026-05-24T23:53:57Z,G,37,sold,False,BFI IMAX G 37
2026-05-24T23:53:57Z,G,36,sold,False,BFI IMAX G 36
2026-05-24T23:53:57Z,G,35,sold,False,BFI IMAX G 35
2026-05-24T23:53:57Z,G,34,sold,False,BFI IMAX G 34
2026-05-24T23:53:57Z,G,33,sold,False,BFI IMAX G 33
2026-05-24T23:53:57Z,G,32,sold,False,BFI IMAX G 32
2026-05-24T23:53:57Z,G,31,sold,False,BFI IMAX G 31
2026-05-24T23:53:57Z,G,30,sold,False,BFI IMAX G 30
2026-05-24T23:53:57Z,G,29,sold,False,BFI IMAX G 29
2026-05-24T23:53:57Z,G,28,sold,False,BFI IMAX G 28
2026-05-24T23:53:57Z,G,27,sold,False,BFI IMAX G 27
2026-05-24T23:53:57Z,G,26,sold,False,BFI IMAX G 26
2026-05-24T23:53:57Z,G,25,sold,False,BFI IMAX G 25
2026-05-24T23:53:57Z,G,24,sold,False,BFI IMAX G 24
2026-05-24T23:53:57Z,G,23,sold,False,BFI IMAX G 23
2026-05-24T23:53:57Z,G,22,sold,False,BFI IMAX G 22
2026-05-24T23:53:57Z,G,21,sold,False,BFI IMAX G 21
2026-05-24T23:53:57Z,G,20,sold,False,BFI IMAX G 20
2026-05-24T23:53:57Z,G,19,sold,False,BFI IMAX G 19
2026-05-24T23:53:57Z,G,18,sold,False,BFI IMAX G 18
2026-05-24T23:53:57Z,G,17,sold,False,BFI IMAX G 17
2026-05-24T23:53:57Z,G,16,sold,False,BFI IMAX G 16
2026-05-24T23:53:57Z,G,15,sold,False,BFI IMAX G 15
2026-05-24T23:53:57Z,G,14,sold,False,BFI IMAX G 14
2026-05-24T23:53:57Z,G,13,sold,False,BFI IMAX G 13
2026-05-24T23:53:57Z,G,12,sold,False,BFI IMAX G 12
2026-05-24T23:53:57Z,G,11,sold,False,BFI IMAX G 11
2026-05-24T23:53:57Z,G,10,sold,False,BFI IMAX G 10
2026-05-24T23:53:57Z,G,9,sold,False,BFI IMAX G 9
2026-05-24T23:53:57Z,G,8,sold,False,BFI IMAX G 8
2026-05-24T23:53:57Z,G,7,sold,False,BFI IMAX G 7
2026-05-24T23:53:57Z,G,6,sold,False,BFI IMAX G 6
2026-05-24T23:53:57Z,G,5,sold,False,BFI IMAX G 5
2026-05-24T23:53:57Z,G,4,sold,False,BFI IMAX G 4
2026-05-24T23:53:57Z,G,3,sold,False,BFI IMAX G 3
2026-05-24T23:53:57Z,G,2,sold,False,BFI IMAX G 2
2026-05-24T23:53:57Z,G,1,sold,False,BFI IMAX G 1
2026-05-24T23:53:57Z,H,37,sold,False,BFI IMAX H 37
2026-05-24T23:53:57Z,H,36,sold,False,BFI IMAX H 36
2026-05-24T23:53:57Z,H,35,sold,False,BFI IMAX H 35
2026-05-24T23:53:57Z,H,34,sold,False,BFI IMAX H 34
2026-05-24T23:53:57Z,H,33,sold,False,BFI IMAX H 33
2026-05-24T23:53:57Z,H,32,sold,False,BFI IMAX H 32
2026-05-24T23:53:57Z,H,31,sold,False,BFI IMAX H 31
2026-05-24T23:53:57Z,H,30,sold,False,BFI IMAX H 30
2026-05-24T23:53:57Z,H,29,sold,False,BFI IMAX H 29
2026-05-24T23:53:57Z,H,28,sold,False,BFI IMAX H 28
2026-05-24T23:53:57Z,H,27,sold,False,BFI IMAX H 27
2026-05-24T23:53:57Z,H,26,sold,False,BFI IMAX H 26
2026-05-24T23:53:57Z,H,25,sold,False,BFI IMAX H 25
2026-05-24T23:53:57Z,H,24,sold,False,BFI IMAX H 24
2026-05-24T23:53:57Z,H,23,sold,False,BFI IMAX H 23
2026-05-24T23:53:57Z,H,22,sold,False,BFI IMAX H 22
2026-05-24T23:53:57Z,H,21,sold,False,BFI IMAX H 21
2026-05-24T23:53:57Z,H,20,sold,False,BFI IMAX H 20
2026-05-24T23:53:57Z,H,19,sold,False,BFI IMAX H 19
2026-05-24T23:53:57Z,H,18,sold,False,BFI IMAX H 18
2026-05-24T23:53:57Z,H,17,sold,False,BFI IMAX H 17
2026-05-24T23:53:57Z,H,16,sold,False,BFI IMAX H 16
2026-05-24T23:53:57Z,H,15,sold,False,BFI IMAX H 15
2026-05-24T23:53:57Z,H,14,sold,False,BFI IMAX H 14
2026-05-24T23:53:57Z,H,13,sold,False,BFI IMAX H 13
2026-05-24T23:53:57Z,H,12,sold,False,BFI IMAX H 12
2026-05-24T23:53:57Z,H,11,sold,False,BFI IMAX H 11
2026-05-24T23:53:57Z,H,10,sold,False,BFI IMAX H 10
2026-05-24T23:53:57Z,H,9,sold,False,BFI IMAX H 9
2026-05-24T23:53:57Z,H,8,sold,False,BFI IMAX H 8
2026-05-24T23:53:57Z,H,7,sold,False,BFI IMAX H 7
2026-05-24T23:53:57Z,H,6,sold,False,BFI IMAX H 6
2026-05-24T23:53:57Z,H,5,sold,False,BFI IMAX H 5
2026-05-24T23:53:57Z,H,4,sold,False,BFI IMAX H 4
2026-05-24T23:53:57Z,H,3,sold,False,BFI IMAX H 3
2026-05-24T23:53:57Z,H,2,sold,False,BFI IMAX H 2
2026-05-24T23:53:57Z,H,1,sold,False,BFI IMAX H 1
2026-05-24T23:53:57Z,J,36,sold,False,BFI IMAX J 36
2026-05-24T23:53:57Z,J,35,sold,False,BFI IMAX J 35
2026-05-24T23:53:57Z,J,34,sold,False,BFI IMAX J 34
2026-05-24T23:53:57Z,J,33,sold,False,BFI IMAX J 33
2026-05-24T23:53:57Z,J,32,sold,False,BFI IMAX J 32
2026-05-24T23:53:57Z,J,31,sold,False,BFI IMAX J 31
2026-05-24T23:53:57Z,J,30,sold,False,BFI IMAX J 30
2026-05-24T23:53:57Z,J,29,sold,False,BFI IMAX J 29
2026-05-24T23:53:57Z,J,28,sold,False,BFI IMAX J 28
2026-05-24T23:53:57Z,J,27,sold,False,BFI IMAX J 27
2026-05-24T23:53:57Z,J,26,sold,False,BFI IMAX J 26
2026-05-24T23:53:57Z,J,25,sold,False,BFI IMAX J 25
2026-05-24T23:53:57Z,J,24,sold,False,BFI IMAX J 24
2026-05-24T23:53:57Z,J,23,sold,False,BFI IMAX J 23
2026-05-24T23:53:57Z,J,22,sold,False,BFI IMAX J 22
2026-05-24T23:53:57Z,J,21,sold,False,BFI IMAX J 21
2026-05-24T23:53:57Z,J,20,sold,False,BFI IMAX J 20
2026-05-24T23:53:57Z,J,19,sold,False,BFI IMAX J 19
2026-05-24T23:53:57Z,J,18,sold,False,BFI IMAX J 18
2026-05-24T23:53:57Z,J,17,sold,False,BFI IMAX J 17
2026-05-24T23:53:57Z,J,16,sold,False,BFI IMAX J 16
2026-05-24T23:53:57Z,J,15,sold,False,BFI IMAX J 15
2026-05-24T23:53:57Z,J,14,sold,False,BFI IMAX J 14
2026-05-24T23:53:57Z,J,13,sold,False,BFI IMAX J 13
2026-05-24T23:53:57Z,J,12,sold,False,BFI IMAX J 12
2026-05-24T23:53:57Z,J,11,sold,False,BFI IMAX J 11
2026-05-24T23:53:57Z,J,10,sold,False,BFI IMAX J 10
2026-05-24T23:53:57Z,J,9,sold,False,BFI IMAX J 9
2026-05-24T23:53:57Z,J,8,sold,False,BFI IMAX J 8
2026-05-24T23:53:57Z,J,7,sold,False,BFI IMAX J 7
2026-05-24T23:53:57Z,J,6,sold,False,BFI IMAX J 6
2026-05-24T23:53:57Z,J,5,sold,False,BFI IMAX J 5
2026-05-24T23:53:57Z,J,4,sold,False,BFI IMAX J 4
2026-05-24T23:53:57Z,J,3,sold,False,BFI IMAX J 3
2026-05-24T23:53:57Z,J,2,sold,False,BFI IMAX J 2
2026-05-24T23:53:57Z,J,1,sold,False,BFI IMAX J 1
2026-05-24T23:53:57Z,K,36,sold,False,BFI IMAX K 36
2026-05-24T23:53:57Z,K,35,sold,False,BFI IMAX K 35
2026-05-24T23:53:57Z,K,34,sold,False,BFI IMAX K 34
2026-05-24T23:53:57Z,K,33,sold,False,BFI IMAX K 33
2026-05-24T23:53:57Z,K,32,sold,False,BFI IMAX K 32
2026-05-24T23:53:57Z,K,31,sold,False,BFI IMAX K 31
2026-05-24T23:53:57Z,K,30,sold,False,BFI IMAX K 30
2026-05-24T23:53:57Z,K,29,sold,False,BFI IMAX K 29
2026-05-24T23:53:57Z,K,28,sold,False,BFI IMAX K 28
2026-05-24T23:53:57Z,A,13,available,False,BFI IMAX A 13
2026-05-24T23:53:57Z,A,12,available,False,BFI IMAX A 12
2026-05-24T23:53:57Z,K,25,sold,False,BFI IMAX K 25
2026-05-24T23:53:57Z,K,24,sold,False,BFI IMAX K 24
2026-05-24T23:53:57Z,K,23,sold,False,BFI IMAX K 23
2026-05-24T23:53:57Z,K,22,sold,False,BFI IMAX K 22
2026-05-24T23:53:57Z,K,21,sold,False,BFI IMAX K 21
2026-05-24T23:53:57Z,K,20,sold,False,BFI IMAX K 20
2026-05-24T23:53:57Z,K,19,sold,False,BFI IMAX K 19
2026-05-24T23:53:57Z,K,18,sold,False,BFI IMAX K 18
2026-05-24T23:53:57Z,K,17,sold,False,BFI IMAX K 17
2026-05-24T23:53:57Z,K,16,sold,False,BFI IMAX K 16
2026-05-24T23:53:57Z,K,15,sold,False,BFI IMAX K 15
2026-05-24T23:53:57Z,K,14,sold,False,BFI IMAX K 14
2026-05-24T23:53:57Z,K,13,sold,False,BFI IMAX K 13
2026-05-24T23:53:57Z,K,12,sold,False,BFI IMAX K 12
2026-05-24T23:53:57Z,K,11,sold,False,BFI IMAX K 11
2026-05-24T23:53:57Z,K,10,sold,False,BFI IMAX K 10
2026-05-24T23:53:57Z,K,9,sold,False,BFI IMAX K 9
2026-05-24T23:53:57Z,K,8,sold,False,BFI IMAX K 8
2026-05-24T23:53:57Z,K,7,sold,False,BFI IMAX K 7
2026-05-24T23:53:57Z,K,6,sold,False,BFI IMAX K 6
2026-05-24T23:53:57Z,K,5,sold,False,BFI IMAX K 5
2026-05-24T23:53:57Z,K,4,sold,False,BFI IMAX K 4
2026-05-24T23:53:57Z,K,3,sold,False,BFI IMAX K 3
2026-05-24T23:53:57Z,K,2,sold,False,BFI IMAX K 2
2026-05-24T23:53:57Z,K,1,sold,False,BFI IMAX K 1
2026-05-24T23:53:57Z,L,33,sold,False,BFI IMAX L 33
2026-05-24T23:53:57Z,L,32,sold,False,BFI IMAX L 32
2026-05-24T23:53:57Z,L,31,sold,False,BFI IMAX L 31
2026-05-24T23:53:57Z,L,30,sold,False,BFI IMAX L 30
2026-05-24T23:53:57Z,L,29,sold,False,BFI IMAX L 29
2026-05-24T23:53:57Z,L,28,sold,False,BFI IMAX L 28
2026-05-24T23:53:57Z,L,27,sold,False,BFI IMAX L 27
2026-05-24T23:53:57Z,L,26,sold,False,BFI IMAX L 26
2026-05-24T23:53:57Z,L,8,sold,False,BFI IMAX L 8
2026-05-24T23:53:57Z,L,7,sold,False,BFI IMAX L 7
2026-05-24T23:53:57Z,L,6,sold,False,BFI IMAX L 6
2026-05-24T23:53:57Z,L,5,sold,False,BFI IMAX L 5
2026-05-24T23:53:57Z,L,4,sold,False,BFI IMAX L 4
2026-05-24T23:53:57Z,L,3,sold,False,BFI IMAX L 3
2026-05-24T23:53:57Z,L,2,sold,False,BFI IMAX L 2
2026-05-24T23:53:57Z,L,1,sold,False,BFI IMAX L 1
2026-05-24T23:53:57Z,M,34,sold,False,BFI IMAX M 34
2026-05-24T23:53:57Z,M,33,sold,False,BFI IMAX M 33
2026-05-24T23:53:57Z,M,32,sold,False,BFI IMAX M 32
2026-05-24T23:53:57Z,M,31,sold,False,BFI IMAX M 31
2026-05-24T23:53:57Z,M,30,sold,False,BFI IMAX M 30
2026-05-24T23:53:57Z,M,29,sold,False,BFI IMAX M 29
2026-05-24T23:53:57Z,M,28,sold,False,BFI IMAX M 28
2026-05-24T23:53:57Z,M,27,sold,False,BFI IMAX M 27
2026-05-24T23:53:57Z,M,8,sold,False,BFI IMAX M 8
2026-05-24T23:53:57Z,M,7,sold,False,BFI IMAX M 7
2026-05-24T23:53:57Z,M,6,sold,False,BFI IMAX M 6
2026-05-24T23:53:57Z,M,5,sold,False,BFI IMAX M 5
2026-05-24T23:53:57Z,M,4,sold,False,BFI IMAX M 4
2026-05-24T23:53:57Z,M,3,sold,False,BFI IMAX M 3
2026-05-24T23:53:57Z,M,2,sold,False,BFI IMAX M 2
2026-05-24T23:53:57Z,M,1,sold,False,BFI IMAX M 1
2026-05-24T23:53:57Z,N,34,unavailable,False,BFI IMAX N 34
2026-05-24T23:53:57Z,N,33,unavailable,False,BFI IMAX N 33
2026-05-24T23:53:57Z,N,32,unavailable,False,BFI IMAX N 32
2026-05-24T23:53:57Z,N,31,unavailable,False,BFI IMAX N 31
2026-05-24T23:53:57Z,N,30,unavailable,False,BFI IMAX N 30
2026-05-24T23:53:57Z,N,29,unavailable,False,BFI IMAX N 29
2026-05-24T23:53:57Z,N,28,unavailable,False,BFI IMAX N 28
2026-05-24T23:53:57Z,N,27,unavailable,False,BFI IMAX N 27
2026-05-24T23:53:57Z,A,11,available,False,BFI IMAX A 11
2026-05-24T23:53:57Z,A,10,available,False,BFI IMAX A 10
2026-05-24T23:53:57Z,N,6,sold,False,BFI IMAX N 6
2026-05-24T23:53:57Z,N,5,sold,False,BFI IMAX N 5
2026-05-24T23:53:57Z,N,4,sold,False,BFI IMAX N 4
2026-05-24T23:53:57Z,N,3,sold,False,BFI IMAX N 3
2026-05-24T23:53:57Z,N,2,sold,False,BFI IMAX N 2
2026-05-24T23:53:57Z,N,1,sold,False,BFI IMAX N 1
2026-05-24T23:53:57Z,P,31,unavailable,False,BFI IMAX P 31
2026-05-24T23:53:57Z,A,9,available,False,BFI IMAX A 9
2026-05-24T23:53:57Z,A,8,available,False,BFI IMAX A 8
2026-05-24T23:53:57Z,P,26,unavailable,False,BFI IMAX P 26
2026-05-24T23:53:57Z,P,6,sold,False,BFI IMAX P 6
2026-05-24T23:53:57Z,A,7,available,False,BFI IMAX A 7
2026-05-24T23:53:57Z,A,6,available,False,BFI IMAX A 6
2026-05-24T23:53:57Z,P,1,unavailable,False,BFI IMAX P 1
2026-05-24T23:53:57Z,M,11,sold,False,BFI IMAX M 11
2026-05-24T23:53:57Z,M,10,sold,False,BFI IMAX M 10
2026-05-24T23:53:57Z,M,9,sold,False,BFI IMAX M 9
2026-05-24T23:53:57Z,L,9,sold,False,BFI IMAX L 9
2026-05-24T23:53:57Z,L,25,sold,False,BFI IMAX L 25
2026-05-24T23:53:57Z,L,24,sold,False,BFI IMAX L 24
2026-05-24T23:53:57Z,L,23,sold,False,BFI IMAX L 23
2026-05-24T23:53:57Z,L,22,sold,False,BFI IMAX L 22
2026-05-24T23:53:57Z,L,21,sold,False,BFI IMAX L 21
2026-05-24T23:53:57Z,L,20,sold,False,BFI IMAX L 20
2026-05-24T23:53:57Z,L,19,sold,False,BFI IMAX L 19
2026-05-24T23:53:57Z,L,18,sold,False,BFI IMAX L 18
2026-05-24T23:53:57Z,L,17,sold,False,BFI IMAX L 17
2026-05-24T23:53:57Z,L,16,sold,False,BFI IMAX L 16
2026-05-24T23:53:57Z,L,15,sold,False,BFI IMAX L 15
2026-05-24T23:53:57Z,L,14,sold,False,BFI IMAX L 14
2026-05-24T23:53:57Z,L,13,sold,False,BFI IMAX L 13
2026-05-24T23:53:57Z,L,12,sold,False,BFI IMAX L 12
2026-05-24T23:53:57Z,L,11,sold,False,BFI IMAX L 11
2026-05-24T23:53:57Z,N,26,unavailable,False,BFI IMAX N 26
2026-05-24T23:53:57Z,N,25,unavailable,False,BFI IMAX N 25
2026-05-24T23:53:57Z,N,24,unavailable,False,BFI IMAX N 24
2026-05-24T23:53:57Z,N,23,unavailable,False,BFI IMAX N 23
2026-05-24T23:53:57Z,N,22,sold,False,BFI IMAX N 22
2026-05-24T23:53:57Z,N,21,sold,False,BFI IMAX N 21
2026-05-24T23:53:57Z,N,20,sold,False,BFI IMAX N 20
2026-05-24T23:53:57Z,N,19,sold,False,BFI IMAX N 19
2026-05-24T23:53:57Z,N,18,sold,False,BFI IMAX N 18
2026-05-24T23:53:57Z,N,17,sold,False,BFI IMAX N 17
2026-05-24T23:53:57Z,N,16,sold,False,BFI IMAX N 16
2026-05-24T23:53:57Z,N,15,sold,False,BFI IMAX N 15
2026-05-24T23:53:57Z,N,14,sold,False,BFI IMAX N 14
2026-05-24T23:53:57Z,N,13,sold,False,BFI IMAX N 13
2026-05-24T23:53:57Z,N,12,unavailable,False,BFI IMAX N 12
2026-05-24T23:53:57Z,N,11,unavailable,False,BFI IMAX N 11
2026-05-24T23:53:57Z,N,10,unavailable,False,BFI IMAX N 10
2026-05-24T23:53:57Z,N,9,unavailable,False,BFI IMAX N 9
2026-05-24T23:53:57Z,L,10,sold,False,BFI IMAX L 10
2026-05-24T23:53:57Z,M,26,sold,False,BFI IMAX M 26
2026-05-24T23:53:57Z,M,25,sold,False,BFI IMAX M 25
2026-05-24T23:53:57Z,M,24,sold,False,BFI IMAX M 24
2026-05-24T23:53:57Z,M,23,sold,False,BFI IMAX M 23
2026-05-24T23:53:57Z,M,22,sold,False,BFI IMAX M 22
2026-05-24T23:53:57Z,M,21,sold,False,BFI IMAX M 21
2026-05-24T23:53:57Z,M,20,sold,False,BFI IMAX M 20
2026-05-24T23:53:57Z,M,19,sold,False,BFI IMAX M 19
2026-05-24T23:53:57Z,M,18,sold,False,BFI IMAX M 18
2026-05-24T23:53:57Z,M,17,sold,False,BFI IMAX M 17
2026-05-24T23:53:57Z,M,16,sold,False,BFI IMAX M 16
2026-05-24T23:53:57Z,M,15,sold,False,BFI IMAX M 15
2026-05-24T23:53:57Z,M,14,sold,False,BFI IMAX M 14
2026-05-24T23:53:57Z,M,13,sold,False,BFI IMAX M 13
2026-05-24T23:53:57Z,M,12,sold,False,BFI IMAX M 12
2026-05-24T23:53:57Z,P,30,unavailable,True,BFI IMAX P 30
2026-05-24T23:53:57Z,P,27,unavailable,True,BFI IMAX P 27
2026-05-24T23:53:57Z,P,2,unavailable,True,BFI IMAX P 2
2026-05-24T23:53:57Z,P,5,sold,True,BFI IMAX P 5
2026-05-24T23:53:57Z,P,19,sold,False,BFI IMAX P 19
2026-05-24T23:53:57Z,P,18,sold,False,BFI IMAX P 18
2026-05-24T23:53:57Z,P,17,sold,False,BFI IMAX P 17
2026-05-24T23:53:57Z,P,16,sold,False,BFI IMAX P 16
2026-05-24T23:53:57Z,P,15,sold,False,BFI IMAX P 15
2026-05-24T23:53:57Z,P,14,sold,False,BFI IMAX P 14
2026-05-24T23:53:57Z,P,13,sold,False,BFI IMAX P 13
2026-05-24T23:53:57Z,P,12,sold,False,BFI IMAX P 12
2026-05-24T23:53:57Z,P,11,sold,False,BFI IMAX P 11
2026-05-24T23:53:57Z,P,10,sold,False,BFI IMAX P 10
2026-05-24T23:53:57Z,P,9,sold,False,BFI IMAX P 9
2026-05-24T23:53:57Z,P,8,sold,False,BFI IMAX P 8
2026-05-24T23:53:57Z,P,7,sold,False,BFI IMAX P 7
2026-05-24T23:53:57Z,P,25,sold,False,BFI IMAX P 25
2026-05-24T23:53:57Z,P,24,sold,False,BFI IMAX P 24
2026-05-24T23:53:57Z,P,23,sold,False,BFI IMAX P 23
2026-05-24T23:53:57Z,P,22,sold,False,BFI IMAX P 22
2026-05-24T23:53:57Z,P,21,sold,False,BFI IMAX P 21
2026-05-24T23:53:57Z,P,20,sold,False,BFI IMAX P 20
2026-05-24T23:53:57Z,Q,18,sold,False,BFI IMAX Q 18
2026-05-24T23:53:57Z,Q,17,sold,False,BFI IMAX Q 17
2026-05-24T23:53:57Z,Q,16,sold,False,BFI IMAX Q 16
2026-05-24T23:53:57Z,Q,15,sold,False,BFI IMAX Q 15
2026-05-24T23:53:57Z,Q,14,sold,False,BFI IMAX Q 14
2026-05-24T23:53:57Z,Q,13,sold,False,BFI IMAX Q 13
2026-05-24T23:53:57Z,Q,12,sold,False,BFI IMAX Q 12
2026-05-24T23:53:57Z,Q,11,sold,False,BFI IMAX Q 11
2026-05-24T23:53:57Z,Q,10,sold,False,BFI IMAX Q 10
2026-05-24T23:53:57Z,Q,9,sold,False,BFI IMAX Q 9
2026-05-24T23:53:57Z,Q,8,sold,False,BFI IMAX Q 8
2026-05-24T23:53:57Z,Q,7,sold,False,BFI IMAX Q 7
2026-05-24T23:53:57Z,Q,6,sold,False,BFI IMAX Q 6
2026-05-24T23:53:57Z,Q,5,sold,False,BFI IMAX Q 5
2026-05-24T23:53:57Z,Q,4,sold,False,BFI IMAX Q 4
2026-05-24T23:53:57Z,Q,3,sold,False,BFI IMAX Q 3
2026-05-24T23:53:57Z,Q,2,sold,False,BFI IMAX Q 2
2026-05-24T23:53:57Z,Q,1,sold,False,BFI IMAX Q 1
2026-05-25T00:27:40Z,K,27,unavailable,False,BFI IMAX K 27
2026-05-25T00:27:40Z,K,26,unavailable,False,BFI IMAX K 26
2026-05-25T00:27:40Z,N,8,unavailable,False,BFI IMAX N 8
2026-05-25T00:27:40Z,N,7,unavailable,False,BFI IMAX N 7
2026-05-25T00:27:40Z,P,29,unavailable,True,BFI IMAX P 29
2026-05-25T00:27:40Z,P,28,unavailable,True,BFI IMAX P 28
2026-05-25T00:27:40Z,P,4,unavailable,True,BFI IMAX P 4
2026-05-25T00:27:40Z,P,3,unavailable,True,BFI IMAX P 3
2026-05-25T00:27:40Z,A,5,available,False,BFI IMAX A 5
2026-05-25T00:27:40Z,A,4,available,False,BFI IMAX A 4
2026-05-25T00:27:40Z,A,3,available,False,BFI IMAX A 3
2026-05-25T00:27:40Z,A,2,available,False,BFI IMAX A 2
2026-05-25T00:27:40Z,A,1,available,False,BFI IMAX A 1
2026-05-25T00:27:40Z,B,36,available,False,BFI IMAX B 36
2026-05-25T00:27:40Z,B,35,available,False,BFI IMAX B 35
2026-05-25T00:27:40Z,B,34,available,False,BFI IMAX B 34
2026-05-25T00:27:40Z,B,33,available,False,BFI IMAX B 33
2026-05-25T00:27:40Z,B,32,available,False,BFI IMAX B 32
2026-05-25T00:27:40Z,B,31,available,False,BFI IMAX B 31
2026-05-25T00:27:40Z,B,30,available,False,BFI IMAX B 30
2026-05-25T00:27:40Z,B,29,available,False,BFI IMAX B 29
2026-05-25T00:27:40Z,B,28,available,False,BFI IMAX B 28
2026-05-25T00:27:40Z,B,27,available,False,BFI IMAX B 27
2026-05-25T00:27:40Z,B,26,available,False,BFI IMAX B 26
2026-05-25T00:27:40Z,B,25,available,False,BFI IMAX B 25
2026-05-25T00:27:40Z,B,24,available,False,BFI IMAX B 24
2026-05-25T00:27:40Z,B,23,sold,False,BFI IMAX B 23
2026-05-25T00:27:40Z,B,22,sold,False,BFI IMAX B 22
2026-05-25T00:27:40Z,B,21,sold,False,BFI IMAX B 21
2026-05-25T00:27:40Z,B,20,sold,False,BFI IMAX B 20
2026-05-25T00:27:40Z,B,19,sold,False,BFI IMAX B 19
2026-05-25T00:27:40Z,B,18,sold,False,BFI IMAX B 18
2026-05-25T00:27:40Z,B,17,sold,False,BFI IMAX B 17
2026-05-25T00:27:40Z,B,16,sold,False,BFI IMAX B 16
2026-05-25T00:27:40Z,B,15,available,False,BFI IMAX B 15
2026-05-25T00:27:40Z,B,14,available,False,BFI IMAX B 14
2026-05-25T00:27:40Z,B,13,available,False,BFI IMAX B 13
2026-05-25T00:27:40Z,B,12,available,False,BFI IMAX B 12
2026-05-25T00:27:40Z,B,11,available,False,BFI IMAX B 11
2026-05-25T00:27:40Z,B,10,available,False,BFI IMAX B 10
2026-05-25T00:27:40Z,B,9,available,False,BFI IMAX B 9
2026-05-25T00:27:40Z,B,8,available,False,BFI IMAX B 8
2026-05-25T00:27:40Z,B,7,available,False,BFI IMAX B 7
2026-05-25T00:27:40Z,B,6,available,False,BFI IMAX B 6
2026-05-25T00:27:40Z,B,5,available,False,BFI IMAX B 5
2026-05-25T00:27:40Z,B,4,available,False,BFI IMAX B 4
2026-05-25T00:27:40Z,B,3,available,False,BFI IMAX B 3
2026-05-25T00:27:40Z,B,2,available,False,BFI IMAX B 2
2026-05-25T00:27:40Z,B,1,available,False,BFI IMAX B 1
2026-05-25T00:27:40Z,C,36,available,False,BFI IMAX C 36
2026-05-25T00:27:40Z,C,35,available,False,BFI IMAX C 35
2026-05-25T00:27:40Z,C,34,available,False,BFI IMAX C 34
2026-05-25T00:27:40Z,C,33,available,False,BFI IMAX C 33
2026-05-25T00:27:40Z,C,32,available,False,BFI IMAX C 32
2026-05-25T00:27:40Z,C,31,available,False,BFI IMAX C 31
2026-05-25T00:27:40Z,C,30,available,False,BFI IMAX C 30
2026-05-25T00:27:40Z,C,29,available,False,BFI IMAX C 29
2026-05-25T00:27:40Z,C,28,available,False,BFI IMAX C 28
2026-05-25T00:27:40Z,C,27,available,False,BFI IMAX C 27
2026-05-25T00:27:40Z,C,26,available,False,BFI IMAX C 26
2026-05-25T00:27:40Z,C,25,sold,False,BFI IMAX C 25
2026-05-25T00:27:40Z,C,24,sold,False,BFI IMAX C 24
2026-05-25T00:27:40Z,C,23,sold,False,BFI IMAX C 23
2026-05-25T00:27:40Z,C,22,sold,False,BFI IMAX C 22
2026-05-25T00:27:40Z,C,21,sold,False,BFI IMAX C 21
2026-05-25T00:27:40Z,C,20,sold,False,BFI IMAX C 20
2026-05-25T00:27:40Z,C,19,sold,False,BFI IMAX C 19
2026-05-25T00:27:40Z,C,18,sold,False,BFI IMAX C 18
2026-05-25T00:27:40Z,C,17,sold,False,BFI IMAX C 17
2026-05-25T00:27:40Z,C,16,sold,False,BFI IMAX C 16
2026-05-25T00:27:40Z,C,15,sold,False,BFI IMAX C 15
2026-05-25T00:27:40Z,C,14,sold,False,BFI IMAX C 14
2026-05-25T00:27:40Z,C,13,sold,False,BFI IMAX C 13
2026-05-25T00:27:40Z,C,12,sold,False,BFI IMAX C 12
2026-05-25T00:27:40Z,C,11,sold,False,BFI IMAX C 11
2026-05-25T00:27:40Z,C,10,sold,False,BFI IMAX C 10
2026-05-25T00:27:40Z,C,9,available,False,BFI IMAX C 9
2026-05-25T00:27:40Z,C,8,available,False,BFI IMAX C 8
2026-05-25T00:27:40Z,C,7,available,False,BFI IMAX C 7
2026-05-25T00:27:40Z,C,6,available,False,BFI IMAX C 6
2026-05-25T00:27:40Z,C,5,available,False,BFI IMAX C 5
2026-05-25T00:27:40Z,C,4,available,False,BFI IMAX C 4
2026-05-25T00:27:40Z,C,3,available,False,BFI IMAX C 3
2026-05-25T00:27:40Z,C,2,available,False,BFI IMAX C 2
2026-05-25T00:27:40Z,C,1,available,False,BFI IMAX C 1
2026-05-25T00:27:40Z,D,37,available,False,BFI IMAX D 37
2026-05-25T00:27:40Z,D,36,available,False,BFI IMAX D 36
2026-05-25T00:27:40Z,D,35,available,False,BFI IMAX D 35
2026-05-25T00:27:40Z,D,34,available,False,BFI IMAX D 34
2026-05-25T00:27:40Z,D,33,available,False,BFI IMAX D 33
2026-05-25T00:27:40Z,D,32,available,False,BFI IMAX D 32
2026-05-25T00:27:40Z,D,31,available,False,BFI IMAX D 31
2026-05-25T00:27:40Z,D,30,sold,False,BFI IMAX D 30
2026-05-25T00:27:40Z,D,29,sold,False,BFI IMAX D 29
2026-05-25T00:27:40Z,D,28,sold,False,BFI IMAX D 28
2026-05-25T00:27:40Z,D,27,sold,False,BFI IMAX D 27
2026-05-25T00:27:40Z,D,26,sold,False,BFI IMAX D 26
2026-05-25T00:27:40Z,D,25,sold,False,BFI IMAX D 25
2026-05-25T00:27:40Z,D,24,sold,False,BFI IMAX D 24
2026-05-25T00:27:40Z,D,23,sold,False,BFI IMAX D 23
2026-05-25T00:27:40Z,D,22,sold,False,BFI IMAX D 22
2026-05-25T00:27:40Z,D,21,sold,False,BFI IMAX D 21
2026-05-25T00:27:40Z,D,20,sold,False,BFI IMAX D 20
2026-05-25T00:27:40Z,D,19,sold,False,BFI IMAX D 19
2026-05-25T00:27:40Z,D,18,sold,False,BFI IMAX D 18
2026-05-25T00:27:40Z,D,17,sold,False,BFI IMAX D 17
2026-05-25T00:27:40Z,D,16,sold,False,BFI IMAX D 16
2026-05-25T00:27:40Z,D,15,sold,False,BFI IMAX D 15
2026-05-25T00:27:40Z,D,14,sold,False,BFI IMAX D 14
2026-05-25T00:27:40Z,D,13,sold,False,BFI IMAX D 13
2026-05-25T00:27:40Z,D,12,sold,False,BFI IMAX D 12
2026-05-25T00:27:40Z,D,11,sold,False,BFI IMAX D 11
2026-05-25T00:27:40Z,D,10,sold,False,BFI IMAX D 10
2026-05-25T00:27:40Z,D,9,sold,False,BFI IMAX D 9
2026-05-25T00:27:40Z,D,8,sold,False,BFI IMAX D 8
2026-05-25T00:27:40Z,D,7,sold,False,BFI IMAX D 7
2026-05-25T00:27:40Z,D,6,available,False,BFI IMAX D 6
2026-05-25T00:27:40Z,D,5,available,False,BFI IMAX D 5
2026-05-25T00:27:40Z,D,4,available,False,BFI IMAX D 4
2026-05-25T00:27:40Z,D,3,available,False,BFI IMAX D 3
2026-05-25T00:27:40Z,D,2,available,False,BFI IMAX D 2
2026-05-25T00:27:40Z,D,1,available,False,BFI IMAX D 1
2026-05-25T00:27:40Z,E,37,available,False,BFI IMAX E 37
2026-05-25T00:27:40Z,E,36,available,False,BFI IMAX E 36
2026-05-25T00:27:40Z,E,35,available,False,BFI IMAX E 35
2026-05-25T00:27:40Z,E,34,sold,False,BFI IMAX E 34
2026-05-25T00:27:40Z,E,33,sold,False,BFI IMAX E 33
2026-05-25T00:27:40Z,E,32,sold,False,BFI IMAX E 32
2026-05-25T00:27:40Z,E,31,sold,False,BFI IMAX E 31
2026-05-25T00:27:40Z,E,30,sold,False,BFI IMAX E 30
2026-05-25T00:27:40Z,E,29,sold,False,BFI IMAX E 29
2026-05-25T00:27:40Z,E,28,sold,False,BFI IMAX E 28
2026-05-25T00:27:40Z,E,27,sold,False,BFI IMAX E 27
2026-05-25T00:27:40Z,E,26,sold,False,BFI IMAX E 26
2026-05-25T00:27:40Z,E,25,sold,False,BFI IMAX E 25
2026-05-25T00:27:40Z,E,24,sold,False,BFI IMAX E 24
2026-05-25T00:27:40Z,E,23,sold,False,BFI IMAX E 23
2026-05-25T00:27:40Z,E,22,sold,False,BFI IMAX E 22
2026-05-25T00:27:40Z,E,21,sold,False,BFI IMAX E 21
2026-05-25T00:27:40Z,E,20,sold,False,BFI IMAX E 20
2026-05-25T00:27:40Z,E,19,sold,False,BFI IMAX E 19
2026-05-25T00:27:40Z,E,18,sold,False,BFI IMAX E 18
2026-05-25T00:27:40Z,E,17,sold,False,BFI IMAX E 17
2026-05-25T00:27:40Z,E,16,sold,False,BFI IMAX E 16
2026-05-25T00:27:40Z,E,15,sold,False,BFI IMAX E 15
2026-05-25T00:27:40Z,E,14,sold,False,BFI IMAX E 14
2026-05-25T00:27:40Z,E,13,sold,False,BFI IMAX E 13
2026-05-25T00:27:40Z,E,12,sold,False,BFI IMAX E 12
2026-05-25T00:27:40Z,E,11,sold,False,BFI IMAX E 11
2026-05-25T00:27:40Z,E,10,sold,False,BFI IMAX E 10
2026-05-25T00:27:40Z,E,9,sold,False,BFI IMAX E 9
2026-05-25T00:27:40Z,E,8,sold,False,BFI IMAX E 8
2026-05-25T00:27:40Z,E,7,sold,False,BFI IMAX E 7
2026-05-25T00:27:40Z,E,6,sold,False,BFI IMAX E 6
2026-05-25T00:27:40Z,E,5,sold,False,BFI IMAX E 5
2026-05-25T00:27:40Z,E,4,available,False,BFI IMAX E 4
2026-05-25T00:27:40Z,E,3,available,False,BFI IMAX E 3
2026-05-25T00:27:40Z,E,2,available,False,BFI IMAX E 2
2026-05-25T00:27:40Z,E,1,available,False,BFI IMAX E 1
2026-05-25T00:27:40Z,F,38,available,False,BFI IMAX F 38
2026-05-25T00:27:40Z,F,37,sold,False,BFI IMAX F 37
2026-05-25T00:27:40Z,F,36,sold,False,BFI IMAX F 36
2026-05-25T00:27:40Z,F,35,sold,False,BFI IMAX F 35
2026-05-25T00:27:40Z,F,34,sold,False,BFI IMAX F 34
2026-05-25T00:27:40Z,F,33,sold,False,BFI IMAX F 33
2026-05-25T00:27:40Z,F,32,sold,False,BFI IMAX F 32
2026-05-25T00:27:40Z,F,31,sold,False,BFI IMAX F 31
2026-05-25T00:27:40Z,F,30,sold,False,BFI IMAX F 30
2026-05-25T00:27:40Z,F,29,sold,False,BFI IMAX F 29
2026-05-25T00:27:40Z,F,28,sold,False,BFI IMAX F 28
2026-05-25T00:27:40Z,F,27,sold,False,BFI IMAX F 27
2026-05-25T00:27:40Z,F,26,sold,False,BFI IMAX F 26
2026-05-25T00:27:40Z,F,25,sold,False,BFI IMAX F 25
2026-05-25T00:27:40Z,F,24,sold,False,BFI IMAX F 24
2026-05-25T00:27:40Z,F,23,sold,False,BFI IMAX F 23
2026-05-25T00:27:40Z,F,22,sold,False,BFI IMAX F 22
2026-05-25T00:27:40Z,F,21,sold,False,BFI IMAX F 21
2026-05-25T00:27:40Z,F,20,sold,False,BFI IMAX F 20
2026-05-25T00:27:40Z,F,19,sold,False,BFI IMAX F 19
2026-05-25T00:27:40Z,F,18,sold,False,BFI IMAX F 18
2026-05-25T00:27:40Z,F,17,sold,False,BFI IMAX F 17
2026-05-25T00:27:40Z,F,16,sold,False,BFI IMAX F 16
2026-05-25T00:27:40Z,F,15,sold,False,BFI IMAX F 15
2026-05-25T00:27:40Z,F,14,sold,False,BFI IMAX F 14
2026-05-25T00:27:40Z,F,13,sold,False,BFI IMAX F 13
2026-05-25T00:27:40Z,F,12,sold,False,BFI IMAX F 12
2026-05-25T00:27:40Z,F,11,sold,False,BFI IMAX F 11
2026-05-25T00:27:40Z,F,10,sold,False,BFI IMAX F 10
2026-05-25T00:27:40Z,F,9,sold,False,BFI IMAX F 9
2026-05-25T00:27:40Z,F,8,sold,False,BFI IMAX F 8
2026-05-25T00:27:40Z,F,7,sold,False,BFI IMAX F 7
2026-05-25T00:27:40Z,F,6,sold,False,BFI IMAX F 6
2026-05-25T00:27:40Z,F,5,sold,False,BFI IMAX F 5
2026-05-25T00:27:40Z,F,4,sold,False,BFI IMAX F 4
2026-05-25T00:27:40Z,F,3,sold,False,BFI IMAX F 3
2026-05-25T00:27:40Z,F,2,sold,False,BFI IMAX F 2
2026-05-25T00:27:40Z,F,1,sold,False,BFI IMAX F 1
2026-05-25T00:27:40Z,G,37,sold,False,BFI IMAX G 37
2026-05-25T00:27:40Z,G,36,sold,False,BFI IMAX G 36
2026-05-25T00:27:40Z,G,35,sold,False,BFI IMAX G 35
2026-05-25T00:27:40Z,G,34,sold,False,BFI IMAX G 34
2026-05-25T00:27:40Z,G,33,sold,False,BFI IMAX G 33
2026-05-25T00:27:40Z,G,32,sold,False,BFI IMAX G 32
2026-05-25T00:27:40Z,G,31,sold,False,BFI IMAX G 31
2026-05-25T00:27:40Z,G,30,sold,False,BFI IMAX G 30
2026-05-25T00:27:40Z,G,29,sold,False,BFI IMAX G 29
2026-05-25T00:27:40Z,G,28,sold,False,BFI IMAX G 28
2026-05-25T00:27:40Z,G,27,sold,False,BFI IMAX G 27
2026-05-25T00:27:40Z,G,26,sold,False,BFI IMAX G 26
2026-05-25T00:27:40Z,G,25,sold,False,BFI IMAX G 25
2026-05-25T00:27:40Z,G,24,sold,False,BFI IMAX G 24
2026-05-25T00:27:40Z,G,23,sold,False,BFI IMAX G 23
2026-05-25T00:27:40Z,G,22,sold,False,BFI IMAX G 22
2026-05-25T00:27:40Z,G,21,sold,False,BFI IMAX G 21
2026-05-25T00:27:40Z,G,20,sold,False,BFI IMAX G 20
2026-05-25T00:27:40Z,G,19,sold,False,BFI IMAX G 19
2026-05-25T00:27:40Z,G,18,sold,False,BFI IMAX G 18
2026-05-25T00:27:40Z,G,17,sold,False,BFI IMAX G 17
2026-05-25T00:27:40Z,G,16,sold,False,BFI IMAX G 16
2026-05-25T00:27:40Z,G,15,sold,False,BFI IMAX G 15
2026-05-25T00:27:40Z,G,14,sold,False,BFI IMAX G 14
2026-05-25T00:27:40Z,G,13,sold,False,BFI IMAX G 13
2026-05-25T00:27:40Z,G,12,sold,False,BFI IMAX G 12
2026-05-25T00:27:40Z,G,11,sold,False,BFI IMAX G 11
2026-05-25T00:27:40Z,G,10,sold,False,BFI IMAX G 10
2026-05-25T00:27:40Z,G,9,sold,False,BFI IMAX G 9
2026-05-25T00:27:40Z,G,8,sold,False,BFI IMAX G 8
2026-05-25T00:27:40Z,G,7,sold,False,BFI IMAX G 7
2026-05-25T00:27:40Z,G,6,sold,False,BFI IMAX G 6
2026-05-25T00:27:40Z,G,5,sold,False,BFI IMAX G 5
2026-05-25T00:27:40Z,G,4,sold,False,BFI IMAX G 4
2026-05-25T00:27:40Z,G,3,sold,False,BFI IMAX G 3
2026-05-25T00:27:40Z,G,2,sold,False,BFI IMAX G 2
2026-05-25T00:27:40Z,G,1,sold,False,BFI IMAX G 1
2026-05-25T00:27:40Z,H,37,sold,False,BFI IMAX H 37
2026-05-25T00:27:40Z,H,36,sold,False,BFI IMAX H 36
2026-05-25T00:27:40Z,H,35,sold,False,BFI IMAX H 35
2026-05-25T00:27:40Z,H,34,sold,False,BFI IMAX H 34
2026-05-25T00:27:40Z,H,33,sold,False,BFI IMAX H 33
2026-05-25T00:27:40Z,H,32,sold,False,BFI IMAX H 32
2026-05-25T00:27:40Z,H,31,sold,False,BFI IMAX H 31
2026-05-25T00:27:40Z,H,30,sold,False,BFI IMAX H 30
2026-05-25T00:27:40Z,H,29,sold,False,BFI IMAX H 29
2026-05-25T00:27:40Z,H,28,sold,False,BFI IMAX H 28
2026-05-25T00:27:40Z,H,27,sold,False,BFI IMAX H 27
2026-05-25T00:27:40Z,H,26,sold,False,BFI IMAX H 26
2026-05-25T00:27:40Z,H,25,sold,False,BFI IMAX H 25
2026-05-25T00:27:40Z,H,24,sold,False,BFI IMAX H 24
2026-05-25T00:27:40Z,H,23,sold,False,BFI IMAX H 23
2026-05-25T00:27:40Z,H,22,sold,False,BFI IMAX H 22
2026-05-25T00:27:40Z,H,21,sold,False,BFI IMAX H 21
2026-05-25T00:27:40Z,H,20,sold,False,BFI IMAX H 20
2026-05-25T00:27:40Z,H,19,sold,False,BFI IMAX H 19
2026-05-25T00:27:40Z,H,18,sold,False,BFI IMAX H 18
2026-05-25T00:27:40Z,H,17,sold,False,BFI IMAX H 17
2026-05-25T00:27:40Z,H,16,sold,False,BFI IMAX H 16
2026-05-25T00:27:40Z,H,15,sold,False,BFI IMAX H 15
2026-05-25T00:27:40Z,H,14,sold,False,BFI IMAX H 14
2026-05-25T00:27:40Z,H,13,sold,False,BFI IMAX H 13
2026-05-25T00:27:40Z,H,12,sold,False,BFI IMAX H 12
2026-05-25T00:27:40Z,H,11,sold,False,BFI IMAX H 11
2026-05-25T00:27:40Z,H,10,sold,False,BFI IMAX H 10
2026-05-25T00:27:40Z,H,9,sold,False,BFI IMAX H 9
2026-05-25T00:27:40Z,H,8,sold,False,BFI IMAX H 8
2026-05-25T00:27:40Z,H,7,sold,False,BFI IMAX H 7
2026-05-25T00:27:40Z,H,6,sold,False,BFI IMAX H 6
2026-05-25T00:27:40Z,H,5,sold,False,BFI IMAX H 5
2026-05-25T00:27:40Z,H,4,sold,False,BFI IMAX H 4
2026-05-25T00:27:40Z,H,3,sold,False,BFI IMAX H 3
2026-05-25T00:27:40Z,H,2,sold,False,BFI IMAX H 2
2026-05-25T00:27:40Z,H,1,sold,False,BFI IMAX H 1
2026-05-25T00:27:40Z,J,36,sold,False,BFI IMAX J 36
2026-05-25T00:27:40Z,J,35,sold,False,BFI IMAX J 35
2026-05-25T00:27:40Z,J,34,sold,False,BFI IMAX J 34
2026-05-25T00:27:40Z,J,33,sold,False,BFI IMAX J 33
2026-05-25T00:27:40Z,J,32,sold,False,BFI IMAX J 32
2026-05-25T00:27:40Z,J,31,sold,False,BFI IMAX J 31
2026-05-25T00:27:40Z,J,30,sold,False,BFI IMAX J 30
2026-05-25T00:27:40Z,J,29,sold,False,BFI IMAX J 29
2026-05-25T00:27:40Z,J,28,sold,False,BFI IMAX J 28
2026-05-25T00:27:40Z,J,27,sold,False,BFI IMAX J 27
2026-05-25T00:27:40Z,J,26,sold,False,BFI IMAX J 26
2026-05-25T00:27:40Z,J,25,sold,False,BFI IMAX J 25
2026-05-25T00:27:40Z,J,24,sold,False,BFI IMAX J 24
2026-05-25T00:27:40Z,J,23,sold,False,BFI IMAX J 23
2026-05-25T00:27:40Z,J,22,sold,False,BFI IMAX J 22
2026-05-25T00:27:40Z,J,21,sold,False,BFI IMAX J 21
2026-05-25T00:27:40Z,J,20,sold,False,BFI IMAX J 20
2026-05-25T00:27:40Z,J,19,sold,False,BFI IMAX J 19
2026-05-25T00:27:40Z,J,18,sold,False,BFI IMAX J 18
2026-05-25T00:27:40Z,J,17,sold,False,BFI IMAX J 17
2026-05-25T00:27:40Z,J,16,sold,False,BFI IMAX J 16
2026-05-25T00:27:40Z,J,15,sold,False,BFI IMAX J 15
2026-05-25T00:27:40Z,J,14,sold,False,BFI IMAX J 14
2026-05-25T00:27:40Z,J,13,sold,False,BFI IMAX J 13
2026-05-25T00:27:40Z,J,12,sold,False,BFI IMAX J 12
2026-05-25T00:27:40Z,J,11,sold,False,BFI IMAX J 11
2026-05-25T00:27:40Z,J,10,sold,False,BFI IMAX J 10
2026-05-25T00:27:40Z,J,9,sold,False,BFI IMAX J 9
2026-05-25T00:27:40Z,J,8,sold,False,BFI IMAX J 8
2026-05-25T00:27:40Z,J,7,sold,False,BFI IMAX J 7
2026-05-25T00:27:40Z,J,6,sold,False,BFI IMAX J 6
2026-05-25T00:27:40Z,J,5,sold,False,BFI IMAX J 5
2026-05-25T00:27:40Z,J,4,sold,False,BFI IMAX J 4
2026-05-25T00:27:40Z,J,3,sold,False,BFI IMAX J 3
2026-05-25T00:27:40Z,J,2,sold,False,BFI IMAX J 2
2026-05-25T00:27:40Z,J,1,sold,False,BFI IMAX J 1
2026-05-25T00:27:40Z,K,36,sold,False,BFI IMAX K 36
2026-05-25T00:27:40Z,K,35,sold,False,BFI IMAX K 35
2026-05-25T00:27:40Z,K,34,sold,False,BFI IMAX K 34
2026-05-25T00:27:40Z,K,33,sold,False,BFI IMAX K 33
2026-05-25T00:27:40Z,K,32,sold,False,BFI IMAX K 32
2026-05-25T00:27:40Z,K,31,sold,False,BFI IMAX K 31
2026-05-25T00:27:40Z,K,30,sold,False,BFI IMAX K 30
2026-05-25T00:27:40Z,K,29,sold,False,BFI IMAX K 29
2026-05-25T00:27:40Z,K,28,sold,False,BFI IMAX K 28
2026-05-25T00:27:40Z,A,13,available,False,BFI IMAX A 13
2026-05-25T00:27:40Z,A,12,available,False,BFI IMAX A 12
2026-05-25T00:27:40Z,K,25,sold,False,BFI IMAX K 25
2026-05-25T00:27:40Z,K,24,sold,False,BFI IMAX K 24
2026-05-25T00:27:40Z,K,23,sold,False,BFI IMAX K 23
2026-05-25T00:27:40Z,K,22,sold,False,BFI IMAX K 22
2026-05-25T00:27:40Z,K,21,sold,False,BFI IMAX K 21
2026-05-25T00:27:40Z,K,20,sold,False,BFI IMAX K 20
2026-05-25T00:27:40Z,K,19,sold,False,BFI IMAX K 19
2026-05-25T00:27:40Z,K,18,sold,False,BFI IMAX K 18
2026-05-25T00:27:40Z,K,17,sold,False,BFI IMAX K 17
2026-05-25T00:27:40Z,K,16,sold,False,BFI IMAX K 16
2026-05-25T00:27:40Z,K,15,sold,False,BFI IMAX K 15
2026-05-25T00:27:40Z,K,14,sold,False,BFI IMAX K 14
2026-05-25T00:27:40Z,K,13,sold,False,BFI IMAX K 13
2026-05-25T00:27:40Z,K,12,sold,False,BFI IMAX K 12
2026-05-25T00:27:40Z,K,11,sold,False,BFI IMAX K 11
2026-05-25T00:27:40Z,K,10,sold,False,BFI IMAX K 10
2026-05-25T00:27:40Z,K,9,sold,False,BFI IMAX K 9
2026-05-25T00:27:40Z,K,8,sold,False,BFI IMAX K 8
2026-05-25T00:27:40Z,K,7,sold,False,BFI IMAX K 7
2026-05-25T00:27:40Z,K,6,sold,False,BFI IMAX K 6
2026-05-25T00:27:40Z,K,5,sold,False,BFI IMAX K 5
2026-05-25T00:27:40Z,K,4,sold,False,BFI IMAX K 4
2026-05-25T00:27:40Z,K,3,sold,False,BFI IMAX K 3
2026-05-25T00:27:40Z,K,2,sold,False,BFI IMAX K 2
2026-05-25T00:27:40Z,K,1,sold,False,BFI IMAX K 1
2026-05-25T00:27:40Z,L,33,sold,False,BFI IMAX L 33
2026-05-25T00:27:40Z,L,32,sold,False,BFI IMAX L 32
2026-05-25T00:27:40Z,L,31,sold,False,BFI IMAX L 31
2026-05-25T00:27:40Z,L,30,sold,False,BFI IMAX L 30
2026-05-25T00:27:40Z,L,29,sold,False,BFI IMAX L 29
2026-05-25T00:27:40Z,L,28,sold,False,BFI IMAX L 28
2026-05-25T00:27:40Z,L,27,sold,False,BFI IMAX L 27
2026-05-25T00:27:40Z,L,26,sold,False,BFI IMAX L 26
2026-05-25T00:27:40Z,L,8,sold,False,BFI IMAX L 8
2026-05-25T00:27:40Z,L,7,sold,False,BFI IMAX L 7
2026-05-25T00:27:40Z,L,6,sold,False,BFI IMAX L 6
2026-05-25T00:27:40Z,L,5,sold,False,BFI IMAX L 5
2026-05-25T00:27:40Z,L,4,sold,False,BFI IMAX L 4
2026-05-25T00:27:40Z,L,3,sold,False,BFI IMAX L 3
2026-05-25T00:27:40Z,L,2,sold,False,BFI IMAX L 2
2026-05-25T00:27:40Z,L,1,sold,False,BFI IMAX L 1
2026-05-25T00:27:40Z,M,34,sold,False,BFI IMAX M 34
2026-05-25T00:27:40Z,M,33,sold,False,BFI IMAX M 33
2026-05-25T00:27:40Z,M,32,sold,False,BFI IMAX M 32
2026-05-25T00:27:40Z,M,31,sold,False,BFI IMAX M 31
2026-05-25T00:27:40Z,M,30,sold,False,BFI IMAX M 30
2026-05-25T00:27:40Z,M,29,sold,False,BFI IMAX M 29
2026-05-25T00:27:40Z,M,28,sold,False,BFI IMAX M 28
2026-05-25T00:27:40Z,M,27,sold,False,BFI IMAX M 27
2026-05-25T00:27:40Z,M,8,sold,False,BFI IMAX M 8
2026-05-25T00:27:40Z,M,7,sold,False,BFI IMAX M 7
2026-05-25T00:27:40Z,M,6,sold,False,BFI IMAX M 6
2026-05-25T00:27:40Z,M,5,sold,False,BFI IMAX M 5
2026-05-25T00:27:40Z,M,4,sold,False,BFI IMAX M 4
2026-05-25T00:27:40Z,M,3,sold,False,BFI IMAX M 3
2026-05-25T00:27:40Z,M,2,sold,False,BFI IMAX M 2
2026-05-25T00:27:40Z,M,1,sold,False,BFI IMAX M 1
2026-05-25T00:27:40Z,N,34,unavailable,False,BFI IMAX N 34
2026-05-25T00:27:40Z,N,33,unavailable,False,BFI IMAX N 33
2026-05-25T00:27:40Z,N,32,unavailable,False,BFI IMAX N 32
2026-05-25T00:27:40Z,N,31,unavailable,False,BFI IMAX N 31
2026-05-25T00:27:40Z,N,30,unavailable,False,BFI IMAX N 30
2026-05-25T00:27:40Z,N,29,unavailable,False,BFI IMAX N 29
2026-05-25T00:27:40Z,N,28,unavailable,False,BFI IMAX N 28
2026-05-25T00:27:40Z,N,27,unavailable,False,BFI IMAX N 27
2026-05-25T00:27:40Z,A,11,available,False,BFI IMAX A 11
2026-05-25T00:27:40Z,A,10,available,False,BFI IMAX A 10
2026-05-25T00:27:40Z,N,6,sold,False,BFI IMAX N 6
2026-05-25T00:27:40Z,N,5,sold,False,BFI IMAX N 5
2026-05-25T00:27:40Z,N,4,sold,False,BFI IMAX N 4
2026-05-25T00:27:40Z,N,3,sold,False,BFI IMAX N 3
2026-05-25T00:27:40Z,N,2,sold,False,BFI IMAX N 2
2026-05-25T00:27:40Z,N,1,sold,False,BFI IMAX N 1
2026-05-25T00:27:40Z,P,31,unavailable,False,BFI IMAX P 31
2026-05-25T00:27:40Z,A,9,available,False,BFI IMAX A 9
2026-05-25T00:27:40Z,A,8,available,False,BFI IMAX A 8
2026-05-25T00:27:40Z,P,26,unavailable,False,BFI IMAX P 26
2026-05-25T00:27:40Z,P,6,sold,False,BFI IMAX P 6
2026-05-25T00:27:40Z,A,7,available,False,BFI IMAX A 7
2026-05-25T00:27:40Z,A,6,available,False,BFI IMAX A 6
2026-05-25T00:27:40Z,P,1,unavailable,False,BFI IMAX P 1
2026-05-25T00:27:40Z,M,11,sold,False,BFI IMAX M 11
2026-05-25T00:27:40Z,M,10,sold,False,BFI IMAX M 10
2026-05-25T00:27:40Z,M,9,sold,False,BFI IMAX M 9
2026-05-25T00:27:40Z,L,9,sold,False,BFI IMAX L 9
2026-05-25T00:27:40Z,L,25,sold,False,BFI IMAX L 25
2026-05-25T00:27:40Z,L,24,sold,False,BFI IMAX L 24
2026-05-25T00:27:40Z,L,23,sold,False,BFI IMAX L 23
2026-05-25T00:27:40Z,L,22,sold,False,BFI IMAX L 22
2026-05-25T00:27:40Z,L,21,sold,False,BFI IMAX L 21
2026-05-25T00:27:40Z,L,20,sold,False,BFI IMAX L 20
2026-05-25T00:27:40Z,L,19,sold,False,BFI IMAX L 19
2026-05-25T00:27:40Z,L,18,sold,False,BFI IMAX L 18
2026-05-25T00:27:40Z,L,17,sold,False,BFI IMAX L 17
2026-05-25T00:27:40Z,L,16,sold,False,BFI IMAX L 16
2026-05-25T00:27:40Z,L,15,sold,False,BFI IMAX L 15
2026-05-25T00:27:40Z,L,14,sold,False,BFI IMAX L 14
2026-05-25T00:27:40Z,L,13,sold,False,BFI IMAX L 13
2026-05-25T00:27:40Z,L,12,sold,False,BFI IMAX L 12
2026-05-25T00:27:40Z,L,11,sold,False,BFI IMAX L 11
2026-05-25T00:27:40Z,N,26,unavailable,False,BFI IMAX N 26
2026-05-25T00:27:40Z,N,25,unavailable,False,BFI IMAX N 25
2026-05-25T00:27:40Z,N,24,unavailable,False,BFI IMAX N 24
2026-05-25T00:27:40Z,N,23,unavailable,False,BFI IMAX N 23
2026-05-25T00:27:40Z,N,22,sold,False,BFI IMAX N 22
2026-05-25T00:27:40Z,N,21,sold,False,BFI IMAX N 21
2026-05-25T00:27:40Z,N,20,sold,False,BFI IMAX N 20
2026-05-25T00:27:40Z,N,19,sold,False,BFI IMAX N 19
2026-05-25T00:27:40Z,N,18,sold,False,BFI IMAX N 18
2026-05-25T00:27:40Z,N,17,sold,False,BFI IMAX N 17
2026-05-25T00:27:40Z,N,16,sold,False,BFI IMAX N 16
2026-05-25T00:27:40Z,N,15,sold,False,BFI IMAX N 15
2026-05-25T00:27:40Z,N,14,sold,False,BFI IMAX N 14
2026-05-25T00:27:40Z,N,13,sold,False,BFI IMAX N 13
2026-05-25T00:27:40Z,N,12,unavailable,False,BFI IMAX N 12
2026-05-25T00:27:40Z,N,11,unavailable,False,BFI IMAX N 11
2026-05-25T00:27:40Z,N,10,unavailable,False,BFI IMAX N 10
2026-05-25T00:27:40Z,N,9,unavailable,False,BFI IMAX N 9
2026-05-25T00:27:40Z,L,10,sold,False,BFI IMAX L 10
2026-05-25T00:27:40Z,M,26,sold,False,BFI IMAX M 26
2026-05-25T00:27:40Z,M,25,sold,False,BFI IMAX M 25
2026-05-25T00:27:40Z,M,24,sold,False,BFI IMAX M 24
2026-05-25T00:27:40Z,M,23,sold,False,BFI IMAX M 23
2026-05-25T00:27:40Z,M,22,sold,False,BFI IMAX M 22
2026-05-25T00:27:40Z,M,21,sold,False,BFI IMAX M 21
2026-05-25T00:27:40Z,M,20,sold,False,BFI IMAX M 20
2026-05-25T00:27:40Z,M,19,sold,False,BFI IMAX M 19
2026-05-25T00:27:40Z,M,18,sold,False,BFI IMAX M 18
2026-05-25T00:27:40Z,M,17,sold,False,BFI IMAX M 17
2026-05-25T00:27:40Z,M,16,sold,False,BFI IMAX M 16
2026-05-25T00:27:40Z,M,15,sold,False,BFI IMAX M 15
2026-05-25T00:27:40Z,M,14,sold,False,BFI IMAX M 14
2026-05-25T00:27:40Z,M,13,sold,False,BFI IMAX M 13
2026-05-25T00:27:40Z,M,12,sold,False,BFI IMAX M 12
2026-05-25T00:27:40Z,P,30,unavailable,True,BFI IMAX P 30
2026-05-25T00:27:40Z,P,27,unavailable,True,BFI IMAX P 27
2026-05-25T00:27:40Z,P,2,unavailable,True,BFI IMAX P 2
2026-05-25T00:27:40Z,P,5,sold,True,BFI IMAX P 5
2026-05-25T00:27:40Z,P,19,sold,False,BFI IMAX P 19
2026-05-25T00:27:40Z,P,18,sold,False,BFI IMAX P 18
2026-05-25T00:27:40Z,P,17,sold,False,BFI IMAX P 17
2026-05-25T00:27:40Z,P,16,sold,False,BFI IMAX P 16
2026-05-25T00:27:40Z,P,15,sold,False,BFI IMAX P 15
2026-05-25T00:27:40Z,P,14,sold,False,BFI IMAX P 14
2026-05-25T00:27:40Z,P,13,sold,False,BFI IMAX P 13
2026-05-25T00:27:40Z,P,12,sold,False,BFI IMAX P 12
2026-05-25T00:27:40Z,P,11,sold,False,BFI IMAX P 11
2026-05-25T00:27:40Z,P,10,sold,False,BFI IMAX P 10
2026-05-25T00:27:40Z,P,9,sold,False,BFI IMAX P 9
2026-05-25T00:27:40Z,P,8,sold,False,BFI IMAX P 8
2026-05-25T00:27:40Z,P,7,sold,False,BFI IMAX P 7
2026-05-25T00:27:40Z,P,25,sold,False,BFI IMAX P 25
2026-05-25T00:27:40Z,P,24,sold,False,BFI IMAX P 24
2026-05-25T00:27:40Z,P,23,sold,False,BFI IMAX P 23
2026-05-25T00:27:40Z,P,22,sold,False,BFI IMAX P 22
2026-05-25T00:27:40Z,P,21,sold,False,BFI IMAX P 21
2026-05-25T00:27:40Z,P,20,sold,False,BFI IMAX P 20
2026-05-25T00:27:40Z,Q,18,sold,False,BFI IMAX Q 18
2026-05-25T00:27:40Z,Q,17,sold,False,BFI IMAX Q 17
2026-05-25T00:27:40Z,Q,16,sold,False,BFI IMAX Q 16
2026-05-25T00:27:40Z,Q,15,sold,False,BFI IMAX Q 15
2026-05-25T00:27:40Z,Q,14,sold,False,BFI IMAX Q 14
2026-05-25T00:27:40Z,Q,13,sold,False,BFI IMAX Q 13
2026-05-25T00:27:40Z,Q,12,sold,False,BFI IMAX Q 12
2026-05-25T00:27:40Z,Q,11,sold,False,BFI IMAX Q 11
2026-05-25T00:27:40Z,Q,10,sold,False,BFI IMAX Q 10
2026-05-25T00:27:40Z,Q,9,sold,False,BFI IMAX Q 9
2026-05-25T00:27:40Z,Q,8,sold,False,BFI IMAX Q 8
2026-05-25T00:27:40Z,Q,7,sold,False,BFI IMAX Q 7
2026-05-25T00:27:40Z,Q,6,sold,False,BFI IMAX Q 6
2026-05-25T00:27:40Z,Q,5,sold,False,BFI IMAX Q 5
2026-05-25T00:27:40Z,Q,4,sold,False,BFI IMAX Q 4
2026-05-25T00:27:40Z,Q,3,sold,False,BFI IMAX Q 3
2026-05-25T00:27:40Z,Q,2,sold,False,BFI IMAX Q 2
2026-05-25T00:27:40Z,Q,1,sold,False,BFI IMAX Q 1
2026-05-25T01:32:31Z,K,27,unavailable,False,BFI IMAX K 27
2026-05-25T01:32:31Z,K,26,unavailable,False,BFI IMAX K 26
2026-05-25T01:32:31Z,N,8,unavailable,False,BFI IMAX N 8
2026-05-25T01:32:31Z,N,7,unavailable,False,BFI IMAX N 7
2026-05-25T01:32:31Z,P,29,unavailable,True,BFI IMAX P 29
2026-05-25T01:32:31Z,P,28,unavailable,True,BFI IMAX P 28
2026-05-25T01:32:31Z,P,4,unavailable,True,BFI IMAX P 4
2026-05-25T01:32:31Z,P,3,unavailable,True,BFI IMAX P 3
2026-05-25T01:32:31Z,A,5,available,False,BFI IMAX A 5
2026-05-25T01:32:31Z,A,4,available,False,BFI IMAX A 4
2026-05-25T01:32:31Z,A,3,available,False,BFI IMAX A 3
2026-05-25T01:32:31Z,A,2,available,False,BFI IMAX A 2
2026-05-25T01:32:31Z,A,1,available,False,BFI IMAX A 1
2026-05-25T01:32:31Z,B,36,available,False,BFI IMAX B 36
2026-05-25T01:32:31Z,B,35,available,False,BFI IMAX B 35
2026-05-25T01:32:31Z,B,34,available,False,BFI IMAX B 34
2026-05-25T01:32:31Z,B,33,available,False,BFI IMAX B 33
2026-05-25T01:32:31Z,B,32,available,False,BFI IMAX B 32
2026-05-25T01:32:31Z,B,31,available,False,BFI IMAX B 31
2026-05-25T01:32:31Z,B,30,available,False,BFI IMAX B 30
2026-05-25T01:32:31Z,B,29,available,False,BFI IMAX B 29
2026-05-25T01:32:31Z,B,28,available,False,BFI IMAX B 28
2026-05-25T01:32:31Z,B,27,available,False,BFI IMAX B 27
2026-05-25T01:32:31Z,B,26,available,False,BFI IMAX B 26
2026-05-25T01:32:31Z,B,25,available,False,BFI IMAX B 25
2026-05-25T01:32:31Z,B,24,available,False,BFI IMAX B 24
2026-05-25T01:32:31Z,B,23,sold,False,BFI IMAX B 23
2026-05-25T01:32:31Z,B,22,sold,False,BFI IMAX B 22
2026-05-25T01:32:31Z,B,21,sold,False,BFI IMAX B 21
2026-05-25T01:32:31Z,B,20,sold,False,BFI IMAX B 20
2026-05-25T01:32:31Z,B,19,sold,False,BFI IMAX B 19
2026-05-25T01:32:31Z,B,18,sold,False,BFI IMAX B 18
2026-05-25T01:32:31Z,B,17,sold,False,BFI IMAX B 17
2026-05-25T01:32:31Z,B,16,sold,False,BFI IMAX B 16
2026-05-25T01:32:31Z,B,15,available,False,BFI IMAX B 15
2026-05-25T01:32:31Z,B,14,available,False,BFI IMAX B 14
2026-05-25T01:32:31Z,B,13,available,False,BFI IMAX B 13
2026-05-25T01:32:31Z,B,12,available,False,BFI IMAX B 12
2026-05-25T01:32:31Z,B,11,available,False,BFI IMAX B 11
2026-05-25T01:32:31Z,B,10,available,False,BFI IMAX B 10
2026-05-25T01:32:31Z,B,9,available,False,BFI IMAX B 9
2026-05-25T01:32:31Z,B,8,available,False,BFI IMAX B 8
2026-05-25T01:32:31Z,B,7,available,False,BFI IMAX B 7
2026-05-25T01:32:31Z,B,6,available,False,BFI IMAX B 6
2026-05-25T01:32:31Z,B,5,available,False,BFI IMAX B 5
2026-05-25T01:32:31Z,B,4,available,False,BFI IMAX B 4
2026-05-25T01:32:31Z,B,3,available,False,BFI IMAX B 3
2026-05-25T01:32:31Z,B,2,available,False,BFI IMAX B 2
2026-05-25T01:32:31Z,B,1,available,False,BFI IMAX B 1
2026-05-25T01:32:31Z,C,36,available,False,BFI IMAX C 36
2026-05-25T01:32:31Z,C,35,available,False,BFI IMAX C 35
2026-05-25T01:32:31Z,C,34,available,False,BFI IMAX C 34
2026-05-25T01:32:31Z,C,33,available,False,BFI IMAX C 33
2026-05-25T01:32:31Z,C,32,available,False,BFI IMAX C 32
2026-05-25T01:32:31Z,C,31,available,False,BFI IMAX C 31
2026-05-25T01:32:31Z,C,30,available,False,BFI IMAX C 30
2026-05-25T01:32:31Z,C,29,available,False,BFI IMAX C 29
2026-05-25T01:32:31Z,C,28,available,False,BFI IMAX C 28
2026-05-25T01:32:31Z,C,27,available,False,BFI IMAX C 27
2026-05-25T01:32:31Z,C,26,available,False,BFI IMAX C 26
2026-05-25T01:32:31Z,C,25,sold,False,BFI IMAX C 25
2026-05-25T01:32:31Z,C,24,sold,False,BFI IMAX C 24
2026-05-25T01:32:31Z,C,23,sold,False,BFI IMAX C 23
2026-05-25T01:32:31Z,C,22,sold,False,BFI IMAX C 22
2026-05-25T01:32:31Z,C,21,sold,False,BFI IMAX C 21
2026-05-25T01:32:31Z,C,20,sold,False,BFI IMAX C 20
2026-05-25T01:32:31Z,C,19,sold,False,BFI IMAX C 19
2026-05-25T01:32:31Z,C,18,sold,False,BFI IMAX C 18
2026-05-25T01:32:31Z,C,17,sold,False,BFI IMAX C 17
2026-05-25T01:32:31Z,C,16,sold,False,BFI IMAX C 16
2026-05-25T01:32:31Z,C,15,sold,False,BFI IMAX C 15
2026-05-25T01:32:31Z,C,14,sold,False,BFI IMAX C 14
2026-05-25T01:32:31Z,C,13,sold,False,BFI IMAX C 13
2026-05-25T01:32:31Z,C,12,sold,False,BFI IMAX C 12
2026-05-25T01:32:31Z,C,11,sold,False,BFI IMAX C 11
2026-05-25T01:32:31Z,C,10,sold,False,BFI IMAX C 10
2026-05-25T01:32:31Z,C,9,available,False,BFI IMAX C 9
2026-05-25T01:32:31Z,C,8,available,False,BFI IMAX C 8
2026-05-25T01:32:31Z,C,7,available,False,BFI IMAX C 7
2026-05-25T01:32:31Z,C,6,available,False,BFI IMAX C 6
2026-05-25T01:32:31Z,C,5,available,False,BFI IMAX C 5
2026-05-25T01:32:31Z,C,4,available,False,BFI IMAX C 4
2026-05-25T01:32:31Z,C,3,available,False,BFI IMAX C 3
2026-05-25T01:32:31Z,C,2,available,False,BFI IMAX C 2
2026-05-25T01:32:31Z,C,1,available,False,BFI IMAX C 1
2026-05-25T01:32:31Z,D,37,available,False,BFI IMAX D 37
2026-05-25T01:32:31Z,D,36,available,False,BFI IMAX D 36
2026-05-25T01:32:31Z,D,35,available,False,BFI IMAX D 35
2026-05-25T01:32:31Z,D,34,available,False,BFI IMAX D 34
2026-05-25T01:32:31Z,D,33,available,False,BFI IMAX D 33
2026-05-25T01:32:31Z,D,32,available,False,BFI IMAX D 32
2026-05-25T01:32:31Z,D,31,available,False,BFI IMAX D 31
2026-05-25T01:32:31Z,D,30,sold,False,BFI IMAX D 30
2026-05-25T01:32:31Z,D,29,sold,False,BFI IMAX D 29
2026-05-25T01:32:31Z,D,28,sold,False,BFI IMAX D 28
2026-05-25T01:32:31Z,D,27,sold,False,BFI IMAX D 27
2026-05-25T01:32:31Z,D,26,sold,False,BFI IMAX D 26
2026-05-25T01:32:31Z,D,25,sold,False,BFI IMAX D 25
2026-05-25T01:32:31Z,D,24,sold,False,BFI IMAX D 24
2026-05-25T01:32:31Z,D,23,sold,False,BFI IMAX D 23
2026-05-25T01:32:31Z,D,22,sold,False,BFI IMAX D 22
2026-05-25T01:32:31Z,D,21,sold,False,BFI IMAX D 21
2026-05-25T01:32:31Z,D,20,sold,False,BFI IMAX D 20
2026-05-25T01:32:31Z,D,19,sold,False,BFI IMAX D 19
2026-05-25T01:32:31Z,D,18,sold,False,BFI IMAX D 18
2026-05-25T01:32:31Z,D,17,sold,False,BFI IMAX D 17
2026-05-25T01:32:31Z,D,16,sold,False,BFI IMAX D 16
2026-05-25T01:32:31Z,D,15,sold,False,BFI IMAX D 15
2026-05-25T01:32:31Z,D,14,sold,False,BFI IMAX D 14
2026-05-25T01:32:31Z,D,13,sold,False,BFI IMAX D 13
2026-05-25T01:32:31Z,D,12,sold,False,BFI IMAX D 12
2026-05-25T01:32:31Z,D,11,sold,False,BFI IMAX D 11
2026-05-25T01:32:31Z,D,10,sold,False,BFI IMAX D 10
2026-05-25T01:32:31Z,D,9,sold,False,BFI IMAX D 9
2026-05-25T01:32:31Z,D,8,sold,False,BFI IMAX D 8
2026-05-25T01:32:31Z,D,7,sold,False,BFI IMAX D 7
2026-05-25T01:32:31Z,D,6,available,False,BFI IMAX D 6
2026-05-25T01:32:31Z,D,5,available,False,BFI IMAX D 5
2026-05-25T01:32:31Z,D,4,available,False,BFI IMAX D 4
2026-05-25T01:32:31Z,D,3,available,False,BFI IMAX D 3
2026-05-25T01:32:31Z,D,2,available,False,BFI IMAX D 2
2026-05-25T01:32:31Z,D,1,available,False,BFI IMAX D 1
2026-05-25T01:32:31Z,E,37,available,False,BFI IMAX E 37
2026-05-25T01:32:31Z,E,36,available,False,BFI IMAX E 36
2026-05-25T01:32:31Z,E,35,available,False,BFI IMAX E 35
2026-05-25T01:32:31Z,E,34,sold,False,BFI IMAX E 34
2026-05-25T01:32:31Z,E,33,sold,False,BFI IMAX E 33
2026-05-25T01:32:31Z,E,32,sold,False,BFI IMAX E 32
2026-05-25T01:32:31Z,E,31,sold,False,BFI IMAX E 31
2026-05-25T01:32:31Z,E,30,sold,False,BFI IMAX E 30
2026-05-25T01:32:31Z,E,29,sold,False,BFI IMAX E 29
2026-05-25T01:32:31Z,E,28,sold,False,BFI IMAX E 28
2026-05-25T01:32:31Z,E,27,sold,False,BFI IMAX E 27
2026-05-25T01:32:31Z,E,26,sold,False,BFI IMAX E 26
2026-05-25T01:32:31Z,E,25,sold,False,BFI IMAX E 25
2026-05-25T01:32:31Z,E,24,sold,False,BFI IMAX E 24
2026-05-25T01:32:31Z,E,23,sold,False,BFI IMAX E 23
2026-05-25T01:32:31Z,E,22,sold,False,BFI IMAX E 22
2026-05-25T01:32:31Z,E,21,sold,False,BFI IMAX E 21
2026-05-25T01:32:31Z,E,20,sold,False,BFI IMAX E 20
2026-05-25T01:32:31Z,E,19,sold,False,BFI IMAX E 19
2026-05-25T01:32:31Z,E,18,sold,False,BFI IMAX E 18
2026-05-25T01:32:31Z,E,17,sold,False,BFI IMAX E 17
2026-05-25T01:32:31Z,E,16,sold,False,BFI IMAX E 16
2026-05-25T01:32:31Z,E,15,sold,False,BFI IMAX E 15
2026-05-25T01:32:31Z,E,14,sold,False,BFI IMAX E 14
2026-05-25T01:32:31Z,E,13,sold,False,BFI IMAX E 13
2026-05-25T01:32:31Z,E,12,sold,False,BFI IMAX E 12
2026-05-25T01:32:31Z,E,11,sold,False,BFI IMAX E 11
2026-05-25T01:32:31Z,E,10,sold,False,BFI IMAX E 10
2026-05-25T01:32:31Z,E,9,sold,False,BFI IMAX E 9
2026-05-25T01:32:31Z,E,8,sold,False,BFI IMAX E 8
2026-05-25T01:32:31Z,E,7,sold,False,BFI IMAX E 7
2026-05-25T01:32:31Z,E,6,sold,False,BFI IMAX E 6
2026-05-25T01:32:31Z,E,5,sold,False,BFI IMAX E 5
2026-05-25T01:32:31Z,E,4,available,False,BFI IMAX E 4
2026-05-25T01:32:31Z,E,3,available,False,BFI IMAX E 3
2026-05-25T01:32:31Z,E,2,available,False,BFI IMAX E 2
2026-05-25T01:32:31Z,E,1,available,False,BFI IMAX E 1
2026-05-25T01:32:31Z,F,38,available,False,BFI IMAX F 38
2026-05-25T01:32:31Z,F,37,sold,False,BFI IMAX F 37
2026-05-25T01:32:31Z,F,36,sold,False,BFI IMAX F 36
2026-05-25T01:32:31Z,F,35,sold,False,BFI IMAX F 35
2026-05-25T01:32:31Z,F,34,sold,False,BFI IMAX F 34
2026-05-25T01:32:31Z,F,33,sold,False,BFI IMAX F 33
2026-05-25T01:32:31Z,F,32,sold,False,BFI IMAX F 32
2026-05-25T01:32:31Z,F,31,sold,False,BFI IMAX F 31
2026-05-25T01:32:31Z,F,30,sold,False,BFI IMAX F 30
2026-05-25T01:32:31Z,F,29,sold,False,BFI IMAX F 29
2026-05-25T01:32:31Z,F,28,sold,False,BFI IMAX F 28
2026-05-25T01:32:31Z,F,27,sold,False,BFI IMAX F 27
2026-05-25T01:32:31Z,F,26,sold,False,BFI IMAX F 26
2026-05-25T01:32:31Z,F,25,sold,False,BFI IMAX F 25
2026-05-25T01:32:31Z,F,24,sold,False,BFI IMAX F 24
2026-05-25T01:32:31Z,F,23,sold,False,BFI IMAX F 23
2026-05-25T01:32:31Z,F,22,sold,False,BFI IMAX F 22
2026-05-25T01:32:31Z,F,21,sold,False,BFI IMAX F 21
2026-05-25T01:32:31Z,F,20,sold,False,BFI IMAX F 20
2026-05-25T01:32:31Z,F,19,sold,False,BFI IMAX F 19
2026-05-25T01:32:31Z,F,18,sold,False,BFI IMAX F 18
2026-05-25T01:32:31Z,F,17,sold,False,BFI IMAX F 17
2026-05-25T01:32:31Z,F,16,sold,False,BFI IMAX F 16
2026-05-25T01:32:31Z,F,15,sold,False,BFI IMAX F 15
2026-05-25T01:32:31Z,F,14,sold,False,BFI IMAX F 14
2026-05-25T01:32:31Z,F,13,sold,False,BFI IMAX F 13
2026-05-25T01:32:31Z,F,12,sold,False,BFI IMAX F 12
2026-05-25T01:32:31Z,F,11,sold,False,BFI IMAX F 11
2026-05-25T01:32:31Z,F,10,sold,False,BFI IMAX F 10
2026-05-25T01:32:31Z,F,9,sold,False,BFI IMAX F 9
2026-05-25T01:32:31Z,F,8,sold,False,BFI IMAX F 8
2026-05-25T01:32:31Z,F,7,sold,False,BFI IMAX F 7
2026-05-25T01:32:31Z,F,6,sold,False,BFI IMAX F 6
2026-05-25T01:32:31Z,F,5,sold,False,BFI IMAX F 5
2026-05-25T01:32:31Z,F,4,sold,False,BFI IMAX F 4
2026-05-25T01:32:31Z,F,3,sold,False,BFI IMAX F 3
2026-05-25T01:32:31Z,F,2,sold,False,BFI IMAX F 2
2026-05-25T01:32:31Z,F,1,sold,False,BFI IMAX F 1
2026-05-25T01:32:31Z,G,37,sold,False,BFI IMAX G 37
2026-05-25T01:32:31Z,G,36,sold,False,BFI IMAX G 36
2026-05-25T01:32:31Z,G,35,sold,False,BFI IMAX G 35
2026-05-25T01:32:31Z,G,34,sold,False,BFI IMAX G 34
2026-05-25T01:32:31Z,G,33,sold,False,BFI IMAX G 33
2026-05-25T01:32:31Z,G,32,sold,False,BFI IMAX G 32
2026-05-25T01:32:31Z,G,31,sold,False,BFI IMAX G 31
2026-05-25T01:32:31Z,G,30,sold,False,BFI IMAX G 30
2026-05-25T01:32:31Z,G,29,sold,False,BFI IMAX G 29
2026-05-25T01:32:31Z,G,28,sold,False,BFI IMAX G 28
2026-05-25T01:32:31Z,G,27,sold,False,BFI IMAX G 27
2026-05-25T01:32:31Z,G,26,sold,False,BFI IMAX G 26
2026-05-25T01:32:31Z,G,25,sold,False,BFI IMAX G 25
2026-05-25T01:32:31Z,G,24,sold,False,BFI IMAX G 24
2026-05-25T01:32:31Z,G,23,sold,False,BFI IMAX G 23
2026-05-25T01:32:31Z,G,22,sold,False,BFI IMAX G 22
2026-05-25T01:32:31Z,G,21,sold,False,BFI IMAX G 21
2026-05-25T01:32:31Z,G,20,sold,False,BFI IMAX G 20
2026-05-25T01:32:31Z,G,19,sold,False,BFI IMAX G 19
2026-05-25T01:32:31Z,G,18,sold,False,BFI IMAX G 18
2026-05-25T01:32:31Z,G,17,sold,False,BFI IMAX G 17
2026-05-25T01:32:31Z,G,16,sold,False,BFI IMAX G 16
2026-05-25T01:32:31Z,G,15,sold,False,BFI IMAX G 15
2026-05-25T01:32:31Z,G,14,sold,False,BFI IMAX G 14
2026-05-25T01:32:31Z,G,13,sold,False,BFI IMAX G 13
2026-05-25T01:32:31Z,G,12,sold,False,BFI IMAX G 12
2026-05-25T01:32:31Z,G,11,sold,False,BFI IMAX G 11
2026-05-25T01:32:31Z,G,10,sold,False,BFI IMAX G 10
2026-05-25T01:32:31Z,G,9,sold,False,BFI IMAX G 9
2026-05-25T01:32:31Z,G,8,sold,False,BFI IMAX G 8
2026-05-25T01:32:31Z,G,7,sold,False,BFI IMAX G 7
2026-05-25T01:32:31Z,G,6,sold,False,BFI IMAX G 6
2026-05-25T01:32:31Z,G,5,sold,False,BFI IMAX G 5
2026-05-25T01:32:31Z,G,4,sold,False,BFI IMAX G 4
2026-05-25T01:32:31Z,G,3,sold,False,BFI IMAX G 3
2026-05-25T01:32:31Z,G,2,sold,False,BFI IMAX G 2
2026-05-25T01:32:31Z,G,1,sold,False,BFI IMAX G 1
2026-05-25T01:32:31Z,H,37,sold,False,BFI IMAX H 37
2026-05-25T01:32:31Z,H,36,sold,False,BFI IMAX H 36
2026-05-25T01:32:31Z,H,35,sold,False,BFI IMAX H 35
2026-05-25T01:32:31Z,H,34,sold,False,BFI IMAX H 34
2026-05-25T01:32:31Z,H,33,sold,False,BFI IMAX H 33
2026-05-25T01:32:31Z,H,32,sold,False,BFI IMAX H 32
2026-05-25T01:32:31Z,H,31,sold,False,BFI IMAX H 31
2026-05-25T01:32:31Z,H,30,sold,False,BFI IMAX H 30
2026-05-25T01:32:31Z,H,29,sold,False,BFI IMAX H 29
2026-05-25T01:32:31Z,H,28,sold,False,BFI IMAX H 28
2026-05-25T01:32:31Z,H,27,sold,False,BFI IMAX H 27
2026-05-25T01:32:31Z,H,26,sold,False,BFI IMAX H 26
2026-05-25T01:32:31Z,H,25,sold,False,BFI IMAX H 25
2026-05-25T01:32:31Z,H,24,sold,False,BFI IMAX H 24
2026-05-25T01:32:31Z,H,23,sold,False,BFI IMAX H 23
2026-05-25T01:32:31Z,H,22,sold,False,BFI IMAX H 22
2026-05-25T01:32:31Z,H,21,sold,False,BFI IMAX H 21
2026-05-25T01:32:31Z,H,20,sold,False,BFI IMAX H 20
2026-05-25T01:32:31Z,H,19,sold,False,BFI IMAX H 19
2026-05-25T01:32:31Z,H,18,sold,False,BFI IMAX H 18
2026-05-25T01:32:31Z,H,17,sold,False,BFI IMAX H 17
2026-05-25T01:32:31Z,H,16,sold,False,BFI IMAX H 16
2026-05-25T01:32:31Z,H,15,sold,False,BFI IMAX H 15
2026-05-25T01:32:31Z,H,14,sold,False,BFI IMAX H 14
2026-05-25T01:32:31Z,H,13,sold,False,BFI IMAX H 13
2026-05-25T01:32:31Z,H,12,sold,False,BFI IMAX H 12
2026-05-25T01:32:31Z,H,11,sold,False,BFI IMAX H 11
2026-05-25T01:32:31Z,H,10,sold,False,BFI IMAX H 10
2026-05-25T01:32:31Z,H,9,sold,False,BFI IMAX H 9
2026-05-25T01:32:31Z,H,8,sold,False,BFI IMAX H 8
2026-05-25T01:32:31Z,H,7,sold,False,BFI IMAX H 7
2026-05-25T01:32:31Z,H,6,sold,False,BFI IMAX H 6
2026-05-25T01:32:31Z,H,5,sold,False,BFI IMAX H 5
2026-05-25T01:32:31Z,H,4,sold,False,BFI IMAX H 4
2026-05-25T01:32:31Z,H,3,sold,False,BFI IMAX H 3
2026-05-25T01:32:31Z,H,2,sold,False,BFI IMAX H 2
2026-05-25T01:32:31Z,H,1,sold,False,BFI IMAX H 1
2026-05-25T01:32:31Z,J,36,sold,False,BFI IMAX J 36
2026-05-25T01:32:31Z,J,35,sold,False,BFI IMAX J 35
2026-05-25T01:32:31Z,J,34,sold,False,BFI IMAX J 34
2026-05-25T01:32:31Z,J,33,sold,False,BFI IMAX J 33
2026-05-25T01:32:31Z,J,32,sold,False,BFI IMAX J 32
2026-05-25T01:32:31Z,J,31,sold,False,BFI IMAX J 31
2026-05-25T01:32:31Z,J,30,sold,False,BFI IMAX J 30
2026-05-25T01:32:31Z,J,29,sold,False,BFI IMAX J 29
2026-05-25T01:32:31Z,J,28,sold,False,BFI IMAX J 28
2026-05-25T01:32:31Z,J,27,sold,False,BFI IMAX J 27
2026-05-25T01:32:31Z,J,26,sold,False,BFI IMAX J 26
2026-05-25T01:32:31Z,J,25,sold,False,BFI IMAX J 25
2026-05-25T01:32:31Z,J,24,sold,False,BFI IMAX J 24
2026-05-25T01:32:31Z,J,23,sold,False,BFI IMAX J 23
2026-05-25T01:32:31Z,J,22,sold,False,BFI IMAX J 22
2026-05-25T01:32:31Z,J,21,sold,False,BFI IMAX J 21
2026-05-25T01:32:31Z,J,20,sold,False,BFI IMAX J 20
2026-05-25T01:32:31Z,J,19,sold,False,BFI IMAX J 19
2026-05-25T01:32:31Z,J,18,sold,False,BFI IMAX J 18
2026-05-25T01:32:31Z,J,17,sold,False,BFI IMAX J 17
2026-05-25T01:32:31Z,J,16,sold,False,BFI IMAX J 16
2026-05-25T01:32:31Z,J,15,sold,False,BFI IMAX J 15
2026-05-25T01:32:31Z,J,14,sold,False,BFI IMAX J 14
2026-05-25T01:32:31Z,J,13,sold,False,BFI IMAX J 13
2026-05-25T01:32:31Z,J,12,sold,False,BFI IMAX J 12
2026-05-25T01:32:31Z,J,11,sold,False,BFI IMAX J 11
2026-05-25T01:32:31Z,J,10,sold,False,BFI IMAX J 10
2026-05-25T01:32:31Z,J,9,sold,False,BFI IMAX J 9
2026-05-25T01:32:31Z,J,8,sold,False,BFI IMAX J 8
2026-05-25T01:32:31Z,J,7,sold,False,BFI IMAX J 7
2026-05-25T01:32:31Z,J,6,sold,False,BFI IMAX J 6
2026-05-25T01:32:31Z,J,5,sold,False,BFI IMAX J 5
2026-05-25T01:32:31Z,J,4,sold,False,BFI IMAX J 4
2026-05-25T01:32:31Z,J,3,sold,False,BFI IMAX J 3
2026-05-25T01:32:31Z,J,2,sold,False,BFI IMAX J 2
2026-05-25T01:32:31Z,J,1,sold,False,BFI IMAX J 1
2026-05-25T01:32:31Z,K,36,sold,False,BFI IMAX K 36
2026-05-25T01:32:31Z,K,35,sold,False,BFI IMAX K 35
2026-05-25T01:32:31Z,K,34,sold,False,BFI IMAX K 34
2026-05-25T01:32:31Z,K,33,sold,False,BFI IMAX K 33
2026-05-25T01:32:31Z,K,32,sold,False,BFI IMAX K 32
2026-05-25T01:32:31Z,K,31,sold,False,BFI IMAX K 31
2026-05-25T01:32:31Z,K,30,sold,False,BFI IMAX K 30
2026-05-25T01:32:31Z,K,29,sold,False,BFI IMAX K 29
2026-05-25T01:32:31Z,K,28,sold,False,BFI IMAX K 28
2026-05-25T01:32:31Z,A,13,available,False,BFI IMAX A 13
2026-05-25T01:32:31Z,A,12,available,False,BFI IMAX A 12
2026-05-25T01:32:31Z,K,25,sold,False,BFI IMAX K 25
2026-05-25T01:32:31Z,K,24,sold,False,BFI IMAX K 24
2026-05-25T01:32:31Z,K,23,sold,False,BFI IMAX K 23
2026-05-25T01:32:31Z,K,22,sold,False,BFI IMAX K 22
2026-05-25T01:32:31Z,K,21,sold,False,BFI IMAX K 21
2026-05-25T01:32:31Z,K,20,sold,False,BFI IMAX K 20
2026-05-25T01:32:31Z,K,19,sold,False,BFI IMAX K 19
2026-05-25T01:32:31Z,K,18,sold,False,BFI IMAX K 18
2026-05-25T01:32:31Z,K,17,sold,False,BFI IMAX K 17
2026-05-25T01:32:31Z,K,16,sold,False,BFI IMAX K 16
2026-05-25T01:32:31Z,K,15,sold,False,BFI IMAX K 15
2026-05-25T01:32:31Z,K,14,sold,False,BFI IMAX K 14
2026-05-25T01:32:31Z,K,13,sold,False,BFI IMAX K 13
2026-05-25T01:32:31Z,K,12,sold,False,BFI IMAX K 12
2026-05-25T01:32:31Z,K,11,sold,False,BFI IMAX K 11
2026-05-25T01:32:31Z,K,10,sold,False,BFI IMAX K 10
2026-05-25T01:32:31Z,K,9,sold,False,BFI IMAX K 9
2026-05-25T01:32:31Z,K,8,sold,False,BFI IMAX K 8
2026-05-25T01:32:31Z,K,7,sold,False,BFI IMAX K 7
2026-05-25T01:32:31Z,K,6,sold,False,BFI IMAX K 6
2026-05-25T01:32:31Z,K,5,sold,False,BFI IMAX K 5
2026-05-25T01:32:31Z,K,4,sold,False,BFI IMAX K 4
2026-05-25T01:32:31Z,K,3,sold,False,BFI IMAX K 3
2026-05-25T01:32:31Z,K,2,sold,False,BFI IMAX K 2
2026-05-25T01:32:31Z,K,1,sold,False,BFI IMAX K 1
2026-05-25T01:32:31Z,L,33,sold,False,BFI IMAX L 33
2026-05-25T01:32:31Z,L,32,sold,False,BFI IMAX L 32
2026-05-25T01:32:31Z,L,31,sold,False,BFI IMAX L 31
2026-05-25T01:32:31Z,L,30,sold,False,BFI IMAX L 30
2026-05-25T01:32:31Z,L,29,sold,False,BFI IMAX L 29
2026-05-25T01:32:31Z,L,28,sold,False,BFI IMAX L 28
2026-05-25T01:32:31Z,L,27,sold,False,BFI IMAX L 27
2026-05-25T01:32:31Z,L,26,sold,False,BFI IMAX L 26
2026-05-25T01:32:31Z,L,8,sold,False,BFI IMAX L 8
2026-05-25T01:32:31Z,L,7,sold,False,BFI IMAX L 7
2026-05-25T01:32:31Z,L,6,sold,False,BFI IMAX L 6
2026-05-25T01:32:31Z,L,5,sold,False,BFI IMAX L 5
2026-05-25T01:32:31Z,L,4,sold,False,BFI IMAX L 4
2026-05-25T01:32:31Z,L,3,sold,False,BFI IMAX L 3
2026-05-25T01:32:31Z,L,2,sold,False,BFI IMAX L 2
2026-05-25T01:32:31Z,L,1,sold,False,BFI IMAX L 1
2026-05-25T01:32:31Z,M,34,sold,False,BFI IMAX M 34
2026-05-25T01:32:31Z,M,33,sold,False,BFI IMAX M 33
2026-05-25T01:32:31Z,M,32,sold,False,BFI IMAX M 32
2026-05-25T01:32:31Z,M,31,sold,False,BFI IMAX M 31
2026-05-25T01:32:31Z,M,30,sold,False,BFI IMAX M 30
2026-05-25T01:32:31Z,M,29,sold,False,BFI IMAX M 29
2026-05-25T01:32:31Z,M,28,sold,False,BFI IMAX M 28
2026-05-25T01:32:31Z,M,27,sold,False,BFI IMAX M 27
2026-05-25T01:32:31Z,M,8,sold,False,BFI IMAX M 8
2026-05-25T01:32:31Z,M,7,sold,False,BFI IMAX M 7
2026-05-25T01:32:31Z,M,6,sold,False,BFI IMAX M 6
2026-05-25T01:32:31Z,M,5,sold,False,BFI IMAX M 5
2026-05-25T01:32:31Z,M,4,sold,False,BFI IMAX M 4
2026-05-25T01:32:31Z,M,3,sold,False,BFI IMAX M 3
2026-05-25T01:32:31Z,M,2,sold,False,BFI IMAX M 2
2026-05-25T01:32:31Z,M,1,sold,False,BFI IMAX M 1
2026-05-25T01:32:31Z,N,34,unavailable,False,BFI IMAX N 34
2026-05-25T01:32:31Z,N,33,unavailable,False,BFI IMAX N 33
2026-05-25T01:32:31Z,N,32,unavailable,False,BFI IMAX N 32
2026-05-25T01:32:31Z,N,31,unavailable,False,BFI IMAX N 31
2026-05-25T01:32:31Z,N,30,unavailable,False,BFI IMAX N 30
2026-05-25T01:32:31Z,N,29,unavailable,False,BFI IMAX N 29
2026-05-25T01:32:31Z,N,28,unavailable,False,BFI IMAX N 28
2026-05-25T01:32:31Z,N,27,unavailable,False,BFI IMAX N 27
2026-05-25T01:32:31Z,A,11,available,False,BFI IMAX A 11
2026-05-25T01:32:31Z,A,10,available,False,BFI IMAX A 10
2026-05-25T01:32:31Z,N,6,sold,False,BFI IMAX N 6
2026-05-25T01:32:31Z,N,5,sold,False,BFI IMAX N 5
2026-05-25T01:32:31Z,N,4,sold,False,BFI IMAX N 4
2026-05-25T01:32:31Z,N,3,sold,False,BFI IMAX N 3
2026-05-25T01:32:31Z,N,2,sold,False,BFI IMAX N 2
2026-05-25T01:32:31Z,N,1,sold,False,BFI IMAX N 1
2026-05-25T01:32:31Z,P,31,unavailable,False,BFI IMAX P 31
2026-05-25T01:32:31Z,A,9,available,False,BFI IMAX A 9
2026-05-25T01:32:31Z,A,8,available,False,BFI IMAX A 8
2026-05-25T01:32:31Z,P,26,unavailable,False,BFI IMAX P 26
2026-05-25T01:32:31Z,P,6,sold,False,BFI IMAX P 6
2026-05-25T01:32:31Z,A,7,available,False,BFI IMAX A 7
2026-05-25T01:32:31Z,A,6,available,False,BFI IMAX A 6
2026-05-25T01:32:31Z,P,1,unavailable,False,BFI IMAX P 1
2026-05-25T01:32:31Z,M,11,sold,False,BFI IMAX M 11
2026-05-25T01:32:31Z,M,10,sold,False,BFI IMAX M 10
2026-05-25T01:32:31Z,M,9,sold,False,BFI IMAX M 9
2026-05-25T01:32:31Z,L,9,sold,False,BFI IMAX L 9
2026-05-25T01:32:31Z,L,25,sold,False,BFI IMAX L 25
2026-05-25T01:32:31Z,L,24,sold,False,BFI IMAX L 24
2026-05-25T01:32:31Z,L,23,sold,False,BFI IMAX L 23
2026-05-25T01:32:31Z,L,22,sold,False,BFI IMAX L 22
2026-05-25T01:32:31Z,L,21,sold,False,BFI IMAX L 21
2026-05-25T01:32:31Z,L,20,sold,False,BFI IMAX L 20
2026-05-25T01:32:31Z,L,19,sold,False,BFI IMAX L 19
2026-05-25T01:32:31Z,L,18,sold,False,BFI IMAX L 18
2026-05-25T01:32:31Z,L,17,sold,False,BFI IMAX L 17
2026-05-25T01:32:31Z,L,16,sold,False,BFI IMAX L 16
2026-05-25T01:32:31Z,L,15,sold,False,BFI IMAX L 15
2026-05-25T01:32:31Z,L,14,sold,False,BFI IMAX L 14
2026-05-25T01:32:31Z,L,13,sold,False,BFI IMAX L 13
2026-05-25T01:32:31Z,L,12,sold,False,BFI IMAX L 12
2026-05-25T01:32:31Z,L,11,sold,False,BFI IMAX L 11
2026-05-25T01:32:31Z,N,26,unavailable,False,BFI IMAX N 26
2026-05-25T01:32:31Z,N,25,unavailable,False,BFI IMAX N 25
2026-05-25T01:32:31Z,N,24,unavailable,False,BFI IMAX N 24
2026-05-25T01:32:31Z,N,23,unavailable,False,BFI IMAX N 23
2026-05-25T01:32:31Z,N,22,sold,False,BFI IMAX N 22
2026-05-25T01:32:31Z,N,21,sold,False,BFI IMAX N 21
2026-05-25T01:32:31Z,N,20,sold,False,BFI IMAX N 20
2026-05-25T01:32:31Z,N,19,sold,False,BFI IMAX N 19
2026-05-25T01:32:31Z,N,18,sold,False,BFI IMAX N 18
2026-05-25T01:32:31Z,N,17,sold,False,BFI IMAX N 17
2026-05-25T01:32:31Z,N,16,sold,False,BFI IMAX N 16
2026-05-25T01:32:31Z,N,15,sold,False,BFI IMAX N 15
2026-05-25T01:32:31Z,N,14,sold,False,BFI IMAX N 14
2026-05-25T01:32:31Z,N,13,sold,False,BFI IMAX N 13
2026-05-25T01:32:31Z,N,12,unavailable,False,BFI IMAX N 12
2026-05-25T01:32:31Z,N,11,unavailable,False,BFI IMAX N 11
2026-05-25T01:32:31Z,N,10,unavailable,False,BFI IMAX N 10
2026-05-25T01:32:31Z,N,9,unavailable,False,BFI IMAX N 9
2026-05-25T01:32:31Z,L,10,sold,False,BFI IMAX L 10
2026-05-25T01:32:31Z,M,26,sold,False,BFI IMAX M 26
2026-05-25T01:32:31Z,M,25,sold,False,BFI IMAX M 25
2026-05-25T01:32:31Z,M,24,sold,False,BFI IMAX M 24
2026-05-25T01:32:31Z,M,23,sold,False,BFI IMAX M 23
2026-05-25T01:32:31Z,M,22,sold,False,BFI IMAX M 22
2026-05-25T01:32:31Z,M,21,sold,False,BFI IMAX M 21
2026-05-25T01:32:31Z,M,20,sold,False,BFI IMAX M 20
2026-05-25T01:32:31Z,M,19,sold,False,BFI IMAX M 19
2026-05-25T01:32:31Z,M,18,sold,False,BFI IMAX M 18
2026-05-25T01:32:31Z,M,17,sold,False,BFI IMAX M 17
2026-05-25T01:32:31Z,M,16,sold,False,BFI IMAX M 16
2026-05-25T01:32:31Z,M,15,sold,False,BFI IMAX M 15
2026-05-25T01:32:31Z,M,14,sold,False,BFI IMAX M 14
2026-05-25T01:32:31Z,M,13,sold,False,BFI IMAX M 13
2026-05-25T01:32:31Z,M,12,sold,False,BFI IMAX M 12
2026-05-25T01:32:31Z,P,30,unavailable,True,BFI IMAX P 30
2026-05-25T01:32:31Z,P,27,unavailable,True,BFI IMAX P 27
2026-05-25T01:32:31Z,P,2,unavailable,True,BFI IMAX P 2
2026-05-25T01:32:31Z,P,5,sold,True,BFI IMAX P 5
2026-05-25T01:32:31Z,P,19,sold,False,BFI IMAX P 19
2026-05-25T01:32:31Z,P,18,sold,False,BFI IMAX P 18
2026-05-25T01:32:31Z,P,17,sold,False,BFI IMAX P 17
2026-05-25T01:32:31Z,P,16,sold,False,BFI IMAX P 16
2026-05-25T01:32:31Z,P,15,sold,False,BFI IMAX P 15
2026-05-25T01:32:31Z,P,14,sold,False,BFI IMAX P 14
2026-05-25T01:32:31Z,P,13,sold,False,BFI IMAX P 13
2026-05-25T01:32:31Z,P,12,sold,False,BFI IMAX P 12
2026-05-25T01:32:31Z,P,11,sold,False,BFI IMAX P 11
2026-05-25T01:32:31Z,P,10,sold,False,BFI IMAX P 10
2026-05-25T01:32:31Z,P,9,sold,False,BFI IMAX P 9
2026-05-25T01:32:31Z,P,8,sold,False,BFI IMAX P 8
2026-05-25T01:32:31Z,P,7,sold,False,BFI IMAX P 7
2026-05-25T01:32:31Z,P,25,sold,False,BFI IMAX P 25
2026-05-25T01:32:31Z,P,24,sold,False,BFI IMAX P 24
2026-05-25T01:32:31Z,P,23,sold,False,BFI IMAX P 23
2026-05-25T01:32:31Z,P,22,sold,False,BFI IMAX P 22
2026-05-25T01:32:31Z,P,21,sold,False,BFI IMAX P 21
2026-05-25T01:32:31Z,P,20,sold,False,BFI IMAX P 20
2026-05-25T01:32:31Z,Q,18,sold,False,BFI IMAX Q 18
2026-05-25T01:32:31Z,Q,17,sold,False,BFI IMAX Q 17
2026-05-25T01:32:31Z,Q,16,sold,False,BFI IMAX Q 16
2026-05-25T01:32:31Z,Q,15,sold,False,BFI IMAX Q 15
2026-05-25T01:32:31Z,Q,14,sold,False,BFI IMAX Q 14
2026-05-25T01:32:31Z,Q,13,sold,False,BFI IMAX Q 13
2026-05-25T01:32:31Z,Q,12,sold,False,BFI IMAX Q 12
2026-05-25T01:32:31Z,Q,11,sold,False,BFI IMAX Q 11
2026-05-25T01:32:31Z,Q,10,sold,False,BFI IMAX Q 10
2026-05-25T01:32:31Z,Q,9,sold,False,BFI IMAX Q 9
2026-05-25T01:32:31Z,Q,8,sold,False,BFI IMAX Q 8
2026-05-25T01:32:31Z,Q,7,sold,False,BFI IMAX Q 7
2026-05-25T01:32:31Z,Q,6,sold,False,BFI IMAX Q 6
2026-05-25T01:32:31Z,Q,5,sold,False,BFI IMAX Q 5
2026-05-25T01:32:31Z,Q,4,sold,False,BFI IMAX Q 4
2026-05-25T01:32:31Z,Q,3,sold,False,BFI IMAX Q 3
2026-05-25T01:32:31Z,Q,2,sold,False,BFI IMAX Q 2
2026-05-25T01:32:31Z,Q,1,sold,False,BFI IMAX Q 1
2026-05-25T02:24:04Z,K,27,unavailable,False,BFI IMAX K 27
2026-05-25T02:24:04Z,K,26,unavailable,False,BFI IMAX K 26
2026-05-25T02:24:04Z,N,8,unavailable,False,BFI IMAX N 8
2026-05-25T02:24:04Z,N,7,unavailable,False,BFI IMAX N 7
2026-05-25T02:24:04Z,P,29,unavailable,True,BFI IMAX P 29
2026-05-25T02:24:04Z,P,28,unavailable,True,BFI IMAX P 28
2026-05-25T02:24:04Z,P,4,unavailable,True,BFI IMAX P 4
2026-05-25T02:24:04Z,P,3,sold,True,BFI IMAX P 3
2026-05-25T02:24:04Z,A,5,available,False,BFI IMAX A 5
2026-05-25T02:24:04Z,A,4,available,False,BFI IMAX A 4
2026-05-25T02:24:04Z,A,3,available,False,BFI IMAX A 3
2026-05-25T02:24:04Z,A,2,available,False,BFI IMAX A 2
2026-05-25T02:24:04Z,A,1,available,False,BFI IMAX A 1
2026-05-25T02:24:04Z,B,36,available,False,BFI IMAX B 36
2026-05-25T02:24:04Z,B,35,available,False,BFI IMAX B 35
2026-05-25T02:24:04Z,B,34,available,False,BFI IMAX B 34
2026-05-25T02:24:04Z,B,33,available,False,BFI IMAX B 33
2026-05-25T02:24:04Z,B,32,available,False,BFI IMAX B 32
2026-05-25T02:24:04Z,B,31,available,False,BFI IMAX B 31
2026-05-25T02:24:04Z,B,30,available,False,BFI IMAX B 30
2026-05-25T02:24:04Z,B,29,available,False,BFI IMAX B 29
2026-05-25T02:24:04Z,B,28,available,False,BFI IMAX B 28
2026-05-25T02:24:04Z,B,27,available,False,BFI IMAX B 27
2026-05-25T02:24:04Z,B,26,available,False,BFI IMAX B 26
2026-05-25T02:24:04Z,B,25,available,False,BFI IMAX B 25
2026-05-25T02:24:04Z,B,24,available,False,BFI IMAX B 24
2026-05-25T02:24:04Z,B,23,sold,False,BFI IMAX B 23
2026-05-25T02:24:04Z,B,22,sold,False,BFI IMAX B 22
2026-05-25T02:24:04Z,B,21,sold,False,BFI IMAX B 21
2026-05-25T02:24:04Z,B,20,sold,False,BFI IMAX B 20
2026-05-25T02:24:04Z,B,19,sold,False,BFI IMAX B 19
2026-05-25T02:24:04Z,B,18,sold,False,BFI IMAX B 18
2026-05-25T02:24:04Z,B,17,sold,False,BFI IMAX B 17
2026-05-25T02:24:04Z,B,16,sold,False,BFI IMAX B 16
2026-05-25T02:24:04Z,B,15,available,False,BFI IMAX B 15
2026-05-25T02:24:04Z,B,14,available,False,BFI IMAX B 14
2026-05-25T02:24:04Z,B,13,available,False,BFI IMAX B 13
2026-05-25T02:24:04Z,B,12,available,False,BFI IMAX B 12
2026-05-25T02:24:04Z,B,11,available,False,BFI IMAX B 11
2026-05-25T02:24:04Z,B,10,available,False,BFI IMAX B 10
2026-05-25T02:24:04Z,B,9,available,False,BFI IMAX B 9
2026-05-25T02:24:04Z,B,8,available,False,BFI IMAX B 8
2026-05-25T02:24:04Z,B,7,available,False,BFI IMAX B 7
2026-05-25T02:24:04Z,B,6,available,False,BFI IMAX B 6
2026-05-25T02:24:04Z,B,5,available,False,BFI IMAX B 5
2026-05-25T02:24:04Z,B,4,available,False,BFI IMAX B 4
2026-05-25T02:24:04Z,B,3,available,False,BFI IMAX B 3
2026-05-25T02:24:04Z,B,2,available,False,BFI IMAX B 2
2026-05-25T02:24:04Z,B,1,available,False,BFI IMAX B 1
2026-05-25T02:24:04Z,C,36,available,False,BFI IMAX C 36
2026-05-25T02:24:04Z,C,35,available,False,BFI IMAX C 35
2026-05-25T02:24:04Z,C,34,available,False,BFI IMAX C 34
2026-05-25T02:24:04Z,C,33,available,False,BFI IMAX C 33
2026-05-25T02:24:04Z,C,32,available,False,BFI IMAX C 32
2026-05-25T02:24:04Z,C,31,available,False,BFI IMAX C 31
2026-05-25T02:24:04Z,C,30,available,False,BFI IMAX C 30
2026-05-25T02:24:04Z,C,29,available,False,BFI IMAX C 29
2026-05-25T02:24:04Z,C,28,available,False,BFI IMAX C 28
2026-05-25T02:24:04Z,C,27,available,False,BFI IMAX C 27
2026-05-25T02:24:04Z,C,26,available,False,BFI IMAX C 26
2026-05-25T02:24:04Z,C,25,sold,False,BFI IMAX C 25
2026-05-25T02:24:04Z,C,24,sold,False,BFI IMAX C 24
2026-05-25T02:24:04Z,C,23,sold,False,BFI IMAX C 23
2026-05-25T02:24:04Z,C,22,sold,False,BFI IMAX C 22
2026-05-25T02:24:04Z,C,21,sold,False,BFI IMAX C 21
2026-05-25T02:24:04Z,C,20,sold,False,BFI IMAX C 20
2026-05-25T02:24:04Z,C,19,sold,False,BFI IMAX C 19
2026-05-25T02:24:04Z,C,18,sold,False,BFI IMAX C 18
2026-05-25T02:24:04Z,C,17,sold,False,BFI IMAX C 17
2026-05-25T02:24:04Z,C,16,sold,False,BFI IMAX C 16
2026-05-25T02:24:04Z,C,15,sold,False,BFI IMAX C 15
2026-05-25T02:24:04Z,C,14,sold,False,BFI IMAX C 14
2026-05-25T02:24:04Z,C,13,sold,False,BFI IMAX C 13
2026-05-25T02:24:04Z,C,12,sold,False,BFI IMAX C 12
2026-05-25T02:24:04Z,C,11,sold,False,BFI IMAX C 11
2026-05-25T02:24:04Z,C,10,sold,False,BFI IMAX C 10
2026-05-25T02:24:04Z,C,9,available,False,BFI IMAX C 9
2026-05-25T02:24:04Z,C,8,available,False,BFI IMAX C 8
2026-05-25T02:24:04Z,C,7,available,False,BFI IMAX C 7
2026-05-25T02:24:04Z,C,6,available,False,BFI IMAX C 6
2026-05-25T02:24:04Z,C,5,available,False,BFI IMAX C 5
2026-05-25T02:24:04Z,C,4,available,False,BFI IMAX C 4
2026-05-25T02:24:04Z,C,3,available,False,BFI IMAX C 3
2026-05-25T02:24:04Z,C,2,available,False,BFI IMAX C 2
2026-05-25T02:24:04Z,C,1,available,False,BFI IMAX C 1
2026-05-25T02:24:04Z,D,37,available,False,BFI IMAX D 37
2026-05-25T02:24:04Z,D,36,available,False,BFI IMAX D 36
2026-05-25T02:24:04Z,D,35,available,False,BFI IMAX D 35
2026-05-25T02:24:04Z,D,34,available,False,BFI IMAX D 34
2026-05-25T02:24:04Z,D,33,available,False,BFI IMAX D 33
2026-05-25T02:24:04Z,D,32,available,False,BFI IMAX D 32
2026-05-25T02:24:04Z,D,31,available,False,BFI IMAX D 31
2026-05-25T02:24:04Z,D,30,sold,False,BFI IMAX D 30
2026-05-25T02:24:04Z,D,29,sold,False,BFI IMAX D 29
2026-05-25T02:24:04Z,D,28,sold,False,BFI IMAX D 28
2026-05-25T02:24:04Z,D,27,sold,False,BFI IMAX D 27
2026-05-25T02:24:04Z,D,26,sold,False,BFI IMAX D 26
2026-05-25T02:24:04Z,D,25,sold,False,BFI IMAX D 25
2026-05-25T02:24:04Z,D,24,sold,False,BFI IMAX D 24
2026-05-25T02:24:04Z,D,23,sold,False,BFI IMAX D 23
2026-05-25T02:24:04Z,D,22,sold,False,BFI IMAX D 22
2026-05-25T02:24:04Z,D,21,sold,False,BFI IMAX D 21
2026-05-25T02:24:04Z,D,20,sold,False,BFI IMAX D 20
2026-05-25T02:24:04Z,D,19,sold,False,BFI IMAX D 19
2026-05-25T02:24:04Z,D,18,sold,False,BFI IMAX D 18
2026-05-25T02:24:04Z,D,17,sold,False,BFI IMAX D 17
2026-05-25T02:24:04Z,D,16,sold,False,BFI IMAX D 16
2026-05-25T02:24:04Z,D,15,sold,False,BFI IMAX D 15
2026-05-25T02:24:04Z,D,14,sold,False,BFI IMAX D 14
2026-05-25T02:24:04Z,D,13,sold,False,BFI IMAX D 13
2026-05-25T02:24:04Z,D,12,sold,False,BFI IMAX D 12
2026-05-25T02:24:04Z,D,11,sold,False,BFI IMAX D 11
2026-05-25T02:24:04Z,D,10,sold,False,BFI IMAX D 10
2026-05-25T02:24:04Z,D,9,sold,False,BFI IMAX D 9
2026-05-25T02:24:04Z,D,8,sold,False,BFI IMAX D 8
2026-05-25T02:24:04Z,D,7,sold,False,BFI IMAX D 7
2026-05-25T02:24:04Z,D,6,available,False,BFI IMAX D 6
2026-05-25T02:24:04Z,D,5,available,False,BFI IMAX D 5
2026-05-25T02:24:04Z,D,4,available,False,BFI IMAX D 4
2026-05-25T02:24:04Z,D,3,available,False,BFI IMAX D 3
2026-05-25T02:24:04Z,D,2,available,False,BFI IMAX D 2
2026-05-25T02:24:04Z,D,1,available,False,BFI IMAX D 1
2026-05-25T02:24:04Z,E,37,available,False,BFI IMAX E 37
2026-05-25T02:24:04Z,E,36,available,False,BFI IMAX E 36
2026-05-25T02:24:04Z,E,35,available,False,BFI IMAX E 35
2026-05-25T02:24:04Z,E,34,sold,False,BFI IMAX E 34
2026-05-25T02:24:04Z,E,33,sold,False,BFI IMAX E 33
2026-05-25T02:24:04Z,E,32,sold,False,BFI IMAX E 32
2026-05-25T02:24:04Z,E,31,sold,False,BFI IMAX E 31
2026-05-25T02:24:04Z,E,30,sold,False,BFI IMAX E 30
2026-05-25T02:24:04Z,E,29,sold,False,BFI IMAX E 29
2026-05-25T02:24:04Z,E,28,sold,False,BFI IMAX E 28
2026-05-25T02:24:04Z,E,27,sold,False,BFI IMAX E 27
2026-05-25T02:24:04Z,E,26,sold,False,BFI IMAX E 26
2026-05-25T02:24:04Z,E,25,sold,False,BFI IMAX E 25
2026-05-25T02:24:04Z,E,24,sold,False,BFI IMAX E 24
2026-05-25T02:24:04Z,E,23,sold,False,BFI IMAX E 23
2026-05-25T02:24:04Z,E,22,sold,False,BFI IMAX E 22
2026-05-25T02:24:04Z,E,21,sold,False,BFI IMAX E 21
2026-05-25T02:24:04Z,E,20,sold,False,BFI IMAX E 20
2026-05-25T02:24:04Z,E,19,sold,False,BFI IMAX E 19
2026-05-25T02:24:04Z,E,18,sold,False,BFI IMAX E 18
2026-05-25T02:24:04Z,E,17,sold,False,BFI IMAX E 17
2026-05-25T02:24:04Z,E,16,sold,False,BFI IMAX E 16
2026-05-25T02:24:04Z,E,15,sold,False,BFI IMAX E 15
2026-05-25T02:24:04Z,E,14,sold,False,BFI IMAX E 14
2026-05-25T02:24:04Z,E,13,sold,False,BFI IMAX E 13
2026-05-25T02:24:04Z,E,12,sold,False,BFI IMAX E 12
2026-05-25T02:24:04Z,E,11,sold,False,BFI IMAX E 11
2026-05-25T02:24:04Z,E,10,sold,False,BFI IMAX E 10
2026-05-25T02:24:04Z,E,9,sold,False,BFI IMAX E 9
2026-05-25T02:24:04Z,E,8,sold,False,BFI IMAX E 8
2026-05-25T02:24:04Z,E,7,sold,False,BFI IMAX E 7
2026-05-25T02:24:04Z,E,6,sold,False,BFI IMAX E 6
2026-05-25T02:24:04Z,E,5,sold,False,BFI IMAX E 5
2026-05-25T02:24:04Z,E,4,available,False,BFI IMAX E 4
2026-05-25T02:24:04Z,E,3,available,False,BFI IMAX E 3
2026-05-25T02:24:04Z,E,2,available,False,BFI IMAX E 2
2026-05-25T02:24:04Z,E,1,available,False,BFI IMAX E 1
2026-05-25T02:24:04Z,F,38,available,False,BFI IMAX F 38
2026-05-25T02:24:04Z,F,37,sold,False,BFI IMAX F 37
2026-05-25T02:24:04Z,F,36,sold,False,BFI IMAX F 36
2026-05-25T02:24:04Z,F,35,sold,False,BFI IMAX F 35
2026-05-25T02:24:04Z,F,34,sold,False,BFI IMAX F 34
2026-05-25T02:24:04Z,F,33,sold,False,BFI IMAX F 33
2026-05-25T02:24:04Z,F,32,sold,False,BFI IMAX F 32
2026-05-25T02:24:04Z,F,31,sold,False,BFI IMAX F 31
2026-05-25T02:24:04Z,F,30,sold,False,BFI IMAX F 30
2026-05-25T02:24:04Z,F,29,sold,False,BFI IMAX F 29
2026-05-25T02:24:04Z,F,28,sold,False,BFI IMAX F 28
2026-05-25T02:24:04Z,F,27,sold,False,BFI IMAX F 27
2026-05-25T02:24:04Z,F,26,sold,False,BFI IMAX F 26
2026-05-25T02:24:04Z,F,25,sold,False,BFI IMAX F 25
2026-05-25T02:24:04Z,F,24,sold,False,BFI IMAX F 24
2026-05-25T02:24:04Z,F,23,sold,False,BFI IMAX F 23
2026-05-25T02:24:04Z,F,22,sold,False,BFI IMAX F 22
2026-05-25T02:24:04Z,F,21,sold,False,BFI IMAX F 21
2026-05-25T02:24:04Z,F,20,sold,False,BFI IMAX F 20
2026-05-25T02:24:04Z,F,19,sold,False,BFI IMAX F 19
2026-05-25T02:24:04Z,F,18,sold,False,BFI IMAX F 18
2026-05-25T02:24:04Z,F,17,sold,False,BFI IMAX F 17
2026-05-25T02:24:04Z,F,16,sold,False,BFI IMAX F 16
2026-05-25T02:24:04Z,F,15,sold,False,BFI IMAX F 15
2026-05-25T02:24:04Z,F,14,sold,False,BFI IMAX F 14
2026-05-25T02:24:04Z,F,13,sold,False,BFI IMAX F 13
2026-05-25T02:24:04Z,F,12,sold,False,BFI IMAX F 12
2026-05-25T02:24:04Z,F,11,sold,False,BFI IMAX F 11
2026-05-25T02:24:04Z,F,10,sold,False,BFI IMAX F 10
2026-05-25T02:24:04Z,F,9,sold,False,BFI IMAX F 9
2026-05-25T02:24:04Z,F,8,sold,False,BFI IMAX F 8
2026-05-25T02:24:04Z,F,7,sold,False,BFI IMAX F 7
2026-05-25T02:24:04Z,F,6,sold,False,BFI IMAX F 6
2026-05-25T02:24:04Z,F,5,sold,False,BFI IMAX F 5
2026-05-25T02:24:04Z,F,4,sold,False,BFI IMAX F 4
2026-05-25T02:24:04Z,F,3,sold,False,BFI IMAX F 3
2026-05-25T02:24:04Z,F,2,sold,False,BFI IMAX F 2
2026-05-25T02:24:04Z,F,1,sold,False,BFI IMAX F 1
2026-05-25T02:24:04Z,G,37,sold,False,BFI IMAX G 37
2026-05-25T02:24:04Z,G,36,sold,False,BFI IMAX G 36
2026-05-25T02:24:04Z,G,35,sold,False,BFI IMAX G 35
2026-05-25T02:24:04Z,G,34,sold,False,BFI IMAX G 34
2026-05-25T02:24:04Z,G,33,sold,False,BFI IMAX G 33
2026-05-25T02:24:04Z,G,32,sold,False,BFI IMAX G 32
2026-05-25T02:24:04Z,G,31,sold,False,BFI IMAX G 31
2026-05-25T02:24:04Z,G,30,sold,False,BFI IMAX G 30
2026-05-25T02:24:04Z,G,29,sold,False,BFI IMAX G 29
2026-05-25T02:24:04Z,G,28,sold,False,BFI IMAX G 28
2026-05-25T02:24:04Z,G,27,sold,False,BFI IMAX G 27
2026-05-25T02:24:04Z,G,26,sold,False,BFI IMAX G 26
2026-05-25T02:24:04Z,G,25,sold,False,BFI IMAX G 25
2026-05-25T02:24:04Z,G,24,sold,False,BFI IMAX G 24
2026-05-25T02:24:04Z,G,23,sold,False,BFI IMAX G 23
2026-05-25T02:24:04Z,G,22,sold,False,BFI IMAX G 22
2026-05-25T02:24:04Z,G,21,sold,False,BFI IMAX G 21
2026-05-25T02:24:04Z,G,20,sold,False,BFI IMAX G 20
2026-05-25T02:24:04Z,G,19,sold,False,BFI IMAX G 19
2026-05-25T02:24:04Z,G,18,sold,False,BFI IMAX G 18
2026-05-25T02:24:04Z,G,17,sold,False,BFI IMAX G 17
2026-05-25T02:24:04Z,G,16,sold,False,BFI IMAX G 16
2026-05-25T02:24:04Z,G,15,sold,False,BFI IMAX G 15
2026-05-25T02:24:04Z,G,14,sold,False,BFI IMAX G 14
2026-05-25T02:24:04Z,G,13,sold,False,BFI IMAX G 13
2026-05-25T02:24:04Z,G,12,sold,False,BFI IMAX G 12
2026-05-25T02:24:04Z,G,11,sold,False,BFI IMAX G 11
2026-05-25T02:24:04Z,G,10,sold,False,BFI IMAX G 10
2026-05-25T02:24:04Z,G,9,sold,False,BFI IMAX G 9
2026-05-25T02:24:04Z,G,8,sold,False,BFI IMAX G 8
2026-05-25T02:24:04Z,G,7,sold,False,BFI IMAX G 7
2026-05-25T02:24:04Z,G,6,sold,False,BFI IMAX G 6
2026-05-25T02:24:04Z,G,5,sold,False,BFI IMAX G 5
2026-05-25T02:24:04Z,G,4,sold,False,BFI IMAX G 4
2026-05-25T02:24:04Z,G,3,sold,False,BFI IMAX G 3
2026-05-25T02:24:04Z,G,2,sold,False,BFI IMAX G 2
2026-05-25T02:24:04Z,G,1,sold,False,BFI IMAX G 1
2026-05-25T02:24:04Z,H,37,sold,False,BFI IMAX H 37
2026-05-25T02:24:04Z,H,36,sold,False,BFI IMAX H 36
2026-05-25T02:24:04Z,H,35,sold,False,BFI IMAX H 35
2026-05-25T02:24:04Z,H,34,sold,False,BFI IMAX H 34
2026-05-25T02:24:04Z,H,33,sold,False,BFI IMAX H 33
2026-05-25T02:24:04Z,H,32,sold,False,BFI IMAX H 32
2026-05-25T02:24:04Z,H,31,sold,False,BFI IMAX H 31
2026-05-25T02:24:04Z,H,30,sold,False,BFI IMAX H 30
2026-05-25T02:24:04Z,H,29,sold,False,BFI IMAX H 29
2026-05-25T02:24:04Z,H,28,sold,False,BFI IMAX H 28
2026-05-25T02:24:04Z,H,27,sold,False,BFI IMAX H 27
2026-05-25T02:24:04Z,H,26,sold,False,BFI IMAX H 26
2026-05-25T02:24:04Z,H,25,sold,False,BFI IMAX H 25
2026-05-25T02:24:04Z,H,24,sold,False,BFI IMAX H 24
2026-05-25T02:24:04Z,H,23,sold,False,BFI IMAX H 23
2026-05-25T02:24:04Z,H,22,sold,False,BFI IMAX H 22
2026-05-25T02:24:04Z,H,21,sold,False,BFI IMAX H 21
2026-05-25T02:24:04Z,H,20,sold,False,BFI IMAX H 20
2026-05-25T02:24:04Z,H,19,sold,False,BFI IMAX H 19
2026-05-25T02:24:04Z,H,18,sold,False,BFI IMAX H 18
2026-05-25T02:24:04Z,H,17,sold,False,BFI IMAX H 17
2026-05-25T02:24:04Z,H,16,sold,False,BFI IMAX H 16
2026-05-25T02:24:04Z,H,15,sold,False,BFI IMAX H 15
2026-05-25T02:24:04Z,H,14,sold,False,BFI IMAX H 14
2026-05-25T02:24:04Z,H,13,sold,False,BFI IMAX H 13
2026-05-25T02:24:04Z,H,12,sold,False,BFI IMAX H 12
2026-05-25T02:24:04Z,H,11,sold,False,BFI IMAX H 11
2026-05-25T02:24:04Z,H,10,sold,False,BFI IMAX H 10
2026-05-25T02:24:04Z,H,9,sold,False,BFI IMAX H 9
2026-05-25T02:24:04Z,H,8,sold,False,BFI IMAX H 8
2026-05-25T02:24:04Z,H,7,sold,False,BFI IMAX H 7
2026-05-25T02:24:04Z,H,6,sold,False,BFI IMAX H 6
2026-05-25T02:24:04Z,H,5,sold,False,BFI IMAX H 5
2026-05-25T02:24:04Z,H,4,sold,False,BFI IMAX H 4
2026-05-25T02:24:04Z,H,3,sold,False,BFI IMAX H 3
2026-05-25T02:24:04Z,H,2,sold,False,BFI IMAX H 2
2026-05-25T02:24:04Z,H,1,sold,False,BFI IMAX H 1
2026-05-25T02:24:04Z,J,36,sold,False,BFI IMAX J 36
2026-05-25T02:24:04Z,J,35,sold,False,BFI IMAX J 35
2026-05-25T02:24:04Z,J,34,sold,False,BFI IMAX J 34
2026-05-25T02:24:04Z,J,33,sold,False,BFI IMAX J 33
2026-05-25T02:24:04Z,J,32,sold,False,BFI IMAX J 32
2026-05-25T02:24:04Z,J,31,sold,False,BFI IMAX J 31
2026-05-25T02:24:04Z,J,30,sold,False,BFI IMAX J 30
2026-05-25T02:24:04Z,J,29,sold,False,BFI IMAX J 29
2026-05-25T02:24:04Z,J,28,sold,False,BFI IMAX J 28
2026-05-25T02:24:04Z,J,27,sold,False,BFI IMAX J 27
2026-05-25T02:24:04Z,J,26,sold,False,BFI IMAX J 26
2026-05-25T02:24:04Z,J,25,sold,False,BFI IMAX J 25
2026-05-25T02:24:04Z,J,24,sold,False,BFI IMAX J 24
2026-05-25T02:24:04Z,J,23,sold,False,BFI IMAX J 23
2026-05-25T02:24:04Z,J,22,sold,False,BFI IMAX J 22
2026-05-25T02:24:04Z,J,21,sold,False,BFI IMAX J 21
2026-05-25T02:24:04Z,J,20,sold,False,BFI IMAX J 20
2026-05-25T02:24:04Z,J,19,sold,False,BFI IMAX J 19
2026-05-25T02:24:04Z,J,18,sold,False,BFI IMAX J 18
2026-05-25T02:24:04Z,J,17,sold,False,BFI IMAX J 17
2026-05-25T02:24:04Z,J,16,sold,False,BFI IMAX J 16
2026-05-25T02:24:04Z,J,15,sold,False,BFI IMAX J 15
2026-05-25T02:24:04Z,J,14,sold,False,BFI IMAX J 14
2026-05-25T02:24:04Z,J,13,sold,False,BFI IMAX J 13
2026-05-25T02:24:04Z,J,12,sold,False,BFI IMAX J 12
2026-05-25T02:24:04Z,J,11,sold,False,BFI IMAX J 11
2026-05-25T02:24:04Z,J,10,sold,False,BFI IMAX J 10
2026-05-25T02:24:04Z,J,9,sold,False,BFI IMAX J 9
2026-05-25T02:24:04Z,J,8,sold,False,BFI IMAX J 8
2026-05-25T02:24:04Z,J,7,sold,False,BFI IMAX J 7
2026-05-25T02:24:04Z,J,6,sold,False,BFI IMAX J 6
2026-05-25T02:24:04Z,J,5,sold,False,BFI IMAX J 5
2026-05-25T02:24:04Z,J,4,sold,False,BFI IMAX J 4
2026-05-25T02:24:04Z,J,3,sold,False,BFI IMAX J 3
2026-05-25T02:24:04Z,J,2,sold,False,BFI IMAX J 2
2026-05-25T02:24:04Z,J,1,sold,False,BFI IMAX J 1
2026-05-25T02:24:04Z,K,36,sold,False,BFI IMAX K 36
2026-05-25T02:24:04Z,K,35,sold,False,BFI IMAX K 35
2026-05-25T02:24:04Z,K,34,sold,False,BFI IMAX K 34
2026-05-25T02:24:04Z,K,33,sold,False,BFI IMAX K 33
2026-05-25T02:24:04Z,K,32,sold,False,BFI IMAX K 32
2026-05-25T02:24:04Z,K,31,sold,False,BFI IMAX K 31
2026-05-25T02:24:04Z,K,30,sold,False,BFI IMAX K 30
2026-05-25T02:24:04Z,K,29,sold,False,BFI IMAX K 29
2026-05-25T02:24:04Z,K,28,sold,False,BFI IMAX K 28
2026-05-25T02:24:04Z,A,13,available,False,BFI IMAX A 13
2026-05-25T02:24:04Z,A,12,available,False,BFI IMAX A 12
2026-05-25T02:24:04Z,K,25,sold,False,BFI IMAX K 25
2026-05-25T02:24:04Z,K,24,sold,False,BFI IMAX K 24
2026-05-25T02:24:04Z,K,23,sold,False,BFI IMAX K 23
2026-05-25T02:24:04Z,K,22,sold,False,BFI IMAX K 22
2026-05-25T02:24:04Z,K,21,sold,False,BFI IMAX K 21
2026-05-25T02:24:04Z,K,20,sold,False,BFI IMAX K 20
2026-05-25T02:24:04Z,K,19,sold,False,BFI IMAX K 19
2026-05-25T02:24:04Z,K,18,sold,False,BFI IMAX K 18
2026-05-25T02:24:04Z,K,17,sold,False,BFI IMAX K 17
2026-05-25T02:24:04Z,K,16,sold,False,BFI IMAX K 16
2026-05-25T02:24:04Z,K,15,sold,False,BFI IMAX K 15
2026-05-25T02:24:04Z,K,14,sold,False,BFI IMAX K 14
2026-05-25T02:24:04Z,K,13,sold,False,BFI IMAX K 13
2026-05-25T02:24:04Z,K,12,sold,False,BFI IMAX K 12
2026-05-25T02:24:04Z,K,11,sold,False,BFI IMAX K 11
2026-05-25T02:24:04Z,K,10,sold,False,BFI IMAX K 10
2026-05-25T02:24:04Z,K,9,sold,False,BFI IMAX K 9
2026-05-25T02:24:04Z,K,8,sold,False,BFI IMAX K 8
2026-05-25T02:24:04Z,K,7,sold,False,BFI IMAX K 7
2026-05-25T02:24:04Z,K,6,sold,False,BFI IMAX K 6
2026-05-25T02:24:04Z,K,5,sold,False,BFI IMAX K 5
2026-05-25T02:24:04Z,K,4,sold,False,BFI IMAX K 4
2026-05-25T02:24:04Z,K,3,sold,False,BFI IMAX K 3
2026-05-25T02:24:04Z,K,2,sold,False,BFI IMAX K 2
2026-05-25T02:24:04Z,K,1,sold,False,BFI IMAX K 1
2026-05-25T02:24:04Z,L,33,sold,False,BFI IMAX L 33
2026-05-25T02:24:04Z,L,32,sold,False,BFI IMAX L 32
2026-05-25T02:24:04Z,L,31,sold,False,BFI IMAX L 31
2026-05-25T02:24:04Z,L,30,sold,False,BFI IMAX L 30
2026-05-25T02:24:04Z,L,29,sold,False,BFI IMAX L 29
2026-05-25T02:24:04Z,L,28,sold,False,BFI IMAX L 28
2026-05-25T02:24:04Z,L,27,sold,False,BFI IMAX L 27
2026-05-25T02:24:04Z,L,26,sold,False,BFI IMAX L 26
2026-05-25T02:24:04Z,L,8,sold,False,BFI IMAX L 8
2026-05-25T02:24:04Z,L,7,sold,False,BFI IMAX L 7
2026-05-25T02:24:04Z,L,6,sold,False,BFI IMAX L 6
2026-05-25T02:24:04Z,L,5,sold,False,BFI IMAX L 5
2026-05-25T02:24:04Z,L,4,sold,False,BFI IMAX L 4
2026-05-25T02:24:04Z,L,3,sold,False,BFI IMAX L 3
2026-05-25T02:24:04Z,L,2,sold,False,BFI IMAX L 2
2026-05-25T02:24:04Z,L,1,sold,False,BFI IMAX L 1
2026-05-25T02:24:04Z,M,34,sold,False,BFI IMAX M 34
2026-05-25T02:24:04Z,M,33,sold,False,BFI IMAX M 33
2026-05-25T02:24:04Z,M,32,sold,False,BFI IMAX M 32
2026-05-25T02:24:04Z,M,31,sold,False,BFI IMAX M 31
2026-05-25T02:24:04Z,M,30,sold,False,BFI IMAX M 30
2026-05-25T02:24:04Z,M,29,sold,False,BFI IMAX M 29
2026-05-25T02:24:04Z,M,28,sold,False,BFI IMAX M 28
2026-05-25T02:24:04Z,M,27,sold,False,BFI IMAX M 27
2026-05-25T02:24:04Z,M,8,sold,False,BFI IMAX M 8
2026-05-25T02:24:04Z,M,7,sold,False,BFI IMAX M 7
2026-05-25T02:24:04Z,M,6,sold,False,BFI IMAX M 6
2026-05-25T02:24:04Z,M,5,sold,False,BFI IMAX M 5
2026-05-25T02:24:04Z,M,4,sold,False,BFI IMAX M 4
2026-05-25T02:24:04Z,M,3,sold,False,BFI IMAX M 3
2026-05-25T02:24:04Z,M,2,sold,False,BFI IMAX M 2
2026-05-25T02:24:04Z,M,1,sold,False,BFI IMAX M 1
2026-05-25T02:24:04Z,N,34,unavailable,False,BFI IMAX N 34
2026-05-25T02:24:04Z,N,33,unavailable,False,BFI IMAX N 33
2026-05-25T02:24:04Z,N,32,unavailable,False,BFI IMAX N 32
2026-05-25T02:24:04Z,N,31,unavailable,False,BFI IMAX N 31
2026-05-25T02:24:04Z,N,30,unavailable,False,BFI IMAX N 30
2026-05-25T02:24:04Z,N,29,unavailable,False,BFI IMAX N 29
2026-05-25T02:24:04Z,N,28,unavailable,False,BFI IMAX N 28
2026-05-25T02:24:04Z,N,27,unavailable,False,BFI IMAX N 27
2026-05-25T02:24:04Z,A,11,available,False,BFI IMAX A 11
2026-05-25T02:24:04Z,A,10,available,False,BFI IMAX A 10
2026-05-25T02:24:04Z,N,6,sold,False,BFI IMAX N 6
2026-05-25T02:24:04Z,N,5,sold,False,BFI IMAX N 5
2026-05-25T02:24:04Z,N,4,sold,False,BFI IMAX N 4
2026-05-25T02:24:04Z,N,3,sold,False,BFI IMAX N 3
2026-05-25T02:24:04Z,N,2,sold,False,BFI IMAX N 2
2026-05-25T02:24:04Z,N,1,sold,False,BFI IMAX N 1
2026-05-25T02:24:04Z,P,31,unavailable,False,BFI IMAX P 31
2026-05-25T02:24:04Z,A,9,available,False,BFI IMAX A 9
2026-05-25T02:24:04Z,A,8,available,False,BFI IMAX A 8
2026-05-25T02:24:04Z,P,26,unavailable,False,BFI IMAX P 26
2026-05-25T02:24:04Z,P,6,sold,False,BFI IMAX P 6
2026-05-25T02:24:04Z,A,7,available,False,BFI IMAX A 7
2026-05-25T02:24:04Z,A,6,available,False,BFI IMAX A 6
2026-05-25T02:24:04Z,P,1,unavailable,False,BFI IMAX P 1
2026-05-25T02:24:04Z,M,11,sold,False,BFI IMAX M 11
2026-05-25T02:24:04Z,M,10,sold,False,BFI IMAX M 10
2026-05-25T02:24:04Z,M,9,sold,False,BFI IMAX M 9
2026-05-25T02:24:04Z,L,9,sold,False,BFI IMAX L 9
2026-05-25T02:24:04Z,L,25,sold,False,BFI IMAX L 25
2026-05-25T02:24:04Z,L,24,sold,False,BFI IMAX L 24
2026-05-25T02:24:04Z,L,23,sold,False,BFI IMAX L 23
2026-05-25T02:24:04Z,L,22,sold,False,BFI IMAX L 22
2026-05-25T02:24:04Z,L,21,sold,False,BFI IMAX L 21
2026-05-25T02:24:04Z,L,20,sold,False,BFI IMAX L 20
2026-05-25T02:24:04Z,L,19,sold,False,BFI IMAX L 19
2026-05-25T02:24:04Z,L,18,sold,False,BFI IMAX L 18
2026-05-25T02:24:04Z,L,17,sold,False,BFI IMAX L 17
2026-05-25T02:24:04Z,L,16,sold,False,BFI IMAX L 16
2026-05-25T02:24:04Z,L,15,sold,False,BFI IMAX L 15
2026-05-25T02:24:04Z,L,14,sold,False,BFI IMAX L 14
2026-05-25T02:24:04Z,L,13,sold,False,BFI IMAX L 13
2026-05-25T02:24:04Z,L,12,sold,False,BFI IMAX L 12
2026-05-25T02:24:04Z,L,11,sold,False,BFI IMAX L 11
2026-05-25T02:24:04Z,N,26,unavailable,False,BFI IMAX N 26
2026-05-25T02:24:04Z,N,25,unavailable,False,BFI IMAX N 25
2026-05-25T02:24:04Z,N,24,unavailable,False,BFI IMAX N 24
2026-05-25T02:24:04Z,N,23,unavailable,False,BFI IMAX N 23
2026-05-25T02:24:04Z,N,22,sold,False,BFI IMAX N 22
2026-05-25T02:24:04Z,N,21,sold,False,BFI IMAX N 21
2026-05-25T02:24:04Z,N,20,sold,False,BFI IMAX N 20
2026-05-25T02:24:04Z,N,19,sold,False,BFI IMAX N 19
2026-05-25T02:24:04Z,N,18,sold,False,BFI IMAX N 18
2026-05-25T02:24:04Z,N,17,sold,False,BFI IMAX N 17
2026-05-25T02:24:04Z,N,16,sold,False,BFI IMAX N 16
2026-05-25T02:24:04Z,N,15,sold,False,BFI IMAX N 15
2026-05-25T02:24:04Z,N,14,sold,False,BFI IMAX N 14
2026-05-25T02:24:04Z,N,13,sold,False,BFI IMAX N 13
2026-05-25T02:24:04Z,N,12,unavailable,False,BFI IMAX N 12
2026-05-25T02:24:04Z,N,11,unavailable,False,BFI IMAX N 11
2026-05-25T02:24:04Z,N,10,unavailable,False,BFI IMAX N 10
2026-05-25T02:24:04Z,N,9,unavailable,False,BFI IMAX N 9
2026-05-25T02:24:04Z,L,10,sold,False,BFI IMAX L 10
2026-05-25T02:24:04Z,M,26,sold,False,BFI IMAX M 26
2026-05-25T02:24:04Z,M,25,sold,False,BFI IMAX M 25
2026-05-25T02:24:04Z,M,24,sold,False,BFI IMAX M 24
2026-05-25T02:24:04Z,M,23,sold,False,BFI IMAX M 23
2026-05-25T02:24:04Z,M,22,sold,False,BFI IMAX M 22
2026-05-25T02:24:04Z,M,21,sold,False,BFI IMAX M 21
2026-05-25T02:24:04Z,M,20,sold,False,BFI IMAX M 20
2026-05-25T02:24:04Z,M,19,sold,False,BFI IMAX M 19
2026-05-25T02:24:04Z,M,18,sold,False,BFI IMAX M 18
2026-05-25T02:24:04Z,M,17,sold,False,BFI IMAX M 17
2026-05-25T02:24:04Z,M,16,sold,False,BFI IMAX M 16
2026-05-25T02:24:04Z,M,15,sold,False,BFI IMAX M 15
2026-05-25T02:24:04Z,M,14,sold,False,BFI IMAX M 14
2026-05-25T02:24:04Z,M,13,sold,False,BFI IMAX M 13
2026-05-25T02:24:04Z,M,12,sold,False,BFI IMAX M 12
2026-05-25T02:24:04Z,P,30,unavailable,True,BFI IMAX P 30
2026-05-25T02:24:04Z,P,27,unavailable,True,BFI IMAX P 27
2026-05-25T02:24:04Z,P,2,sold,True,BFI IMAX P 2
2026-05-25T02:24:04Z,P,5,sold,True,BFI IMAX P 5
2026-05-25T02:24:04Z,P,19,sold,False,BFI IMAX P 19
2026-05-25T02:24:04Z,P,18,sold,False,BFI IMAX P 18
2026-05-25T02:24:04Z,P,17,sold,False,BFI IMAX P 17
2026-05-25T02:24:04Z,P,16,sold,False,BFI IMAX P 16
2026-05-25T02:24:04Z,P,15,sold,False,BFI IMAX P 15
2026-05-25T02:24:04Z,P,14,sold,False,BFI IMAX P 14
2026-05-25T02:24:04Z,P,13,sold,False,BFI IMAX P 13
2026-05-25T02:24:04Z,P,12,sold,False,BFI IMAX P 12
2026-05-25T02:24:04Z,P,11,sold,False,BFI IMAX P 11
2026-05-25T02:24:04Z,P,10,sold,False,BFI IMAX P 10
2026-05-25T02:24:04Z,P,9,sold,False,BFI IMAX P 9
2026-05-25T02:24:04Z,P,8,sold,False,BFI IMAX P 8
2026-05-25T02:24:04Z,P,7,sold,False,BFI IMAX P 7
2026-05-25T02:24:04Z,P,25,sold,False,BFI IMAX P 25
2026-05-25T02:24:04Z,P,24,sold,False,BFI IMAX P 24
2026-05-25T02:24:04Z,P,23,sold,False,BFI IMAX P 23
2026-05-25T02:24:04Z,P,22,sold,False,BFI IMAX P 22
2026-05-25T02:24:04Z,P,21,sold,False,BFI IMAX P 21
2026-05-25T02:24:04Z,P,20,sold,False,BFI IMAX P 20
2026-05-25T02:24:04Z,Q,18,sold,False,BFI IMAX Q 18
2026-05-25T02:24:04Z,Q,17,sold,False,BFI IMAX Q 17
2026-05-25T02:24:04Z,Q,16,sold,False,BFI IMAX Q 16
2026-05-25T02:24:04Z,Q,15,sold,False,BFI IMAX Q 15
2026-05-25T02:24:04Z,Q,14,sold,False,BFI IMAX Q 14
2026-05-25T02:24:04Z,Q,13,sold,False,BFI IMAX Q 13
2026-05-25T02:24:04Z,Q,12,sold,False,BFI IMAX Q 12
2026-05-25T02:24:04Z,Q,11,sold,False,BFI IMAX Q 11
2026-05-25T02:24:04Z,Q,10,sold,False,BFI IMAX Q 10
2026-05-25T02:24:04Z,Q,9,sold,False,BFI IMAX Q 9
2026-05-25T02:24:04Z,Q,8,sold,False,BFI IMAX Q 8
2026-05-25T02:24:04Z,Q,7,sold,False,BFI IMAX Q 7
2026-05-25T02:24:04Z,Q,6,sold,False,BFI IMAX Q 6
2026-05-25T02:24:04Z,Q,5,sold,False,BFI IMAX Q 5
2026-05-25T02:24:04Z,Q,4,sold,False,BFI IMAX Q 4
2026-05-25T02:24:04Z,Q,3,sold,False,BFI IMAX Q 3
2026-05-25T02:24:04Z,Q,2,sold,False,BFI IMAX Q 2
2026-05-25T02:24:04Z,Q,1,sold,False,BFI IMAX Q 1
2026-05-25T03:51:52Z,K,27,unavailable,False,BFI IMAX K 27
2026-05-25T03:51:52Z,K,26,unavailable,False,BFI IMAX K 26
2026-05-25T03:51:52Z,N,8,unavailable,False,BFI IMAX N 8
2026-05-25T03:51:52Z,N,7,unavailable,False,BFI IMAX N 7
2026-05-25T03:51:52Z,P,29,unavailable,True,BFI IMAX P 29
2026-05-25T03:51:52Z,P,28,unavailable,True,BFI IMAX P 28
2026-05-25T03:51:52Z,P,4,unavailable,True,BFI IMAX P 4
2026-05-25T03:51:52Z,P,3,sold,True,BFI IMAX P 3
2026-05-25T03:51:52Z,A,5,available,False,BFI IMAX A 5
2026-05-25T03:51:52Z,A,4,available,False,BFI IMAX A 4
2026-05-25T03:51:52Z,A,3,available,False,BFI IMAX A 3
2026-05-25T03:51:52Z,A,2,available,False,BFI IMAX A 2
2026-05-25T03:51:52Z,A,1,available,False,BFI IMAX A 1
2026-05-25T03:51:52Z,B,36,available,False,BFI IMAX B 36
2026-05-25T03:51:52Z,B,35,available,False,BFI IMAX B 35
2026-05-25T03:51:52Z,B,34,available,False,BFI IMAX B 34
2026-05-25T03:51:52Z,B,33,available,False,BFI IMAX B 33
2026-05-25T03:51:52Z,B,32,available,False,BFI IMAX B 32
2026-05-25T03:51:52Z,B,31,available,False,BFI IMAX B 31
2026-05-25T03:51:52Z,B,30,available,False,BFI IMAX B 30
2026-05-25T03:51:52Z,B,29,available,False,BFI IMAX B 29
2026-05-25T03:51:52Z,B,28,available,False,BFI IMAX B 28
2026-05-25T03:51:52Z,B,27,available,False,BFI IMAX B 27
2026-05-25T03:51:52Z,B,26,available,False,BFI IMAX B 26
2026-05-25T03:51:52Z,B,25,available,False,BFI IMAX B 25
2026-05-25T03:51:52Z,B,24,available,False,BFI IMAX B 24
2026-05-25T03:51:52Z,B,23,sold,False,BFI IMAX B 23
2026-05-25T03:51:52Z,B,22,sold,False,BFI IMAX B 22
2026-05-25T03:51:52Z,B,21,sold,False,BFI IMAX B 21
2026-05-25T03:51:52Z,B,20,sold,False,BFI IMAX B 20
2026-05-25T03:51:52Z,B,19,sold,False,BFI IMAX B 19
2026-05-25T03:51:52Z,B,18,sold,False,BFI IMAX B 18
2026-05-25T03:51:52Z,B,17,sold,False,BFI IMAX B 17
2026-05-25T03:51:52Z,B,16,sold,False,BFI IMAX B 16
2026-05-25T03:51:52Z,B,15,available,False,BFI IMAX B 15
2026-05-25T03:51:52Z,B,14,available,False,BFI IMAX B 14
2026-05-25T03:51:52Z,B,13,available,False,BFI IMAX B 13
2026-05-25T03:51:52Z,B,12,available,False,BFI IMAX B 12
2026-05-25T03:51:52Z,B,11,available,False,BFI IMAX B 11
2026-05-25T03:51:52Z,B,10,available,False,BFI IMAX B 10
2026-05-25T03:51:52Z,B,9,available,False,BFI IMAX B 9
2026-05-25T03:51:52Z,B,8,available,False,BFI IMAX B 8
2026-05-25T03:51:52Z,B,7,available,False,BFI IMAX B 7
2026-05-25T03:51:52Z,B,6,available,False,BFI IMAX B 6
2026-05-25T03:51:52Z,B,5,available,False,BFI IMAX B 5
2026-05-25T03:51:52Z,B,4,available,False,BFI IMAX B 4
2026-05-25T03:51:52Z,B,3,available,False,BFI IMAX B 3
2026-05-25T03:51:52Z,B,2,available,False,BFI IMAX B 2
2026-05-25T03:51:52Z,B,1,available,False,BFI IMAX B 1
2026-05-25T03:51:52Z,C,36,available,False,BFI IMAX C 36
2026-05-25T03:51:52Z,C,35,available,False,BFI IMAX C 35
2026-05-25T03:51:52Z,C,34,available,False,BFI IMAX C 34
2026-05-25T03:51:52Z,C,33,available,False,BFI IMAX C 33
2026-05-25T03:51:52Z,C,32,available,False,BFI IMAX C 32
2026-05-25T03:51:52Z,C,31,available,False,BFI IMAX C 31
2026-05-25T03:51:52Z,C,30,available,False,BFI IMAX C 30
2026-05-25T03:51:52Z,C,29,available,False,BFI IMAX C 29
2026-05-25T03:51:52Z,C,28,available,False,BFI IMAX C 28
2026-05-25T03:51:52Z,C,27,available,False,BFI IMAX C 27
2026-05-25T03:51:52Z,C,26,available,False,BFI IMAX C 26
2026-05-25T03:51:52Z,C,25,sold,False,BFI IMAX C 25
2026-05-25T03:51:52Z,C,24,sold,False,BFI IMAX C 24
2026-05-25T03:51:52Z,C,23,sold,False,BFI IMAX C 23
2026-05-25T03:51:52Z,C,22,sold,False,BFI IMAX C 22
2026-05-25T03:51:52Z,C,21,sold,False,BFI IMAX C 21
2026-05-25T03:51:52Z,C,20,sold,False,BFI IMAX C 20
2026-05-25T03:51:52Z,C,19,sold,False,BFI IMAX C 19
2026-05-25T03:51:52Z,C,18,sold,False,BFI IMAX C 18
2026-05-25T03:51:52Z,C,17,sold,False,BFI IMAX C 17
2026-05-25T03:51:52Z,C,16,sold,False,BFI IMAX C 16
2026-05-25T03:51:52Z,C,15,sold,False,BFI IMAX C 15
2026-05-25T03:51:52Z,C,14,sold,False,BFI IMAX C 14
2026-05-25T03:51:52Z,C,13,sold,False,BFI IMAX C 13
2026-05-25T03:51:52Z,C,12,sold,False,BFI IMAX C 12
2026-05-25T03:51:52Z,C,11,sold,False,BFI IMAX C 11
2026-05-25T03:51:52Z,C,10,sold,False,BFI IMAX C 10
2026-05-25T03:51:52Z,C,9,available,False,BFI IMAX C 9
2026-05-25T03:51:52Z,C,8,available,False,BFI IMAX C 8
2026-05-25T03:51:52Z,C,7,available,False,BFI IMAX C 7
2026-05-25T03:51:52Z,C,6,available,False,BFI IMAX C 6
2026-05-25T03:51:52Z,C,5,available,False,BFI IMAX C 5
2026-05-25T03:51:52Z,C,4,available,False,BFI IMAX C 4
2026-05-25T03:51:52Z,C,3,available,False,BFI IMAX C 3
2026-05-25T03:51:52Z,C,2,available,False,BFI IMAX C 2
2026-05-25T03:51:52Z,C,1,available,False,BFI IMAX C 1
2026-05-25T03:51:52Z,D,37,available,False,BFI IMAX D 37
2026-05-25T03:51:52Z,D,36,available,False,BFI IMAX D 36
2026-05-25T03:51:52Z,D,35,available,False,BFI IMAX D 35
2026-05-25T03:51:52Z,D,34,available,False,BFI IMAX D 34
2026-05-25T03:51:52Z,D,33,available,False,BFI IMAX D 33
2026-05-25T03:51:52Z,D,32,available,False,BFI IMAX D 32
2026-05-25T03:51:52Z,D,31,available,False,BFI IMAX D 31
2026-05-25T03:51:52Z,D,30,sold,False,BFI IMAX D 30
2026-05-25T03:51:52Z,D,29,sold,False,BFI IMAX D 29
2026-05-25T03:51:52Z,D,28,sold,False,BFI IMAX D 28
2026-05-25T03:51:52Z,D,27,sold,False,BFI IMAX D 27
2026-05-25T03:51:52Z,D,26,sold,False,BFI IMAX D 26
2026-05-25T03:51:52Z,D,25,sold,False,BFI IMAX D 25
2026-05-25T03:51:52Z,D,24,sold,False,BFI IMAX D 24
2026-05-25T03:51:52Z,D,23,sold,False,BFI IMAX D 23
2026-05-25T03:51:52Z,D,22,sold,False,BFI IMAX D 22
2026-05-25T03:51:52Z,D,21,sold,False,BFI IMAX D 21
2026-05-25T03:51:52Z,D,20,sold,False,BFI IMAX D 20
2026-05-25T03:51:52Z,D,19,sold,False,BFI IMAX D 19
2026-05-25T03:51:52Z,D,18,sold,False,BFI IMAX D 18
2026-05-25T03:51:52Z,D,17,sold,False,BFI IMAX D 17
2026-05-25T03:51:52Z,D,16,sold,False,BFI IMAX D 16
2026-05-25T03:51:52Z,D,15,sold,False,BFI IMAX D 15
2026-05-25T03:51:52Z,D,14,sold,False,BFI IMAX D 14
2026-05-25T03:51:52Z,D,13,sold,False,BFI IMAX D 13
2026-05-25T03:51:52Z,D,12,sold,False,BFI IMAX D 12
2026-05-25T03:51:52Z,D,11,sold,False,BFI IMAX D 11
2026-05-25T03:51:52Z,D,10,sold,False,BFI IMAX D 10
2026-05-25T03:51:52Z,D,9,sold,False,BFI IMAX D 9
2026-05-25T03:51:52Z,D,8,sold,False,BFI IMAX D 8
2026-05-25T03:51:52Z,D,7,sold,False,BFI IMAX D 7
2026-05-25T03:51:52Z,D,6,available,False,BFI IMAX D 6
2026-05-25T03:51:52Z,D,5,available,False,BFI IMAX D 5
2026-05-25T03:51:52Z,D,4,available,False,BFI IMAX D 4
2026-05-25T03:51:52Z,D,3,available,False,BFI IMAX D 3
2026-05-25T03:51:52Z,D,2,available,False,BFI IMAX D 2
2026-05-25T03:51:52Z,D,1,available,False,BFI IMAX D 1
2026-05-25T03:51:52Z,E,37,available,False,BFI IMAX E 37
2026-05-25T03:51:52Z,E,36,available,False,BFI IMAX E 36
2026-05-25T03:51:52Z,E,35,available,False,BFI IMAX E 35
2026-05-25T03:51:52Z,E,34,sold,False,BFI IMAX E 34
2026-05-25T03:51:52Z,E,33,sold,False,BFI IMAX E 33
2026-05-25T03:51:52Z,E,32,sold,False,BFI IMAX E 32
2026-05-25T03:51:52Z,E,31,sold,False,BFI IMAX E 31
2026-05-25T03:51:52Z,E,30,sold,False,BFI IMAX E 30
2026-05-25T03:51:52Z,E,29,sold,False,BFI IMAX E 29
2026-05-25T03:51:52Z,E,28,sold,False,BFI IMAX E 28
2026-05-25T03:51:52Z,E,27,sold,False,BFI IMAX E 27
2026-05-25T03:51:52Z,E,26,sold,False,BFI IMAX E 26
2026-05-25T03:51:52Z,E,25,sold,False,BFI IMAX E 25
2026-05-25T03:51:52Z,E,24,sold,False,BFI IMAX E 24
2026-05-25T03:51:52Z,E,23,sold,False,BFI IMAX E 23
2026-05-25T03:51:52Z,E,22,sold,False,BFI IMAX E 22
2026-05-25T03:51:52Z,E,21,sold,False,BFI IMAX E 21
2026-05-25T03:51:52Z,E,20,sold,False,BFI IMAX E 20
2026-05-25T03:51:52Z,E,19,sold,False,BFI IMAX E 19
2026-05-25T03:51:52Z,E,18,sold,False,BFI IMAX E 18
2026-05-25T03:51:52Z,E,17,sold,False,BFI IMAX E 17
2026-05-25T03:51:52Z,E,16,sold,False,BFI IMAX E 16
2026-05-25T03:51:52Z,E,15,sold,False,BFI IMAX E 15
2026-05-25T03:51:52Z,E,14,sold,False,BFI IMAX E 14
2026-05-25T03:51:52Z,E,13,sold,False,BFI IMAX E 13
2026-05-25T03:51:52Z,E,12,sold,False,BFI IMAX E 12
2026-05-25T03:51:52Z,E,11,sold,False,BFI IMAX E 11
2026-05-25T03:51:52Z,E,10,sold,False,BFI IMAX E 10
2026-05-25T03:51:52Z,E,9,sold,False,BFI IMAX E 9
2026-05-25T03:51:52Z,E,8,sold,False,BFI IMAX E 8
2026-05-25T03:51:52Z,E,7,sold,False,BFI IMAX E 7
2026-05-25T03:51:52Z,E,6,sold,False,BFI IMAX E 6
2026-05-25T03:51:52Z,E,5,sold,False,BFI IMAX E 5
2026-05-25T03:51:52Z,E,4,available,False,BFI IMAX E 4
2026-05-25T03:51:52Z,E,3,available,False,BFI IMAX E 3
2026-05-25T03:51:52Z,E,2,available,False,BFI IMAX E 2
2026-05-25T03:51:52Z,E,1,available,False,BFI IMAX E 1
2026-05-25T03:51:52Z,F,38,available,False,BFI IMAX F 38
2026-05-25T03:51:52Z,F,37,sold,False,BFI IMAX F 37
2026-05-25T03:51:52Z,F,36,sold,False,BFI IMAX F 36
2026-05-25T03:51:52Z,F,35,sold,False,BFI IMAX F 35
2026-05-25T03:51:52Z,F,34,sold,False,BFI IMAX F 34
2026-05-25T03:51:52Z,F,33,sold,False,BFI IMAX F 33
2026-05-25T03:51:52Z,F,32,sold,False,BFI IMAX F 32
2026-05-25T03:51:52Z,F,31,sold,False,BFI IMAX F 31
2026-05-25T03:51:52Z,F,30,sold,False,BFI IMAX F 30
2026-05-25T03:51:52Z,F,29,sold,False,BFI IMAX F 29
2026-05-25T03:51:52Z,F,28,sold,False,BFI IMAX F 28
2026-05-25T03:51:52Z,F,27,sold,False,BFI IMAX F 27
2026-05-25T03:51:52Z,F,26,sold,False,BFI IMAX F 26
2026-05-25T03:51:52Z,F,25,sold,False,BFI IMAX F 25
2026-05-25T03:51:52Z,F,24,sold,False,BFI IMAX F 24
2026-05-25T03:51:52Z,F,23,sold,False,BFI IMAX F 23
2026-05-25T03:51:52Z,F,22,sold,False,BFI IMAX F 22
2026-05-25T03:51:52Z,F,21,sold,False,BFI IMAX F 21
2026-05-25T03:51:52Z,F,20,sold,False,BFI IMAX F 20
2026-05-25T03:51:52Z,F,19,sold,False,BFI IMAX F 19
2026-05-25T03:51:52Z,F,18,sold,False,BFI IMAX F 18
2026-05-25T03:51:52Z,F,17,sold,False,BFI IMAX F 17
2026-05-25T03:51:52Z,F,16,sold,False,BFI IMAX F 16
2026-05-25T03:51:52Z,F,15,sold,False,BFI IMAX F 15
2026-05-25T03:51:52Z,F,14,sold,False,BFI IMAX F 14
2026-05-25T03:51:52Z,F,13,sold,False,BFI IMAX F 13
2026-05-25T03:51:52Z,F,12,sold,False,BFI IMAX F 12
2026-05-25T03:51:52Z,F,11,sold,False,BFI IMAX F 11
2026-05-25T03:51:52Z,F,10,sold,False,BFI IMAX F 10
2026-05-25T03:51:52Z,F,9,sold,False,BFI IMAX F 9
2026-05-25T03:51:52Z,F,8,sold,False,BFI IMAX F 8
2026-05-25T03:51:52Z,F,7,sold,False,BFI IMAX F 7
2026-05-25T03:51:52Z,F,6,sold,False,BFI IMAX F 6
2026-05-25T03:51:52Z,F,5,sold,False,BFI IMAX F 5
2026-05-25T03:51:52Z,F,4,sold,False,BFI IMAX F 4
2026-05-25T03:51:52Z,F,3,sold,False,BFI IMAX F 3
2026-05-25T03:51:52Z,F,2,sold,False,BFI IMAX F 2
2026-05-25T03:51:52Z,F,1,sold,False,BFI IMAX F 1
2026-05-25T03:51:52Z,G,37,sold,False,BFI IMAX G 37
2026-05-25T03:51:52Z,G,36,sold,False,BFI IMAX G 36
2026-05-25T03:51:52Z,G,35,sold,False,BFI IMAX G 35
2026-05-25T03:51:52Z,G,34,sold,False,BFI IMAX G 34
2026-05-25T03:51:52Z,G,33,sold,False,BFI IMAX G 33
2026-05-25T03:51:52Z,G,32,sold,False,BFI IMAX G 32
2026-05-25T03:51:52Z,G,31,sold,False,BFI IMAX G 31
2026-05-25T03:51:52Z,G,30,sold,False,BFI IMAX G 30
2026-05-25T03:51:52Z,G,29,sold,False,BFI IMAX G 29
2026-05-25T03:51:52Z,G,28,sold,False,BFI IMAX G 28
2026-05-25T03:51:52Z,G,27,sold,False,BFI IMAX G 27
2026-05-25T03:51:52Z,G,26,sold,False,BFI IMAX G 26
2026-05-25T03:51:52Z,G,25,sold,False,BFI IMAX G 25
2026-05-25T03:51:52Z,G,24,sold,False,BFI IMAX G 24
2026-05-25T03:51:52Z,G,23,sold,False,BFI IMAX G 23
2026-05-25T03:51:52Z,G,22,sold,False,BFI IMAX G 22
2026-05-25T03:51:52Z,G,21,sold,False,BFI IMAX G 21
2026-05-25T03:51:52Z,G,20,sold,False,BFI IMAX G 20
2026-05-25T03:51:52Z,G,19,sold,False,BFI IMAX G 19
2026-05-25T03:51:52Z,G,18,sold,False,BFI IMAX G 18
2026-05-25T03:51:52Z,G,17,sold,False,BFI IMAX G 17
2026-05-25T03:51:52Z,G,16,sold,False,BFI IMAX G 16
2026-05-25T03:51:52Z,G,15,sold,False,BFI IMAX G 15
2026-05-25T03:51:52Z,G,14,sold,False,BFI IMAX G 14
2026-05-25T03:51:52Z,G,13,sold,False,BFI IMAX G 13
2026-05-25T03:51:52Z,G,12,sold,False,BFI IMAX G 12
2026-05-25T03:51:52Z,G,11,sold,False,BFI IMAX G 11
2026-05-25T03:51:52Z,G,10,sold,False,BFI IMAX G 10
2026-05-25T03:51:52Z,G,9,sold,False,BFI IMAX G 9
2026-05-25T03:51:52Z,G,8,sold,False,BFI IMAX G 8
2026-05-25T03:51:52Z,G,7,sold,False,BFI IMAX G 7
2026-05-25T03:51:52Z,G,6,sold,False,BFI IMAX G 6
2026-05-25T03:51:52Z,G,5,sold,False,BFI IMAX G 5
2026-05-25T03:51:52Z,G,4,sold,False,BFI IMAX G 4
2026-05-25T03:51:52Z,G,3,sold,False,BFI IMAX G 3
2026-05-25T03:51:52Z,G,2,sold,False,BFI IMAX G 2
2026-05-25T03:51:52Z,G,1,sold,False,BFI IMAX G 1
2026-05-25T03:51:52Z,H,37,sold,False,BFI IMAX H 37
2026-05-25T03:51:52Z,H,36,sold,False,BFI IMAX H 36
2026-05-25T03:51:52Z,H,35,sold,False,BFI IMAX H 35
2026-05-25T03:51:52Z,H,34,sold,False,BFI IMAX H 34
2026-05-25T03:51:52Z,H,33,sold,False,BFI IMAX H 33
2026-05-25T03:51:52Z,H,32,sold,False,BFI IMAX H 32
2026-05-25T03:51:52Z,H,31,sold,False,BFI IMAX H 31
2026-05-25T03:51:52Z,H,30,sold,False,BFI IMAX H 30
2026-05-25T03:51:52Z,H,29,sold,False,BFI IMAX H 29
2026-05-25T03:51:52Z,H,28,sold,False,BFI IMAX H 28
2026-05-25T03:51:52Z,H,27,sold,False,BFI IMAX H 27
2026-05-25T03:51:52Z,H,26,sold,False,BFI IMAX H 26
2026-05-25T03:51:52Z,H,25,sold,False,BFI IMAX H 25
2026-05-25T03:51:52Z,H,24,sold,False,BFI IMAX H 24
2026-05-25T03:51:52Z,H,23,sold,False,BFI IMAX H 23
2026-05-25T03:51:52Z,H,22,sold,False,BFI IMAX H 22
2026-05-25T03:51:52Z,H,21,sold,False,BFI IMAX H 21
2026-05-25T03:51:52Z,H,20,sold,False,BFI IMAX H 20
2026-05-25T03:51:52Z,H,19,sold,False,BFI IMAX H 19
2026-05-25T03:51:52Z,H,18,sold,False,BFI IMAX H 18
2026-05-25T03:51:52Z,H,17,sold,False,BFI IMAX H 17
2026-05-25T03:51:52Z,H,16,sold,False,BFI IMAX H 16
2026-05-25T03:51:52Z,H,15,sold,False,BFI IMAX H 15
2026-05-25T03:51:52Z,H,14,sold,False,BFI IMAX H 14
2026-05-25T03:51:52Z,H,13,sold,False,BFI IMAX H 13
2026-05-25T03:51:52Z,H,12,sold,False,BFI IMAX H 12
2026-05-25T03:51:52Z,H,11,sold,False,BFI IMAX H 11
2026-05-25T03:51:52Z,H,10,sold,False,BFI IMAX H 10
2026-05-25T03:51:52Z,H,9,sold,False,BFI IMAX H 9
2026-05-25T03:51:52Z,H,8,sold,False,BFI IMAX H 8
2026-05-25T03:51:52Z,H,7,sold,False,BFI IMAX H 7
2026-05-25T03:51:52Z,H,6,sold,False,BFI IMAX H 6
2026-05-25T03:51:52Z,H,5,sold,False,BFI IMAX H 5
2026-05-25T03:51:52Z,H,4,sold,False,BFI IMAX H 4
2026-05-25T03:51:52Z,H,3,sold,False,BFI IMAX H 3
2026-05-25T03:51:52Z,H,2,sold,False,BFI IMAX H 2
2026-05-25T03:51:52Z,H,1,sold,False,BFI IMAX H 1
2026-05-25T03:51:52Z,J,36,sold,False,BFI IMAX J 36
2026-05-25T03:51:52Z,J,35,sold,False,BFI IMAX J 35
2026-05-25T03:51:52Z,J,34,sold,False,BFI IMAX J 34
2026-05-25T03:51:52Z,J,33,sold,False,BFI IMAX J 33
2026-05-25T03:51:52Z,J,32,sold,False,BFI IMAX J 32
2026-05-25T03:51:52Z,J,31,sold,False,BFI IMAX J 31
2026-05-25T03:51:52Z,J,30,sold,False,BFI IMAX J 30
2026-05-25T03:51:52Z,J,29,sold,False,BFI IMAX J 29
2026-05-25T03:51:52Z,J,28,sold,False,BFI IMAX J 28
2026-05-25T03:51:52Z,J,27,sold,False,BFI IMAX J 27
2026-05-25T03:51:52Z,J,26,sold,False,BFI IMAX J 26
2026-05-25T03:51:52Z,J,25,sold,False,BFI IMAX J 25
2026-05-25T03:51:52Z,J,24,sold,False,BFI IMAX J 24
2026-05-25T03:51:52Z,J,23,sold,False,BFI IMAX J 23
2026-05-25T03:51:52Z,J,22,sold,False,BFI IMAX J 22
2026-05-25T03:51:52Z,J,21,sold,False,BFI IMAX J 21
2026-05-25T03:51:52Z,J,20,sold,False,BFI IMAX J 20
2026-05-25T03:51:52Z,J,19,sold,False,BFI IMAX J 19
2026-05-25T03:51:52Z,J,18,sold,False,BFI IMAX J 18
2026-05-25T03:51:52Z,J,17,sold,False,BFI IMAX J 17
2026-05-25T03:51:52Z,J,16,sold,False,BFI IMAX J 16
2026-05-25T03:51:52Z,J,15,sold,False,BFI IMAX J 15
2026-05-25T03:51:52Z,J,14,sold,False,BFI IMAX J 14
2026-05-25T03:51:52Z,J,13,sold,False,BFI IMAX J 13
2026-05-25T03:51:52Z,J,12,sold,False,BFI IMAX J 12
2026-05-25T03:51:52Z,J,11,sold,False,BFI IMAX J 11
2026-05-25T03:51:52Z,J,10,sold,False,BFI IMAX J 10
2026-05-25T03:51:52Z,J,9,sold,False,BFI IMAX J 9
2026-05-25T03:51:52Z,J,8,sold,False,BFI IMAX J 8
2026-05-25T03:51:52Z,J,7,sold,False,BFI IMAX J 7
2026-05-25T03:51:52Z,J,6,sold,False,BFI IMAX J 6
2026-05-25T03:51:52Z,J,5,sold,False,BFI IMAX J 5
2026-05-25T03:51:52Z,J,4,sold,False,BFI IMAX J 4
2026-05-25T03:51:52Z,J,3,sold,False,BFI IMAX J 3
2026-05-25T03:51:52Z,J,2,sold,False,BFI IMAX J 2
2026-05-25T03:51:52Z,J,1,sold,False,BFI IMAX J 1
2026-05-25T03:51:52Z,K,36,sold,False,BFI IMAX K 36
2026-05-25T03:51:52Z,K,35,sold,False,BFI IMAX K 35
2026-05-25T03:51:52Z,K,34,sold,False,BFI IMAX K 34
2026-05-25T03:51:52Z,K,33,sold,False,BFI IMAX K 33
2026-05-25T03:51:52Z,K,32,sold,False,BFI IMAX K 32
2026-05-25T03:51:52Z,K,31,sold,False,BFI IMAX K 31
2026-05-25T03:51:52Z,K,30,sold,False,BFI IMAX K 30
2026-05-25T03:51:52Z,K,29,sold,False,BFI IMAX K 29
2026-05-25T03:51:52Z,K,28,sold,False,BFI IMAX K 28
2026-05-25T03:51:52Z,A,13,available,False,BFI IMAX A 13
2026-05-25T03:51:52Z,A,12,available,False,BFI IMAX A 12
2026-05-25T03:51:52Z,K,25,sold,False,BFI IMAX K 25
2026-05-25T03:51:52Z,K,24,sold,False,BFI IMAX K 24
2026-05-25T03:51:52Z,K,23,sold,False,BFI IMAX K 23
2026-05-25T03:51:52Z,K,22,sold,False,BFI IMAX K 22
2026-05-25T03:51:52Z,K,21,sold,False,BFI IMAX K 21
2026-05-25T03:51:52Z,K,20,sold,False,BFI IMAX K 20
2026-05-25T03:51:52Z,K,19,sold,False,BFI IMAX K 19
2026-05-25T03:51:52Z,K,18,sold,False,BFI IMAX K 18
2026-05-25T03:51:52Z,K,17,sold,False,BFI IMAX K 17
2026-05-25T03:51:52Z,K,16,sold,False,BFI IMAX K 16
2026-05-25T03:51:52Z,K,15,sold,False,BFI IMAX K 15
2026-05-25T03:51:52Z,K,14,sold,False,BFI IMAX K 14
2026-05-25T03:51:52Z,K,13,sold,False,BFI IMAX K 13
2026-05-25T03:51:52Z,K,12,sold,False,BFI IMAX K 12
2026-05-25T03:51:52Z,K,11,sold,False,BFI IMAX K 11
2026-05-25T03:51:52Z,K,10,sold,False,BFI IMAX K 10
2026-05-25T03:51:52Z,K,9,sold,False,BFI IMAX K 9
2026-05-25T03:51:52Z,K,8,sold,False,BFI IMAX K 8
2026-05-25T03:51:52Z,K,7,sold,False,BFI IMAX K 7
2026-05-25T03:51:52Z,K,6,sold,False,BFI IMAX K 6
2026-05-25T03:51:52Z,K,5,sold,False,BFI IMAX K 5
2026-05-25T03:51:52Z,K,4,sold,False,BFI IMAX K 4
2026-05-25T03:51:52Z,K,3,sold,False,BFI IMAX K 3
2026-05-25T03:51:52Z,K,2,sold,False,BFI IMAX K 2
2026-05-25T03:51:52Z,K,1,sold,False,BFI IMAX K 1
2026-05-25T03:51:52Z,L,33,sold,False,BFI IMAX L 33
2026-05-25T03:51:52Z,L,32,sold,False,BFI IMAX L 32
2026-05-25T03:51:52Z,L,31,sold,False,BFI IMAX L 31
2026-05-25T03:51:52Z,L,30,sold,False,BFI IMAX L 30
2026-05-25T03:51:52Z,L,29,sold,False,BFI IMAX L 29
2026-05-25T03:51:52Z,L,28,sold,False,BFI IMAX L 28
2026-05-25T03:51:52Z,L,27,sold,False,BFI IMAX L 27
2026-05-25T03:51:52Z,L,26,sold,False,BFI IMAX L 26
2026-05-25T03:51:52Z,L,8,sold,False,BFI IMAX L 8
2026-05-25T03:51:52Z,L,7,sold,False,BFI IMAX L 7
2026-05-25T03:51:52Z,L,6,sold,False,BFI IMAX L 6
2026-05-25T03:51:52Z,L,5,sold,False,BFI IMAX L 5
2026-05-25T03:51:52Z,L,4,sold,False,BFI IMAX L 4
2026-05-25T03:51:52Z,L,3,sold,False,BFI IMAX L 3
2026-05-25T03:51:52Z,L,2,sold,False,BFI IMAX L 2
2026-05-25T03:51:52Z,L,1,sold,False,BFI IMAX L 1
2026-05-25T03:51:52Z,M,34,sold,False,BFI IMAX M 34
2026-05-25T03:51:52Z,M,33,sold,False,BFI IMAX M 33
2026-05-25T03:51:52Z,M,32,sold,False,BFI IMAX M 32
2026-05-25T03:51:52Z,M,31,sold,False,BFI IMAX M 31
2026-05-25T03:51:52Z,M,30,sold,False,BFI IMAX M 30
2026-05-25T03:51:52Z,M,29,sold,False,BFI IMAX M 29
2026-05-25T03:51:52Z,M,28,sold,False,BFI IMAX M 28
2026-05-25T03:51:52Z,M,27,sold,False,BFI IMAX M 27
2026-05-25T03:51:52Z,M,8,sold,False,BFI IMAX M 8
2026-05-25T03:51:52Z,M,7,sold,False,BFI IMAX M 7
2026-05-25T03:51:52Z,M,6,sold,False,BFI IMAX M 6
2026-05-25T03:51:52Z,M,5,sold,False,BFI IMAX M 5
2026-05-25T03:51:52Z,M,4,sold,False,BFI IMAX M 4
2026-05-25T03:51:52Z,M,3,sold,False,BFI IMAX M 3
2026-05-25T03:51:52Z,M,2,sold,False,BFI IMAX M 2
2026-05-25T03:51:52Z,M,1,sold,False,BFI IMAX M 1
2026-05-25T03:51:52Z,N,34,unavailable,False,BFI IMAX N 34
2026-05-25T03:51:52Z,N,33,unavailable,False,BFI IMAX N 33
2026-05-25T03:51:52Z,N,32,unavailable,False,BFI IMAX N 32
2026-05-25T03:51:52Z,N,31,unavailable,False,BFI IMAX N 31
2026-05-25T03:51:52Z,N,30,unavailable,False,BFI IMAX N 30
2026-05-25T03:51:52Z,N,29,unavailable,False,BFI IMAX N 29
2026-05-25T03:51:52Z,N,28,unavailable,False,BFI IMAX N 28
2026-05-25T03:51:52Z,N,27,unavailable,False,BFI IMAX N 27
2026-05-25T03:51:52Z,A,11,available,False,BFI IMAX A 11
2026-05-25T03:51:52Z,A,10,available,False,BFI IMAX A 10
2026-05-25T03:51:52Z,N,6,sold,False,BFI IMAX N 6
2026-05-25T03:51:52Z,N,5,sold,False,BFI IMAX N 5
2026-05-25T03:51:52Z,N,4,sold,False,BFI IMAX N 4
2026-05-25T03:51:52Z,N,3,sold,False,BFI IMAX N 3
2026-05-25T03:51:52Z,N,2,sold,False,BFI IMAX N 2
2026-05-25T03:51:52Z,N,1,sold,False,BFI IMAX N 1
2026-05-25T03:51:52Z,P,31,unavailable,False,BFI IMAX P 31
2026-05-25T03:51:52Z,A,9,available,False,BFI IMAX A 9
2026-05-25T03:51:52Z,A,8,available,False,BFI IMAX A 8
2026-05-25T03:51:52Z,P,26,unavailable,False,BFI IMAX P 26
2026-05-25T03:51:52Z,P,6,sold,False,BFI IMAX P 6
2026-05-25T03:51:52Z,A,7,available,False,BFI IMAX A 7
2026-05-25T03:51:52Z,A,6,available,False,BFI IMAX A 6
2026-05-25T03:51:52Z,P,1,unavailable,False,BFI IMAX P 1
2026-05-25T03:51:52Z,M,11,sold,False,BFI IMAX M 11
2026-05-25T03:51:52Z,M,10,sold,False,BFI IMAX M 10
2026-05-25T03:51:52Z,M,9,sold,False,BFI IMAX M 9
2026-05-25T03:51:52Z,L,9,sold,False,BFI IMAX L 9
2026-05-25T03:51:52Z,L,25,sold,False,BFI IMAX L 25
2026-05-25T03:51:52Z,L,24,sold,False,BFI IMAX L 24
2026-05-25T03:51:52Z,L,23,sold,False,BFI IMAX L 23
2026-05-25T03:51:52Z,L,22,sold,False,BFI IMAX L 22
2026-05-25T03:51:52Z,L,21,sold,False,BFI IMAX L 21
2026-05-25T03:51:52Z,L,20,sold,False,BFI IMAX L 20
2026-05-25T03:51:52Z,L,19,sold,False,BFI IMAX L 19
2026-05-25T03:51:52Z,L,18,sold,False,BFI IMAX L 18
2026-05-25T03:51:52Z,L,17,sold,False,BFI IMAX L 17
2026-05-25T03:51:52Z,L,16,sold,False,BFI IMAX L 16
2026-05-25T03:51:52Z,L,15,sold,False,BFI IMAX L 15
2026-05-25T03:51:52Z,L,14,sold,False,BFI IMAX L 14
2026-05-25T03:51:52Z,L,13,sold,False,BFI IMAX L 13
2026-05-25T03:51:52Z,L,12,sold,False,BFI IMAX L 12
2026-05-25T03:51:52Z,L,11,sold,False,BFI IMAX L 11
2026-05-25T03:51:52Z,N,26,unavailable,False,BFI IMAX N 26
2026-05-25T03:51:52Z,N,25,unavailable,False,BFI IMAX N 25
2026-05-25T03:51:52Z,N,24,unavailable,False,BFI IMAX N 24
2026-05-25T03:51:52Z,N,23,unavailable,False,BFI IMAX N 23
2026-05-25T03:51:52Z,N,22,sold,False,BFI IMAX N 22
2026-05-25T03:51:52Z,N,21,sold,False,BFI IMAX N 21
2026-05-25T03:51:52Z,N,20,sold,False,BFI IMAX N 20
2026-05-25T03:51:52Z,N,19,sold,False,BFI IMAX N 19
2026-05-25T03:51:52Z,N,18,sold,False,BFI IMAX N 18
2026-05-25T03:51:52Z,N,17,sold,False,BFI IMAX N 17
2026-05-25T03:51:52Z,N,16,sold,False,BFI IMAX N 16
2026-05-25T03:51:52Z,N,15,sold,False,BFI IMAX N 15
2026-05-25T03:51:52Z,N,14,sold,False,BFI IMAX N 14
2026-05-25T03:51:52Z,N,13,sold,False,BFI IMAX N 13
2026-05-25T03:51:52Z,N,12,unavailable,False,BFI IMAX N 12
2026-05-25T03:51:52Z,N,11,unavailable,False,BFI IMAX N 11
2026-05-25T03:51:52Z,N,10,unavailable,False,BFI IMAX N 10
2026-05-25T03:51:52Z,N,9,unavailable,False,BFI IMAX N 9
2026-05-25T03:51:52Z,L,10,sold,False,BFI IMAX L 10
2026-05-25T03:51:52Z,M,26,sold,False,BFI IMAX M 26
2026-05-25T03:51:52Z,M,25,sold,False,BFI IMAX M 25
2026-05-25T03:51:52Z,M,24,sold,False,BFI IMAX M 24
2026-05-25T03:51:52Z,M,23,sold,False,BFI IMAX M 23
2026-05-25T03:51:52Z,M,22,sold,False,BFI IMAX M 22
2026-05-25T03:51:52Z,M,21,sold,False,BFI IMAX M 21
2026-05-25T03:51:52Z,M,20,sold,False,BFI IMAX M 20
2026-05-25T03:51:52Z,M,19,sold,False,BFI IMAX M 19
2026-05-25T03:51:52Z,M,18,sold,False,BFI IMAX M 18
2026-05-25T03:51:52Z,M,17,sold,False,BFI IMAX M 17
2026-05-25T03:51:52Z,M,16,sold,False,BFI IMAX M 16
2026-05-25T03:51:52Z,M,15,sold,False,BFI IMAX M 15
2026-05-25T03:51:52Z,M,14,sold,False,BFI IMAX M 14
2026-05-25T03:51:52Z,M,13,sold,False,BFI IMAX M 13
2026-05-25T03:51:52Z,M,12,sold,False,BFI IMAX M 12
2026-05-25T03:51:52Z,P,30,unavailable,True,BFI IMAX P 30
2026-05-25T03:51:52Z,P,27,unavailable,True,BFI IMAX P 27
2026-05-25T03:51:52Z,P,2,sold,True,BFI IMAX P 2
2026-05-25T03:51:52Z,P,5,sold,True,BFI IMAX P 5
2026-05-25T03:51:52Z,P,19,sold,False,BFI IMAX P 19
2026-05-25T03:51:52Z,P,18,sold,False,BFI IMAX P 18
2026-05-25T03:51:52Z,P,17,sold,False,BFI IMAX P 17
2026-05-25T03:51:52Z,P,16,sold,False,BFI IMAX P 16
2026-05-25T03:51:52Z,P,15,sold,False,BFI IMAX P 15
2026-05-25T03:51:52Z,P,14,sold,False,BFI IMAX P 14
2026-05-25T03:51:52Z,P,13,sold,False,BFI IMAX P 13
2026-05-25T03:51:52Z,P,12,sold,False,BFI IMAX P 12
2026-05-25T03:51:52Z,P,11,sold,False,BFI IMAX P 11
2026-05-25T03:51:52Z,P,10,sold,False,BFI IMAX P 10
2026-05-25T03:51:52Z,P,9,sold,False,BFI IMAX P 9
2026-05-25T03:51:52Z,P,8,sold,False,BFI IMAX P 8
2026-05-25T03:51:52Z,P,7,sold,False,BFI IMAX P 7
2026-05-25T03:51:52Z,P,25,sold,False,BFI IMAX P 25
2026-05-25T03:51:52Z,P,24,sold,False,BFI IMAX P 24
2026-05-25T03:51:52Z,P,23,sold,False,BFI IMAX P 23
2026-05-25T03:51:52Z,P,22,sold,False,BFI IMAX P 22
2026-05-25T03:51:52Z,P,21,sold,False,BFI IMAX P 21
2026-05-25T03:51:52Z,P,20,sold,False,BFI IMAX P 20
2026-05-25T03:51:52Z,Q,18,sold,False,BFI IMAX Q 18
2026-05-25T03:51:52Z,Q,17,sold,False,BFI IMAX Q 17
2026-05-25T03:51:52Z,Q,16,sold,False,BFI IMAX Q 16
2026-05-25T03:51:52Z,Q,15,sold,False,BFI IMAX Q 15
2026-05-25T03:51:52Z,Q,14,sold,False,BFI IMAX Q 14
2026-05-25T03:51:52Z,Q,13,sold,False,BFI IMAX Q 13
2026-05-25T03:51:52Z,Q,12,sold,False,BFI IMAX Q 12
2026-05-25T03:51:52Z,Q,11,sold,False,BFI IMAX Q 11
2026-05-25T03:51:52Z,Q,10,sold,False,BFI IMAX Q 10
2026-05-25T03:51:52Z,Q,9,sold,False,BFI IMAX Q 9
2026-05-25T03:51:52Z,Q,8,sold,False,BFI IMAX Q 8
2026-05-25T03:51:52Z,Q,7,sold,False,BFI IMAX Q 7
2026-05-25T03:51:52Z,Q,6,sold,False,BFI IMAX Q 6
2026-05-25T03:51:52Z,Q,5,sold,False,BFI IMAX Q 5
2026-05-25T03:51:52Z,Q,4,sold,False,BFI IMAX Q 4
2026-05-25T03:51:52Z,Q,3,sold,False,BFI IMAX Q 3
2026-05-25T03:51:52Z,Q,2,sold,False,BFI IMAX Q 2
2026-05-25T03:51:52Z,Q,1,sold,False,BFI IMAX Q 1
2026-05-25T05:35:10Z,K,27,unavailable,False,BFI IMAX K 27
2026-05-25T05:35:10Z,K,26,unavailable,False,BFI IMAX K 26
2026-05-25T05:35:10Z,N,8,unavailable,False,BFI IMAX N 8
2026-05-25T05:35:10Z,N,7,unavailable,False,BFI IMAX N 7
2026-05-25T05:35:10Z,P,29,unavailable,True,BFI IMAX P 29
2026-05-25T05:35:10Z,P,28,unavailable,True,BFI IMAX P 28
2026-05-25T05:35:10Z,P,4,unavailable,True,BFI IMAX P 4
2026-05-25T05:35:10Z,P,3,sold,True,BFI IMAX P 3
2026-05-25T05:35:10Z,A,5,available,False,BFI IMAX A 5
2026-05-25T05:35:10Z,A,4,available,False,BFI IMAX A 4
2026-05-25T05:35:10Z,A,3,available,False,BFI IMAX A 3
2026-05-25T05:35:10Z,A,2,available,False,BFI IMAX A 2
2026-05-25T05:35:10Z,A,1,available,False,BFI IMAX A 1
2026-05-25T05:35:10Z,B,36,available,False,BFI IMAX B 36
2026-05-25T05:35:10Z,B,35,available,False,BFI IMAX B 35
2026-05-25T05:35:10Z,B,34,available,False,BFI IMAX B 34
2026-05-25T05:35:10Z,B,33,available,False,BFI IMAX B 33
2026-05-25T05:35:10Z,B,32,available,False,BFI IMAX B 32
2026-05-25T05:35:10Z,B,31,available,False,BFI IMAX B 31
2026-05-25T05:35:10Z,B,30,available,False,BFI IMAX B 30
2026-05-25T05:35:10Z,B,29,available,False,BFI IMAX B 29
2026-05-25T05:35:10Z,B,28,available,False,BFI IMAX B 28
2026-05-25T05:35:10Z,B,27,available,False,BFI IMAX B 27
2026-05-25T05:35:10Z,B,26,available,False,BFI IMAX B 26
2026-05-25T05:35:10Z,B,25,available,False,BFI IMAX B 25
2026-05-25T05:35:10Z,B,24,available,False,BFI IMAX B 24
2026-05-25T05:35:10Z,B,23,sold,False,BFI IMAX B 23
2026-05-25T05:35:10Z,B,22,sold,False,BFI IMAX B 22
2026-05-25T05:35:10Z,B,21,sold,False,BFI IMAX B 21
2026-05-25T05:35:10Z,B,20,sold,False,BFI IMAX B 20
2026-05-25T05:35:10Z,B,19,sold,False,BFI IMAX B 19
2026-05-25T05:35:10Z,B,18,sold,False,BFI IMAX B 18
2026-05-25T05:35:10Z,B,17,sold,False,BFI IMAX B 17
2026-05-25T05:35:10Z,B,16,sold,False,BFI IMAX B 16
2026-05-25T05:35:10Z,B,15,available,False,BFI IMAX B 15
2026-05-25T05:35:10Z,B,14,available,False,BFI IMAX B 14
2026-05-25T05:35:10Z,B,13,available,False,BFI IMAX B 13
2026-05-25T05:35:10Z,B,12,available,False,BFI IMAX B 12
2026-05-25T05:35:10Z,B,11,available,False,BFI IMAX B 11
2026-05-25T05:35:10Z,B,10,available,False,BFI IMAX B 10
2026-05-25T05:35:10Z,B,9,available,False,BFI IMAX B 9
2026-05-25T05:35:10Z,B,8,available,False,BFI IMAX B 8
2026-05-25T05:35:10Z,B,7,available,False,BFI IMAX B 7
2026-05-25T05:35:10Z,B,6,available,False,BFI IMAX B 6
2026-05-25T05:35:10Z,B,5,available,False,BFI IMAX B 5
2026-05-25T05:35:10Z,B,4,available,False,BFI IMAX B 4
2026-05-25T05:35:10Z,B,3,available,False,BFI IMAX B 3
2026-05-25T05:35:10Z,B,2,available,False,BFI IMAX B 2
2026-05-25T05:35:10Z,B,1,available,False,BFI IMAX B 1
2026-05-25T05:35:10Z,C,36,available,False,BFI IMAX C 36
2026-05-25T05:35:10Z,C,35,available,False,BFI IMAX C 35
2026-05-25T05:35:10Z,C,34,available,False,BFI IMAX C 34
2026-05-25T05:35:10Z,C,33,available,False,BFI IMAX C 33
2026-05-25T05:35:10Z,C,32,available,False,BFI IMAX C 32
2026-05-25T05:35:10Z,C,31,available,False,BFI IMAX C 31
2026-05-25T05:35:10Z,C,30,available,False,BFI IMAX C 30
2026-05-25T05:35:10Z,C,29,available,False,BFI IMAX C 29
2026-05-25T05:35:10Z,C,28,available,False,BFI IMAX C 28
2026-05-25T05:35:10Z,C,27,available,False,BFI IMAX C 27
2026-05-25T05:35:10Z,C,26,available,False,BFI IMAX C 26
2026-05-25T05:35:10Z,C,25,sold,False,BFI IMAX C 25
2026-05-25T05:35:10Z,C,24,sold,False,BFI IMAX C 24
2026-05-25T05:35:10Z,C,23,sold,False,BFI IMAX C 23
2026-05-25T05:35:10Z,C,22,sold,False,BFI IMAX C 22
2026-05-25T05:35:10Z,C,21,sold,False,BFI IMAX C 21
2026-05-25T05:35:10Z,C,20,sold,False,BFI IMAX C 20
2026-05-25T05:35:10Z,C,19,sold,False,BFI IMAX C 19
2026-05-25T05:35:10Z,C,18,sold,False,BFI IMAX C 18
2026-05-25T05:35:10Z,C,17,sold,False,BFI IMAX C 17
2026-05-25T05:35:10Z,C,16,sold,False,BFI IMAX C 16
2026-05-25T05:35:10Z,C,15,sold,False,BFI IMAX C 15
2026-05-25T05:35:10Z,C,14,sold,False,BFI IMAX C 14
2026-05-25T05:35:10Z,C,13,sold,False,BFI IMAX C 13
2026-05-25T05:35:10Z,C,12,sold,False,BFI IMAX C 12
2026-05-25T05:35:10Z,C,11,sold,False,BFI IMAX C 11
2026-05-25T05:35:10Z,C,10,sold,False,BFI IMAX C 10
2026-05-25T05:35:10Z,C,9,available,False,BFI IMAX C 9
2026-05-25T05:35:10Z,C,8,available,False,BFI IMAX C 8
2026-05-25T05:35:10Z,C,7,available,False,BFI IMAX C 7
2026-05-25T05:35:10Z,C,6,available,False,BFI IMAX C 6
2026-05-25T05:35:10Z,C,5,available,False,BFI IMAX C 5
2026-05-25T05:35:10Z,C,4,available,False,BFI IMAX C 4
2026-05-25T05:35:10Z,C,3,available,False,BFI IMAX C 3
2026-05-25T05:35:10Z,C,2,available,False,BFI IMAX C 2
2026-05-25T05:35:10Z,C,1,available,False,BFI IMAX C 1
2026-05-25T05:35:10Z,D,37,available,False,BFI IMAX D 37
2026-05-25T05:35:10Z,D,36,available,False,BFI IMAX D 36
2026-05-25T05:35:10Z,D,35,available,False,BFI IMAX D 35
2026-05-25T05:35:10Z,D,34,available,False,BFI IMAX D 34
2026-05-25T05:35:10Z,D,33,available,False,BFI IMAX D 33
2026-05-25T05:35:10Z,D,32,available,False,BFI IMAX D 32
2026-05-25T05:35:10Z,D,31,available,False,BFI IMAX D 31
2026-05-25T05:35:10Z,D,30,sold,False,BFI IMAX D 30
2026-05-25T05:35:10Z,D,29,sold,False,BFI IMAX D 29
2026-05-25T05:35:10Z,D,28,sold,False,BFI IMAX D 28
2026-05-25T05:35:10Z,D,27,sold,False,BFI IMAX D 27
2026-05-25T05:35:10Z,D,26,sold,False,BFI IMAX D 26
2026-05-25T05:35:10Z,D,25,sold,False,BFI IMAX D 25
2026-05-25T05:35:10Z,D,24,sold,False,BFI IMAX D 24
2026-05-25T05:35:10Z,D,23,sold,False,BFI IMAX D 23
2026-05-25T05:35:10Z,D,22,sold,False,BFI IMAX D 22
2026-05-25T05:35:10Z,D,21,sold,False,BFI IMAX D 21
2026-05-25T05:35:10Z,D,20,sold,False,BFI IMAX D 20
2026-05-25T05:35:10Z,D,19,sold,False,BFI IMAX D 19
2026-05-25T05:35:10Z,D,18,sold,False,BFI IMAX D 18
2026-05-25T05:35:10Z,D,17,sold,False,BFI IMAX D 17
2026-05-25T05:35:10Z,D,16,sold,False,BFI IMAX D 16
2026-05-25T05:35:10Z,D,15,sold,False,BFI IMAX D 15
2026-05-25T05:35:10Z,D,14,sold,False,BFI IMAX D 14
2026-05-25T05:35:10Z,D,13,sold,False,BFI IMAX D 13
2026-05-25T05:35:10Z,D,12,sold,False,BFI IMAX D 12
2026-05-25T05:35:10Z,D,11,sold,False,BFI IMAX D 11
2026-05-25T05:35:10Z,D,10,sold,False,BFI IMAX D 10
2026-05-25T05:35:10Z,D,9,sold,False,BFI IMAX D 9
2026-05-25T05:35:10Z,D,8,sold,False,BFI IMAX D 8
2026-05-25T05:35:10Z,D,7,sold,False,BFI IMAX D 7
2026-05-25T05:35:10Z,D,6,available,False,BFI IMAX D 6
2026-05-25T05:35:10Z,D,5,available,False,BFI IMAX D 5
2026-05-25T05:35:10Z,D,4,available,False,BFI IMAX D 4
2026-05-25T05:35:10Z,D,3,available,False,BFI IMAX D 3
2026-05-25T05:35:10Z,D,2,available,False,BFI IMAX D 2
2026-05-25T05:35:10Z,D,1,available,False,BFI IMAX D 1
2026-05-25T05:35:10Z,E,37,available,False,BFI IMAX E 37
2026-05-25T05:35:10Z,E,36,available,False,BFI IMAX E 36
2026-05-25T05:35:10Z,E,35,available,False,BFI IMAX E 35
2026-05-25T05:35:10Z,E,34,sold,False,BFI IMAX E 34
2026-05-25T05:35:10Z,E,33,sold,False,BFI IMAX E 33
2026-05-25T05:35:10Z,E,32,sold,False,BFI IMAX E 32
2026-05-25T05:35:10Z,E,31,sold,False,BFI IMAX E 31
2026-05-25T05:35:10Z,E,30,sold,False,BFI IMAX E 30
2026-05-25T05:35:10Z,E,29,sold,False,BFI IMAX E 29
2026-05-25T05:35:10Z,E,28,sold,False,BFI IMAX E 28
2026-05-25T05:35:10Z,E,27,sold,False,BFI IMAX E 27
2026-05-25T05:35:10Z,E,26,sold,False,BFI IMAX E 26
2026-05-25T05:35:10Z,E,25,sold,False,BFI IMAX E 25
2026-05-25T05:35:10Z,E,24,sold,False,BFI IMAX E 24
2026-05-25T05:35:10Z,E,23,sold,False,BFI IMAX E 23
2026-05-25T05:35:10Z,E,22,sold,False,BFI IMAX E 22
2026-05-25T05:35:10Z,E,21,sold,False,BFI IMAX E 21
2026-05-25T05:35:10Z,E,20,sold,False,BFI IMAX E 20
2026-05-25T05:35:10Z,E,19,sold,False,BFI IMAX E 19
2026-05-25T05:35:10Z,E,18,sold,False,BFI IMAX E 18
2026-05-25T05:35:10Z,E,17,sold,False,BFI IMAX E 17
2026-05-25T05:35:10Z,E,16,sold,False,BFI IMAX E 16
2026-05-25T05:35:10Z,E,15,sold,False,BFI IMAX E 15
2026-05-25T05:35:10Z,E,14,sold,False,BFI IMAX E 14
2026-05-25T05:35:10Z,E,13,sold,False,BFI IMAX E 13
2026-05-25T05:35:10Z,E,12,sold,False,BFI IMAX E 12
2026-05-25T05:35:10Z,E,11,sold,False,BFI IMAX E 11
2026-05-25T05:35:10Z,E,10,sold,False,BFI IMAX E 10
2026-05-25T05:35:10Z,E,9,sold,False,BFI IMAX E 9
2026-05-25T05:35:10Z,E,8,sold,False,BFI IMAX E 8
2026-05-25T05:35:10Z,E,7,sold,False,BFI IMAX E 7
2026-05-25T05:35:10Z,E,6,sold,False,BFI IMAX E 6
2026-05-25T05:35:10Z,E,5,sold,False,BFI IMAX E 5
2026-05-25T05:35:10Z,E,4,available,False,BFI IMAX E 4
2026-05-25T05:35:10Z,E,3,available,False,BFI IMAX E 3
2026-05-25T05:35:10Z,E,2,available,False,BFI IMAX E 2
2026-05-25T05:35:10Z,E,1,available,False,BFI IMAX E 1
2026-05-25T05:35:10Z,F,38,available,False,BFI IMAX F 38
2026-05-25T05:35:10Z,F,37,sold,False,BFI IMAX F 37
2026-05-25T05:35:10Z,F,36,sold,False,BFI IMAX F 36
2026-05-25T05:35:10Z,F,35,sold,False,BFI IMAX F 35
2026-05-25T05:35:10Z,F,34,sold,False,BFI IMAX F 34
2026-05-25T05:35:10Z,F,33,sold,False,BFI IMAX F 33
2026-05-25T05:35:10Z,F,32,sold,False,BFI IMAX F 32
2026-05-25T05:35:10Z,F,31,sold,False,BFI IMAX F 31
2026-05-25T05:35:10Z,F,30,sold,False,BFI IMAX F 30
2026-05-25T05:35:10Z,F,29,sold,False,BFI IMAX F 29
2026-05-25T05:35:10Z,F,28,sold,False,BFI IMAX F 28
2026-05-25T05:35:10Z,F,27,sold,False,BFI IMAX F 27
2026-05-25T05:35:10Z,F,26,sold,False,BFI IMAX F 26
2026-05-25T05:35:10Z,F,25,sold,False,BFI IMAX F 25
2026-05-25T05:35:10Z,F,24,sold,False,BFI IMAX F 24
2026-05-25T05:35:10Z,F,23,sold,False,BFI IMAX F 23
2026-05-25T05:35:10Z,F,22,sold,False,BFI IMAX F 22
2026-05-25T05:35:10Z,F,21,sold,False,BFI IMAX F 21
2026-05-25T05:35:10Z,F,20,sold,False,BFI IMAX F 20
2026-05-25T05:35:10Z,F,19,sold,False,BFI IMAX F 19
2026-05-25T05:35:10Z,F,18,sold,False,BFI IMAX F 18
2026-05-25T05:35:10Z,F,17,sold,False,BFI IMAX F 17
2026-05-25T05:35:10Z,F,16,sold,False,BFI IMAX F 16
2026-05-25T05:35:10Z,F,15,sold,False,BFI IMAX F 15
2026-05-25T05:35:10Z,F,14,sold,False,BFI IMAX F 14
2026-05-25T05:35:10Z,F,13,sold,False,BFI IMAX F 13
2026-05-25T05:35:10Z,F,12,sold,False,BFI IMAX F 12
2026-05-25T05:35:10Z,F,11,sold,False,BFI IMAX F 11
2026-05-25T05:35:10Z,F,10,sold,False,BFI IMAX F 10
2026-05-25T05:35:10Z,F,9,sold,False,BFI IMAX F 9
2026-05-25T05:35:10Z,F,8,sold,False,BFI IMAX F 8
2026-05-25T05:35:10Z,F,7,sold,False,BFI IMAX F 7
2026-05-25T05:35:10Z,F,6,sold,False,BFI IMAX F 6
2026-05-25T05:35:10Z,F,5,sold,False,BFI IMAX F 5
2026-05-25T05:35:10Z,F,4,sold,False,BFI IMAX F 4
2026-05-25T05:35:10Z,F,3,sold,False,BFI IMAX F 3
2026-05-25T05:35:10Z,F,2,sold,False,BFI IMAX F 2
2026-05-25T05:35:10Z,F,1,sold,False,BFI IMAX F 1
2026-05-25T05:35:10Z,G,37,sold,False,BFI IMAX G 37
2026-05-25T05:35:10Z,G,36,sold,False,BFI IMAX G 36
2026-05-25T05:35:10Z,G,35,sold,False,BFI IMAX G 35
2026-05-25T05:35:10Z,G,34,sold,False,BFI IMAX G 34
2026-05-25T05:35:10Z,G,33,sold,False,BFI IMAX G 33
2026-05-25T05:35:10Z,G,32,sold,False,BFI IMAX G 32
2026-05-25T05:35:10Z,G,31,sold,False,BFI IMAX G 31
2026-05-25T05:35:10Z,G,30,sold,False,BFI IMAX G 30
2026-05-25T05:35:10Z,G,29,sold,False,BFI IMAX G 29
2026-05-25T05:35:10Z,G,28,sold,False,BFI IMAX G 28
2026-05-25T05:35:10Z,G,27,sold,False,BFI IMAX G 27
2026-05-25T05:35:10Z,G,26,sold,False,BFI IMAX G 26
2026-05-25T05:35:10Z,G,25,sold,False,BFI IMAX G 25
2026-05-25T05:35:10Z,G,24,sold,False,BFI IMAX G 24
2026-05-25T05:35:10Z,G,23,sold,False,BFI IMAX G 23
2026-05-25T05:35:10Z,G,22,sold,False,BFI IMAX G 22
2026-05-25T05:35:10Z,G,21,sold,False,BFI IMAX G 21
2026-05-25T05:35:10Z,G,20,sold,False,BFI IMAX G 20
2026-05-25T05:35:10Z,G,19,sold,False,BFI IMAX G 19
2026-05-25T05:35:10Z,G,18,sold,False,BFI IMAX G 18
2026-05-25T05:35:10Z,G,17,sold,False,BFI IMAX G 17
2026-05-25T05:35:10Z,G,16,sold,False,BFI IMAX G 16
2026-05-25T05:35:10Z,G,15,sold,False,BFI IMAX G 15
2026-05-25T05:35:10Z,G,14,sold,False,BFI IMAX G 14
2026-05-25T05:35:10Z,G,13,sold,False,BFI IMAX G 13
2026-05-25T05:35:10Z,G,12,sold,False,BFI IMAX G 12
2026-05-25T05:35:10Z,G,11,sold,False,BFI IMAX G 11
2026-05-25T05:35:10Z,G,10,sold,False,BFI IMAX G 10
2026-05-25T05:35:10Z,G,9,sold,False,BFI IMAX G 9
2026-05-25T05:35:10Z,G,8,sold,False,BFI IMAX G 8
2026-05-25T05:35:10Z,G,7,sold,False,BFI IMAX G 7
2026-05-25T05:35:10Z,G,6,sold,False,BFI IMAX G 6
2026-05-25T05:35:10Z,G,5,sold,False,BFI IMAX G 5
2026-05-25T05:35:10Z,G,4,sold,False,BFI IMAX G 4
2026-05-25T05:35:10Z,G,3,sold,False,BFI IMAX G 3
2026-05-25T05:35:10Z,G,2,sold,False,BFI IMAX G 2
2026-05-25T05:35:10Z,G,1,sold,False,BFI IMAX G 1
2026-05-25T05:35:10Z,H,37,sold,False,BFI IMAX H 37
2026-05-25T05:35:10Z,H,36,sold,False,BFI IMAX H 36
2026-05-25T05:35:10Z,H,35,sold,False,BFI IMAX H 35
2026-05-25T05:35:10Z,H,34,sold,False,BFI IMAX H 34
2026-05-25T05:35:10Z,H,33,sold,False,BFI IMAX H 33
2026-05-25T05:35:10Z,H,32,sold,False,BFI IMAX H 32
2026-05-25T05:35:10Z,H,31,sold,False,BFI IMAX H 31
2026-05-25T05:35:10Z,H,30,sold,False,BFI IMAX H 30
2026-05-25T05:35:10Z,H,29,sold,False,BFI IMAX H 29
2026-05-25T05:35:10Z,H,28,sold,False,BFI IMAX H 28
2026-05-25T05:35:10Z,H,27,sold,False,BFI IMAX H 27
2026-05-25T05:35:10Z,H,26,sold,False,BFI IMAX H 26
2026-05-25T05:35:10Z,H,25,sold,False,BFI IMAX H 25
2026-05-25T05:35:10Z,H,24,sold,False,BFI IMAX H 24
2026-05-25T05:35:10Z,H,23,sold,False,BFI IMAX H 23
2026-05-25T05:35:10Z,H,22,sold,False,BFI IMAX H 22
2026-05-25T05:35:10Z,H,21,sold,False,BFI IMAX H 21
2026-05-25T05:35:10Z,H,20,sold,False,BFI IMAX H 20
2026-05-25T05:35:10Z,H,19,sold,False,BFI IMAX H 19
2026-05-25T05:35:10Z,H,18,sold,False,BFI IMAX H 18
2026-05-25T05:35:10Z,H,17,sold,False,BFI IMAX H 17
2026-05-25T05:35:10Z,H,16,sold,False,BFI IMAX H 16
2026-05-25T05:35:10Z,H,15,sold,False,BFI IMAX H 15
2026-05-25T05:35:10Z,H,14,sold,False,BFI IMAX H 14
2026-05-25T05:35:10Z,H,13,sold,False,BFI IMAX H 13
2026-05-25T05:35:10Z,H,12,sold,False,BFI IMAX H 12
2026-05-25T05:35:10Z,H,11,sold,False,BFI IMAX H 11
2026-05-25T05:35:10Z,H,10,sold,False,BFI IMAX H 10
2026-05-25T05:35:10Z,H,9,sold,False,BFI IMAX H 9
2026-05-25T05:35:10Z,H,8,sold,False,BFI IMAX H 8
2026-05-25T05:35:10Z,H,7,sold,False,BFI IMAX H 7
2026-05-25T05:35:10Z,H,6,sold,False,BFI IMAX H 6
2026-05-25T05:35:10Z,H,5,sold,False,BFI IMAX H 5
2026-05-25T05:35:10Z,H,4,sold,False,BFI IMAX H 4
2026-05-25T05:35:10Z,H,3,sold,False,BFI IMAX H 3
2026-05-25T05:35:10Z,H,2,sold,False,BFI IMAX H 2
2026-05-25T05:35:10Z,H,1,sold,False,BFI IMAX H 1
2026-05-25T05:35:10Z,J,36,sold,False,BFI IMAX J 36
2026-05-25T05:35:10Z,J,35,sold,False,BFI IMAX J 35
2026-05-25T05:35:10Z,J,34,sold,False,BFI IMAX J 34
2026-05-25T05:35:10Z,J,33,sold,False,BFI IMAX J 33
2026-05-25T05:35:10Z,J,32,sold,False,BFI IMAX J 32
2026-05-25T05:35:10Z,J,31,sold,False,BFI IMAX J 31
2026-05-25T05:35:10Z,J,30,sold,False,BFI IMAX J 30
2026-05-25T05:35:10Z,J,29,sold,False,BFI IMAX J 29
2026-05-25T05:35:10Z,J,28,sold,False,BFI IMAX J 28
2026-05-25T05:35:10Z,J,27,sold,False,BFI IMAX J 27
2026-05-25T05:35:10Z,J,26,sold,False,BFI IMAX J 26
2026-05-25T05:35:10Z,J,25,sold,False,BFI IMAX J 25
2026-05-25T05:35:10Z,J,24,sold,False,BFI IMAX J 24
2026-05-25T05:35:10Z,J,23,sold,False,BFI IMAX J 23
2026-05-25T05:35:10Z,J,22,sold,False,BFI IMAX J 22
2026-05-25T05:35:10Z,J,21,sold,False,BFI IMAX J 21
2026-05-25T05:35:10Z,J,20,sold,False,BFI IMAX J 20
2026-05-25T05:35:10Z,J,19,sold,False,BFI IMAX J 19
2026-05-25T05:35:10Z,J,18,sold,False,BFI IMAX J 18
2026-05-25T05:35:10Z,J,17,sold,False,BFI IMAX J 17
2026-05-25T05:35:10Z,J,16,sold,False,BFI IMAX J 16
2026-05-25T05:35:10Z,J,15,sold,False,BFI IMAX J 15
2026-05-25T05:35:10Z,J,14,sold,False,BFI IMAX J 14
2026-05-25T05:35:10Z,J,13,sold,False,BFI IMAX J 13
2026-05-25T05:35:10Z,J,12,sold,False,BFI IMAX J 12
2026-05-25T05:35:10Z,J,11,sold,False,BFI IMAX J 11
2026-05-25T05:35:10Z,J,10,sold,False,BFI IMAX J 10
2026-05-25T05:35:10Z,J,9,sold,False,BFI IMAX J 9
2026-05-25T05:35:10Z,J,8,sold,False,BFI IMAX J 8
2026-05-25T05:35:10Z,J,7,sold,False,BFI IMAX J 7
2026-05-25T05:35:10Z,J,6,sold,False,BFI IMAX J 6
2026-05-25T05:35:10Z,J,5,sold,False,BFI IMAX J 5
2026-05-25T05:35:10Z,J,4,sold,False,BFI IMAX J 4
2026-05-25T05:35:10Z,J,3,sold,False,BFI IMAX J 3
2026-05-25T05:35:10Z,J,2,sold,False,BFI IMAX J 2
2026-05-25T05:35:10Z,J,1,sold,False,BFI IMAX J 1
2026-05-25T05:35:10Z,K,36,sold,False,BFI IMAX K 36
2026-05-25T05:35:10Z,K,35,sold,False,BFI IMAX K 35
2026-05-25T05:35:10Z,K,34,sold,False,BFI IMAX K 34
2026-05-25T05:35:10Z,K,33,sold,False,BFI IMAX K 33
2026-05-25T05:35:10Z,K,32,sold,False,BFI IMAX K 32
2026-05-25T05:35:10Z,K,31,sold,False,BFI IMAX K 31
2026-05-25T05:35:10Z,K,30,sold,False,BFI IMAX K 30
2026-05-25T05:35:10Z,K,29,sold,False,BFI IMAX K 29
2026-05-25T05:35:10Z,K,28,sold,False,BFI IMAX K 28
2026-05-25T05:35:10Z,A,13,available,False,BFI IMAX A 13
2026-05-25T05:35:10Z,A,12,available,False,BFI IMAX A 12
2026-05-25T05:35:10Z,K,25,sold,False,BFI IMAX K 25
2026-05-25T05:35:10Z,K,24,sold,False,BFI IMAX K 24
2026-05-25T05:35:10Z,K,23,sold,False,BFI IMAX K 23
2026-05-25T05:35:10Z,K,22,sold,False,BFI IMAX K 22
2026-05-25T05:35:10Z,K,21,sold,False,BFI IMAX K 21
2026-05-25T05:35:10Z,K,20,sold,False,BFI IMAX K 20
2026-05-25T05:35:10Z,K,19,sold,False,BFI IMAX K 19
2026-05-25T05:35:10Z,K,18,sold,False,BFI IMAX K 18
2026-05-25T05:35:10Z,K,17,sold,False,BFI IMAX K 17
2026-05-25T05:35:10Z,K,16,sold,False,BFI IMAX K 16
2026-05-25T05:35:10Z,K,15,sold,False,BFI IMAX K 15
2026-05-25T05:35:10Z,K,14,sold,False,BFI IMAX K 14
2026-05-25T05:35:10Z,K,13,sold,False,BFI IMAX K 13
2026-05-25T05:35:10Z,K,12,sold,False,BFI IMAX K 12
2026-05-25T05:35:10Z,K,11,sold,False,BFI IMAX K 11
2026-05-25T05:35:10Z,K,10,sold,False,BFI IMAX K 10
2026-05-25T05:35:10Z,K,9,sold,False,BFI IMAX K 9
2026-05-25T05:35:10Z,K,8,sold,False,BFI IMAX K 8
2026-05-25T05:35:10Z,K,7,sold,False,BFI IMAX K 7
2026-05-25T05:35:10Z,K,6,sold,False,BFI IMAX K 6
2026-05-25T05:35:10Z,K,5,sold,False,BFI IMAX K 5
2026-05-25T05:35:10Z,K,4,sold,False,BFI IMAX K 4
2026-05-25T05:35:10Z,K,3,sold,False,BFI IMAX K 3
2026-05-25T05:35:10Z,K,2,sold,False,BFI IMAX K 2
2026-05-25T05:35:10Z,K,1,sold,False,BFI IMAX K 1
2026-05-25T05:35:10Z,L,33,sold,False,BFI IMAX L 33
2026-05-25T05:35:10Z,L,32,sold,False,BFI IMAX L 32
2026-05-25T05:35:10Z,L,31,sold,False,BFI IMAX L 31
2026-05-25T05:35:10Z,L,30,sold,False,BFI IMAX L 30
2026-05-25T05:35:10Z,L,29,sold,False,BFI IMAX L 29
2026-05-25T05:35:10Z,L,28,sold,False,BFI IMAX L 28
2026-05-25T05:35:10Z,L,27,sold,False,BFI IMAX L 27
2026-05-25T05:35:10Z,L,26,sold,False,BFI IMAX L 26
2026-05-25T05:35:10Z,L,8,sold,False,BFI IMAX L 8
2026-05-25T05:35:10Z,L,7,sold,False,BFI IMAX L 7
2026-05-25T05:35:10Z,L,6,sold,False,BFI IMAX L 6
2026-05-25T05:35:10Z,L,5,sold,False,BFI IMAX L 5
2026-05-25T05:35:10Z,L,4,sold,False,BFI IMAX L 4
2026-05-25T05:35:10Z,L,3,sold,False,BFI IMAX L 3
2026-05-25T05:35:10Z,L,2,sold,False,BFI IMAX L 2
2026-05-25T05:35:10Z,L,1,sold,False,BFI IMAX L 1
2026-05-25T05:35:10Z,M,34,sold,False,BFI IMAX M 34
2026-05-25T05:35:10Z,M,33,sold,False,BFI IMAX M 33
2026-05-25T05:35:10Z,M,32,sold,False,BFI IMAX M 32
2026-05-25T05:35:10Z,M,31,sold,False,BFI IMAX M 31
2026-05-25T05:35:10Z,M,30,sold,False,BFI IMAX M 30
2026-05-25T05:35:10Z,M,29,sold,False,BFI IMAX M 29
2026-05-25T05:35:10Z,M,28,sold,False,BFI IMAX M 28
2026-05-25T05:35:10Z,M,27,sold,False,BFI IMAX M 27
2026-05-25T05:35:10Z,M,8,sold,False,BFI IMAX M 8
2026-05-25T05:35:10Z,M,7,sold,False,BFI IMAX M 7
2026-05-25T05:35:10Z,M,6,sold,False,BFI IMAX M 6
2026-05-25T05:35:10Z,M,5,sold,False,BFI IMAX M 5
2026-05-25T05:35:10Z,M,4,sold,False,BFI IMAX M 4
2026-05-25T05:35:10Z,M,3,sold,False,BFI IMAX M 3
2026-05-25T05:35:10Z,M,2,sold,False,BFI IMAX M 2
2026-05-25T05:35:10Z,M,1,sold,False,BFI IMAX M 1
2026-05-25T05:35:10Z,N,34,unavailable,False,BFI IMAX N 34
2026-05-25T05:35:10Z,N,33,unavailable,False,BFI IMAX N 33
2026-05-25T05:35:10Z,N,32,unavailable,False,BFI IMAX N 32
2026-05-25T05:35:10Z,N,31,unavailable,False,BFI IMAX N 31
2026-05-25T05:35:10Z,N,30,unavailable,False,BFI IMAX N 30
2026-05-25T05:35:10Z,N,29,unavailable,False,BFI IMAX N 29
2026-05-25T05:35:10Z,N,28,unavailable,False,BFI IMAX N 28
2026-05-25T05:35:10Z,N,27,unavailable,False,BFI IMAX N 27
2026-05-25T05:35:10Z,A,11,available,False,BFI IMAX A 11
2026-05-25T05:35:10Z,A,10,available,False,BFI IMAX A 10
2026-05-25T05:35:10Z,N,6,sold,False,BFI IMAX N 6
2026-05-25T05:35:10Z,N,5,sold,False,BFI IMAX N 5
2026-05-25T05:35:10Z,N,4,sold,False,BFI IMAX N 4
2026-05-25T05:35:10Z,N,3,sold,False,BFI IMAX N 3
2026-05-25T05:35:10Z,N,2,sold,False,BFI IMAX N 2
2026-05-25T05:35:10Z,N,1,sold,False,BFI IMAX N 1
2026-05-25T05:35:10Z,P,31,unavailable,False,BFI IMAX P 31
2026-05-25T05:35:10Z,A,9,available,False,BFI IMAX A 9
2026-05-25T05:35:10Z,A,8,available,False,BFI IMAX A 8
2026-05-25T05:35:10Z,P,26,unavailable,False,BFI IMAX P 26
2026-05-25T05:35:10Z,P,6,sold,False,BFI IMAX P 6
2026-05-25T05:35:10Z,A,7,available,False,BFI IMAX A 7
2026-05-25T05:35:10Z,A,6,available,False,BFI IMAX A 6
2026-05-25T05:35:10Z,P,1,unavailable,False,BFI IMAX P 1
2026-05-25T05:35:10Z,M,11,sold,False,BFI IMAX M 11
2026-05-25T05:35:10Z,M,10,sold,False,BFI IMAX M 10
2026-05-25T05:35:10Z,M,9,sold,False,BFI IMAX M 9
2026-05-25T05:35:10Z,L,9,sold,False,BFI IMAX L 9
2026-05-25T05:35:10Z,L,25,sold,False,BFI IMAX L 25
2026-05-25T05:35:10Z,L,24,sold,False,BFI IMAX L 24
2026-05-25T05:35:10Z,L,23,sold,False,BFI IMAX L 23
2026-05-25T05:35:10Z,L,22,sold,False,BFI IMAX L 22
2026-05-25T05:35:10Z,L,21,sold,False,BFI IMAX L 21
2026-05-25T05:35:10Z,L,20,sold,False,BFI IMAX L 20
2026-05-25T05:35:10Z,L,19,sold,False,BFI IMAX L 19
2026-05-25T05:35:10Z,L,18,sold,False,BFI IMAX L 18
2026-05-25T05:35:10Z,L,17,sold,False,BFI IMAX L 17
2026-05-25T05:35:10Z,L,16,sold,False,BFI IMAX L 16
2026-05-25T05:35:10Z,L,15,sold,False,BFI IMAX L 15
2026-05-25T05:35:10Z,L,14,sold,False,BFI IMAX L 14
2026-05-25T05:35:10Z,L,13,sold,False,BFI IMAX L 13
2026-05-25T05:35:10Z,L,12,sold,False,BFI IMAX L 12
2026-05-25T05:35:10Z,L,11,sold,False,BFI IMAX L 11
2026-05-25T05:35:10Z,N,26,unavailable,False,BFI IMAX N 26
2026-05-25T05:35:10Z,N,25,unavailable,False,BFI IMAX N 25
2026-05-25T05:35:10Z,N,24,unavailable,False,BFI IMAX N 24
2026-05-25T05:35:10Z,N,23,unavailable,False,BFI IMAX N 23
2026-05-25T05:35:10Z,N,22,sold,False,BFI IMAX N 22
2026-05-25T05:35:10Z,N,21,sold,False,BFI IMAX N 21
2026-05-25T05:35:10Z,N,20,sold,False,BFI IMAX N 20
2026-05-25T05:35:10Z,N,19,sold,False,BFI IMAX N 19
2026-05-25T05:35:10Z,N,18,sold,False,BFI IMAX N 18
2026-05-25T05:35:10Z,N,17,sold,False,BFI IMAX N 17
2026-05-25T05:35:10Z,N,16,sold,False,BFI IMAX N 16
2026-05-25T05:35:10Z,N,15,sold,False,BFI IMAX N 15
2026-05-25T05:35:10Z,N,14,sold,False,BFI IMAX N 14
2026-05-25T05:35:10Z,N,13,sold,False,BFI IMAX N 13
2026-05-25T05:35:10Z,N,12,unavailable,False,BFI IMAX N 12
2026-05-25T05:35:10Z,N,11,unavailable,False,BFI IMAX N 11
2026-05-25T05:35:10Z,N,10,unavailable,False,BFI IMAX N 10
2026-05-25T05:35:10Z,N,9,unavailable,False,BFI IMAX N 9
2026-05-25T05:35:10Z,L,10,sold,False,BFI IMAX L 10
2026-05-25T05:35:10Z,M,26,sold,False,BFI IMAX M 26
2026-05-25T05:35:10Z,M,25,sold,False,BFI IMAX M 25
2026-05-25T05:35:10Z,M,24,sold,False,BFI IMAX M 24
2026-05-25T05:35:10Z,M,23,sold,False,BFI IMAX M 23
2026-05-25T05:35:10Z,M,22,sold,False,BFI IMAX M 22
2026-05-25T05:35:10Z,M,21,sold,False,BFI IMAX M 21
2026-05-25T05:35:10Z,M,20,sold,False,BFI IMAX M 20
2026-05-25T05:35:10Z,M,19,sold,False,BFI IMAX M 19
2026-05-25T05:35:10Z,M,18,sold,False,BFI IMAX M 18
2026-05-25T05:35:10Z,M,17,sold,False,BFI IMAX M 17
2026-05-25T05:35:10Z,M,16,sold,False,BFI IMAX M 16
2026-05-25T05:35:10Z,M,15,sold,False,BFI IMAX M 15
2026-05-25T05:35:10Z,M,14,sold,False,BFI IMAX M 14
2026-05-25T05:35:10Z,M,13,sold,False,BFI IMAX M 13
2026-05-25T05:35:10Z,M,12,sold,False,BFI IMAX M 12
2026-05-25T05:35:10Z,P,30,unavailable,True,BFI IMAX P 30
2026-05-25T05:35:10Z,P,27,unavailable,True,BFI IMAX P 27
2026-05-25T05:35:10Z,P,2,sold,True,BFI IMAX P 2
2026-05-25T05:35:10Z,P,5,sold,True,BFI IMAX P 5
2026-05-25T05:35:10Z,P,19,sold,False,BFI IMAX P 19
2026-05-25T05:35:10Z,P,18,sold,False,BFI IMAX P 18
2026-05-25T05:35:10Z,P,17,sold,False,BFI IMAX P 17
2026-05-25T05:35:10Z,P,16,sold,False,BFI IMAX P 16
2026-05-25T05:35:10Z,P,15,sold,False,BFI IMAX P 15
2026-05-25T05:35:10Z,P,14,sold,False,BFI IMAX P 14
2026-05-25T05:35:10Z,P,13,sold,False,BFI IMAX P 13
2026-05-25T05:35:10Z,P,12,sold,False,BFI IMAX P 12
2026-05-25T05:35:10Z,P,11,sold,False,BFI IMAX P 11
2026-05-25T05:35:10Z,P,10,sold,False,BFI IMAX P 10
2026-05-25T05:35:10Z,P,9,sold,False,BFI IMAX P 9
2026-05-25T05:35:10Z,P,8,sold,False,BFI IMAX P 8
2026-05-25T05:35:10Z,P,7,sold,False,BFI IMAX P 7
2026-05-25T05:35:10Z,P,25,sold,False,BFI IMAX P 25
2026-05-25T05:35:10Z,P,24,sold,False,BFI IMAX P 24
2026-05-25T05:35:10Z,P,23,sold,False,BFI IMAX P 23
2026-05-25T05:35:10Z,P,22,sold,False,BFI IMAX P 22
2026-05-25T05:35:10Z,P,21,sold,False,BFI IMAX P 21
2026-05-25T05:35:10Z,P,20,sold,False,BFI IMAX P 20
2026-05-25T05:35:10Z,Q,18,sold,False,BFI IMAX Q 18
2026-05-25T05:35:10Z,Q,17,sold,False,BFI IMAX Q 17
2026-05-25T05:35:10Z,Q,16,sold,False,BFI IMAX Q 16
2026-05-25T05:35:10Z,Q,15,sold,False,BFI IMAX Q 15
2026-05-25T05:35:10Z,Q,14,sold,False,BFI IMAX Q 14
2026-05-25T05:35:10Z,Q,13,sold,False,BFI IMAX Q 13
2026-05-25T05:35:10Z,Q,12,sold,False,BFI IMAX Q 12
2026-05-25T05:35:10Z,Q,11,sold,False,BFI IMAX Q 11
2026-05-25T05:35:10Z,Q,10,sold,False,BFI IMAX Q 10
2026-05-25T05:35:10Z,Q,9,sold,False,BFI IMAX Q 9
2026-05-25T05:35:10Z,Q,8,sold,False,BFI IMAX Q 8
2026-05-25T05:35:10Z,Q,7,sold,False,BFI IMAX Q 7
2026-05-25T05:35:10Z,Q,6,sold,False,BFI IMAX Q 6
2026-05-25T05:35:10Z,Q,5,sold,False,BFI IMAX Q 5
2026-05-25T05:35:10Z,Q,4,sold,False,BFI IMAX Q 4
2026-05-25T05:35:10Z,Q,3,sold,False,BFI IMAX Q 3
2026-05-25T05:35:10Z,Q,2,sold,False,BFI IMAX Q 2
2026-05-25T05:35:10Z,Q,1,sold,False,BFI IMAX Q 1
2026-05-25T07:03:49Z,K,27,unavailable,False,BFI IMAX K 27
2026-05-25T07:03:49Z,K,26,unavailable,False,BFI IMAX K 26
2026-05-25T07:03:49Z,N,8,unavailable,False,BFI IMAX N 8
2026-05-25T07:03:49Z,N,7,unavailable,False,BFI IMAX N 7
2026-05-25T07:03:49Z,P,29,unavailable,True,BFI IMAX P 29
2026-05-25T07:03:49Z,P,28,unavailable,True,BFI IMAX P 28
2026-05-25T07:03:49Z,P,4,unavailable,True,BFI IMAX P 4
2026-05-25T07:03:49Z,P,3,sold,True,BFI IMAX P 3
2026-05-25T07:03:49Z,A,5,available,False,BFI IMAX A 5
2026-05-25T07:03:49Z,A,4,available,False,BFI IMAX A 4
2026-05-25T07:03:49Z,A,3,available,False,BFI IMAX A 3
2026-05-25T07:03:49Z,A,2,available,False,BFI IMAX A 2
2026-05-25T07:03:49Z,A,1,available,False,BFI IMAX A 1
2026-05-25T07:03:49Z,B,36,available,False,BFI IMAX B 36
2026-05-25T07:03:49Z,B,35,available,False,BFI IMAX B 35
2026-05-25T07:03:49Z,B,34,available,False,BFI IMAX B 34
2026-05-25T07:03:49Z,B,33,available,False,BFI IMAX B 33
2026-05-25T07:03:49Z,B,32,available,False,BFI IMAX B 32
2026-05-25T07:03:49Z,B,31,available,False,BFI IMAX B 31
2026-05-25T07:03:49Z,B,30,available,False,BFI IMAX B 30
2026-05-25T07:03:49Z,B,29,available,False,BFI IMAX B 29
2026-05-25T07:03:49Z,B,28,available,False,BFI IMAX B 28
2026-05-25T07:03:49Z,B,27,available,False,BFI IMAX B 27
2026-05-25T07:03:49Z,B,26,available,False,BFI IMAX B 26
2026-05-25T07:03:49Z,B,25,available,False,BFI IMAX B 25
2026-05-25T07:03:49Z,B,24,available,False,BFI IMAX B 24
2026-05-25T07:03:49Z,B,23,sold,False,BFI IMAX B 23
2026-05-25T07:03:49Z,B,22,sold,False,BFI IMAX B 22
2026-05-25T07:03:49Z,B,21,sold,False,BFI IMAX B 21
2026-05-25T07:03:49Z,B,20,sold,False,BFI IMAX B 20
2026-05-25T07:03:49Z,B,19,sold,False,BFI IMAX B 19
2026-05-25T07:03:49Z,B,18,sold,False,BFI IMAX B 18
2026-05-25T07:03:49Z,B,17,sold,False,BFI IMAX B 17
2026-05-25T07:03:49Z,B,16,sold,False,BFI IMAX B 16
2026-05-25T07:03:49Z,B,15,available,False,BFI IMAX B 15
2026-05-25T07:03:49Z,B,14,available,False,BFI IMAX B 14
2026-05-25T07:03:49Z,B,13,available,False,BFI IMAX B 13
2026-05-25T07:03:49Z,B,12,available,False,BFI IMAX B 12
2026-05-25T07:03:49Z,B,11,available,False,BFI IMAX B 11
2026-05-25T07:03:49Z,B,10,available,False,BFI IMAX B 10
2026-05-25T07:03:49Z,B,9,available,False,BFI IMAX B 9
2026-05-25T07:03:49Z,B,8,available,False,BFI IMAX B 8
2026-05-25T07:03:49Z,B,7,available,False,BFI IMAX B 7
2026-05-25T07:03:49Z,B,6,available,False,BFI IMAX B 6
2026-05-25T07:03:49Z,B,5,available,False,BFI IMAX B 5
2026-05-25T07:03:49Z,B,4,available,False,BFI IMAX B 4
2026-05-25T07:03:49Z,B,3,available,False,BFI IMAX B 3
2026-05-25T07:03:49Z,B,2,available,False,BFI IMAX B 2
2026-05-25T07:03:49Z,B,1,available,False,BFI IMAX B 1
2026-05-25T07:03:49Z,C,36,available,False,BFI IMAX C 36
2026-05-25T07:03:49Z,C,35,available,False,BFI IMAX C 35
2026-05-25T07:03:49Z,C,34,available,False,BFI IMAX C 34
2026-05-25T07:03:49Z,C,33,available,False,BFI IMAX C 33
2026-05-25T07:03:49Z,C,32,available,False,BFI IMAX C 32
2026-05-25T07:03:49Z,C,31,available,False,BFI IMAX C 31
2026-05-25T07:03:49Z,C,30,available,False,BFI IMAX C 30
2026-05-25T07:03:49Z,C,29,available,False,BFI IMAX C 29
2026-05-25T07:03:49Z,C,28,available,False,BFI IMAX C 28
2026-05-25T07:03:49Z,C,27,available,False,BFI IMAX C 27
2026-05-25T07:03:49Z,C,26,available,False,BFI IMAX C 26
2026-05-25T07:03:49Z,C,25,sold,False,BFI IMAX C 25
2026-05-25T07:03:49Z,C,24,sold,False,BFI IMAX C 24
2026-05-25T07:03:49Z,C,23,sold,False,BFI IMAX C 23
2026-05-25T07:03:49Z,C,22,sold,False,BFI IMAX C 22
2026-05-25T07:03:49Z,C,21,sold,False,BFI IMAX C 21
2026-05-25T07:03:49Z,C,20,sold,False,BFI IMAX C 20
2026-05-25T07:03:49Z,C,19,sold,False,BFI IMAX C 19
2026-05-25T07:03:49Z,C,18,sold,False,BFI IMAX C 18
2026-05-25T07:03:49Z,C,17,sold,False,BFI IMAX C 17
2026-05-25T07:03:49Z,C,16,sold,False,BFI IMAX C 16
2026-05-25T07:03:49Z,C,15,sold,False,BFI IMAX C 15
2026-05-25T07:03:49Z,C,14,sold,False,BFI IMAX C 14
2026-05-25T07:03:49Z,C,13,sold,False,BFI IMAX C 13
2026-05-25T07:03:49Z,C,12,sold,False,BFI IMAX C 12
2026-05-25T07:03:49Z,C,11,sold,False,BFI IMAX C 11
2026-05-25T07:03:49Z,C,10,sold,False,BFI IMAX C 10
2026-05-25T07:03:49Z,C,9,available,False,BFI IMAX C 9
2026-05-25T07:03:49Z,C,8,available,False,BFI IMAX C 8
2026-05-25T07:03:49Z,C,7,available,False,BFI IMAX C 7
2026-05-25T07:03:49Z,C,6,available,False,BFI IMAX C 6
2026-05-25T07:03:49Z,C,5,available,False,BFI IMAX C 5
2026-05-25T07:03:49Z,C,4,available,False,BFI IMAX C 4
2026-05-25T07:03:49Z,C,3,available,False,BFI IMAX C 3
2026-05-25T07:03:49Z,C,2,available,False,BFI IMAX C 2
2026-05-25T07:03:49Z,C,1,available,False,BFI IMAX C 1
2026-05-25T07:03:49Z,D,37,available,False,BFI IMAX D 37
2026-05-25T07:03:49Z,D,36,available,False,BFI IMAX D 36
2026-05-25T07:03:49Z,D,35,available,False,BFI IMAX D 35
2026-05-25T07:03:49Z,D,34,available,False,BFI IMAX D 34
2026-05-25T07:03:49Z,D,33,available,False,BFI IMAX D 33
2026-05-25T07:03:49Z,D,32,available,False,BFI IMAX D 32
2026-05-25T07:03:49Z,D,31,available,False,BFI IMAX D 31
2026-05-25T07:03:49Z,D,30,sold,False,BFI IMAX D 30
2026-05-25T07:03:49Z,D,29,sold,False,BFI IMAX D 29
2026-05-25T07:03:49Z,D,28,sold,False,BFI IMAX D 28
2026-05-25T07:03:49Z,D,27,sold,False,BFI IMAX D 27
2026-05-25T07:03:49Z,D,26,sold,False,BFI IMAX D 26
2026-05-25T07:03:49Z,D,25,sold,False,BFI IMAX D 25
2026-05-25T07:03:49Z,D,24,sold,False,BFI IMAX D 24
2026-05-25T07:03:49Z,D,23,sold,False,BFI IMAX D 23
2026-05-25T07:03:49Z,D,22,sold,False,BFI IMAX D 22
2026-05-25T07:03:49Z,D,21,sold,False,BFI IMAX D 21
2026-05-25T07:03:49Z,D,20,sold,False,BFI IMAX D 20
2026-05-25T07:03:49Z,D,19,sold,False,BFI IMAX D 19
2026-05-25T07:03:49Z,D,18,sold,False,BFI IMAX D 18
2026-05-25T07:03:49Z,D,17,sold,False,BFI IMAX D 17
2026-05-25T07:03:49Z,D,16,sold,False,BFI IMAX D 16
2026-05-25T07:03:49Z,D,15,sold,False,BFI IMAX D 15
2026-05-25T07:03:49Z,D,14,sold,False,BFI IMAX D 14
2026-05-25T07:03:49Z,D,13,sold,False,BFI IMAX D 13
2026-05-25T07:03:49Z,D,12,sold,False,BFI IMAX D 12
2026-05-25T07:03:49Z,D,11,sold,False,BFI IMAX D 11
2026-05-25T07:03:49Z,D,10,sold,False,BFI IMAX D 10
2026-05-25T07:03:49Z,D,9,sold,False,BFI IMAX D 9
2026-05-25T07:03:49Z,D,8,sold,False,BFI IMAX D 8
2026-05-25T07:03:49Z,D,7,sold,False,BFI IMAX D 7
2026-05-25T07:03:49Z,D,6,available,False,BFI IMAX D 6
2026-05-25T07:03:49Z,D,5,available,False,BFI IMAX D 5
2026-05-25T07:03:49Z,D,4,available,False,BFI IMAX D 4
2026-05-25T07:03:49Z,D,3,available,False,BFI IMAX D 3
2026-05-25T07:03:49Z,D,2,available,False,BFI IMAX D 2
2026-05-25T07:03:49Z,D,1,available,False,BFI IMAX D 1
2026-05-25T07:03:49Z,E,37,available,False,BFI IMAX E 37
2026-05-25T07:03:49Z,E,36,available,False,BFI IMAX E 36
2026-05-25T07:03:49Z,E,35,available,False,BFI IMAX E 35
2026-05-25T07:03:49Z,E,34,sold,False,BFI IMAX E 34
2026-05-25T07:03:49Z,E,33,sold,False,BFI IMAX E 33
2026-05-25T07:03:49Z,E,32,sold,False,BFI IMAX E 32
2026-05-25T07:03:49Z,E,31,sold,False,BFI IMAX E 31
2026-05-25T07:03:49Z,E,30,sold,False,BFI IMAX E 30
2026-05-25T07:03:49Z,E,29,sold,False,BFI IMAX E 29
2026-05-25T07:03:49Z,E,28,sold,False,BFI IMAX E 28
2026-05-25T07:03:49Z,E,27,sold,False,BFI IMAX E 27
2026-05-25T07:03:49Z,E,26,sold,False,BFI IMAX E 26
2026-05-25T07:03:49Z,E,25,sold,False,BFI IMAX E 25
2026-05-25T07:03:49Z,E,24,sold,False,BFI IMAX E 24
2026-05-25T07:03:49Z,E,23,sold,False,BFI IMAX E 23
2026-05-25T07:03:49Z,E,22,sold,False,BFI IMAX E 22
2026-05-25T07:03:49Z,E,21,sold,False,BFI IMAX E 21
2026-05-25T07:03:49Z,E,20,sold,False,BFI IMAX E 20
2026-05-25T07:03:49Z,E,19,sold,False,BFI IMAX E 19
2026-05-25T07:03:49Z,E,18,sold,False,BFI IMAX E 18
2026-05-25T07:03:49Z,E,17,sold,False,BFI IMAX E 17
2026-05-25T07:03:49Z,E,16,sold,False,BFI IMAX E 16
2026-05-25T07:03:49Z,E,15,sold,False,BFI IMAX E 15
2026-05-25T07:03:49Z,E,14,sold,False,BFI IMAX E 14
2026-05-25T07:03:49Z,E,13,sold,False,BFI IMAX E 13
2026-05-25T07:03:49Z,E,12,sold,False,BFI IMAX E 12
2026-05-25T07:03:49Z,E,11,sold,False,BFI IMAX E 11
2026-05-25T07:03:49Z,E,10,sold,False,BFI IMAX E 10
2026-05-25T07:03:49Z,E,9,sold,False,BFI IMAX E 9
2026-05-25T07:03:49Z,E,8,sold,False,BFI IMAX E 8
2026-05-25T07:03:49Z,E,7,sold,False,BFI IMAX E 7
2026-05-25T07:03:49Z,E,6,sold,False,BFI IMAX E 6
2026-05-25T07:03:49Z,E,5,sold,False,BFI IMAX E 5
2026-05-25T07:03:49Z,E,4,available,False,BFI IMAX E 4
2026-05-25T07:03:49Z,E,3,available,False,BFI IMAX E 3
2026-05-25T07:03:49Z,E,2,available,False,BFI IMAX E 2
2026-05-25T07:03:49Z,E,1,available,False,BFI IMAX E 1
2026-05-25T07:03:49Z,F,38,available,False,BFI IMAX F 38
2026-05-25T07:03:49Z,F,37,sold,False,BFI IMAX F 37
2026-05-25T07:03:49Z,F,36,sold,False,BFI IMAX F 36
2026-05-25T07:03:49Z,F,35,sold,False,BFI IMAX F 35
2026-05-25T07:03:49Z,F,34,sold,False,BFI IMAX F 34
2026-05-25T07:03:49Z,F,33,sold,False,BFI IMAX F 33
2026-05-25T07:03:49Z,F,32,sold,False,BFI IMAX F 32
2026-05-25T07:03:49Z,F,31,sold,False,BFI IMAX F 31
2026-05-25T07:03:49Z,F,30,sold,False,BFI IMAX F 30
2026-05-25T07:03:49Z,F,29,sold,False,BFI IMAX F 29
2026-05-25T07:03:49Z,F,28,sold,False,BFI IMAX F 28
2026-05-25T07:03:49Z,F,27,sold,False,BFI IMAX F 27
2026-05-25T07:03:49Z,F,26,sold,False,BFI IMAX F 26
2026-05-25T07:03:49Z,F,25,sold,False,BFI IMAX F 25
2026-05-25T07:03:49Z,F,24,sold,False,BFI IMAX F 24
2026-05-25T07:03:49Z,F,23,sold,False,BFI IMAX F 23
2026-05-25T07:03:49Z,F,22,sold,False,BFI IMAX F 22
2026-05-25T07:03:49Z,F,21,sold,False,BFI IMAX F 21
2026-05-25T07:03:49Z,F,20,sold,False,BFI IMAX F 20
2026-05-25T07:03:49Z,F,19,sold,False,BFI IMAX F 19
2026-05-25T07:03:49Z,F,18,sold,False,BFI IMAX F 18
2026-05-25T07:03:49Z,F,17,sold,False,BFI IMAX F 17
2026-05-25T07:03:49Z,F,16,sold,False,BFI IMAX F 16
2026-05-25T07:03:49Z,F,15,sold,False,BFI IMAX F 15
2026-05-25T07:03:49Z,F,14,sold,False,BFI IMAX F 14
2026-05-25T07:03:49Z,F,13,sold,False,BFI IMAX F 13
2026-05-25T07:03:49Z,F,12,sold,False,BFI IMAX F 12
2026-05-25T07:03:49Z,F,11,sold,False,BFI IMAX F 11
2026-05-25T07:03:49Z,F,10,sold,False,BFI IMAX F 10
2026-05-25T07:03:49Z,F,9,sold,False,BFI IMAX F 9
2026-05-25T07:03:49Z,F,8,sold,False,BFI IMAX F 8
2026-05-25T07:03:49Z,F,7,sold,False,BFI IMAX F 7
2026-05-25T07:03:49Z,F,6,sold,False,BFI IMAX F 6
2026-05-25T07:03:49Z,F,5,sold,False,BFI IMAX F 5
2026-05-25T07:03:49Z,F,4,sold,False,BFI IMAX F 4
2026-05-25T07:03:49Z,F,3,sold,False,BFI IMAX F 3
2026-05-25T07:03:49Z,F,2,sold,False,BFI IMAX F 2
2026-05-25T07:03:49Z,F,1,sold,False,BFI IMAX F 1
2026-05-25T07:03:49Z,G,37,sold,False,BFI IMAX G 37
2026-05-25T07:03:49Z,G,36,sold,False,BFI IMAX G 36
2026-05-25T07:03:49Z,G,35,sold,False,BFI IMAX G 35
2026-05-25T07:03:49Z,G,34,sold,False,BFI IMAX G 34
2026-05-25T07:03:49Z,G,33,sold,False,BFI IMAX G 33
2026-05-25T07:03:49Z,G,32,sold,False,BFI IMAX G 32
2026-05-25T07:03:49Z,G,31,sold,False,BFI IMAX G 31
2026-05-25T07:03:49Z,G,30,sold,False,BFI IMAX G 30
2026-05-25T07:03:49Z,G,29,sold,False,BFI IMAX G 29
2026-05-25T07:03:49Z,G,28,sold,False,BFI IMAX G 28
2026-05-25T07:03:49Z,G,27,sold,False,BFI IMAX G 27
2026-05-25T07:03:49Z,G,26,sold,False,BFI IMAX G 26
2026-05-25T07:03:49Z,G,25,sold,False,BFI IMAX G 25
2026-05-25T07:03:49Z,G,24,sold,False,BFI IMAX G 24
2026-05-25T07:03:49Z,G,23,sold,False,BFI IMAX G 23
2026-05-25T07:03:49Z,G,22,sold,False,BFI IMAX G 22
2026-05-25T07:03:49Z,G,21,sold,False,BFI IMAX G 21
2026-05-25T07:03:49Z,G,20,sold,False,BFI IMAX G 20
2026-05-25T07:03:49Z,G,19,sold,False,BFI IMAX G 19
2026-05-25T07:03:49Z,G,18,sold,False,BFI IMAX G 18
2026-05-25T07:03:49Z,G,17,sold,False,BFI IMAX G 17
2026-05-25T07:03:49Z,G,16,sold,False,BFI IMAX G 16
2026-05-25T07:03:49Z,G,15,sold,False,BFI IMAX G 15
2026-05-25T07:03:49Z,G,14,sold,False,BFI IMAX G 14
2026-05-25T07:03:49Z,G,13,sold,False,BFI IMAX G 13
2026-05-25T07:03:49Z,G,12,sold,False,BFI IMAX G 12
2026-05-25T07:03:49Z,G,11,sold,False,BFI IMAX G 11
2026-05-25T07:03:49Z,G,10,sold,False,BFI IMAX G 10
2026-05-25T07:03:49Z,G,9,sold,False,BFI IMAX G 9
2026-05-25T07:03:49Z,G,8,sold,False,BFI IMAX G 8
2026-05-25T07:03:49Z,G,7,sold,False,BFI IMAX G 7
2026-05-25T07:03:49Z,G,6,sold,False,BFI IMAX G 6
2026-05-25T07:03:49Z,G,5,sold,False,BFI IMAX G 5
2026-05-25T07:03:49Z,G,4,sold,False,BFI IMAX G 4
2026-05-25T07:03:49Z,G,3,sold,False,BFI IMAX G 3
2026-05-25T07:03:49Z,G,2,sold,False,BFI IMAX G 2
2026-05-25T07:03:49Z,G,1,sold,False,BFI IMAX G 1
2026-05-25T07:03:49Z,H,37,sold,False,BFI IMAX H 37
2026-05-25T07:03:49Z,H,36,sold,False,BFI IMAX H 36
2026-05-25T07:03:49Z,H,35,sold,False,BFI IMAX H 35
2026-05-25T07:03:49Z,H,34,sold,False,BFI IMAX H 34
2026-05-25T07:03:49Z,H,33,sold,False,BFI IMAX H 33
2026-05-25T07:03:49Z,H,32,sold,False,BFI IMAX H 32
2026-05-25T07:03:49Z,H,31,sold,False,BFI IMAX H 31
2026-05-25T07:03:49Z,H,30,sold,False,BFI IMAX H 30
2026-05-25T07:03:49Z,H,29,sold,False,BFI IMAX H 29
2026-05-25T07:03:49Z,H,28,sold,False,BFI IMAX H 28
2026-05-25T07:03:49Z,H,27,sold,False,BFI IMAX H 27
2026-05-25T07:03:49Z,H,26,sold,False,BFI IMAX H 26
2026-05-25T07:03:49Z,H,25,sold,False,BFI IMAX H 25
2026-05-25T07:03:49Z,H,24,sold,False,BFI IMAX H 24
2026-05-25T07:03:49Z,H,23,sold,False,BFI IMAX H 23
2026-05-25T07:03:49Z,H,22,sold,False,BFI IMAX H 22
2026-05-25T07:03:49Z,H,21,sold,False,BFI IMAX H 21
2026-05-25T07:03:49Z,H,20,sold,False,BFI IMAX H 20
2026-05-25T07:03:49Z,H,19,sold,False,BFI IMAX H 19
2026-05-25T07:03:49Z,H,18,sold,False,BFI IMAX H 18
2026-05-25T07:03:49Z,H,17,sold,False,BFI IMAX H 17
2026-05-25T07:03:49Z,H,16,sold,False,BFI IMAX H 16
2026-05-25T07:03:49Z,H,15,sold,False,BFI IMAX H 15
2026-05-25T07:03:49Z,H,14,sold,False,BFI IMAX H 14
2026-05-25T07:03:49Z,H,13,sold,False,BFI IMAX H 13
2026-05-25T07:03:49Z,H,12,sold,False,BFI IMAX H 12
2026-05-25T07:03:49Z,H,11,sold,False,BFI IMAX H 11
2026-05-25T07:03:49Z,H,10,sold,False,BFI IMAX H 10
2026-05-25T07:03:49Z,H,9,sold,False,BFI IMAX H 9
2026-05-25T07:03:49Z,H,8,sold,False,BFI IMAX H 8
2026-05-25T07:03:49Z,H,7,sold,False,BFI IMAX H 7
2026-05-25T07:03:49Z,H,6,sold,False,BFI IMAX H 6
2026-05-25T07:03:49Z,H,5,sold,False,BFI IMAX H 5
2026-05-25T07:03:49Z,H,4,sold,False,BFI IMAX H 4
2026-05-25T07:03:49Z,H,3,sold,False,BFI IMAX H 3
2026-05-25T07:03:49Z,H,2,sold,False,BFI IMAX H 2
2026-05-25T07:03:49Z,H,1,sold,False,BFI IMAX H 1
2026-05-25T07:03:49Z,J,36,sold,False,BFI IMAX J 36
2026-05-25T07:03:49Z,J,35,sold,False,BFI IMAX J 35
2026-05-25T07:03:49Z,J,34,sold,False,BFI IMAX J 34
2026-05-25T07:03:49Z,J,33,sold,False,BFI IMAX J 33
2026-05-25T07:03:49Z,J,32,sold,False,BFI IMAX J 32
2026-05-25T07:03:49Z,J,31,sold,False,BFI IMAX J 31
2026-05-25T07:03:49Z,J,30,sold,False,BFI IMAX J 30
2026-05-25T07:03:49Z,J,29,sold,False,BFI IMAX J 29
2026-05-25T07:03:49Z,J,28,sold,False,BFI IMAX J 28
2026-05-25T07:03:49Z,J,27,sold,False,BFI IMAX J 27
2026-05-25T07:03:49Z,J,26,sold,False,BFI IMAX J 26
2026-05-25T07:03:49Z,J,25,sold,False,BFI IMAX J 25
2026-05-25T07:03:49Z,J,24,sold,False,BFI IMAX J 24
2026-05-25T07:03:49Z,J,23,sold,False,BFI IMAX J 23
2026-05-25T07:03:49Z,J,22,sold,False,BFI IMAX J 22
2026-05-25T07:03:49Z,J,21,sold,False,BFI IMAX J 21
2026-05-25T07:03:49Z,J,20,sold,False,BFI IMAX J 20
2026-05-25T07:03:49Z,J,19,sold,False,BFI IMAX J 19
2026-05-25T07:03:49Z,J,18,sold,False,BFI IMAX J 18
2026-05-25T07:03:49Z,J,17,sold,False,BFI IMAX J 17
2026-05-25T07:03:49Z,J,16,sold,False,BFI IMAX J 16
2026-05-25T07:03:49Z,J,15,sold,False,BFI IMAX J 15
2026-05-25T07:03:49Z,J,14,sold,False,BFI IMAX J 14
2026-05-25T07:03:49Z,J,13,sold,False,BFI IMAX J 13
2026-05-25T07:03:49Z,J,12,sold,False,BFI IMAX J 12
2026-05-25T07:03:49Z,J,11,sold,False,BFI IMAX J 11
2026-05-25T07:03:49Z,J,10,sold,False,BFI IMAX J 10
2026-05-25T07:03:49Z,J,9,sold,False,BFI IMAX J 9
2026-05-25T07:03:49Z,J,8,sold,False,BFI IMAX J 8
2026-05-25T07:03:49Z,J,7,sold,False,BFI IMAX J 7
2026-05-25T07:03:49Z,J,6,sold,False,BFI IMAX J 6
2026-05-25T07:03:49Z,J,5,sold,False,BFI IMAX J 5
2026-05-25T07:03:49Z,J,4,sold,False,BFI IMAX J 4
2026-05-25T07:03:49Z,J,3,sold,False,BFI IMAX J 3
2026-05-25T07:03:49Z,J,2,sold,False,BFI IMAX J 2
2026-05-25T07:03:49Z,J,1,sold,False,BFI IMAX J 1
2026-05-25T07:03:49Z,K,36,sold,False,BFI IMAX K 36
2026-05-25T07:03:49Z,K,35,sold,False,BFI IMAX K 35
2026-05-25T07:03:49Z,K,34,sold,False,BFI IMAX K 34
2026-05-25T07:03:49Z,K,33,sold,False,BFI IMAX K 33
2026-05-25T07:03:49Z,K,32,sold,False,BFI IMAX K 32
2026-05-25T07:03:49Z,K,31,sold,False,BFI IMAX K 31
2026-05-25T07:03:49Z,K,30,sold,False,BFI IMAX K 30
2026-05-25T07:03:49Z,K,29,sold,False,BFI IMAX K 29
2026-05-25T07:03:49Z,K,28,sold,False,BFI IMAX K 28
2026-05-25T07:03:49Z,A,13,available,False,BFI IMAX A 13
2026-05-25T07:03:49Z,A,12,available,False,BFI IMAX A 12
2026-05-25T07:03:49Z,K,25,sold,False,BFI IMAX K 25
2026-05-25T07:03:49Z,K,24,sold,False,BFI IMAX K 24
2026-05-25T07:03:49Z,K,23,sold,False,BFI IMAX K 23
2026-05-25T07:03:49Z,K,22,sold,False,BFI IMAX K 22
2026-05-25T07:03:49Z,K,21,sold,False,BFI IMAX K 21
2026-05-25T07:03:49Z,K,20,sold,False,BFI IMAX K 20
2026-05-25T07:03:49Z,K,19,sold,False,BFI IMAX K 19
2026-05-25T07:03:49Z,K,18,sold,False,BFI IMAX K 18
2026-05-25T07:03:49Z,K,17,sold,False,BFI IMAX K 17
2026-05-25T07:03:49Z,K,16,sold,False,BFI IMAX K 16
2026-05-25T07:03:49Z,K,15,sold,False,BFI IMAX K 15
2026-05-25T07:03:49Z,K,14,sold,False,BFI IMAX K 14
2026-05-25T07:03:49Z,K,13,sold,False,BFI IMAX K 13
2026-05-25T07:03:49Z,K,12,sold,False,BFI IMAX K 12
2026-05-25T07:03:49Z,K,11,sold,False,BFI IMAX K 11
2026-05-25T07:03:49Z,K,10,sold,False,BFI IMAX K 10
2026-05-25T07:03:49Z,K,9,sold,False,BFI IMAX K 9
2026-05-25T07:03:49Z,K,8,sold,False,BFI IMAX K 8
2026-05-25T07:03:49Z,K,7,sold,False,BFI IMAX K 7
2026-05-25T07:03:49Z,K,6,sold,False,BFI IMAX K 6
2026-05-25T07:03:49Z,K,5,sold,False,BFI IMAX K 5
2026-05-25T07:03:49Z,K,4,sold,False,BFI IMAX K 4
2026-05-25T07:03:49Z,K,3,sold,False,BFI IMAX K 3
2026-05-25T07:03:49Z,K,2,sold,False,BFI IMAX K 2
2026-05-25T07:03:49Z,K,1,sold,False,BFI IMAX K 1
2026-05-25T07:03:49Z,L,33,sold,False,BFI IMAX L 33
2026-05-25T07:03:49Z,L,32,sold,False,BFI IMAX L 32
2026-05-25T07:03:49Z,L,31,sold,False,BFI IMAX L 31
2026-05-25T07:03:49Z,L,30,sold,False,BFI IMAX L 30
2026-05-25T07:03:49Z,L,29,sold,False,BFI IMAX L 29
2026-05-25T07:03:49Z,L,28,sold,False,BFI IMAX L 28
2026-05-25T07:03:49Z,L,27,sold,False,BFI IMAX L 27
2026-05-25T07:03:49Z,L,26,sold,False,BFI IMAX L 26
2026-05-25T07:03:49Z,L,8,sold,False,BFI IMAX L 8
2026-05-25T07:03:49Z,L,7,sold,False,BFI IMAX L 7
2026-05-25T07:03:49Z,L,6,sold,False,BFI IMAX L 6
2026-05-25T07:03:49Z,L,5,sold,False,BFI IMAX L 5
2026-05-25T07:03:49Z,L,4,sold,False,BFI IMAX L 4
2026-05-25T07:03:49Z,L,3,sold,False,BFI IMAX L 3
2026-05-25T07:03:49Z,L,2,sold,False,BFI IMAX L 2
2026-05-25T07:03:49Z,L,1,sold,False,BFI IMAX L 1
2026-05-25T07:03:49Z,M,34,sold,False,BFI IMAX M 34
2026-05-25T07:03:49Z,M,33,sold,False,BFI IMAX M 33
2026-05-25T07:03:49Z,M,32,sold,False,BFI IMAX M 32
2026-05-25T07:03:49Z,M,31,sold,False,BFI IMAX M 31
2026-05-25T07:03:49Z,M,30,sold,False,BFI IMAX M 30
2026-05-25T07:03:49Z,M,29,sold,False,BFI IMAX M 29
2026-05-25T07:03:49Z,M,28,sold,False,BFI IMAX M 28
2026-05-25T07:03:49Z,M,27,sold,False,BFI IMAX M 27
2026-05-25T07:03:49Z,M,8,sold,False,BFI IMAX M 8
2026-05-25T07:03:49Z,M,7,sold,False,BFI IMAX M 7
2026-05-25T07:03:49Z,M,6,sold,False,BFI IMAX M 6
2026-05-25T07:03:49Z,M,5,sold,False,BFI IMAX M 5
2026-05-25T07:03:49Z,M,4,sold,False,BFI IMAX M 4
2026-05-25T07:03:49Z,M,3,sold,False,BFI IMAX M 3
2026-05-25T07:03:49Z,M,2,sold,False,BFI IMAX M 2
2026-05-25T07:03:49Z,M,1,sold,False,BFI IMAX M 1
2026-05-25T07:03:49Z,N,34,unavailable,False,BFI IMAX N 34
2026-05-25T07:03:49Z,N,33,unavailable,False,BFI IMAX N 33
2026-05-25T07:03:49Z,N,32,unavailable,False,BFI IMAX N 32
2026-05-25T07:03:49Z,N,31,unavailable,False,BFI IMAX N 31
2026-05-25T07:03:49Z,N,30,unavailable,False,BFI IMAX N 30
2026-05-25T07:03:49Z,N,29,unavailable,False,BFI IMAX N 29
2026-05-25T07:03:49Z,N,28,unavailable,False,BFI IMAX N 28
2026-05-25T07:03:49Z,N,27,unavailable,False,BFI IMAX N 27
2026-05-25T07:03:49Z,A,11,available,False,BFI IMAX A 11
2026-05-25T07:03:49Z,A,10,available,False,BFI IMAX A 10
2026-05-25T07:03:49Z,N,6,sold,False,BFI IMAX N 6
2026-05-25T07:03:49Z,N,5,sold,False,BFI IMAX N 5
2026-05-25T07:03:49Z,N,4,sold,False,BFI IMAX N 4
2026-05-25T07:03:49Z,N,3,sold,False,BFI IMAX N 3
2026-05-25T07:03:49Z,N,2,sold,False,BFI IMAX N 2
2026-05-25T07:03:49Z,N,1,sold,False,BFI IMAX N 1
2026-05-25T07:03:49Z,P,31,unavailable,False,BFI IMAX P 31
2026-05-25T07:03:49Z,A,9,available,False,BFI IMAX A 9
2026-05-25T07:03:49Z,A,8,available,False,BFI IMAX A 8
2026-05-25T07:03:49Z,P,26,unavailable,False,BFI IMAX P 26
2026-05-25T07:03:49Z,P,6,sold,False,BFI IMAX P 6
2026-05-25T07:03:49Z,A,7,available,False,BFI IMAX A 7
2026-05-25T07:03:49Z,A,6,available,False,BFI IMAX A 6
2026-05-25T07:03:49Z,P,1,unavailable,False,BFI IMAX P 1
2026-05-25T07:03:49Z,M,11,sold,False,BFI IMAX M 11
2026-05-25T07:03:49Z,M,10,sold,False,BFI IMAX M 10
2026-05-25T07:03:49Z,M,9,sold,False,BFI IMAX M 9
2026-05-25T07:03:49Z,L,9,sold,False,BFI IMAX L 9
2026-05-25T07:03:49Z,L,25,sold,False,BFI IMAX L 25
2026-05-25T07:03:49Z,L,24,sold,False,BFI IMAX L 24
2026-05-25T07:03:49Z,L,23,sold,False,BFI IMAX L 23
2026-05-25T07:03:49Z,L,22,sold,False,BFI IMAX L 22
2026-05-25T07:03:49Z,L,21,sold,False,BFI IMAX L 21
2026-05-25T07:03:49Z,L,20,sold,False,BFI IMAX L 20
2026-05-25T07:03:49Z,L,19,sold,False,BFI IMAX L 19
2026-05-25T07:03:49Z,L,18,sold,False,BFI IMAX L 18
2026-05-25T07:03:49Z,L,17,sold,False,BFI IMAX L 17
2026-05-25T07:03:49Z,L,16,sold,False,BFI IMAX L 16
2026-05-25T07:03:49Z,L,15,sold,False,BFI IMAX L 15
2026-05-25T07:03:49Z,L,14,sold,False,BFI IMAX L 14
2026-05-25T07:03:49Z,L,13,sold,False,BFI IMAX L 13
2026-05-25T07:03:49Z,L,12,sold,False,BFI IMAX L 12
2026-05-25T07:03:49Z,L,11,sold,False,BFI IMAX L 11
2026-05-25T07:03:49Z,N,26,unavailable,False,BFI IMAX N 26
2026-05-25T07:03:49Z,N,25,unavailable,False,BFI IMAX N 25
2026-05-25T07:03:49Z,N,24,unavailable,False,BFI IMAX N 24
2026-05-25T07:03:49Z,N,23,unavailable,False,BFI IMAX N 23
2026-05-25T07:03:49Z,N,22,sold,False,BFI IMAX N 22
2026-05-25T07:03:49Z,N,21,sold,False,BFI IMAX N 21
2026-05-25T07:03:49Z,N,20,sold,False,BFI IMAX N 20
2026-05-25T07:03:49Z,N,19,sold,False,BFI IMAX N 19
2026-05-25T07:03:49Z,N,18,sold,False,BFI IMAX N 18
2026-05-25T07:03:49Z,N,17,sold,False,BFI IMAX N 17
2026-05-25T07:03:49Z,N,16,sold,False,BFI IMAX N 16
2026-05-25T07:03:49Z,N,15,sold,False,BFI IMAX N 15
2026-05-25T07:03:49Z,N,14,sold,False,BFI IMAX N 14
2026-05-25T07:03:49Z,N,13,sold,False,BFI IMAX N 13
2026-05-25T07:03:49Z,N,12,unavailable,False,BFI IMAX N 12
2026-05-25T07:03:49Z,N,11,unavailable,False,BFI IMAX N 11
2026-05-25T07:03:49Z,N,10,unavailable,False,BFI IMAX N 10
2026-05-25T07:03:49Z,N,9,unavailable,False,BFI IMAX N 9
2026-05-25T07:03:49Z,L,10,sold,False,BFI IMAX L 10
2026-05-25T07:03:49Z,M,26,sold,False,BFI IMAX M 26
2026-05-25T07:03:49Z,M,25,sold,False,BFI IMAX M 25
2026-05-25T07:03:49Z,M,24,sold,False,BFI IMAX M 24
2026-05-25T07:03:49Z,M,23,sold,False,BFI IMAX M 23
2026-05-25T07:03:49Z,M,22,sold,False,BFI IMAX M 22
2026-05-25T07:03:49Z,M,21,sold,False,BFI IMAX M 21
2026-05-25T07:03:49Z,M,20,sold,False,BFI IMAX M 20
2026-05-25T07:03:49Z,M,19,sold,False,BFI IMAX M 19
2026-05-25T07:03:49Z,M,18,sold,False,BFI IMAX M 18
2026-05-25T07:03:49Z,M,17,sold,False,BFI IMAX M 17
2026-05-25T07:03:49Z,M,16,sold,False,BFI IMAX M 16
2026-05-25T07:03:49Z,M,15,sold,False,BFI IMAX M 15
2026-05-25T07:03:49Z,M,14,sold,False,BFI IMAX M 14
2026-05-25T07:03:49Z,M,13,sold,False,BFI IMAX M 13
2026-05-25T07:03:49Z,M,12,sold,False,BFI IMAX M 12
2026-05-25T07:03:49Z,P,30,unavailable,True,BFI IMAX P 30
2026-05-25T07:03:49Z,P,27,unavailable,True,BFI IMAX P 27
2026-05-25T07:03:49Z,P,2,sold,True,BFI IMAX P 2
2026-05-25T07:03:49Z,P,5,sold,True,BFI IMAX P 5
2026-05-25T07:03:49Z,P,19,sold,False,BFI IMAX P 19
2026-05-25T07:03:49Z,P,18,sold,False,BFI IMAX P 18
2026-05-25T07:03:49Z,P,17,sold,False,BFI IMAX P 17
2026-05-25T07:03:49Z,P,16,sold,False,BFI IMAX P 16
2026-05-25T07:03:49Z,P,15,sold,False,BFI IMAX P 15
2026-05-25T07:03:49Z,P,14,sold,False,BFI IMAX P 14
2026-05-25T07:03:49Z,P,13,sold,False,BFI IMAX P 13
2026-05-25T07:03:49Z,P,12,sold,False,BFI IMAX P 12
2026-05-25T07:03:49Z,P,11,sold,False,BFI IMAX P 11
2026-05-25T07:03:49Z,P,10,sold,False,BFI IMAX P 10
2026-05-25T07:03:49Z,P,9,sold,False,BFI IMAX P 9
2026-05-25T07:03:49Z,P,8,sold,False,BFI IMAX P 8
2026-05-25T07:03:49Z,P,7,sold,False,BFI IMAX P 7
2026-05-25T07:03:49Z,P,25,sold,False,BFI IMAX P 25
2026-05-25T07:03:49Z,P,24,sold,False,BFI IMAX P 24
2026-05-25T07:03:49Z,P,23,sold,False,BFI IMAX P 23
2026-05-25T07:03:49Z,P,22,sold,False,BFI IMAX P 22
2026-05-25T07:03:49Z,P,21,sold,False,BFI IMAX P 21
2026-05-25T07:03:49Z,P,20,sold,False,BFI IMAX P 20
2026-05-25T07:03:49Z,Q,18,sold,False,BFI IMAX Q 18
2026-05-25T07:03:49Z,Q,17,sold,False,BFI IMAX Q 17
2026-05-25T07:03:49Z,Q,16,sold,False,BFI IMAX Q 16
2026-05-25T07:03:49Z,Q,15,sold,False,BFI IMAX Q 15
2026-05-25T07:03:49Z,Q,14,sold,False,BFI IMAX Q 14
2026-05-25T07:03:49Z,Q,13,sold,False,BFI IMAX Q 13
2026-05-25T07:03:49Z,Q,12,sold,False,BFI IMAX Q 12
2026-05-25T07:03:49Z,Q,11,sold,False,BFI IMAX Q 11
2026-05-25T07:03:49Z,Q,10,sold,False,BFI IMAX Q 10
2026-05-25T07:03:49Z,Q,9,sold,False,BFI IMAX Q 9
2026-05-25T07:03:49Z,Q,8,sold,False,BFI IMAX Q 8
2026-05-25T07:03:49Z,Q,7,sold,False,BFI IMAX Q 7
2026-05-25T07:03:49Z,Q,6,sold,False,BFI IMAX Q 6
2026-05-25T07:03:49Z,Q,5,sold,False,BFI IMAX Q 5
2026-05-25T07:03:49Z,Q,4,sold,False,BFI IMAX Q 4
2026-05-25T07:03:49Z,Q,3,sold,False,BFI IMAX Q 3
2026-05-25T07:03:49Z,Q,2,sold,False,BFI IMAX Q 2
2026-05-25T07:03:49Z,Q,1,sold,False,BFI IMAX Q 1
